cohort,keeper,team,pressure_state,target_zone,goal_kick_identifiable_n,retention,xR,value
PL1516,Adam Federici,AFC Bournemouth,FREE,LONG_CENTRAL,5,0.6,0.6549181914426627,-0.002396032145280229
PL1516,Adam Federici,AFC Bournemouth,FREE,LONG_LEFT,5,0.8,0.6090985346930737,-0.004355819272416439
PL1516,Adam Federici,AFC Bournemouth,FREE,LONG_RIGHT,9,0.7777777777777778,0.644479621650442,-0.003039736345787156
PL1516,Adam Federici,AFC Bournemouth,FREE,MEDIUM_LEFT,1,1.0,0.5770392749244712,-0.00387296300674645
PL1516,Adam Federici,AFC Bournemouth,FREE,SHORT_CENTRAL,2,1.0,0.6094961293248033,-0.004982557987369926
PL1516,Adam Federici,AFC Bournemouth,FREE,SHORT_LEFT,1,1.0,0.6419529837251357,-0.004369580619818196
PL1516,Adam Federici,AFC Bournemouth,FREE,VERY_LONG_CENTRAL,1,1.0,0.6530612244897959,-0.0021061328355420775
PL1516,Adam Federici,AFC Bournemouth,FREE,VERY_LONG_LEFT,1,0.0,0.5813953488372093,-0.003749049036081158
PL1516,Adrián San Miguel del Castillo,West Ham United,FREE,LONG_CENTRAL,38,0.6052631578947368,0.5990142665178586,-0.004044819850228864
PL1516,Adrián San Miguel del Castillo,West Ham United,FREE,LONG_LEFT,26,0.8461538461538461,0.6079473221418293,-0.0045217007295945974
PL1516,Adrián San Miguel del Castillo,West Ham United,FREE,LONG_RIGHT,67,0.7313432835820896,0.5891358345995557,-0.003576646475822383
PL1516,Adrián San Miguel del Castillo,West Ham United,FREE,MEDIUM_CENTRAL,2,1.0,0.646736496311056,-0.0018041151753133123
PL1516,Adrián San Miguel del Castillo,West Ham United,FREE,MEDIUM_LEFT,11,1.0,0.5735942761030346,-0.005082784240745137
PL1516,Adrián San Miguel del Castillo,West Ham United,FREE,MEDIUM_RIGHT,8,1.0,0.6271991368918496,-0.0032338006092294392
PL1516,Adrián San Miguel del Castillo,West Ham United,FREE,SHORT_CENTRAL,10,1.0,0.6130847005470864,-0.003481301407746682
PL1516,Adrián San Miguel del Castillo,West Ham United,FREE,SHORT_LEFT,10,1.0,0.599432372506991,-0.004972696742120907
PL1516,Adrián San Miguel del Castillo,West Ham United,FREE,SHORT_RIGHT,17,1.0,0.6184614910191947,-0.0034680552250968668
PL1516,Adrián San Miguel del Castillo,West Ham United,FREE,VERY_LONG_CENTRAL,17,0.5294117647058824,0.6013233545052662,-0.0037713852284410932
PL1516,Adrián San Miguel del Castillo,West Ham United,FREE,VERY_LONG_LEFT,5,0.8,0.5905918566033406,-0.004621336722123494
PL1516,Adrián San Miguel del Castillo,West Ham United,FREE,VERY_LONG_RIGHT,26,0.7307692307692307,0.5784930465519881,-0.004149647081946098
PL1516,Alex McCarthy,Crystal Palace,FREE,LONG_CENTRAL,5,0.8,0.5787144160145937,-0.003697400792911254
PL1516,Alex McCarthy,Crystal Palace,FREE,LONG_LEFT,4,0.5,0.5838690549655761,-0.005536878600205308
PL1516,Alex McCarthy,Crystal Palace,FREE,LONG_RIGHT,8,0.625,0.5911802389941622,-0.0034368274714142895
PL1516,Alex McCarthy,Crystal Palace,FREE,MEDIUM_LEFT,3,1.0,0.5949355149529013,-0.003809965191602729
PL1516,Alex McCarthy,Crystal Palace,FREE,MEDIUM_RIGHT,1,1.0,0.6303501945525292,-0.0020016526203922224
PL1516,Alex McCarthy,Crystal Palace,FREE,SHORT_CENTRAL,1,1.0,0.5861456483126111,-0.005517326348633192
PL1516,Alex McCarthy,Crystal Palace,FREE,SHORT_LEFT,2,1.0,0.5995244370595314,-0.003997293886496237
PL1516,Alex McCarthy,Crystal Palace,FREE,VERY_LONG_CENTRAL,2,0.5,0.596644252727734,-0.005067855551709959
PL1516,Alex McCarthy,Crystal Palace,FREE,VERY_LONG_LEFT,5,0.8,0.5781571451127293,-0.00432690575228762
PL1516,Alex McCarthy,Crystal Palace,FREE,VERY_LONG_RIGHT,14,0.8571428571428571,0.5781407157147035,-0.004149006485841696
PL1516,Artur Boruc,AFC Bournemouth,FREE,LONG_CENTRAL,23,0.5652173913043478,0.5921476834488645,-0.004756188246092033
PL1516,Artur Boruc,AFC Bournemouth,FREE,LONG_LEFT,25,0.68,0.5974113154227825,-0.004637164742975794
PL1516,Artur Boruc,AFC Bournemouth,FREE,LONG_RIGHT,48,0.7083333333333334,0.6166240800197565,-0.0034202174261590734
PL1516,Artur Boruc,AFC Bournemouth,FREE,MEDIUM_CENTRAL,7,0.7142857142857143,0.6581596587795518,-0.0029787337869933645
PL1516,Artur Boruc,AFC Bournemouth,FREE,MEDIUM_LEFT,19,1.0,0.6224562315194938,-0.003763476244189275
PL1516,Artur Boruc,AFC Bournemouth,FREE,MEDIUM_RIGHT,12,1.0,0.6317478117747505,-0.0032320586702707806
PL1516,Artur Boruc,AFC Bournemouth,FREE,SHORT_CENTRAL,21,1.0,0.6153595783316215,-0.003799361628344018
PL1516,Artur Boruc,AFC Bournemouth,FREE,SHORT_LEFT,20,1.0,0.632735910664213,-0.0038214039224006013
PL1516,Artur Boruc,AFC Bournemouth,FREE,SHORT_RIGHT,12,1.0,0.656188550289228,-0.0023658234083274734
PL1516,Artur Boruc,AFC Bournemouth,FREE,VERY_LONG_CENTRAL,9,0.6666666666666666,0.5881108893717981,-0.003933685133783341
PL1516,Artur Boruc,AFC Bournemouth,FREE,VERY_LONG_LEFT,12,0.3333333333333333,0.5840920557330721,-0.004593486625177191
PL1516,Artur Boruc,AFC Bournemouth,FREE,VERY_LONG_RIGHT,4,0.5,0.5786642270106002,-0.004975278492907209
PL1516,Asmir Begović,Chelsea,FREE,LONG_CENTRAL,3,0.6666666666666666,0.5732273661261084,-0.005842944997495305
PL1516,Asmir Begović,Chelsea,FREE,LONG_LEFT,5,0.8,0.6293593721748492,-0.004256374439044321
PL1516,Asmir Begović,Chelsea,FREE,LONG_RIGHT,13,0.46153846153846156,0.5711607686322578,-0.004299564781972606
PL1516,Asmir Begović,Chelsea,FREE,MEDIUM_CENTRAL,3,1.0,0.6217357910906297,-0.002316475533377687
PL1516,Asmir Begović,Chelsea,FREE,MEDIUM_LEFT,4,1.0,0.6156951924699946,-0.003815884751971187
PL1516,Asmir Begović,Chelsea,FREE,MEDIUM_RIGHT,7,1.0,0.5896200881932047,-0.004300332296163818
PL1516,Asmir Begović,Chelsea,FREE,SHORT_CENTRAL,2,1.0,0.596389228886169,-0.0034392378971520856
PL1516,Asmir Begović,Chelsea,FREE,SHORT_LEFT,4,1.0,0.6079184373105668,-0.0031214054499292014
PL1516,Asmir Begović,Chelsea,FREE,SHORT_RIGHT,7,1.0,0.6170021868480562,-0.002611799173031328
PL1516,Asmir Begović,Chelsea,FREE,VERY_LONG_CENTRAL,3,0.6666666666666666,0.6182996020866663,-0.002885243080366874
PL1516,Asmir Begović,Chelsea,FREE,VERY_LONG_LEFT,3,0.0,0.619371737730788,-0.003577284676623491
PL1516,Asmir Begović,Chelsea,FREE,VERY_LONG_RIGHT,28,0.42857142857142855,0.5965799045721203,-0.0038014515241106077
PL1516,Ben Foster,West Bromwich Albion,FREE,LONG_CENTRAL,12,0.5,0.6426872951196484,-0.003563935646935358
PL1516,Ben Foster,West Bromwich Albion,FREE,LONG_LEFT,9,0.7777777777777778,0.6340657529762654,-0.00430270853386506
PL1516,Ben Foster,West Bromwich Albion,FREE,LONG_RIGHT,35,0.7142857142857143,0.6224501123848268,-0.0031521325136841744
PL1516,Ben Foster,West Bromwich Albion,FREE,MEDIUM_LEFT,1,1.0,0.591324200913242,-0.004310599400772716
PL1516,Ben Foster,West Bromwich Albion,FREE,MEDIUM_RIGHT,1,1.0,0.6303501945525292,-0.0026178472385774906
PL1516,Ben Foster,West Bromwich Albion,FREE,VERY_LONG_CENTRAL,16,0.3125,0.6269016888892796,-0.0036124344359502953
PL1516,Ben Foster,West Bromwich Albion,FREE,VERY_LONG_LEFT,9,0.7777777777777778,0.593635517395559,-0.00530706475950627
PL1516,Ben Foster,West Bromwich Albion,FREE,VERY_LONG_RIGHT,37,0.7567567567567568,0.6277501493279329,-0.003120789100995159
PL1516,Bradley Guzan,Aston Villa,FREE,LONG_CENTRAL,18,0.5555555555555556,0.6503514390781286,-0.002867434414820976
PL1516,Bradley Guzan,Aston Villa,FREE,LONG_LEFT,62,0.7419354838709677,0.6481301088044982,-0.0037659152876538494
PL1516,Bradley Guzan,Aston Villa,FREE,LONG_RIGHT,51,0.7058823529411765,0.6411792582934197,-0.002921348195638369
PL1516,Bradley Guzan,Aston Villa,FREE,MEDIUM_CENTRAL,2,1.0,0.5887349246129265,-0.004059725816516135
PL1516,Bradley Guzan,Aston Villa,FREE,MEDIUM_LEFT,3,1.0,0.6868841263130507,-0.003202823943120925
PL1516,Bradley Guzan,Aston Villa,FREE,MEDIUM_RIGHT,4,1.0,0.6464519461845655,-0.0024000641851813546
PL1516,Bradley Guzan,Aston Villa,FREE,SHORT_CENTRAL,7,1.0,0.6095786354473818,-0.004327323134020653
PL1516,Bradley Guzan,Aston Villa,FREE,SHORT_LEFT,3,1.0,0.6233298739527663,-0.002861441497897063
PL1516,Bradley Guzan,Aston Villa,FREE,SHORT_RIGHT,4,1.0,0.6086739844358972,-0.00269227999909362
PL1516,Bradley Guzan,Aston Villa,FREE,VERY_LONG_CENTRAL,3,0.6666666666666666,0.6598766028431111,-0.0033321736745436305
PL1516,Bradley Guzan,Aston Villa,FREE,VERY_LONG_LEFT,12,0.75,0.631882490939726,-0.003814189625639921
PL1516,Bradley Guzan,Aston Villa,FREE,VERY_LONG_RIGHT,9,0.6666666666666666,0.642686473317468,-0.0031012487950532706
PL1516,Carl Jenkinson,West Ham United,FREE,LONG_CENTRAL,1,1.0,0.591324200913242,-0.005003882106131557
PL1516,Costel Fane Pantilimon,Sunderland,FREE,LONG_CENTRAL,23,0.5217391304347826,0.6023414776165964,-0.003327416484820798
PL1516,Costel Fane Pantilimon,Sunderland,FREE,LONG_LEFT,26,0.5769230769230769,0.5885053951227193,-0.005142549896054795
PL1516,Costel Fane Pantilimon,Sunderland,FREE,LONG_RIGHT,44,0.6363636363636364,0.6133374563445302,-0.0028234051875942346
PL1516,Costel Fane Pantilimon,Sunderland,FREE,MEDIUM_LEFT,5,1.0,0.6179298410941565,-0.004667785641035987
PL1516,Costel Fane Pantilimon,Sunderland,FREE,MEDIUM_RIGHT,3,1.0,0.6004411848965794,-0.0026940707858640347
PL1516,Costel Fane Pantilimon,Sunderland,FREE,SHORT_CENTRAL,1,1.0,0.6166666666666667,-0.004786388004871267
PL1516,Costel Fane Pantilimon,Sunderland,FREE,SHORT_LEFT,7,1.0,0.6161081275466918,-0.004409538057264393
PL1516,Costel Fane Pantilimon,Sunderland,FREE,SHORT_RIGHT,3,1.0,0.6503683038445537,-0.001385110927868931
PL1516,Costel Fane Pantilimon,Sunderland,FREE,VERY_LONG_CENTRAL,2,0.5,0.5841817379188565,-0.004617967521430627
PL1516,Costel Fane Pantilimon,Sunderland,FREE,VERY_LONG_LEFT,5,0.8,0.5973996148056845,-0.00468177141912426
PL1516,Costel Fane Pantilimon,Sunderland,FREE,VERY_LONG_RIGHT,8,0.5,0.6191087588720128,-0.002831969277435924
PL1516,Danny Ward,Liverpool,FREE,LONG_CENTRAL,1,0.0,0.6290322580645161,-0.0018510733037906775
PL1516,Danny Ward,Liverpool,FREE,LONG_RIGHT,1,0.0,0.5269461077844312,-0.005169802471352591
PL1516,Danny Ward,Liverpool,FREE,MEDIUM_LEFT,2,1.0,0.6447048082775411,-0.0014639566926989813
PL1516,Danny Ward,Liverpool,FREE,SHORT_RIGHT,2,1.0,0.6603773584905659,-0.001076840081607285
PL1516,Danny Ward,Liverpool,FREE,VERY_LONG_CENTRAL,3,0.0,0.6548117154811716,-0.0030316368709930696
PL1516,Danny Ward,Liverpool,FREE,VERY_LONG_LEFT,1,1.0,0.6603773584905659,-0.001076840081607285
PL1516,Darren Randolph,West Ham United,FREE,LONG_CENTRAL,2,0.5,0.5925343582576287,-0.005380360816498979
PL1516,Darren Randolph,West Ham United,FREE,LONG_LEFT,2,0.5,0.6873948965416392,-0.0030455414663546807
PL1516,Darren Randolph,West Ham United,FREE,LONG_RIGHT,3,1.0,0.5680648105101849,-0.0035720652944694832
PL1516,Darren Randolph,West Ham United,FREE,MEDIUM_LEFT,2,1.0,0.6807653575025177,-0.0029576469987498927
PL1516,Darren Randolph,West Ham United,FREE,MEDIUM_RIGHT,1,1.0,0.6807653575025177,-0.0029576469987498927
PL1516,Darren Randolph,West Ham United,FREE,SHORT_CENTRAL,2,1.0,0.6030357664944936,-0.0028620181552685637
PL1516,Darren Randolph,West Ham United,FREE,SHORT_RIGHT,1,1.0,0.6807653575025177,-0.001187645126562227
PL1516,Darren Randolph,West Ham United,FREE,VERY_LONG_CENTRAL,7,1.0,0.5606282165421951,-0.0046648647799579
PL1516,Darren Randolph,West Ham United,FREE,VERY_LONG_LEFT,2,0.0,0.6079664570230607,-0.0037576810705285016
PL1516,Darren Randolph,West Ham United,FREE,VERY_LONG_RIGHT,8,0.5,0.5654356681980145,-0.004704894445965218
PL1516,David Ospina Ramírez,Arsenal,FREE,LONG_CENTRAL,6,1.0,0.5617790304817935,-0.0046178348475534306
PL1516,David Ospina Ramírez,Arsenal,FREE,LONG_LEFT,6,1.0,0.5781806099174517,-0.005421307615380243
PL1516,David Ospina Ramírez,Arsenal,FREE,LONG_RIGHT,8,0.625,0.554928325483879,-0.004779379554406049
PL1516,David Ospina Ramírez,Arsenal,FREE,MEDIUM_LEFT,1,1.0,0.5269461077844312,-0.006869469345661653
PL1516,David Ospina Ramírez,Arsenal,FREE,SHORT_LEFT,1,1.0,0.6290322580645161,-0.0018510733037906775
PL1516,David Ospina Ramírez,Arsenal,FREE,SHORT_RIGHT,1,1.0,0.6290322580645161,-0.0018510733037906775
PL1516,David Ospina Ramírez,Arsenal,FREE,VERY_LONG_CENTRAL,1,1.0,0.5742092457420925,-0.005420969992175349
PL1516,David Ospina Ramírez,Arsenal,FREE,VERY_LONG_LEFT,1,1.0,0.5246913580246915,-0.007050192683164717
PL1516,David de Gea Quintana,Manchester United,FREE,LONG_CENTRAL,18,0.5,0.5805941036678273,-0.004613957992955586
PL1516,David de Gea Quintana,Manchester United,FREE,LONG_LEFT,69,0.6811594202898551,0.5819680749013689,-0.00505958446384983
PL1516,David de Gea Quintana,Manchester United,FREE,LONG_RIGHT,47,0.8085106382978723,0.5791314818368446,-0.004156464203905375
PL1516,David de Gea Quintana,Manchester United,FREE,MEDIUM_CENTRAL,5,1.0,0.5546841776680893,-0.004951821766658415
PL1516,David de Gea Quintana,Manchester United,FREE,MEDIUM_LEFT,14,0.9285714285714286,0.5813817282910974,-0.005139686425974802
PL1516,David de Gea Quintana,Manchester United,FREE,MEDIUM_RIGHT,8,1.0,0.6217116458522373,-0.002886690514612736
PL1516,David de Gea Quintana,Manchester United,FREE,SHORT_CENTRAL,13,1.0,0.5916184696393388,-0.0039006565158418507
PL1516,David de Gea Quintana,Manchester United,FREE,SHORT_LEFT,21,1.0,0.5880176126758276,-0.005145505738855083
PL1516,David de Gea Quintana,Manchester United,FREE,SHORT_RIGHT,8,1.0,0.5983474848364765,-0.004154558349360219
PL1516,David de Gea Quintana,Manchester United,FREE,VERY_LONG_CENTRAL,6,0.5,0.6068033292763056,-0.004218130547205229
PL1516,David de Gea Quintana,Manchester United,FREE,VERY_LONG_LEFT,23,0.6956521739130435,0.5785592865213675,-0.004760180877627651
PL1516,David de Gea Quintana,Manchester United,FREE,VERY_LONG_RIGHT,11,0.8181818181818182,0.5979814691281278,-0.004260037466234128
PL1516,Declan Rudd,Norwich City,FREE,LONG_CENTRAL,4,0.5,0.6187284129965214,-0.002973978404978387
PL1516,Declan Rudd,Norwich City,FREE,LONG_LEFT,9,0.7777777777777778,0.6042406497112239,-0.003970910101912801
PL1516,Declan Rudd,Norwich City,FREE,LONG_RIGHT,18,0.6666666666666666,0.6192832869876219,-0.00310318287736317
PL1516,Declan Rudd,Norwich City,FREE,MEDIUM_CENTRAL,1,0.0,0.664440734557596,-0.001757157046835947
PL1516,Declan Rudd,Norwich City,FREE,MEDIUM_LEFT,3,1.0,0.6334133160347558,-0.0031124170736241442
PL1516,Declan Rudd,Norwich City,FREE,MEDIUM_RIGHT,2,1.0,0.6315186319272668,-0.001972208993964016
PL1516,Declan Rudd,Norwich City,FREE,SHORT_CENTRAL,2,1.0,0.6337601078167114,-0.003478904471192474
PL1516,Declan Rudd,Norwich City,FREE,SHORT_LEFT,1,1.0,0.664440734557596,-0.003831071076570393
PL1516,Declan Rudd,Norwich City,FREE,SHORT_RIGHT,1,1.0,0.6290322580645161,-0.00448203149800393
PL1516,Declan Rudd,Norwich City,FREE,VERY_LONG_CENTRAL,6,0.3333333333333333,0.5955183929105571,-0.0035913884800659736
PL1516,Declan Rudd,Norwich City,FREE,VERY_LONG_LEFT,12,0.25,0.5943672812388664,-0.004201676017096335
PL1516,Declan Rudd,Norwich City,FREE,VERY_LONG_RIGHT,17,0.5882352941176471,0.5971906876354607,-0.003663962805387693
PL1516,Fraser Forster,Southampton,FREE,LONG_CENTRAL,26,0.6153846153846154,0.5806237944287932,-0.00383355347922557
PL1516,Fraser Forster,Southampton,FREE,LONG_LEFT,18,0.8888888888888888,0.6041156441385013,-0.004895807555431612
PL1516,Fraser Forster,Southampton,FREE,LONG_RIGHT,2,1.0,0.571321411726927,-0.003730907886949977
PL1516,Fraser Forster,Southampton,FREE,MEDIUM_CENTRAL,1,1.0,0.5861456483126111,-0.0031155695269007135
PL1516,Fraser Forster,Southampton,FREE,MEDIUM_LEFT,3,1.0,0.5802845291639732,-0.005161835950953329
PL1516,Fraser Forster,Southampton,FREE,MEDIUM_RIGHT,1,1.0,0.6071428571428571,-0.0032472799925517062
PL1516,Fraser Forster,Southampton,FREE,SHORT_CENTRAL,7,1.0,0.5971532467161057,-0.0041297847159063325
PL1516,Fraser Forster,Southampton,FREE,SHORT_LEFT,2,1.0,0.6296912263085226,-0.00192636296209145
PL1516,Fraser Forster,Southampton,FREE,SHORT_RIGHT,3,1.0,0.6047480934501193,-0.0028425593046588764
PL1516,Fraser Forster,Southampton,FREE,VERY_LONG_CENTRAL,23,0.7391304347826086,0.5685176394444762,-0.00479098957657479
PL1516,Fraser Forster,Southampton,FREE,VERY_LONG_LEFT,25,0.72,0.5609823472833931,-0.004821064058231044
PL1516,Fraser Forster,Southampton,FREE,VERY_LONG_RIGHT,6,0.6666666666666666,0.5594754704137995,-0.004341285401459191
PL1516,Glyn Oliver Myhill,West Bromwich Albion,FREE,LONG_CENTRAL,10,0.6,0.5902582562707436,-0.004182753825154281
PL1516,Glyn Oliver Myhill,West Bromwich Albion,FREE,LONG_LEFT,14,0.7142857142857143,0.5688682215473465,-0.005414269835025296
PL1516,Glyn Oliver Myhill,West Bromwich Albion,FREE,LONG_RIGHT,35,0.6857142857142857,0.6074318772305117,-0.003077604543112794
PL1516,Glyn Oliver Myhill,West Bromwich Albion,FREE,MEDIUM_RIGHT,2,1.0,0.596852970795569,-0.004329675505808858
PL1516,Glyn Oliver Myhill,West Bromwich Albion,FREE,SHORT_CENTRAL,5,1.0,0.5956625131519374,-0.0037301237171963853
PL1516,Glyn Oliver Myhill,West Bromwich Albion,FREE,SHORT_LEFT,1,1.0,0.6290322580645161,-0.00448203149800393
PL1516,Glyn Oliver Myhill,West Bromwich Albion,FREE,SHORT_RIGHT,3,1.0,0.5912623996308947,-0.003549656650956294
PL1516,Glyn Oliver Myhill,West Bromwich Albion,FREE,VERY_LONG_CENTRAL,12,0.6666666666666666,0.5959380001493019,-0.004009828170027465
PL1516,Glyn Oliver Myhill,West Bromwich Albion,FREE,VERY_LONG_LEFT,10,0.3,0.5815081158759288,-0.005250444195672507
PL1516,Glyn Oliver Myhill,West Bromwich Albion,FREE,VERY_LONG_RIGHT,43,0.5348837209302325,0.60296003190323,-0.0035252604106998796
PL1516,Heurelho da Silva Gomes,Watford,FREE,LONG_CENTRAL,37,0.6216216216216216,0.5885616797015172,-0.004459438345078552
PL1516,Heurelho da Silva Gomes,Watford,FREE,LONG_LEFT,68,0.8235294117647058,0.5881700564334822,-0.005181863782624247
PL1516,Heurelho da Silva Gomes,Watford,FREE,LONG_RIGHT,15,0.6666666666666666,0.6079187630513249,-0.0030667706949520867
PL1516,Heurelho da Silva Gomes,Watford,FREE,MEDIUM_CENTRAL,1,1.0,0.591324200913242,-0.005003882106131557
PL1516,Heurelho da Silva Gomes,Watford,FREE,MEDIUM_LEFT,2,1.0,0.5841817379188565,-0.004617967521430627
PL1516,Heurelho da Silva Gomes,Watford,FREE,MEDIUM_RIGHT,5,1.0,0.6288481851998301,-0.003591343649903931
PL1516,Heurelho da Silva Gomes,Watford,FREE,SHORT_CENTRAL,3,1.0,0.6020200787159117,-0.004292017544692204
PL1516,Heurelho da Silva Gomes,Watford,FREE,SHORT_LEFT,6,1.0,0.6336600262355463,-0.003933673147306401
PL1516,Heurelho da Silva Gomes,Watford,FREE,SHORT_RIGHT,4,1.0,0.6171169147598228,-0.003067291281291275
PL1516,Heurelho da Silva Gomes,Watford,FREE,VERY_LONG_CENTRAL,51,0.6078431372549019,0.5953281598176204,-0.004344285827132184
PL1516,Heurelho da Silva Gomes,Watford,FREE,VERY_LONG_LEFT,68,0.5882352941176471,0.5919776943809181,-0.0045615152682658006
PL1516,Heurelho da Silva Gomes,Watford,FREE,VERY_LONG_RIGHT,36,0.7222222222222222,0.6030607675537345,-0.0033476469374682997
PL1516,Hugo Lloris,Tottenham Hotspur,FREE,LONG_CENTRAL,14,0.5,0.6137058497174025,-0.00445508310751749
PL1516,Hugo Lloris,Tottenham Hotspur,FREE,LONG_LEFT,20,0.75,0.585236499455455,-0.005111613955999575
PL1516,Hugo Lloris,Tottenham Hotspur,FREE,LONG_RIGHT,16,0.6875,0.6008974181867415,-0.003967210523184634
PL1516,Hugo Lloris,Tottenham Hotspur,FREE,MEDIUM_CENTRAL,2,0.5,0.6007914867833068,-0.0029569898846764546
PL1516,Hugo Lloris,Tottenham Hotspur,FREE,MEDIUM_LEFT,16,1.0,0.596589818714888,-0.004378526219004501
PL1516,Hugo Lloris,Tottenham Hotspur,FREE,MEDIUM_RIGHT,13,1.0,0.5955509359321479,-0.004271886196139519
PL1516,Hugo Lloris,Tottenham Hotspur,FREE,SHORT_CENTRAL,15,1.0,0.6010835296691691,-0.004511301619378172
PL1516,Hugo Lloris,Tottenham Hotspur,FREE,SHORT_LEFT,25,1.0,0.6170602384630908,-0.004536527499545991
PL1516,Hugo Lloris,Tottenham Hotspur,FREE,SHORT_RIGHT,27,1.0,0.6051885714547504,-0.0036862560819602855
PL1516,Hugo Lloris,Tottenham Hotspur,FREE,VERY_LONG_CENTRAL,17,0.47058823529411764,0.599005409086236,-0.0044963574299174
PL1516,Hugo Lloris,Tottenham Hotspur,FREE,VERY_LONG_LEFT,14,0.5,0.5923212642302446,-0.004480554711120411
PL1516,Hugo Lloris,Tottenham Hotspur,FREE,VERY_LONG_RIGHT,8,0.375,0.6385789655707665,-0.0024075058446691236
PL1516,Jack Butland,Stoke City,FREE,LONG_CENTRAL,36,0.3888888888888889,0.6107728558869456,-0.0038128420039610744
PL1516,Jack Butland,Stoke City,FREE,LONG_LEFT,18,0.6111111111111112,0.5961771375748309,-0.004883374864595971
PL1516,Jack Butland,Stoke City,FREE,LONG_RIGHT,44,0.7045454545454546,0.6017063423528672,-0.0034316781072046454
PL1516,Jack Butland,Stoke City,FREE,MEDIUM_CENTRAL,1,1.0,0.692,-0.00109613199905017
PL1516,Jack Butland,Stoke City,FREE,MEDIUM_LEFT,6,1.0,0.6039563768708857,-0.004480831647987605
PL1516,Jack Butland,Stoke City,FREE,MEDIUM_RIGHT,3,1.0,0.6017126356540726,-0.004360228500546855
PL1516,Jack Butland,Stoke City,FREE,SHORT_CENTRAL,11,1.0,0.6277134718337994,-0.003734303099102518
PL1516,Jack Butland,Stoke City,FREE,SHORT_LEFT,17,1.0,0.6157618431301459,-0.004502107929553515
PL1516,Jack Butland,Stoke City,FREE,SHORT_RIGHT,14,1.0,0.6298548910214743,-0.003461781817375976
PL1516,Jack Butland,Stoke City,FREE,VERY_LONG_CENTRAL,17,0.5294117647058824,0.576521932190973,-0.004298821633447863
PL1516,Jack Butland,Stoke City,FREE,VERY_LONG_LEFT,26,0.6923076923076923,0.6038827032218859,-0.004410301824779957
PL1516,Jack Butland,Stoke City,FREE,VERY_LONG_RIGHT,37,0.5135135135135135,0.5814429779670581,-0.004282554637637042
PL1516,Jakob Haugaard,Stoke City,FREE,LONG_CENTRAL,3,1.0,0.6419529837251357,-0.0025076209638707904
PL1516,Jakob Haugaard,Stoke City,FREE,LONG_LEFT,4,0.75,0.5954362149944922,-0.005067157264584964
PL1516,Jakob Haugaard,Stoke City,FREE,LONG_RIGHT,1,0.0,0.7581227436823105,-0.0001944839036969498
PL1516,Jakob Haugaard,Stoke City,FREE,MEDIUM_CENTRAL,2,1.0,0.6242485875706214,-0.002721189123024705
PL1516,Jakob Haugaard,Stoke City,FREE,MEDIUM_LEFT,1,1.0,0.591324200913242,-0.005003882106131557
PL1516,Jakob Haugaard,Stoke City,FREE,MEDIUM_RIGHT,1,1.0,0.591324200913242,-0.005003882106131557
PL1516,Jakob Haugaard,Stoke City,FREE,SHORT_LEFT,1,1.0,0.664440734557596,-0.0024002947653302452
PL1516,Jakob Haugaard,Stoke City,FREE,VERY_LONG_CENTRAL,2,0.5,0.5742092457420925,-0.005083481762671118
PL1516,Jakob Haugaard,Stoke City,FREE,VERY_LONG_LEFT,12,0.8333333333333334,0.5931757753471361,-0.004675340881487515
PL1516,Jakob Haugaard,Stoke City,FREE,VERY_LONG_RIGHT,5,0.6,0.7426512664463519,-0.0007471165227075384
PL1516,Joe Hart,Manchester City,FREE,LONG_CENTRAL,15,0.5333333333333333,0.595254996294943,-0.004305764456742757
PL1516,Joe Hart,Manchester City,FREE,LONG_LEFT,24,0.75,0.5666138963349097,-0.005391227604174095
PL1516,Joe Hart,Manchester City,FREE,LONG_RIGHT,41,0.7073170731707317,0.6012537741752245,-0.0035907965957614404
PL1516,Joe Hart,Manchester City,FREE,MEDIUM_CENTRAL,4,1.0,0.6102250480592175,-0.004284399385141623
PL1516,Joe Hart,Manchester City,FREE,MEDIUM_LEFT,5,1.0,0.6157748797989526,-0.003795603547328376
PL1516,Joe Hart,Manchester City,FREE,MEDIUM_RIGHT,5,1.0,0.5906865809567946,-0.003792257278542747
PL1516,Joe Hart,Manchester City,FREE,SHORT_CENTRAL,7,1.0,0.6218837559336757,-0.003154267781244506
PL1516,Joe Hart,Manchester City,FREE,SHORT_LEFT,15,1.0,0.6267468954497446,-0.0038826074253995226
PL1516,Joe Hart,Manchester City,FREE,SHORT_RIGHT,13,1.0,0.6041295411952146,-0.0035415354092619184
PL1516,Joe Hart,Manchester City,FREE,VERY_LONG_CENTRAL,12,0.4166666666666667,0.5478159297887233,-0.005167864034721485
PL1516,Joe Hart,Manchester City,FREE,VERY_LONG_LEFT,13,0.7692307692307693,0.5424188510418018,-0.005712049572591258
PL1516,Joe Hart,Manchester City,FREE,VERY_LONG_RIGHT,29,0.5517241379310345,0.5898160890741707,-0.003994797597573427
PL1516,Joel Robles Blázquez,Everton,FREE,LONG_CENTRAL,10,0.6,0.6117970863160658,-0.0036715959496094303
PL1516,Joel Robles Blázquez,Everton,FREE,LONG_LEFT,7,0.8571428571428571,0.6198547275361367,-0.004398468799896725
PL1516,Joel Robles Blázquez,Everton,FREE,LONG_RIGHT,19,0.5263157894736842,0.6051006894146701,-0.003387137242131415
PL1516,Joel Robles Blázquez,Everton,FREE,MEDIUM_LEFT,1,1.0,0.6290322580645161,-0.0018510733037906775
PL1516,Joel Robles Blázquez,Everton,FREE,MEDIUM_RIGHT,6,1.0,0.6104451939259973,-0.0036815624640977756
PL1516,Joel Robles Blázquez,Everton,FREE,SHORT_CENTRAL,7,1.0,0.62227282739041,-0.003647261482653465
PL1516,Joel Robles Blázquez,Everton,FREE,SHORT_LEFT,11,1.0,0.5969620897202016,-0.004846409667816188
PL1516,Joel Robles Blázquez,Everton,FREE,SHORT_RIGHT,9,1.0,0.6098847976120569,-0.0033100196467241907
PL1516,Joel Robles Blázquez,Everton,FREE,VERY_LONG_CENTRAL,11,0.2727272727272727,0.6252240626078507,-0.0031204268742867232
PL1516,Joel Robles Blázquez,Everton,FREE,VERY_LONG_LEFT,16,0.625,0.5983580075840371,-0.004138864814375718
PL1516,Joel Robles Blázquez,Everton,FREE,VERY_LONG_RIGHT,11,0.45454545454545453,0.5999635917047175,-0.004196810417395339
PL1516,John Ruddy,Norwich City,FREE,LONG_CENTRAL,27,0.4074074074074074,0.5732398934064995,-0.004800004830713144
PL1516,John Ruddy,Norwich City,FREE,LONG_LEFT,43,0.7674418604651163,0.5937124076694427,-0.005075762991449464
PL1516,John Ruddy,Norwich City,FREE,LONG_RIGHT,41,0.7073170731707317,0.5937052778358981,-0.0036968660996610637
PL1516,John Ruddy,Norwich City,FREE,MEDIUM_CENTRAL,2,1.0,0.5768566079400893,-0.004443297814847008
PL1516,John Ruddy,Norwich City,FREE,MEDIUM_LEFT,5,1.0,0.6130075465308046,-0.0041480851667126725
PL1516,John Ruddy,Norwich City,FREE,MEDIUM_RIGHT,11,1.0,0.6102163727753757,-0.0035889514557765523
PL1516,John Ruddy,Norwich City,FREE,SHORT_CENTRAL,6,1.0,0.6215145859382717,-0.0034191149025682376
PL1516,John Ruddy,Norwich City,FREE,SHORT_LEFT,7,1.0,0.6374756247187418,-0.0038991140434720194
PL1516,John Ruddy,Norwich City,FREE,SHORT_RIGHT,8,1.0,0.5978548839583222,-0.003624556177493909
PL1516,John Ruddy,Norwich City,FREE,VERY_LONG_CENTRAL,10,0.3,0.5786257930363051,-0.004480505516432891
PL1516,John Ruddy,Norwich City,FREE,VERY_LONG_LEFT,25,0.56,0.5945331247068781,-0.005089840172398814
PL1516,John Ruddy,Norwich City,FREE,VERY_LONG_RIGHT,20,0.55,0.6002511035353137,-0.003717711897571381
PL1516,Jordan Pickford,Sunderland,FREE,LONG_CENTRAL,1,0.0,0.6071428571428571,-0.0032472799925517062
PL1516,Jordan Pickford,Sunderland,FREE,LONG_RIGHT,1,1.0,0.5742092457420925,-0.004728764100395509
PL1516,Jordan Pickford,Sunderland,FREE,VERY_LONG_CENTRAL,3,0.6666666666666666,0.6475733100421821,-0.0038247691106854265
PL1516,Jordan Pickford,Sunderland,FREE,VERY_LONG_LEFT,11,0.45454545454545453,0.6157036336414309,-0.003922652194327105
PL1516,Jordan Pickford,Sunderland,FREE,VERY_LONG_RIGHT,4,1.0,0.5867213873850711,-0.004954542313083093
PL1516,Julián Speroni,Crystal Palace,FREE,LONG_CENTRAL,2,1.0,0.6100230414746544,-0.0038626428825281134
PL1516,Julián Speroni,Crystal Palace,FREE,LONG_LEFT,2,1.0,0.6100230414746544,-0.0038626428825281134
PL1516,Julián Speroni,Crystal Palace,FREE,LONG_RIGHT,4,0.75,0.6169617419617419,-0.003003264511526064
PL1516,Julián Speroni,Crystal Palace,FREE,MEDIUM_RIGHT,2,1.0,0.6271412680756396,-0.003095871433366444
PL1516,Julián Speroni,Crystal Palace,FREE,SHORT_CENTRAL,2,1.0,0.6267806267806267,-0.0027592490305004217
PL1516,Julián Speroni,Crystal Palace,FREE,SHORT_LEFT,1,1.0,0.591324200913242,-0.005003882106131557
PL1516,Julián Speroni,Crystal Palace,FREE,SHORT_RIGHT,3,1.0,0.64278587089647,-0.0028268380995799002
PL1516,Julián Speroni,Crystal Palace,FREE,VERY_LONG_LEFT,1,0.0,0.6129032258064516,-0.003104125331278096
PL1516,Karl Darlow,Newcastle United,FREE,LONG_CENTRAL,7,0.14285714285714285,0.588945002410186,-0.004313041524159756
PL1516,Karl Darlow,Newcastle United,FREE,LONG_LEFT,4,0.75,0.6271888007317449,-0.0032285875783636146
PL1516,Karl Darlow,Newcastle United,FREE,LONG_RIGHT,25,0.68,0.5901078377075828,-0.0038755545809472085
PL1516,Karl Darlow,Newcastle United,FREE,MEDIUM_LEFT,2,1.0,0.5992335290280495,-0.004125581049341631
PL1516,Karl Darlow,Newcastle United,FREE,MEDIUM_RIGHT,4,1.0,0.6111528981812,-0.0023422670217458762
PL1516,Karl Darlow,Newcastle United,FREE,SHORT_LEFT,1,1.0,0.5770392749244712,-0.005595535354921654
PL1516,Karl Darlow,Newcastle United,FREE,SHORT_RIGHT,3,1.0,0.624936459220673,-0.002877090008991496
PL1516,Karl Darlow,Newcastle United,FREE,VERY_LONG_CENTRAL,5,0.4,0.5928989719818831,-0.004180192722125227
PL1516,Karl Darlow,Newcastle United,FREE,VERY_LONG_LEFT,1,1.0,0.6603773584905659,-0.001076840081607285
PL1516,Karl Darlow,Newcastle United,FREE,VERY_LONG_RIGHT,8,0.75,0.6122600805021463,-0.003540796622024112
PL1516,Kasper Schmeichel,Leicester City,FREE,LONG_CENTRAL,15,0.5333333333333333,0.5928712335250359,-0.0036292358314708646
PL1516,Kasper Schmeichel,Leicester City,FREE,LONG_LEFT,5,0.4,0.5810095481359849,-0.004513926003150773
PL1516,Kasper Schmeichel,Leicester City,FREE,LONG_RIGHT,23,0.6956521739130435,0.5807111913932514,-0.0036741948160232715
PL1516,Kasper Schmeichel,Leicester City,FREE,MEDIUM_CENTRAL,1,1.0,0.556497175141243,-0.006415973288931069
PL1516,Kasper Schmeichel,Leicester City,FREE,MEDIUM_LEFT,6,1.0,0.596294273252215,-0.0048045880622072995
PL1516,Kasper Schmeichel,Leicester City,FREE,MEDIUM_RIGHT,1,1.0,0.591324200913242,-0.005003882106131557
PL1516,Kasper Schmeichel,Leicester City,FREE,SHORT_CENTRAL,2,1.0,0.5554185031686513,-0.004972825323423806
PL1516,Kasper Schmeichel,Leicester City,FREE,SHORT_LEFT,2,1.0,0.5861456483126111,-0.004316447937766953
PL1516,Kasper Schmeichel,Leicester City,FREE,SHORT_RIGHT,1,1.0,0.6071428571428571,-0.0032472799925517062
PL1516,Kasper Schmeichel,Leicester City,FREE,VERY_LONG_CENTRAL,44,0.5,0.5699312215357648,-0.004395499358913005
PL1516,Kasper Schmeichel,Leicester City,FREE,VERY_LONG_LEFT,30,0.6666666666666666,0.593783925607387,-0.004498267437691018
PL1516,Kasper Schmeichel,Leicester City,FREE,VERY_LONG_RIGHT,105,0.5523809523809524,0.5720811072475972,-0.004083119308787857
PL1516,Kelvin Davis,Southampton,FREE,LONG_CENTRAL,1,1.0,0.6071428571428571,-0.0032472799925517062
PL1516,Kelvin Davis,Southampton,FREE,SHORT_LEFT,1,1.0,0.5581395348837209,-0.005812585492433948
PL1516,Kelvin Davis,Southampton,FREE,VERY_LONG_CENTRAL,1,1.0,0.5581395348837209,-0.004465093366828132
PL1516,Kristoffer Nordfeldt,Swansea City,FREE,LONG_CENTRAL,1,1.0,0.5770392749244712,-0.005595535354921654
PL1516,Kristoffer Nordfeldt,Swansea City,FREE,LONG_LEFT,3,1.0,0.6721141434954023,-0.0014116125133680213
PL1516,Kristoffer Nordfeldt,Swansea City,FREE,LONG_RIGHT,2,1.0,0.6289023162134944,-0.0025303040666543384
PL1516,Kristoffer Nordfeldt,Swansea City,FREE,SHORT_RIGHT,2,1.0,0.6289023162134944,-0.0025303040666543384
PL1516,Kristoffer Nordfeldt,Swansea City,FREE,VERY_LONG_LEFT,1,1.0,0.5770392749244712,-0.005595535354921654
PL1516,Kristoffer Nordfeldt,Swansea City,FREE,VERY_LONG_RIGHT,2,0.5,0.5770392749244712,-0.004734249180834052
PL1516,Maarten Stekelenburg,Southampton,FREE,LONG_CENTRAL,16,0.75,0.589839445969776,-0.0044910567313573915
PL1516,Maarten Stekelenburg,Southampton,FREE,LONG_LEFT,12,0.75,0.5648832603395503,-0.005778768062287461
PL1516,Maarten Stekelenburg,Southampton,FREE,LONG_RIGHT,6,0.5,0.6114596002534244,-0.0034100168165628643
PL1516,Maarten Stekelenburg,Southampton,FREE,MEDIUM_CENTRAL,2,1.0,0.6266491338651132,-0.0032201626849782056
PL1516,Maarten Stekelenburg,Southampton,FREE,MEDIUM_LEFT,2,1.0,0.5417216414628371,-0.004758024359175916
PL1516,Maarten Stekelenburg,Southampton,FREE,MEDIUM_RIGHT,5,1.0,0.5687630710615584,-0.004928440710277201
PL1516,Maarten Stekelenburg,Southampton,FREE,SHORT_CENTRAL,10,1.0,0.5946724070874421,-0.00454414993870259
PL1516,Maarten Stekelenburg,Southampton,FREE,SHORT_LEFT,10,1.0,0.582590160785414,-0.004648192835268055
PL1516,Maarten Stekelenburg,Southampton,FREE,SHORT_RIGHT,2,1.0,0.5506784906558743,-0.005539882229768585
PL1516,Maarten Stekelenburg,Southampton,FREE,VERY_LONG_CENTRAL,19,0.5263157894736842,0.5904404494268324,-0.004246574308455124
PL1516,Maarten Stekelenburg,Southampton,FREE,VERY_LONG_LEFT,12,0.6666666666666666,0.59762063683385,-0.004495414809956788
PL1516,Maarten Stekelenburg,Southampton,FREE,VERY_LONG_RIGHT,14,0.6428571428571429,0.5875743023760508,-0.003965403550619385
PL1516,Mark Bunn,Aston Villa,FREE,LONG_CENTRAL,9,0.4444444444444444,0.5894613655789747,-0.004120125145433688
PL1516,Mark Bunn,Aston Villa,FREE,LONG_LEFT,25,0.76,0.6173091918243085,-0.004382125393937194
PL1516,Mark Bunn,Aston Villa,FREE,LONG_RIGHT,29,0.5517241379310345,0.6015257408790963,-0.00349262081919428
PL1516,Mark Bunn,Aston Villa,FREE,MEDIUM_LEFT,1,1.0,0.6290322580645161,-0.00448203149800393
PL1516,Mark Bunn,Aston Villa,FREE,MEDIUM_RIGHT,2,1.0,0.5925343582576287,-0.0027525821899108526
PL1516,Mark Bunn,Aston Villa,FREE,SHORT_LEFT,1,1.0,0.6216216216216216,-0.004461748651324344
PL1516,Mark Bunn,Aston Villa,FREE,SHORT_RIGHT,1,1.0,0.5861456483126111,-0.0031155695269007135
PL1516,Mark Bunn,Aston Villa,FREE,VERY_LONG_CENTRAL,2,0.0,0.6140493160188734,-0.004943453484225695
PL1516,Mark Bunn,Aston Villa,FREE,VERY_LONG_LEFT,2,0.5,0.5565458780485211,-0.0053435644099928915
PL1516,Mark Bunn,Aston Villa,FREE,VERY_LONG_RIGHT,4,0.5,0.5781049949759791,-0.004416409567419526
PL1516,Michel Vorm,Tottenham Hotspur,FREE,LONG_RIGHT,2,1.0,0.664440734557596,-0.003831071076570393
PL1516,Michel Vorm,Tottenham Hotspur,FREE,MEDIUM_LEFT,1,1.0,0.664440734557596,-0.001757157046835947
PL1516,Michel Vorm,Tottenham Hotspur,FREE,MEDIUM_RIGHT,1,1.0,0.6419529837251357,-0.0022965388601752026
PL1516,Michel Vorm,Tottenham Hotspur,FREE,SHORT_RIGHT,3,1.0,0.6419529837251357,-0.0036785666999371983
PL1516,Paulo Dino Gazzaniga,Southampton,FREE,LONG_CENTRAL,2,1.0,0.6531968591413658,-0.002026847953505575
PL1516,Paulo Dino Gazzaniga,Southampton,FREE,LONG_LEFT,2,1.0,0.6531968591413658,-0.0030633688333270718
PL1516,Paulo Dino Gazzaniga,Southampton,FREE,SHORT_RIGHT,1,1.0,0.6419529837251357,-0.0022965388601752026
PL1516,Paulo Dino Gazzaniga,Southampton,FREE,VERY_LONG_CENTRAL,4,0.75,0.6475749214332507,-0.0031982142866618856
PL1516,Paulo Dino Gazzaniga,Southampton,FREE,VERY_LONG_LEFT,3,1.0,0.6494489006692891,-0.003499063518854597
PL1516,Paulo Dino Gazzaniga,Southampton,FREE,VERY_LONG_RIGHT,2,1.0,0.6116741662811724,-0.0030227939481281803
PL1516,Petr Čech,Arsenal,FREE,LONG_CENTRAL,25,0.68,0.610926806786163,-0.003940655854834905
PL1516,Petr Čech,Arsenal,FREE,LONG_LEFT,21,0.7619047619047619,0.60932692407198,-0.004468259321706724
PL1516,Petr Čech,Arsenal,FREE,LONG_RIGHT,34,0.8235294117647058,0.5987206410290254,-0.00399886354634417
PL1516,Petr Čech,Arsenal,FREE,MEDIUM_CENTRAL,2,1.0,0.646736496311056,-0.0028410721901805354
PL1516,Petr Čech,Arsenal,FREE,MEDIUM_LEFT,3,1.0,0.5737637278855917,-0.0034469430860810716
PL1516,Petr Čech,Arsenal,FREE,MEDIUM_RIGHT,6,1.0,0.6470414500214129,-0.0032267319719128987
PL1516,Petr Čech,Arsenal,FREE,SHORT_CENTRAL,6,1.0,0.6032046702724164,-0.0044108041196008405
PL1516,Petr Čech,Arsenal,FREE,SHORT_LEFT,8,1.0,0.6162045272195931,-0.003887981404295821
PL1516,Petr Čech,Arsenal,FREE,SHORT_RIGHT,8,1.0,0.6619166647087201,-0.0027965498655754305
PL1516,Petr Čech,Arsenal,FREE,VERY_LONG_CENTRAL,20,0.45,0.6195900205800648,-0.003915008218598834
PL1516,Petr Čech,Arsenal,FREE,VERY_LONG_LEFT,47,0.6808510638297872,0.5979594691105132,-0.004797461525430119
PL1516,Petr Čech,Arsenal,FREE,VERY_LONG_RIGHT,22,0.5454545454545454,0.6142735304378465,-0.0037966873834264104
PL1516,Rob Elliot,Newcastle United,FREE,LONG_CENTRAL,23,0.782608695652174,0.6208542922303654,-0.003563000581742837
PL1516,Rob Elliot,Newcastle United,FREE,LONG_LEFT,19,0.7894736842105263,0.6282500737430332,-0.004009514493496884
PL1516,Rob Elliot,Newcastle United,FREE,LONG_RIGHT,64,0.6875,0.6245594365860558,-0.0032943063778369417
PL1516,Rob Elliot,Newcastle United,FREE,MEDIUM_CENTRAL,2,1.0,0.6245479204339963,-0.0034574618074809647
PL1516,Rob Elliot,Newcastle United,FREE,MEDIUM_LEFT,3,1.0,0.6364910664528529,-0.0031356781641578603
PL1516,Rob Elliot,Newcastle United,FREE,MEDIUM_RIGHT,10,1.0,0.6517404066836227,-0.0034504460000785047
PL1516,Rob Elliot,Newcastle United,FREE,SHORT_CENTRAL,4,1.0,0.6741731834029543,-0.002670668243759171
PL1516,Rob Elliot,Newcastle United,FREE,SHORT_LEFT,3,1.0,0.6135379600904095,-0.0042279688892418905
PL1516,Rob Elliot,Newcastle United,FREE,SHORT_RIGHT,6,1.0,0.6324513375187536,-0.003182319132717189
PL1516,Rob Elliot,Newcastle United,FREE,VERY_LONG_CENTRAL,5,0.8,0.6273498924535759,-0.0030535563712222645
PL1516,Rob Elliot,Newcastle United,FREE,VERY_LONG_LEFT,6,0.6666666666666666,0.6438318265087456,-0.003913668524789109
PL1516,Rob Elliot,Newcastle United,FREE,VERY_LONG_RIGHT,23,0.5217391304347826,0.6423064260848593,-0.00307654994363521
PL1516,Ryan Allsop,AFC Bournemouth,FREE,SHORT_RIGHT,1,1.0,0.6267806267806267,-0.0027592490305004217
PL1516,Ryan Allsop,AFC Bournemouth,FREE,VERY_LONG_LEFT,1,1.0,0.6413793103448276,-0.00378404953457428
PL1516,Sergio Germán Romero,Manchester United,FREE,LONG_CENTRAL,2,0.0,0.6354926208948259,-0.004425806058911063
PL1516,Sergio Germán Romero,Manchester United,FREE,LONG_RIGHT,1,1.0,0.5861456483126111,-0.005517326348633192
PL1516,Sergio Germán Romero,Manchester United,FREE,MEDIUM_LEFT,1,1.0,0.6303501945525292,-0.0020016526203922224
PL1516,Sergio Germán Romero,Manchester United,FREE,SHORT_CENTRAL,2,1.0,0.6140493160188734,-0.004943453484225695
PL1516,Sergio Germán Romero,Manchester United,FREE,SHORT_LEFT,2,1.0,0.5982999128160418,-0.005238452193684799
PL1516,Sergio Germán Romero,Manchester United,FREE,SHORT_RIGHT,2,1.0,0.5639628732849071,-0.003810073797165418
PL1516,Sergio Germán Romero,Manchester United,FREE,VERY_LONG_CENTRAL,1,0.0,0.5813953488372093,-0.005819741845217034
PL1516,Sergio Germán Romero,Manchester United,FREE,VERY_LONG_RIGHT,1,1.0,0.556497175141243,-0.006415973288931069
PL1516,Shay Given,Stoke City,FREE,LONG_CENTRAL,2,0.5,0.5307378452858705,-0.004278974280141963
PL1516,Shay Given,Stoke City,FREE,LONG_LEFT,6,1.0,0.6995840524950632,-0.0029523051261083
PL1516,Shay Given,Stoke City,FREE,LONG_RIGHT,4,0.5,0.6507741058961138,-0.0028716828487801303
PL1516,Shay Given,Stoke City,FREE,SHORT_CENTRAL,3,1.0,0.6542359002354224,-0.0030523165504195743
PL1516,Shay Given,Stoke City,FREE,SHORT_LEFT,2,1.0,0.5982999128160418,-0.003922973096578173
PL1516,Shay Given,Stoke City,FREE,VERY_LONG_LEFT,1,1.0,0.7581227436823105,-0.0015876872753115543
PL1516,Shay Given,Stoke City,FREE,VERY_LONG_RIGHT,1,1.0,0.6290322580645161,-0.0018510733037906775
PL1516,Simon Mignolet,Liverpool,FREE,LONG_CENTRAL,26,0.5,0.5761048924170434,-0.0047726281125217325
PL1516,Simon Mignolet,Liverpool,FREE,LONG_LEFT,27,0.7037037037037037,0.5857957700219492,-0.005398190790310874
PL1516,Simon Mignolet,Liverpool,FREE,LONG_RIGHT,29,0.7241379310344828,0.5822140320219575,-0.0038890797671480783
PL1516,Simon Mignolet,Liverpool,FREE,MEDIUM_CENTRAL,4,1.0,0.6230165980880685,-0.003574833251307177
PL1516,Simon Mignolet,Liverpool,FREE,MEDIUM_LEFT,5,1.0,0.598637027819007,-0.003986573153351104
PL1516,Simon Mignolet,Liverpool,FREE,MEDIUM_RIGHT,5,1.0,0.5898678402530998,-0.004679633317433666
PL1516,Simon Mignolet,Liverpool,FREE,SHORT_CENTRAL,25,1.0,0.5773168859741312,-0.005001107693425901
PL1516,Simon Mignolet,Liverpool,FREE,SHORT_LEFT,16,1.0,0.5944321559268959,-0.0049365285619947345
PL1516,Simon Mignolet,Liverpool,FREE,SHORT_RIGHT,19,1.0,0.6052048958431454,-0.0034804037297608433
PL1516,Simon Mignolet,Liverpool,FREE,VERY_LONG_CENTRAL,19,0.5789473684210527,0.5730816793174885,-0.004384753395108497
PL1516,Simon Mignolet,Liverpool,FREE,VERY_LONG_LEFT,13,0.8461538461538461,0.5909591594049789,-0.004221205635358507
PL1516,Simon Mignolet,Liverpool,FREE,VERY_LONG_RIGHT,18,0.6111111111111112,0.5681256250780046,-0.004536913539370983
PL1516,Thibaut Courtois,Chelsea,FREE,LONG_CENTRAL,15,0.4666666666666667,0.5779105221517592,-0.0045682032156488485
PL1516,Thibaut Courtois,Chelsea,FREE,LONG_LEFT,7,1.0,0.5706603830061255,-0.005398801258519099
PL1516,Thibaut Courtois,Chelsea,FREE,LONG_RIGHT,40,0.575,0.6218197388005037,-0.0032557472618879044
PL1516,Thibaut Courtois,Chelsea,FREE,MEDIUM_CENTRAL,2,1.0,0.6578559244866813,-0.003062052874073201
PL1516,Thibaut Courtois,Chelsea,FREE,MEDIUM_LEFT,4,1.0,0.5941398745140518,-0.004816743760098278
PL1516,Thibaut Courtois,Chelsea,FREE,MEDIUM_RIGHT,11,0.9090909090909091,0.5947880252097919,-0.004304340802690611
PL1516,Thibaut Courtois,Chelsea,FREE,SHORT_CENTRAL,8,1.0,0.6098261533301129,-0.004225864251291038
PL1516,Thibaut Courtois,Chelsea,FREE,SHORT_LEFT,9,1.0,0.6016734939450167,-0.00464047502380732
PL1516,Thibaut Courtois,Chelsea,FREE,SHORT_RIGHT,17,1.0,0.6198037877215727,-0.003479234967271153
PL1516,Thibaut Courtois,Chelsea,FREE,VERY_LONG_CENTRAL,6,0.16666666666666666,0.5912372276397629,-0.004294063865505763
PL1516,Thibaut Courtois,Chelsea,FREE,VERY_LONG_LEFT,2,0.5,0.6159254952028214,-0.004097980451502529
PL1516,Thibaut Courtois,Chelsea,FREE,VERY_LONG_RIGHT,19,0.5789473684210527,0.5998276611816911,-0.0043778647946582
PL1516,Tim Howard,Everton,FREE,LONG_CENTRAL,16,0.5625,0.5880691751596049,-0.0038118357897641867
PL1516,Tim Howard,Everton,FREE,LONG_LEFT,24,0.5833333333333334,0.5875547274406567,-0.0049876603984236574
PL1516,Tim Howard,Everton,FREE,LONG_RIGHT,29,0.6896551724137931,0.5766851459917085,-0.003859190232322127
PL1516,Tim Howard,Everton,FREE,MEDIUM_CENTRAL,4,1.0,0.6063364073942024,-0.0045419195498366425
PL1516,Tim Howard,Everton,FREE,MEDIUM_LEFT,11,1.0,0.6067771720979536,-0.0038982773507859575
PL1516,Tim Howard,Everton,FREE,MEDIUM_RIGHT,9,1.0,0.6039329618102837,-0.0038247057877358534
PL1516,Tim Howard,Everton,FREE,SHORT_CENTRAL,25,1.0,0.5983585459645032,-0.0039341157311849825
PL1516,Tim Howard,Everton,FREE,SHORT_LEFT,12,1.0,0.6157814674375816,-0.004387090143046648
PL1516,Tim Howard,Everton,FREE,SHORT_RIGHT,18,1.0,0.615053803947064,-0.0031216249694541245
PL1516,Tim Howard,Everton,FREE,VERY_LONG_CENTRAL,7,0.42857142857142855,0.6000248315149918,-0.003782987543224437
PL1516,Tim Howard,Everton,FREE,VERY_LONG_LEFT,13,0.6923076923076923,0.5875945314954879,-0.0047504760245399525
PL1516,Tim Howard,Everton,FREE,VERY_LONG_RIGHT,17,0.7647058823529411,0.5875557662391495,-0.0041630014819750705
PL1516,Timothy Michael Krul,Newcastle United,FREE,LONG_CENTRAL,5,0.4,0.594523400933357,-0.0039284910907805585
PL1516,Timothy Michael Krul,Newcastle United,FREE,LONG_LEFT,6,0.8333333333333334,0.680335193075277,-0.002403737454771217
PL1516,Timothy Michael Krul,Newcastle United,FREE,LONG_RIGHT,15,0.7333333333333333,0.6390976746396793,-0.002741182301716784
PL1516,Timothy Michael Krul,Newcastle United,FREE,MEDIUM_CENTRAL,1,1.0,0.6807653575025177,-0.001187645126562227
PL1516,Timothy Michael Krul,Newcastle United,FREE,MEDIUM_RIGHT,5,1.0,0.6153445652084002,-0.0033104499641762584
PL1516,Timothy Michael Krul,Newcastle United,FREE,SHORT_CENTRAL,3,1.0,0.6807653575025178,-0.0013892189268721988
PL1516,Timothy Michael Krul,Newcastle United,FREE,SHORT_LEFT,1,1.0,0.6548117154811716,-0.0018595472869796098
PL1516,Timothy Michael Krul,Newcastle United,FREE,SHORT_RIGHT,4,1.0,0.6441623079235117,-0.003113535134507906
PL1516,Timothy Michael Krul,Newcastle United,FREE,VERY_LONG_RIGHT,11,0.8181818181818182,0.6316321444869614,-0.003590806165890681
PL1516,Vito Mannone,Sunderland,FREE,LONG_CENTRAL,8,0.5,0.6175279294565268,-0.003911903616800624
PL1516,Vito Mannone,Sunderland,FREE,LONG_LEFT,9,0.2222222222222222,0.5997837590465382,-0.004557387902489068
PL1516,Vito Mannone,Sunderland,FREE,LONG_RIGHT,27,0.5555555555555556,0.5655349768181513,-0.004149652006202832
PL1516,Vito Mannone,Sunderland,FREE,MEDIUM_LEFT,5,1.0,0.6324356412387789,-0.0034818762912887714
PL1516,Vito Mannone,Sunderland,FREE,MEDIUM_RIGHT,1,1.0,0.6290322580645161,-0.0018510733037906775
PL1516,Vito Mannone,Sunderland,FREE,SHORT_CENTRAL,4,1.0,0.5644480930618984,-0.004555611419395538
PL1516,Vito Mannone,Sunderland,FREE,SHORT_LEFT,4,1.0,0.5644480930618984,-0.004872269655058543
PL1516,Vito Mannone,Sunderland,FREE,SHORT_RIGHT,1,1.0,0.6290322580645161,-0.0018510733037906775
PL1516,Vito Mannone,Sunderland,FREE,VERY_LONG_CENTRAL,20,0.3,0.6080932166884407,-0.0035648383398411898
PL1516,Vito Mannone,Sunderland,FREE,VERY_LONG_LEFT,13,0.6153846153846154,0.6104310735768895,-0.004386692977523282
PL1516,Vito Mannone,Sunderland,FREE,VERY_LONG_RIGHT,40,0.525,0.5965358940459594,-0.003687058704076575
PL1516,Wayne Hennessey,Crystal Palace,FREE,LONG_CENTRAL,9,0.3333333333333333,0.5966399060585832,-0.003982490812936321
PL1516,Wayne Hennessey,Crystal Palace,FREE,LONG_LEFT,9,0.6666666666666666,0.6451189668779098,-0.003950504495592857
PL1516,Wayne Hennessey,Crystal Palace,FREE,LONG_RIGHT,20,0.7,0.6156135966085068,-0.002935751590492123
PL1516,Wayne Hennessey,Crystal Palace,FREE,MEDIUM_CENTRAL,3,1.0,0.6136672859480661,-0.003296704719860146
PL1516,Wayne Hennessey,Crystal Palace,FREE,MEDIUM_LEFT,7,1.0,0.6013131970563391,-0.004473141144630243
PL1516,Wayne Hennessey,Crystal Palace,FREE,MEDIUM_RIGHT,4,1.0,0.6355029776275556,-0.0038466573710385817
PL1516,Wayne Hennessey,Crystal Palace,FREE,SHORT_CENTRAL,4,1.0,0.5964823850636463,-0.004239785757853588
PL1516,Wayne Hennessey,Crystal Palace,FREE,SHORT_LEFT,8,1.0,0.6133690086588492,-0.004558987771163491
PL1516,Wayne Hennessey,Crystal Palace,FREE,SHORT_RIGHT,2,1.0,0.5841817379188565,-0.00404036260130052
PL1516,Wayne Hennessey,Crystal Palace,FREE,VERY_LONG_CENTRAL,40,0.6,0.5983664574699894,-0.003980954890551129
PL1516,Wayne Hennessey,Crystal Palace,FREE,VERY_LONG_LEFT,26,0.6923076923076923,0.6134611289679527,-0.004533174689759973
PL1516,Wayne Hennessey,Crystal Palace,FREE,VERY_LONG_RIGHT,45,0.7111111111111111,0.6014257570807674,-0.0034340165077056772
PL1516,Wilfredo Daniel Caballero,Manchester City,FREE,LONG_CENTRAL,1,0.0,0.5128205128205128,-0.007315720787290905
PL1516,Wilfredo Daniel Caballero,Manchester City,FREE,LONG_LEFT,3,1.0,0.544616627354452,-0.00650021757304621
PL1516,Wilfredo Daniel Caballero,Manchester City,FREE,LONG_RIGHT,4,0.5,0.5787176305195357,-0.0033902314914942807
PL1516,Wilfredo Daniel Caballero,Manchester City,FREE,MEDIUM_RIGHT,1,1.0,0.6166666666666667,-0.0021565070571374616
PL1516,Wilfredo Daniel Caballero,Manchester City,FREE,SHORT_LEFT,1,1.0,0.6419529837251357,-0.0022965388601752026
PL1516,Wilfredo Daniel Caballero,Manchester City,FREE,SHORT_RIGHT,1,1.0,0.6290322580645161,-0.0018510733037906775
PL1516,Wilfredo Daniel Caballero,Manchester City,FREE,VERY_LONG_RIGHT,3,0.6666666666666666,0.5320879319153956,-0.0048264497308344355
PL1516,Ádám Bogdán,Liverpool,FREE,LONG_CENTRAL,1,0.0,0.5770392749244712,-0.00387296300674645
PL1516,Ádám Bogdán,Liverpool,FREE,LONG_LEFT,1,1.0,0.6768916155419223,-0.003291663324616073
PL1516,Ádám Bogdán,Liverpool,FREE,LONG_RIGHT,1,1.0,0.5770392749244712,-0.005595535354921654
PL1516,Ádám Bogdán,Liverpool,FREE,MEDIUM_LEFT,1,1.0,0.6548117154811716,-0.0018595472869796098
PL1516,Ádám Bogdán,Liverpool,FREE,SHORT_LEFT,1,1.0,0.5770392749244712,-0.005595535354921654
PL1516,Ádám Bogdán,Liverpool,FREE,SHORT_RIGHT,3,1.0,0.6029634217767046,-0.004982235366062308
PL1516,Ádám Bogdán,Liverpool,FREE,VERY_LONG_RIGHT,1,1.0,0.6768916155419223,-0.0008288484610273188
PL1516,Łukasz Fabiański,Swansea City,FREE,LONG_CENTRAL,10,0.4,0.587138844431996,-0.004218975704473715
PL1516,Łukasz Fabiański,Swansea City,FREE,LONG_LEFT,13,0.6153846153846154,0.6120740774629877,-0.0038605781019857427
PL1516,Łukasz Fabiański,Swansea City,FREE,LONG_RIGHT,104,0.7019230769230769,0.5837890828423737,-0.0038160059347502728
PL1516,Łukasz Fabiański,Swansea City,FREE,MEDIUM_CENTRAL,4,1.0,0.6098976476800663,-0.004402719742126474
PL1516,Łukasz Fabiański,Swansea City,FREE,MEDIUM_LEFT,6,1.0,0.6019045962740237,-0.004093811826715849
PL1516,Łukasz Fabiański,Swansea City,FREE,MEDIUM_RIGHT,10,1.0,0.616000666747359,-0.002771956518536785
PL1516,Łukasz Fabiański,Swansea City,FREE,SHORT_CENTRAL,11,1.0,0.6054481013922114,-0.003216028515147215
PL1516,Łukasz Fabiański,Swansea City,FREE,SHORT_LEFT,22,1.0,0.6119528279860229,-0.0044197182051901145
PL1516,Łukasz Fabiański,Swansea City,FREE,SHORT_RIGHT,15,1.0,0.6218929448537074,-0.003074305218671708
PL1516,Łukasz Fabiański,Swansea City,FREE,VERY_LONG_CENTRAL,10,0.0,0.5842176389220491,-0.004089610321426544
PL1516,Łukasz Fabiański,Swansea City,FREE,VERY_LONG_LEFT,1,0.0,0.5861456483126111,-0.0031155695269007135
PL1516,Łukasz Fabiański,Swansea City,FREE,VERY_LONG_RIGHT,35,0.4857142857142857,0.5760157931756704,-0.004468844979421186
T2024,Alexander Domínguez Carabalí,Ecuador,FREE,LONG_CENTRAL,1,0.0,0.7804878048780488,-0.000736615577747964
T2024,Alexander Domínguez Carabalí,Ecuador,FREE,LONG_LEFT,1,1.0,0.7107438016528925,-0.002724428819779365
T2024,Alexander Domínguez Carabalí,Ecuador,FREE,LONG_RIGHT,1,1.0,0.6567164179104478,-0.0048399169958061525
T2024,Alexander Domínguez Carabalí,Ecuador,FREE,MEDIUM_LEFT,1,1.0,0.7,-0.0018873377992865694
T2024,Alexander Domínguez Carabalí,Ecuador,FREE,SHORT_CENTRAL,5,1.0,0.7106411126187246,-0.004743746682707307
T2024,Alexander Domínguez Carabalí,Ecuador,FREE,SHORT_LEFT,4,1.0,0.714915353690277,-0.006575535696429529
T2024,Alexander Domínguez Carabalí,Ecuador,FREE,SHORT_RIGHT,1,1.0,0.7401852618012724,-0.0019759258007019513
T2024,Alexander Domínguez Carabalí,Ecuador,FREE,VERY_LONG_CENTRAL,4,0.25,0.6968020520108207,-0.0029363291595523016
T2024,Alexander Domínguez Carabalí,Ecuador,FREE,VERY_LONG_LEFT,1,0.0,0.6395348837209304,-0.0034373535490825986
T2024,Alexander Domínguez Carabalí,Ecuador,FREE,VERY_LONG_RIGHT,5,0.4,0.7180571089203545,-0.004866340625637496
T2024,Alisson Ramsés Becker,Brazil,FREE,LONG_LEFT,1,1.0,0.7384615384615385,-0.002530285694261984
T2024,Alisson Ramsés Becker,Brazil,FREE,MEDIUM_LEFT,1,1.0,0.7107438016528925,-0.008926498457515537
T2024,Alisson Ramsés Becker,Brazil,FREE,SHORT_CENTRAL,11,1.0,0.7280556998243181,-0.005950886888805329
T2024,Alisson Ramsés Becker,Brazil,FREE,SHORT_LEFT,5,1.0,0.7329914193454039,-0.007225780001817545
T2024,Alisson Ramsés Becker,Brazil,FREE,SHORT_RIGHT,2,1.0,0.695662621650847,-0.006795663933290102
T2024,Alisson Ramsés Becker,Brazil,FREE,VERY_LONG_CENTRAL,2,0.5,0.7522598870056497,-0.005121443184253011
T2024,Alisson Ramsés Becker,Brazil,FREE,VERY_LONG_RIGHT,1,1.0,0.7933333333333333,-0.007061268878246181
T2024,Altay Bayındır,Turkey,FREE,SHORT_CENTRAL,1,1.0,0.6470588235294118,-0.003405884259924944
T2024,Altay Bayındır,Turkey,FREE,SHORT_LEFT,2,1.0,0.7933333333333333,-0.007061268878246181
T2024,Anatolii Trubin,Ukraine,FREE,LONG_CENTRAL,2,0.5,0.6565790678509293,-0.004843417843702715
T2024,Anatolii Trubin,Ukraine,FREE,LONG_RIGHT,2,0.0,0.6395348837209304,-0.009389011596054181
T2024,Anatolii Trubin,Ukraine,FREE,MEDIUM_LEFT,4,1.0,0.6718164644900332,-0.008528625190019304
T2024,Anatolii Trubin,Ukraine,FREE,SHORT_CENTRAL,1,1.0,0.6567164179104478,-0.0048399169958061525
T2024,Anatolii Trubin,Ukraine,FREE,SHORT_LEFT,1,1.0,0.717391304347826,-0.0032934047532680814
T2024,Anatolii Trubin,Ukraine,FREE,SHORT_RIGHT,1,1.0,0.7698863636363638,-9.580954302100108e-05
T2024,Anatolii Trubin,Ukraine,FREE,VERY_LONG_RIGHT,1,1.0,0.6395348837209304,-0.009389011596054181
T2024,Andriy Lunin,Ukraine,FREE,SHORT_CENTRAL,3,1.0,0.7933333333333333,-0.004431231000535607
T2024,Andriy Lunin,Ukraine,FREE,SHORT_LEFT,1,1.0,0.7333333333333333,-0.0011024304214839777
T2024,Angus Gunn,Scotland,FREE,LONG_LEFT,1,1.0,0.6470588235294118,-0.0107589322801999
T2024,Angus Gunn,Scotland,FREE,LONG_RIGHT,2,0.5,0.6659212880143113,-0.0020229679122239904
T2024,Angus Gunn,Scotland,FREE,SHORT_CENTRAL,2,1.0,0.6816666666666666,-0.0024818851633685115
T2024,Angus Gunn,Scotland,FREE,VERY_LONG_CENTRAL,2,0.0,0.6999431818181818,-0.0019785747241370232
T2024,Angus Gunn,Scotland,FREE,VERY_LONG_LEFT,3,0.6666666666666666,0.6829853770260748,-0.0074068704085165455
T2024,Angus Gunn,Scotland,FREE,VERY_LONG_RIGHT,7,0.7142857142857143,0.6680776268511301,-0.002283964764548397
T2024,Bart Verbruggen,Netherlands,FREE,LONG_CENTRAL,1,1.0,0.656441717791411,-0.0021459393844610397
T2024,Bart Verbruggen,Netherlands,FREE,LONG_LEFT,2,0.5,0.7409651211654293,-0.005985503862610347
T2024,Bart Verbruggen,Netherlands,FREE,MEDIUM_CENTRAL,1,1.0,0.6108374384236454,-0.009006749536441039
T2024,Bart Verbruggen,Netherlands,FREE,SHORT_CENTRAL,5,1.0,0.6958171517296833,-0.003912855667150555
T2024,Bart Verbruggen,Netherlands,FREE,SHORT_LEFT,2,1.0,0.7804878048780488,-0.005299439744038896
T2024,Bart Verbruggen,Netherlands,FREE,SHORT_RIGHT,5,1.0,0.7135279778215731,-0.006301200774279933
T2024,Bart Verbruggen,Netherlands,FREE,VERY_LONG_CENTRAL,1,1.0,0.6108374384236454,-0.005905281975830282
T2024,Bart Verbruggen,Netherlands,FREE,VERY_LONG_LEFT,2,0.5,0.7107438016528925,-0.0055128474929022715
T2024,Bart Verbruggen,Netherlands,FREE,VERY_LONG_RIGHT,2,1.0,0.6108374384236454,-0.005905281975830282
T2024,Camilo Andrés Vargas Gil,Colombia,FREE,LONG_RIGHT,2,1.0,0.7711864406779662,-0.00202203376014321
T2024,Camilo Andrés Vargas Gil,Colombia,FREE,MEDIUM_LEFT,3,1.0,0.7432656051270298,-0.005889730955705594
T2024,Camilo Andrés Vargas Gil,Colombia,FREE,SHORT_CENTRAL,9,1.0,0.7365276508060018,-0.004225588399737169
T2024,Camilo Andrés Vargas Gil,Colombia,FREE,SHORT_LEFT,4,1.0,0.7456158032654707,-0.007966381841930534
T2024,Camilo Andrés Vargas Gil,Colombia,FREE,SHORT_RIGHT,8,1.0,0.6941109375010346,-0.00447010936040665
T2024,Camilo Andrés Vargas Gil,Colombia,FREE,VERY_LONG_CENTRAL,9,0.5555555555555556,0.7020259405478091,-0.008088959223160854
T2024,Camilo Andrés Vargas Gil,Colombia,FREE,VERY_LONG_LEFT,7,0.42857142857142855,0.6854262023988849,-0.0077234330500042464
T2024,Camilo Andrés Vargas Gil,Colombia,FREE,VERY_LONG_RIGHT,6,0.8333333333333334,0.7012151478089241,-0.00669485309811782
T2024,Claudio Andrés Bravo Muñoz,Chile,FREE,LONG_LEFT,2,1.0,0.7594746716697937,-0.004025462041764622
T2024,Claudio Andrés Bravo Muñoz,Chile,FREE,MEDIUM_LEFT,1,1.0,0.6108374384236454,-0.010653207799568718
T2024,Claudio Andrés Bravo Muñoz,Chile,FREE,SHORT_CENTRAL,3,1.0,0.738421191888064,-0.004231286822393585
T2024,Claudio Andrés Bravo Muñoz,Chile,FREE,SHORT_LEFT,3,1.0,0.7507608922243069,-0.007541707938512973
T2024,Claudio Andrés Bravo Muñoz,Chile,FREE,VERY_LONG_CENTRAL,1,0.0,0.7384615384615385,-0.002530285694261984
T2024,Claudio Andrés Bravo Muñoz,Chile,FREE,VERY_LONG_LEFT,1,0.0,0.6108374384236454,-0.005905281975830282
T2024,Claudio Andrés Bravo Muñoz,Chile,FREE,VERY_LONG_RIGHT,1,1.0,0.7107438016528925,-0.002724428819779365
T2024,Damián Emiliano Martínez,Argentina,FREE,LONG_RIGHT,1,0.0,0.7559055118110236,0.00038924418443403094
T2024,Damián Emiliano Martínez,Argentina,FREE,MEDIUM_CENTRAL,2,1.0,0.7333333333333333,-0.0037319893509184508
T2024,Damián Emiliano Martínez,Argentina,FREE,MEDIUM_RIGHT,1,1.0,0.7,-0.009420635874667054
T2024,Damián Emiliano Martínez,Argentina,FREE,SHORT_CENTRAL,11,1.0,0.7035474226834334,-0.005762528331713829
T2024,Damián Emiliano Martínez,Argentina,FREE,SHORT_LEFT,2,1.0,0.7559055118110236,-0.003651319758139915
T2024,Damián Emiliano Martínez,Argentina,FREE,SHORT_RIGHT,2,1.0,0.7446194225721785,-0.00022088752478059692
T2024,Damián Emiliano Martínez,Argentina,FREE,VERY_LONG_CENTRAL,7,0.5714285714285714,0.6620190688197399,-0.007233057962570578
T2024,Damián Emiliano Martínez,Argentina,FREE,VERY_LONG_LEFT,6,0.5,0.6565295927472617,-0.008160002575377714
T2024,David Raya Martin,Spain,FREE,LONG_LEFT,1,1.0,0.6470588235294118,-0.0107589322801999
T2024,David Raya Martin,Spain,FREE,SHORT_CENTRAL,1,1.0,0.7933333333333333,0.0004995170207045168
T2024,David Raya Martin,Spain,FREE,VERY_LONG_LEFT,1,1.0,0.63,-0.011190161121982706
T2024,Dayne Tristan St. Clair,Canada,FREE,LONG_RIGHT,1,0.0,0.7333333333333333,-0.0008200908340212751
T2024,Diogo Meireles Costa,Portugal,FREE,MEDIUM_LEFT,8,1.0,0.7004030227408862,-0.008718369880120617
T2024,Diogo Meireles Costa,Portugal,FREE,MEDIUM_RIGHT,2,1.0,0.717391304347826,-0.0012217232348446876
T2024,Diogo Meireles Costa,Portugal,FREE,SHORT_CENTRAL,10,1.0,0.6811729219906668,-0.006144847585947319
T2024,Diogo Meireles Costa,Portugal,FREE,SHORT_LEFT,3,1.0,0.6566248512041022,-0.008672643117574907
T2024,Diogo Meireles Costa,Portugal,FREE,SHORT_RIGHT,5,1.0,0.7195446151132268,-0.006279266914234291
T2024,Diogo Meireles Costa,Portugal,FREE,VERY_LONG_CENTRAL,1,0.0,0.7804878048780488,-0.000736615577747964
T2024,Dominik Livaković,Croatia,FREE,LONG_RIGHT,1,1.0,0.7559055118110236,-0.0023117351227042076
T2024,Dominik Livaković,Croatia,FREE,MEDIUM_LEFT,1,1.0,0.7,-0.007856939382133632
T2024,Dominik Livaković,Croatia,FREE,MEDIUM_RIGHT,1,1.0,0.7,-0.0018873377992865694
T2024,Dominik Livaković,Croatia,FREE,SHORT_CENTRAL,5,1.0,0.7293187264635399,-0.003848321103230401
T2024,Dominik Livaković,Croatia,FREE,SHORT_LEFT,1,1.0,0.717391304347826,-0.0032934047532680814
T2024,Dominik Livaković,Croatia,FREE,SHORT_RIGHT,2,1.0,0.7630903743026306,-0.001750255462835014
T2024,Dominik Livaković,Croatia,FREE,VERY_LONG_CENTRAL,1,1.0,0.656441717791411,-0.010278461092787884
T2024,Dominik Livaković,Croatia,FREE,VERY_LONG_RIGHT,1,1.0,0.717391304347826,-0.0032934047532680814
T2024,Ethan Horvath,United States,FREE,VERY_LONG_LEFT,2,0.0,0.7107438016528925,-0.002724428819779365
T2024,Fehmi Mert Günok,Turkey,FREE,LONG_CENTRAL,4,0.25,0.7131588427826673,-0.004438419077842107
T2024,Fehmi Mert Günok,Turkey,FREE,LONG_LEFT,4,0.25,0.6966257999184201,-0.007624293291241929
T2024,Fehmi Mert Günok,Turkey,FREE,LONG_RIGHT,3,0.3333333333333333,0.6108374384236454,-0.004962783511263944
T2024,Fehmi Mert Günok,Turkey,FREE,MEDIUM_CENTRAL,1,1.0,0.7559055118110236,-0.0023117351227042076
T2024,Fehmi Mert Günok,Turkey,FREE,MEDIUM_LEFT,2,1.0,0.6910119395508058,-0.005358491972510511
T2024,Fehmi Mert Günok,Turkey,FREE,MEDIUM_RIGHT,2,1.0,0.674649488442592,-0.0043852123909369324
T2024,Fehmi Mert Günok,Turkey,FREE,SHORT_CENTRAL,2,1.0,0.6565790678509293,-0.007559189044297018
T2024,Fehmi Mert Günok,Turkey,FREE,SHORT_LEFT,1,1.0,0.7384615384615385,-0.002530285694261984
T2024,Fehmi Mert Günok,Turkey,FREE,SHORT_RIGHT,5,1.0,0.7181436745073109,-0.00363048588668282
T2024,Fehmi Mert Günok,Turkey,FREE,VERY_LONG_CENTRAL,3,0.3333333333333333,0.6412402913354892,-0.008165776878843869
T2024,Fehmi Mert Günok,Turkey,FREE,VERY_LONG_RIGHT,3,0.6666666666666666,0.6562133545353165,-0.0071455876543466525
T2024,Florin Constantin Niţă,Romania,FREE,LONG_CENTRAL,2,0.5,0.7366484080794249,-0.0028025699379861445
T2024,Florin Constantin Niţă,Romania,FREE,LONG_LEFT,17,0.5294117647058824,0.710439483881236,-0.006854196086013416
T2024,Florin Constantin Niţă,Romania,FREE,LONG_RIGHT,5,0.6,0.6953333333333334,-0.005094918558006092
T2024,Florin Constantin Niţă,Romania,FREE,MEDIUM_LEFT,2,1.0,0.6336395781075281,-0.009642605314614461
T2024,Florin Constantin Niţă,Romania,FREE,MEDIUM_RIGHT,1,1.0,0.7933333333333333,-0.006981142346158078
T2024,Florin Constantin Niţă,Romania,FREE,SHORT_CENTRAL,3,1.0,0.6686717982652105,-0.00796133591807402
T2024,Florin Constantin Niţă,Romania,FREE,SHORT_LEFT,4,1.0,0.6883674371605406,-0.007321902224074695
T2024,Florin Constantin Niţă,Romania,FREE,VERY_LONG_CENTRAL,1,0.0,0.63,-0.0038613399052530454
T2024,Florin Constantin Niţă,Romania,FREE,VERY_LONG_LEFT,2,0.5,0.6927601809954751,-0.00903662039299059
T2024,Florin Constantin Niţă,Romania,FREE,VERY_LONG_RIGHT,1,1.0,0.656441717791411,-0.010278461092787884
T2024,Gabriel Arias Arroyo,Chile,FREE,SHORT_CENTRAL,2,1.0,0.7047106236786471,-0.0017665815460517998
T2024,Gabriel Arias Arroyo,Chile,FREE,SHORT_RIGHT,2,1.0,0.6697674418604651,-0.002662345674184584
T2024,Gabriel Arias Arroyo,Chile,FREE,VERY_LONG_CENTRAL,1,1.0,0.6395348837209304,-0.0019614066723767087
T2024,Gianluigi Donnarumma,Italy,FREE,LONG_CENTRAL,1,0.0,0.7107438016528925,-0.0055128474929022715
T2024,Gianluigi Donnarumma,Italy,FREE,LONG_LEFT,1,0.0,0.7698863636363638,-0.0060861504967696
T2024,Gianluigi Donnarumma,Italy,FREE,LONG_RIGHT,1,1.0,0.7804878048780488,0.0018416906826545878
T2024,Gianluigi Donnarumma,Italy,FREE,MEDIUM_LEFT,1,1.0,0.7,-0.007856939382133632
T2024,Gianluigi Donnarumma,Italy,FREE,MEDIUM_RIGHT,2,1.0,0.7133013907734058,-0.005183563500015814
T2024,Gianluigi Donnarumma,Italy,FREE,SHORT_CENTRAL,6,1.0,0.6842649913836137,-0.006608670896990278
T2024,Gianluigi Donnarumma,Italy,FREE,SHORT_LEFT,3,1.0,0.7299696840784476,-0.005731434130837552
T2024,Gianluigi Donnarumma,Italy,FREE,SHORT_RIGHT,1,1.0,0.7559055118110236,-0.007691883700713861
T2024,Giorgi Mamardashvili,Georgia,FREE,LONG_CENTRAL,1,0.0,0.7559055118110236,-0.0015646860185991062
T2024,Giorgi Mamardashvili,Georgia,FREE,LONG_LEFT,5,0.2,0.7227284290200547,-0.008063644063888839
T2024,Giorgi Mamardashvili,Georgia,FREE,LONG_RIGHT,7,0.42857142857142855,0.6781352301730023,-0.0035997657894399765
T2024,Giorgi Mamardashvili,Georgia,FREE,MEDIUM_CENTRAL,1,1.0,0.6567164179104478,-0.0048399169958061525
T2024,Giorgi Mamardashvili,Georgia,FREE,MEDIUM_LEFT,1,1.0,0.6567164179104478,-0.0048399169958061525
T2024,Giorgi Mamardashvili,Georgia,FREE,MEDIUM_RIGHT,1,1.0,0.7559055118110236,-0.0023117351227042076
T2024,Giorgi Mamardashvili,Georgia,FREE,SHORT_CENTRAL,4,1.0,0.6852909908353125,-0.008149016733924548
T2024,Giorgi Mamardashvili,Georgia,FREE,SHORT_LEFT,2,1.0,0.6566500940821387,-0.007557341991852448
T2024,Giorgi Mamardashvili,Georgia,FREE,SHORT_RIGHT,5,1.0,0.7085270327581538,-0.00558303368108996
T2024,Giorgi Mamardashvili,Georgia,FREE,VERY_LONG_LEFT,1,1.0,0.6470588235294118,-0.006155048808704408
T2024,Giorgi Mamardashvili,Georgia,FREE,VERY_LONG_RIGHT,8,0.375,0.6869934091763524,-0.0019388118486017426
T2024,Guillermo Viscarra Bruckner,Bolivia,FREE,LONG_CENTRAL,1,0.0,0.7933333333333333,-0.007061268878246181
T2024,Guillermo Viscarra Bruckner,Bolivia,FREE,LONG_LEFT,3,1.0,0.7232954545454545,-0.006385488932569513
T2024,Guillermo Viscarra Bruckner,Bolivia,FREE,LONG_RIGHT,2,0.5,0.7865401987353207,-0.0005641128807542949
T2024,Guillermo Viscarra Bruckner,Bolivia,FREE,MEDIUM_RIGHT,3,1.0,0.7928395061728395,-0.004708622699663472
T2024,Guillermo Viscarra Bruckner,Bolivia,FREE,SHORT_CENTRAL,8,1.0,0.7636432028619529,-0.004887227296929356
T2024,Guillermo Viscarra Bruckner,Bolivia,FREE,SHORT_RIGHT,1,1.0,0.7804878048780488,-0.0007329249094039036
T2024,Guillermo Viscarra Bruckner,Bolivia,FREE,VERY_LONG_LEFT,5,0.4,0.7386206172139241,-0.005454771852965351
T2024,Guillermo Viscarra Bruckner,Bolivia,FREE,VERY_LONG_RIGHT,3,0.0,0.7774551066217734,0.0002975725356344206
T2024,Jahmali Waite,Jamaica,FREE,LONG_CENTRAL,2,0.5,0.6176397822859971,-0.00707760435096687
T2024,Jahmali Waite,Jamaica,FREE,LONG_LEFT,1,1.0,0.7559055118110236,-0.0023117351227042076
T2024,Jahmali Waite,Jamaica,FREE,MEDIUM_LEFT,2,1.0,0.7047106236786471,-0.007837793401708875
T2024,Jahmali Waite,Jamaica,FREE,SHORT_CENTRAL,3,1.0,0.7042073099071571,-0.00481535616300157
T2024,Jahmali Waite,Jamaica,FREE,SHORT_LEFT,7,1.0,0.7031097824228184,-0.0061388026550517755
T2024,Jahmali Waite,Jamaica,FREE,SHORT_RIGHT,4,1.0,0.724174728835371,-0.0061903326860411265
T2024,Jahmali Waite,Jamaica,FREE,VERY_LONG_CENTRAL,6,0.3333333333333333,0.6654062788836713,-0.005373839664224149
T2024,Jahmali Waite,Jamaica,FREE,VERY_LONG_LEFT,1,1.0,0.6395348837209304,-0.009389011596054181
T2024,Jan Oblak,Slovenia,FREE,LONG_CENTRAL,2,1.0,0.6833714751173345,-0.006482471461136462
T2024,Jan Oblak,Slovenia,FREE,LONG_LEFT,5,0.6,0.7136949545061672,-0.007836868109130094
T2024,Jan Oblak,Slovenia,FREE,LONG_RIGHT,7,0.42857142857142855,0.6565594464138554,-0.004843917964830796
T2024,Jan Oblak,Slovenia,FREE,MEDIUM_LEFT,5,1.0,0.7195029044211482,-0.004922366904934613
T2024,Jan Oblak,Slovenia,FREE,MEDIUM_RIGHT,4,1.0,0.6695687951832474,-0.005499879210568466
T2024,Jan Oblak,Slovenia,FREE,SHORT_CENTRAL,6,1.0,0.6892460021499435,-0.005994561287834097
T2024,Jan Oblak,Slovenia,FREE,SHORT_LEFT,3,1.0,0.6970747754956877,-0.007421773269798454
T2024,Jan Oblak,Slovenia,FREE,VERY_LONG_CENTRAL,2,0.0,0.6565790678509293,-0.003492928190133596
T2024,Jan Oblak,Slovenia,FREE,VERY_LONG_LEFT,5,0.2,0.6314922124399198,-0.008113722767426224
T2024,Jan Oblak,Slovenia,FREE,VERY_LONG_RIGHT,1,1.0,0.6567164179104478,-0.002138937688667914
T2024,Jindřich Staněk,Czech Republic,FREE,LONG_CENTRAL,3,0.3333333333333333,0.7688045769346582,-0.005253282025785379
T2024,Jindřich Staněk,Czech Republic,FREE,LONG_LEFT,1,0.0,0.7804878048780488,-0.0070062652263455285
T2024,Jindřich Staněk,Czech Republic,FREE,LONG_RIGHT,4,0.5,0.713064208518754,-0.0022256159405845037
T2024,Jindřich Staněk,Czech Republic,FREE,MEDIUM_LEFT,1,1.0,0.7804878048780488,-0.0070062652263455285
T2024,Jindřich Staněk,Czech Republic,FREE,SHORT_CENTRAL,3,1.0,0.7238131141038258,-0.006833253410033578
T2024,Jindřich Staněk,Czech Republic,FREE,SHORT_LEFT,3,1.0,0.7690514905149052,-0.003500926269673022
T2024,Jindřich Staněk,Czech Republic,FREE,VERY_LONG_CENTRAL,3,0.6666666666666666,0.7339918027279446,-0.006196537497593013
T2024,Jindřich Staněk,Czech Republic,FREE,VERY_LONG_LEFT,1,1.0,0.7804878048780488,-0.0070062652263455285
T2024,Jindřich Staněk,Czech Republic,FREE,VERY_LONG_RIGHT,4,0.75,0.6851560550467195,-0.003769366305917628
T2024,Jordan Pickford,England,FREE,LONG_CENTRAL,2,0.5,0.6720853858784893,-0.003627810368292021
T2024,Jordan Pickford,England,FREE,LONG_LEFT,1,0.0,0.7333333333333333,-0.008556710988193605
T2024,Jordan Pickford,England,FREE,LONG_RIGHT,9,0.8888888888888888,0.6788912547773773,-0.002086835348560098
T2024,Jordan Pickford,England,FREE,MEDIUM_CENTRAL,1,1.0,0.7333333333333333,0.0008405713815752098
T2024,Jordan Pickford,England,FREE,MEDIUM_RIGHT,2,1.0,0.7633333333333333,-0.00454787373653728
T2024,Jordan Pickford,England,FREE,SHORT_CENTRAL,4,1.0,0.7689763779527559,-0.005922161746964599
T2024,Jordan Pickford,England,FREE,SHORT_LEFT,3,1.0,0.7352268543119226,-0.008343871223915977
T2024,Jordan Pickford,England,FREE,SHORT_RIGHT,6,1.0,0.6845480910931853,-0.004389149219541909
T2024,Jordan Pickford,England,FREE,VERY_LONG_CENTRAL,6,0.6666666666666666,0.687914995202373,-0.004270509628035741
T2024,Jordan Pickford,England,FREE,VERY_LONG_LEFT,2,1.0,0.656441717791411,-0.010592617829944412
T2024,Jordan Pickford,England,FREE,VERY_LONG_RIGHT,7,0.5714285714285714,0.703161783933421,-0.002256229268042593
T2024,Julio José González Vela-Alvizu,Mexico,FREE,LONG_LEFT,1,1.0,0.7333333333333333,-0.008578004804516743
T2024,Julio José González Vela-Alvizu,Mexico,FREE,LONG_RIGHT,2,1.0,0.6645390070921986,-0.006556182514374119
T2024,Julio José González Vela-Alvizu,Mexico,FREE,MEDIUM_RIGHT,1,1.0,0.7,-0.0018873377992865694
T2024,Julio José González Vela-Alvizu,Mexico,FREE,SHORT_CENTRAL,6,1.0,0.7058437121663866,-0.0047574705616493405
T2024,Julio José González Vela-Alvizu,Mexico,FREE,SHORT_LEFT,2,1.0,0.7516098484848486,-0.0035942904591267887
T2024,Julio José González Vela-Alvizu,Mexico,FREE,SHORT_RIGHT,2,1.0,0.7698863636363638,-9.580954302100108e-05
T2024,Julio José González Vela-Alvizu,Mexico,FREE,VERY_LONG_CENTRAL,1,1.0,0.7933333333333333,0.0004995170207045168
T2024,Kasper Schmeichel,Denmark,FREE,LONG_LEFT,1,1.0,0.6108374384236454,-0.010653207799568718
T2024,Kasper Schmeichel,Denmark,FREE,LONG_RIGHT,1,1.0,0.7698863636363638,-9.580954302100108e-05
T2024,Kasper Schmeichel,Denmark,FREE,MEDIUM_LEFT,2,1.0,0.7548239895697524,-0.006886234369049851
T2024,Kasper Schmeichel,Denmark,FREE,MEDIUM_RIGHT,3,1.0,0.7041897535732708,-0.001711710914166321
T2024,Kasper Schmeichel,Denmark,FREE,SHORT_CENTRAL,4,1.0,0.6427434634331186,-0.008631501520187249
T2024,Kasper Schmeichel,Denmark,FREE,SHORT_LEFT,1,1.0,0.6108374384236454,-0.010653207799568718
T2024,Kasper Schmeichel,Denmark,FREE,SHORT_RIGHT,1,1.0,0.6567164179104478,-0.010271317457010626
T2024,Kasper Schmeichel,Denmark,FREE,VERY_LONG_CENTRAL,3,0.3333333333333333,0.6738529209408473,-0.005653058378624581
T2024,Kasper Schmeichel,Denmark,FREE,VERY_LONG_LEFT,2,1.0,0.6251861610722879,-0.00467131776245644
T2024,Kasper Schmeichel,Denmark,FREE,VERY_LONG_RIGHT,3,1.0,0.656441717791411,-0.004846918691599278
T2024,Koen Casteels,Belgium,FREE,LONG_CENTRAL,1,1.0,0.656441717791411,-0.004166646480702161
T2024,Koen Casteels,Belgium,FREE,LONG_LEFT,1,1.0,0.656441717791411,-0.010592617829944412
T2024,Koen Casteels,Belgium,FREE,LONG_RIGHT,1,1.0,0.7384615384615385,-0.002530285694261984
T2024,Koen Casteels,Belgium,FREE,MEDIUM_CENTRAL,1,1.0,0.7711864406779662,-0.0016648815639892793
T2024,Koen Casteels,Belgium,FREE,MEDIUM_LEFT,3,1.0,0.6413318580418347,-0.008163395666918117
T2024,Koen Casteels,Belgium,FREE,MEDIUM_RIGHT,1,1.0,0.6108374384236454,-0.006153190315100064
T2024,Koen Casteels,Belgium,FREE,SHORT_CENTRAL,12,1.0,0.7080890130788249,-0.005285100462615011
T2024,Koen Casteels,Belgium,FREE,SHORT_LEFT,4,1.0,0.7019499715233644,-0.006708764314812052
T2024,Koen Casteels,Belgium,FREE,SHORT_RIGHT,1,1.0,0.7384615384615385,-0.0028651428060435823
T2024,Koen Casteels,Belgium,FREE,VERY_LONG_CENTRAL,5,0.6,0.6768334029868145,-0.003229061116779658
T2024,Koen Casteels,Belgium,FREE,VERY_LONG_RIGHT,4,0.0,0.7061736148012173,-0.003222496578401188
T2024,Manuel Neuer,Germany,FREE,LONG_CENTRAL,1,1.0,0.7333333333333333,-0.008304550083412111
T2024,Manuel Neuer,Germany,FREE,LONG_LEFT,1,1.0,0.7804878048780488,-0.0070062652263455285
T2024,Manuel Neuer,Germany,FREE,MEDIUM_LEFT,1,1.0,0.7804878048780488,-0.0070062652263455285
T2024,Manuel Neuer,Germany,FREE,MEDIUM_RIGHT,2,1.0,0.7804878048780488,-0.000736615577747964
T2024,Manuel Neuer,Germany,FREE,SHORT_CENTRAL,5,1.0,0.7201020986954056,-0.004184902306919258
T2024,Manuel Neuer,Germany,FREE,SHORT_LEFT,3,1.0,0.7536585365853657,-0.005299956083992543
T2024,Manuel Neuer,Germany,FREE,SHORT_RIGHT,3,1.0,0.6712963107947433,-0.0035492680138935946
T2024,Martin Dúbravka,Slovakia,FREE,LONG_LEFT,4,0.25,0.6565894501036489,-0.009979152426883152
T2024,Martin Dúbravka,Slovakia,FREE,LONG_RIGHT,2,1.0,0.6204187192118227,-0.004883310940541664
T2024,Martin Dúbravka,Slovakia,FREE,SHORT_CENTRAL,5,1.0,0.7026520747834017,-0.004621752747800191
T2024,Martin Dúbravka,Slovakia,FREE,SHORT_LEFT,3,1.0,0.7733333333333333,-0.0025547274263418808
T2024,Martin Dúbravka,Slovakia,FREE,VERY_LONG_CENTRAL,2,0.5,0.6901960784313725,-0.005930681350841939
T2024,Martin Dúbravka,Slovakia,FREE,VERY_LONG_LEFT,3,0.6666666666666666,0.6405582922824302,-0.009693531070225603
T2024,Martin Dúbravka,Slovakia,FREE,VERY_LONG_RIGHT,4,0.25,0.6733333333333333,-0.0017328769621428747
T2024,Matthew Charles Turner,United States,FREE,LONG_CENTRAL,1,1.0,0.6108374384236454,-0.009006749536441039
T2024,Matthew Charles Turner,United States,FREE,LONG_LEFT,1,0.0,0.7333333333333333,-0.008304550083412111
T2024,Matthew Charles Turner,United States,FREE,LONG_RIGHT,1,0.0,0.7333333333333333,-0.002080591814026999
T2024,Matthew Charles Turner,United States,FREE,SHORT_CENTRAL,2,1.0,0.674649488442592,-0.004217783835046133
T2024,Matthew Charles Turner,United States,FREE,SHORT_LEFT,4,1.0,0.7180614524565483,-0.004268081952286522
T2024,Matthew Charles Turner,United States,FREE,SHORT_RIGHT,4,1.0,0.6828307139966988,-0.005863119089359509
T2024,Matthew Charles Turner,United States,FREE,VERY_LONG_LEFT,2,1.0,0.6176397822859971,-0.003998631756353259
T2024,Matthew Charles Turner,United States,FREE,VERY_LONG_RIGHT,2,0.5,0.674649488442592,-0.004217783835046133
T2024,Matěj Kovář,Czech Republic,FREE,MEDIUM_RIGHT,1,1.0,0.6108374384236454,-0.011074444497163143
T2024,Matěj Kovář,Czech Republic,FREE,VERY_LONG_CENTRAL,1,1.0,0.6108374384236454,-0.010653207799568718
T2024,Maxime Crépeau,Canada,FREE,LONG_LEFT,1,0.0,0.7,-0.007856939382133632
T2024,Maxime Crépeau,Canada,FREE,MEDIUM_LEFT,1,1.0,0.6108374384236454,-0.005905281975830282
T2024,Maxime Crépeau,Canada,FREE,MEDIUM_RIGHT,2,1.0,0.7253623188405797,-0.004756772398680335
T2024,Maxime Crépeau,Canada,FREE,SHORT_CENTRAL,10,1.0,0.7003609219568597,-0.005409477095131706
T2024,Maxime Crépeau,Canada,FREE,SHORT_LEFT,4,1.0,0.7193605170273687,-0.006701906118259702
T2024,Maxime Crépeau,Canada,FREE,SHORT_RIGHT,3,1.0,0.6830996589617279,-0.005275641700831098
T2024,Maxime Crépeau,Canada,FREE,VERY_LONG_CENTRAL,4,0.25,0.6294815446196672,-0.006208940080071938
T2024,Maxime Crépeau,Canada,FREE,VERY_LONG_LEFT,6,0.6666666666666666,0.7091301562422253,-0.007067763983217974
T2024,Maxime Crépeau,Canada,FREE,VERY_LONG_RIGHT,2,1.0,0.6262305493807558,-0.0039619400413620914
T2024,Mike Maignan,France,FREE,LONG_RIGHT,1,1.0,0.7,-0.0018873377992865694
T2024,Mike Maignan,France,FREE,MEDIUM_LEFT,1,1.0,0.6567164179104478,-0.010271317457010626
T2024,Mike Maignan,France,FREE,MEDIUM_RIGHT,2,1.0,0.6567164179104478,-0.0048399169958061525
T2024,Mike Maignan,France,FREE,SHORT_CENTRAL,7,1.0,0.6943697391096177,-0.005043806714817701
T2024,Mike Maignan,France,FREE,SHORT_LEFT,5,1.0,0.6549097919236727,-0.009902270553431939
T2024,Mike Maignan,France,FREE,SHORT_RIGHT,2,1.0,0.7250248756218906,-0.003914399316623461
T2024,Mike Maignan,France,FREE,VERY_LONG_CENTRAL,2,0.0,0.6517502706604115,-0.006842172676356414
T2024,Orlando Mosquera,Panama,FREE,LONG_LEFT,1,1.0,0.7107438016528925,-0.008926498457515537
T2024,Orlando Mosquera,Panama,FREE,MEDIUM_CENTRAL,1,1.0,0.7107438016528925,-0.008926498457515537
T2024,Orlando Mosquera,Panama,FREE,MEDIUM_LEFT,1,1.0,0.7107438016528925,-0.008926498457515537
T2024,Orlando Mosquera,Panama,FREE,SHORT_CENTRAL,3,1.0,0.764769647696477,-0.0011846076565076424
T2024,Orlando Mosquera,Panama,FREE,VERY_LONG_CENTRAL,1,1.0,0.7107438016528925,-0.008926498457515537
T2024,Orlando Mosquera,Panama,FREE,VERY_LONG_RIGHT,1,1.0,0.7333333333333333,0.0008405713815752098
T2024,Patrick Gilmar Sequeira Mejías,Costa Rica,FREE,LONG_CENTRAL,1,1.0,0.6470588235294118,-0.010822234525761028
T2024,Patrick Gilmar Sequeira Mejías,Costa Rica,FREE,LONG_RIGHT,4,0.25,0.726764705882353,-0.0012778070205470957
T2024,Patrick Gilmar Sequeira Mejías,Costa Rica,FREE,MEDIUM_LEFT,3,1.0,0.7890514905149052,-0.0070429343276126296
T2024,Patrick Gilmar Sequeira Mejías,Costa Rica,FREE,MEDIUM_RIGHT,1,1.0,0.7333333333333333,-0.0011024304214839777
T2024,Patrick Gilmar Sequeira Mejías,Costa Rica,FREE,SHORT_CENTRAL,4,1.0,0.7276621511325935,-0.00264530026986946
T2024,Patrick Gilmar Sequeira Mejías,Costa Rica,FREE,SHORT_LEFT,1,1.0,0.7711864406779662,-0.006458160232318422
T2024,Patrick Gilmar Sequeira Mejías,Costa Rica,FREE,VERY_LONG_LEFT,7,0.5714285714285714,0.701776752623803,-0.008125582374130108
T2024,Patrick Gilmar Sequeira Mejías,Costa Rica,FREE,VERY_LONG_RIGHT,9,0.4444444444444444,0.6938194140019698,-0.0030788014481606795
T2024,Patrick Pentz,Austria,FREE,LONG_CENTRAL,2,0.0,0.7107438016528925,-0.002691210866779298
T2024,Patrick Pentz,Austria,FREE,SHORT_CENTRAL,7,1.0,0.7057868723088756,-0.006359198984536086
T2024,Patrick Pentz,Austria,FREE,SHORT_LEFT,2,1.0,0.7698863636363638,-0.0060861504967696
T2024,Patrick Pentz,Austria,FREE,VERY_LONG_LEFT,3,1.0,0.6638537468278848,-0.008862860409322734
T2024,Patrick Pentz,Austria,FREE,VERY_LONG_RIGHT,1,0.0,0.7107438016528925,-0.0026579929137792307
T2024,Pedro David Gallese Quiróz,Peru,FREE,LONG_CENTRAL,2,0.0,0.6889982110912345,-0.0062272895563458665
T2024,Pedro David Gallese Quiróz,Peru,FREE,LONG_LEFT,1,0.0,0.7711864406779662,-0.006844045292149801
T2024,Pedro David Gallese Quiróz,Peru,FREE,LONG_RIGHT,3,0.6666666666666666,0.6204032535227403,-0.006808641023968336
T2024,Pedro David Gallese Quiróz,Peru,FREE,SHORT_CENTRAL,1,1.0,0.7711864406779662,-0.00202203376014321
T2024,Pedro David Gallese Quiróz,Peru,FREE,SHORT_LEFT,5,1.0,0.7230808751447267,-0.0062368337634915155
T2024,Pedro David Gallese Quiróz,Peru,FREE,SHORT_RIGHT,1,1.0,0.7711864406779662,-0.00202203376014321
T2024,Pedro David Gallese Quiróz,Peru,FREE,VERY_LONG_CENTRAL,1,1.0,0.6108374384236454,-0.011074444497163143
T2024,Pedro David Gallese Quiróz,Peru,FREE,VERY_LONG_LEFT,1,1.0,0.7,-0.008031325764207427
T2024,Pedro David Gallese Quiróz,Peru,FREE,VERY_LONG_RIGHT,3,0.6666666666666666,0.6805355563976253,-0.005971609169086928
T2024,Predrag Rajković,Serbia,FREE,MEDIUM_CENTRAL,1,1.0,0.6395348837209304,-0.0034373535490825986
T2024,Predrag Rajković,Serbia,FREE,MEDIUM_LEFT,1,1.0,0.6108374384236454,-0.010653207799568718
T2024,Predrag Rajković,Serbia,FREE,SHORT_CENTRAL,4,1.0,0.6856409751068798,-0.002289253496837211
T2024,Predrag Rajković,Serbia,FREE,SHORT_LEFT,3,1.0,0.7256410256410257,-0.0043058369235525334
T2024,Predrag Rajković,Serbia,FREE,SHORT_RIGHT,2,1.0,0.7047106236786471,-0.004766173547840591
T2024,Predrag Rajković,Serbia,FREE,VERY_LONG_CENTRAL,1,0.0,0.6395348837209304,-0.0034373535490825986
T2024,Predrag Rajković,Serbia,FREE,VERY_LONG_LEFT,3,0.6666666666666666,0.6829853770260748,-0.00630417188063546
T2024,Péter Gulácsi,Hungary,FREE,LONG_CENTRAL,1,0.0,0.63,-0.0038613399052530454
T2024,Péter Gulácsi,Hungary,FREE,LONG_LEFT,4,0.75,0.7816098484848486,-0.0065737096875078905
T2024,Péter Gulácsi,Hungary,FREE,MEDIUM_RIGHT,2,1.0,0.6176397822859971,-0.0032606583180003145
T2024,Péter Gulácsi,Hungary,FREE,SHORT_CENTRAL,2,1.0,0.7633333333333333,-0.0040818496498650795
T2024,Péter Gulácsi,Hungary,FREE,SHORT_LEFT,4,1.0,0.6829606440071556,-0.0071916941958197495
T2024,Péter Gulácsi,Hungary,FREE,SHORT_RIGHT,1,1.0,0.7,-0.0018873377992865694
T2024,Péter Gulácsi,Hungary,FREE,VERY_LONG_LEFT,1,1.0,0.7698863636363638,-0.0060861504967696
T2024,Rafael Enrique Romo Pérez,Venezuela,FREE,LONG_LEFT,1,1.0,0.7107438016528925,-0.008926498457515537
T2024,Rafael Enrique Romo Pérez,Venezuela,FREE,LONG_RIGHT,1,1.0,0.7333333333333333,-0.008578004804516743
T2024,Rafael Enrique Romo Pérez,Venezuela,FREE,MEDIUM_LEFT,4,1.0,0.7498655409631019,-0.0026679672929348208
T2024,Rafael Enrique Romo Pérez,Venezuela,FREE,MEDIUM_RIGHT,2,1.0,0.7466666666666666,-0.0006939103892910263
T2024,Rafael Enrique Romo Pérez,Venezuela,FREE,SHORT_CENTRAL,6,1.0,0.7383040233198797,-0.002401032184734825
T2024,Rafael Enrique Romo Pérez,Venezuela,FREE,SHORT_LEFT,2,1.0,0.6395348837209304,-0.009389011596054181
T2024,Rafael Enrique Romo Pérez,Venezuela,FREE,SHORT_RIGHT,7,1.0,0.7199217403855442,-0.004177419014607271
T2024,Rafael Enrique Romo Pérez,Venezuela,FREE,VERY_LONG_CENTRAL,5,0.8,0.7766439393939394,-0.002650163151018145
T2024,Rafael Enrique Romo Pérez,Venezuela,FREE,VERY_LONG_LEFT,7,0.5714285714285714,0.6313227913629579,-0.008973719694294887
T2024,Rodrigo Mario Morínigo Acosta,Paraguay,FREE,LONG_CENTRAL,1,0.0,0.7107438016528925,-0.008926498457515537
T2024,Rodrigo Mario Morínigo Acosta,Paraguay,FREE,LONG_LEFT,1,1.0,0.6108374384236454,-0.010653207799568718
T2024,Rodrigo Mario Morínigo Acosta,Paraguay,FREE,LONG_RIGHT,2,1.0,0.638752052545156,-0.003753337348827772
T2024,Rodrigo Mario Morínigo Acosta,Paraguay,FREE,SHORT_CENTRAL,1,1.0,0.7804878048780488,-0.000736615577747964
T2024,Rodrigo Mario Morínigo Acosta,Paraguay,FREE,VERY_LONG_LEFT,1,1.0,0.7925925925925926,-0.00667298903698361
T2024,Rodrigo Mario Morínigo Acosta,Paraguay,FREE,VERY_LONG_RIGHT,1,1.0,0.6666666666666666,-0.004428888115524278
T2024,Sergio Rochet Álvarez,Uruguay,FREE,LONG_CENTRAL,1,0.0,0.7333333333333333,-0.008578004804516743
T2024,Sergio Rochet Álvarez,Uruguay,FREE,LONG_LEFT,3,1.0,0.7333333333333333,-0.006086146676839155
T2024,Sergio Rochet Álvarez,Uruguay,FREE,LONG_RIGHT,2,0.5,0.6901960784313725,-0.004959180449312345
T2024,Sergio Rochet Álvarez,Uruguay,FREE,MEDIUM_CENTRAL,1,1.0,0.7107438016528925,-0.002724428819779365
T2024,Sergio Rochet Álvarez,Uruguay,FREE,MEDIUM_LEFT,1,1.0,0.7933333333333333,-0.007061268878246181
T2024,Sergio Rochet Álvarez,Uruguay,FREE,MEDIUM_RIGHT,2,1.0,0.709122632103689,-0.004153463874507778
T2024,Sergio Rochet Álvarez,Uruguay,FREE,SHORT_CENTRAL,11,1.0,0.7557122038331947,-0.003268922937599711
T2024,Sergio Rochet Álvarez,Uruguay,FREE,SHORT_LEFT,3,1.0,0.7222222222222222,-0.005712258493761817
T2024,Sergio Rochet Álvarez,Uruguay,FREE,SHORT_RIGHT,3,1.0,0.7099289272544108,-0.004779218366943011
T2024,Sergio Rochet Álvarez,Uruguay,FREE,VERY_LONG_LEFT,1,0.0,0.6470588235294118,-0.0107589322801999
T2024,Sergio Rochet Álvarez,Uruguay,FREE,VERY_LONG_RIGHT,2,0.5,0.63,-0.007525750513617875
T2024,Thomas Strakosha,Albania,FREE,LONG_CENTRAL,3,0.3333333333333333,0.7111111111111111,-0.0036155692009680602
T2024,Thomas Strakosha,Albania,FREE,LONG_LEFT,5,1.0,0.7695284552845528,-0.004513336706586506
T2024,Thomas Strakosha,Albania,FREE,LONG_RIGHT,1,1.0,0.7804878048780488,-0.000736615577747964
T2024,Thomas Strakosha,Albania,FREE,MEDIUM_CENTRAL,1,1.0,0.7933333333333333,-0.007061268878246181
T2024,Thomas Strakosha,Albania,FREE,MEDIUM_LEFT,2,1.0,0.7633333333333333,-0.007819636841381462
T2024,Thomas Strakosha,Albania,FREE,SHORT_CENTRAL,1,1.0,0.7804878048780488,-0.0070062652263455285
T2024,Thomas Strakosha,Albania,FREE,SHORT_LEFT,2,1.0,0.7751870842572063,-0.006546207861557564
T2024,Thomas Strakosha,Albania,FREE,SHORT_RIGHT,2,1.0,0.7128205128205127,-0.004665988674687345
T2024,Thomas Strakosha,Albania,FREE,VERY_LONG_CENTRAL,5,0.6,0.7226712043864625,-0.0054462442598438065
T2024,Thomas Strakosha,Albania,FREE,VERY_LONG_LEFT,2,1.0,0.6395348837209304,-0.00641318257256839
T2024,Thomas Strakosha,Albania,FREE,VERY_LONG_RIGHT,1,0.0,0.7333333333333333,-0.0011024304214839777
T2024,Unai Simón Mendibil,Spain,FREE,LONG_CENTRAL,3,0.6666666666666666,0.7107438016528925,-0.0018649933996451812
T2024,Unai Simón Mendibil,Spain,FREE,MEDIUM_LEFT,1,1.0,0.7107438016528925,-0.0026579929137792307
T2024,Unai Simón Mendibil,Spain,FREE,SHORT_CENTRAL,7,1.0,0.7158599845321404,-0.005405395404628304
T2024,Unai Simón Mendibil,Spain,FREE,SHORT_LEFT,3,1.0,0.7107438016528925,-0.006859141911603479
T2024,Unai Simón Mendibil,Spain,FREE,SHORT_RIGHT,5,1.0,0.7054476663200473,-0.005737524623316335
T2024,Unai Simón Mendibil,Spain,FREE,VERY_LONG_LEFT,6,0.8333333333333334,0.6835927597221518,-0.007663544435330914
T2024,Unai Simón Mendibil,Spain,FREE,VERY_LONG_RIGHT,5,0.4,0.6998833848805962,-0.0026332655420628374
T2024,Wojciech Szczęsny,Poland,FREE,LONG_CENTRAL,1,1.0,0.7107438016528925,-0.008926498457515537
T2024,Wojciech Szczęsny,Poland,FREE,LONG_RIGHT,1,1.0,0.7107438016528925,-0.008926498457515537
T2024,Wojciech Szczęsny,Poland,FREE,MEDIUM_RIGHT,1,1.0,0.7384615384615385,-3.764741234456607e-05
T2024,Wojciech Szczęsny,Poland,FREE,SHORT_CENTRAL,3,1.0,0.7127634766867844,-0.004388876334782296
T2024,Wojciech Szczęsny,Poland,FREE,SHORT_RIGHT,1,1.0,0.7107438016528925,-0.008926498457515537
T2024,Wojciech Szczęsny,Poland,FREE,VERY_LONG_CENTRAL,1,0.0,0.7925925925925926,-0.0003916101837606258
T2024,Wojciech Szczęsny,Poland,FREE,VERY_LONG_LEFT,1,0.0,0.6108374384236454,-0.009006749536441039
T2024,Wojciech Szczęsny,Poland,FREE,VERY_LONG_RIGHT,2,0.0,0.695662621650847,-0.001907201079939615
T2024,Yann Sommer,Switzerland,FREE,LONG_LEFT,1,0.0,0.6395348837209304,-0.006745449132725855
T2024,Yann Sommer,Switzerland,FREE,LONG_RIGHT,7,0.2857142857142857,0.7005710990911836,-0.0024484549001937287
T2024,Yann Sommer,Switzerland,FREE,MEDIUM_LEFT,1,1.0,0.7804878048780488,-0.007686045890749921
T2024,Yann Sommer,Switzerland,FREE,MEDIUM_RIGHT,1,1.0,0.7698863636363638,-9.580954302100108e-05
T2024,Yann Sommer,Switzerland,FREE,SHORT_CENTRAL,3,1.0,0.7031404157857647,-0.003796700824745744
T2024,Yann Sommer,Switzerland,FREE,SHORT_LEFT,1,1.0,0.6470588235294118,-0.003405884259924944
T2024,Yann Sommer,Switzerland,FREE,SHORT_RIGHT,2,1.0,0.7107438016528925,-0.005825463638647451
T2024,Łukasz Skorupski,Poland,FREE,LONG_CENTRAL,1,1.0,0.7333333333333333,-0.003910819087460122
T2024,Łukasz Skorupski,Poland,FREE,SHORT_CENTRAL,5,1.0,0.7453333333333333,-0.00827465761926263
T2024,Łukasz Skorupski,Poland,FREE,SHORT_LEFT,3,1.0,0.7733333333333333,-0.003519260820306573
T2024,Łukasz Skorupski,Poland,FREE,VERY_LONG_CENTRAL,3,0.3333333333333333,0.7333333333333333,-0.008578004804516743
T2024,Łukasz Skorupski,Poland,FREE,VERY_LONG_RIGHT,1,0.0,0.6470588235294118,-0.006091746563143278
WC2018,Abdullah Ibrahim Al Maiouf,Saudi Arabia,FREE,LONG_LEFT,2,0.5,0.6086835899569981,-0.004500486402173019
WC2018,Abdullah Ibrahim Al Maiouf,Saudi Arabia,FREE,VERY_LONG_CENTRAL,1,1.0,0.6741573033707864,-0.002092810901636576
WC2018,Abdullah Ibrahim Al Maiouf,Saudi Arabia,FREE,VERY_LONG_LEFT,2,0.5,0.5432098765432098,-0.004512554502368303
WC2018,Alireza Safar Beiranvand,Iran,FREE,LONG_CENTRAL,2,0.5,0.5652557319223985,-0.005181434154703389
WC2018,Alireza Safar Beiranvand,Iran,FREE,LONG_LEFT,1,1.0,0.4915254237288136,-0.006943895012980698
WC2018,Alireza Safar Beiranvand,Iran,FREE,LONG_RIGHT,2,0.5,0.5632716049382716,-0.005040004955317307
WC2018,Alireza Safar Beiranvand,Iran,FREE,MEDIUM_RIGHT,1,1.0,0.5217391304347826,-0.005830931033384203
WC2018,Alireza Safar Beiranvand,Iran,FREE,SHORT_RIGHT,2,1.0,0.6307294453361869,-0.004286433271467088
WC2018,Alireza Safar Beiranvand,Iran,FREE,VERY_LONG_CENTRAL,7,0.0,0.5359907002185137,-0.006864020135790935
WC2018,Alireza Safar Beiranvand,Iran,FREE,VERY_LONG_LEFT,5,0.8,0.5462155210619961,-0.0056052687607254115
WC2018,Alireza Safar Beiranvand,Iran,FREE,VERY_LONG_RIGHT,3,0.0,0.551411573754569,-0.006478972527164721
WC2018,Alisson Ramsés Becker,Brazil,FREE,LONG_CENTRAL,3,1.0,0.5423499318298373,-0.0060454815887052114
WC2018,Alisson Ramsés Becker,Brazil,FREE,LONG_LEFT,2,0.5,0.5376984126984127,-0.006118470517965873
WC2018,Alisson Ramsés Becker,Brazil,FREE,LONG_RIGHT,1,1.0,0.5873015873015873,-0.0048048875906370825
WC2018,Alisson Ramsés Becker,Brazil,FREE,MEDIUM_LEFT,1,1.0,0.5432098765432098,-0.004512554502368303
WC2018,Alisson Ramsés Becker,Brazil,FREE,MEDIUM_RIGHT,1,1.0,0.4915254237288136,-0.007414747625176049
WC2018,Alisson Ramsés Becker,Brazil,FREE,SHORT_CENTRAL,1,1.0,0.5873015873015873,-0.004422126854561429
WC2018,Alisson Ramsés Becker,Brazil,FREE,SHORT_LEFT,1,1.0,0.5432098765432098,-0.004512554502368303
WC2018,Alisson Ramsés Becker,Brazil,FREE,SHORT_RIGHT,3,1.0,0.5241121872477805,-0.0068549173880453765
WC2018,Alisson Ramsés Becker,Brazil,FREE,VERY_LONG_CENTRAL,1,0.0,0.4880952380952381,-0.007437492514288253
WC2018,Alisson Ramsés Becker,Brazil,FREE,VERY_LONG_LEFT,1,0.0,0.4915254237288136,-0.007414354562900612
WC2018,Aymen Mathlouthi,Tunisia,FREE,LONG_CENTRAL,1,0.0,0.5833333333333334,-0.00556745540826631
WC2018,Aymen Mathlouthi,Tunisia,FREE,LONG_LEFT,2,0.5,0.4523809523809524,-0.008433451525383474
WC2018,Aymen Mathlouthi,Tunisia,FREE,SHORT_RIGHT,1,1.0,0.5892857142857143,-0.0039341738692369385
WC2018,Aymen Mathlouthi,Tunisia,FREE,VERY_LONG_RIGHT,1,0.0,0.4523809523809524,-0.007363680530312989
WC2018,Danijel Subašić,Croatia,FREE,LONG_CENTRAL,3,0.3333333333333333,0.5596926713947991,-0.005796183043687356
WC2018,Danijel Subašić,Croatia,FREE,LONG_LEFT,4,0.75,0.5029761904761905,-0.007000265131765793
WC2018,Danijel Subašić,Croatia,FREE,LONG_RIGHT,2,0.0,0.5,-0.007607703506928491
WC2018,Danijel Subašić,Croatia,FREE,MEDIUM_RIGHT,3,1.0,0.6060526315789474,-0.005250049484228257
WC2018,Danijel Subašić,Croatia,FREE,SHORT_CENTRAL,1,1.0,0.4880952380952381,-0.007814814181370318
WC2018,Danijel Subašić,Croatia,FREE,SHORT_LEFT,2,1.0,0.5528549382716049,-0.005573688054244462
WC2018,Danijel Subašić,Croatia,FREE,SHORT_RIGHT,3,1.0,0.5216496689926641,-0.005718975189111135
WC2018,Danijel Subašić,Croatia,FREE,VERY_LONG_CENTRAL,2,0.0,0.5,-0.007057443856820136
WC2018,Danijel Subašić,Croatia,FREE,VERY_LONG_LEFT,5,0.6,0.5350566162659882,-0.0062002939288481555
WC2018,David Ospina Ramírez,Colombia,FREE,LONG_CENTRAL,2,0.5,0.5915231340763256,-0.004784268728306352
WC2018,David Ospina Ramírez,Colombia,FREE,LONG_LEFT,7,0.2857142857142857,0.5260372019109781,-0.006556990695635804
WC2018,David Ospina Ramírez,Colombia,FREE,LONG_RIGHT,4,0.75,0.5427775058815448,-0.006165781619247303
WC2018,David Ospina Ramírez,Colombia,FREE,SHORT_CENTRAL,1,1.0,0.4880952380952381,-0.007814814181370318
WC2018,David Ospina Ramírez,Colombia,FREE,SHORT_LEFT,1,1.0,0.5625,-0.005589395389719229
WC2018,David Ospina Ramírez,Colombia,FREE,VERY_LONG_CENTRAL,5,0.6,0.530639805057886,-0.006433423794007328
WC2018,David de Gea Quintana,Spain,FREE,LONG_CENTRAL,2,0.0,0.5555124223602484,-0.004920731978184675
WC2018,David de Gea Quintana,Spain,FREE,LONG_RIGHT,2,1.0,0.5217391304347826,-0.006680214362753808
WC2018,David de Gea Quintana,Spain,FREE,MEDIUM_RIGHT,1,1.0,0.5432098765432098,-0.005557980718769695
WC2018,David de Gea Quintana,Spain,FREE,SHORT_CENTRAL,1,1.0,0.5432098765432098,-0.004512554502368303
WC2018,David de Gea Quintana,Spain,FREE,SHORT_LEFT,1,1.0,0.5217391304347826,-0.005626236702017372
WC2018,David de Gea Quintana,Spain,FREE,SHORT_RIGHT,2,1.0,0.5632716049382716,-0.004817894796915793
WC2018,David de Gea Quintana,Spain,FREE,VERY_LONG_CENTRAL,5,0.6,0.5173913043478261,-0.006123273665125212
WC2018,David de Gea Quintana,Spain,FREE,VERY_LONG_RIGHT,1,0.0,0.4523809523809524,-0.008433451525383474
WC2018,Eiji Kawashima,Japan,FREE,LONG_CENTRAL,2,0.5,0.5173676501360117,-0.006486167640835153
WC2018,Eiji Kawashima,Japan,FREE,LONG_LEFT,1,1.0,0.4915254237288136,-0.006943895012980698
WC2018,Eiji Kawashima,Japan,FREE,LONG_RIGHT,6,0.8333333333333334,0.5480275809842665,-0.0056259877333467954
WC2018,Eiji Kawashima,Japan,FREE,SHORT_LEFT,1,1.0,0.5432098765432098,-0.005557980718769695
WC2018,Eiji Kawashima,Japan,FREE,VERY_LONG_CENTRAL,2,0.5,0.5493827160493827,-0.005091188887411537
WC2018,Eiji Kawashima,Japan,FREE,VERY_LONG_LEFT,2,0.0,0.5652557319223985,-0.005181434154703389
WC2018,Eiji Kawashima,Japan,FREE,VERY_LONG_RIGHT,4,0.5,0.5035889905240187,-0.006789019452384961
WC2018,Essam Kamal Tawfik El Hadary,Egypt,FREE,LONG_LEFT,1,1.0,0.5,-0.008157963157036846
WC2018,Essam Kamal Tawfik El Hadary,Egypt,FREE,LONG_RIGHT,3,0.6666666666666666,0.5,-0.006467154430859344
WC2018,Essam Kamal Tawfik El Hadary,Egypt,FREE,MEDIUM_LEFT,1,1.0,0.5,-0.006172009717878948
WC2018,Essam Kamal Tawfik El Hadary,Egypt,FREE,SHORT_CENTRAL,1,1.0,0.575,-0.006288046447061253
WC2018,Farouk Ben Mustapha,Tunisia,FREE,LONG_CENTRAL,3,0.0,0.5455485395664857,-0.006277023143472939
WC2018,Farouk Ben Mustapha,Tunisia,FREE,LONG_LEFT,2,0.0,0.4915254237288136,-0.006943895012980698
WC2018,Farouk Ben Mustapha,Tunisia,FREE,LONG_RIGHT,5,0.0,0.5814049913750811,-0.005119511867506987
WC2018,Farouk Ben Mustapha,Tunisia,FREE,MEDIUM_LEFT,2,1.0,0.6535947712418301,-0.0035605630159649265
WC2018,Farouk Ben Mustapha,Tunisia,FREE,MEDIUM_RIGHT,1,1.0,0.4915254237288136,-0.007856151851553278
WC2018,Farouk Ben Mustapha,Tunisia,FREE,SHORT_CENTRAL,1,1.0,0.6535947712418301,-0.004034809754654196
WC2018,Farouk Ben Mustapha,Tunisia,FREE,VERY_LONG_CENTRAL,1,0.0,0.6535947712418301,-0.0035605630159649265
WC2018,Farouk Ben Mustapha,Tunisia,FREE,VERY_LONG_LEFT,1,0.0,0.4915254237288136,-0.007856151851553278
WC2018,Francis Odinaka Uzoho,Nigeria,FREE,LONG_CENTRAL,1,1.0,0.5432098765432098,-0.005557980718769695
WC2018,Francis Odinaka Uzoho,Nigeria,FREE,LONG_LEFT,3,0.0,0.5453672691708272,-0.005986407756793204
WC2018,Francis Odinaka Uzoho,Nigeria,FREE,LONG_RIGHT,7,0.5714285714285714,0.5246913580246914,-0.006287680625802277
WC2018,Francis Odinaka Uzoho,Nigeria,FREE,SHORT_RIGHT,1,1.0,0.5,-0.008157963157036846
WC2018,Francis Odinaka Uzoho,Nigeria,FREE,VERY_LONG_CENTRAL,1,1.0,0.575,-0.005101944307409719
WC2018,Francis Odinaka Uzoho,Nigeria,FREE,VERY_LONG_RIGHT,2,1.0,0.5216049382716049,-0.006540085810294204
WC2018,Francisco Guillermo Ochoa Magaña,Mexico,FREE,LONG_LEFT,9,0.5555555555555556,0.5302263208415123,-0.006325169944904332
WC2018,Francisco Guillermo Ochoa Magaña,Mexico,FREE,LONG_RIGHT,8,0.75,0.5317460317460317,-0.0066605266876530395
WC2018,Francisco Guillermo Ochoa Magaña,Mexico,FREE,MEDIUM_CENTRAL,1,1.0,0.5714285714285714,-0.0051950633335721185
WC2018,Francisco Guillermo Ochoa Magaña,Mexico,FREE,MEDIUM_LEFT,2,1.0,0.5714285714285714,-0.005031440709528292
WC2018,Francisco Guillermo Ochoa Magaña,Mexico,FREE,SHORT_CENTRAL,1,1.0,0.4915254237288136,-0.007414354562900612
WC2018,Francisco Guillermo Ochoa Magaña,Mexico,FREE,VERY_LONG_RIGHT,1,0.0,0.5238095238095238,-0.006071358632052583
WC2018,Franco Armani,Argentina,FREE,LONG_CENTRAL,1,0.0,0.5,-0.007057443856820136
WC2018,Franco Armani,Argentina,FREE,LONG_LEFT,1,1.0,0.575,-0.006288046447061253
WC2018,Franco Armani,Argentina,FREE,SHORT_LEFT,2,1.0,0.5432098765432098,-0.005557980718769695
WC2018,Franco Armani,Argentina,FREE,VERY_LONG_CENTRAL,1,1.0,0.5,-0.008157963157036846
WC2018,Franco Armani,Argentina,FREE,VERY_LONG_RIGHT,1,1.0,0.5432098765432098,-0.005557980718769695
WC2018,Hannes Þór Halldórsson,Iceland,FREE,LONG_CENTRAL,1,1.0,0.49545671734900476,-0.0067111271317975806
WC2018,Hannes Þór Halldórsson,Iceland,FREE,LONG_LEFT,8,0.75,0.5563435776201733,-0.004963778652250668
WC2018,Hannes Þór Halldórsson,Iceland,FREE,LONG_RIGHT,4,0.75,0.5432098765432098,-0.00597171475663923
WC2018,Hannes Þór Halldórsson,Iceland,FREE,SHORT_LEFT,1,1.0,0.5432098765432098,-0.005557980718769695
WC2018,Hannes Þór Halldórsson,Iceland,FREE,VERY_LONG_CENTRAL,1,1.0,0.5432098765432098,-0.004512554502368303
WC2018,Hannes Þór Halldórsson,Iceland,FREE,VERY_LONG_RIGHT,2,1.0,0.5432098765432098,-0.006908161902709461
WC2018,Hugo Lloris,France,FREE,LONG_CENTRAL,5,1.0,0.5418243952377648,-0.006698766419722621
WC2018,Hugo Lloris,France,FREE,LONG_LEFT,3,0.3333333333333333,0.5553761994439961,-0.005728797890275625
WC2018,Hugo Lloris,France,FREE,LONG_RIGHT,9,0.5555555555555556,0.5108812568009052,-0.0071469677408583475
WC2018,Hugo Lloris,France,FREE,MEDIUM_LEFT,1,1.0,0.5873015873015873,-0.004422126854561429
WC2018,Hugo Lloris,France,FREE,SHORT_LEFT,1,1.0,0.5432098765432098,-0.004512554502368303
WC2018,Hugo Lloris,France,FREE,SHORT_RIGHT,3,1.0,0.5768371546149323,-0.004739986079128739
WC2018,Hugo Lloris,France,FREE,VERY_LONG_CENTRAL,4,0.5,0.5446988820771728,-0.006623008897820656
WC2018,Hugo Lloris,France,FREE,VERY_LONG_LEFT,3,0.0,0.5125376211107152,-0.0068693375797490505
WC2018,Hugo Lloris,France,FREE,VERY_LONG_RIGHT,3,0.6666666666666666,0.5436507936507936,-0.00683355303039111
WC2018,Hyeon-Woo Jo,South Korea,FREE,LONG_CENTRAL,1,0.0,0.5217391304347826,-0.005626236702017372
WC2018,Hyeon-Woo Jo,South Korea,FREE,LONG_LEFT,1,1.0,0.49691810889309246,-0.006248010974348052
WC2018,Hyeon-Woo Jo,South Korea,FREE,LONG_RIGHT,4,0.5,0.5163043478260869,-0.0057623796885629235
WC2018,Hyeon-Woo Jo,South Korea,FREE,MEDIUM_LEFT,1,0.0,0.5873015873015873,-0.004379543723607089
WC2018,Hyeon-Woo Jo,South Korea,FREE,SHORT_CENTRAL,1,1.0,0.6466666666666666,-0.0028488908243392364
WC2018,Hyeon-Woo Jo,South Korea,FREE,VERY_LONG_LEFT,3,0.3333333333333333,0.5317460317460317,-0.006037857402788134
WC2018,Hyeon-Woo Jo,South Korea,FREE,VERY_LONG_RIGHT,3,0.3333333333333333,0.5422705314009661,-0.005111918752845286
WC2018,Igor Akinfeev,Russia,FREE,VERY_LONG_CENTRAL,21,0.2857142857142857,0.5443690178243076,-0.005628123933472807
WC2018,Igor Akinfeev,Russia,FREE,VERY_LONG_LEFT,5,0.4,0.5053511705685618,-0.006889553089388647
WC2018,Igor Akinfeev,Russia,FREE,VERY_LONG_RIGHT,4,0.25,0.5571271640015858,-0.005800655478656699
WC2018,Jaime Manuel Penedo Cano,Panama,FREE,LONG_CENTRAL,9,0.2222222222222222,0.5780297824820786,-0.005116405408774296
WC2018,Jaime Manuel Penedo Cano,Panama,FREE,LONG_LEFT,4,0.25,0.7145390070921986,-0.0018129858611317987
WC2018,Jaime Manuel Penedo Cano,Panama,FREE,LONG_RIGHT,4,0.0,0.5556390687634906,-0.006208975863414043
WC2018,Jaime Manuel Penedo Cano,Panama,FREE,VERY_LONG_CENTRAL,1,1.0,0.5957446808510638,-0.004133173118919123
WC2018,Jaime Manuel Penedo Cano,Panama,FREE,VERY_LONG_LEFT,2,0.0,0.552536231884058,-0.005477083062423744
WC2018,Jaime Manuel Penedo Cano,Panama,FREE,VERY_LONG_RIGHT,1,0.0,0.5892857142857143,-0.005418346423002135
WC2018,Jordan Pickford,England,FREE,LONG_LEFT,1,0.0,0.575,-0.005682456758414531
WC2018,Jordan Pickford,England,FREE,LONG_RIGHT,1,1.0,0.5873015873015873,-0.0048048875906370825
WC2018,Jordan Pickford,England,FREE,MEDIUM_CENTRAL,1,1.0,0.5873015873015873,-0.004886019553963131
WC2018,Jordan Pickford,England,FREE,MEDIUM_LEFT,2,1.0,0.531547619047619,-0.006502760601553134
WC2018,Jordan Pickford,England,FREE,MEDIUM_RIGHT,1,1.0,0.6535947712418301,-0.003668767183378693
WC2018,Jordan Pickford,England,FREE,SHORT_CENTRAL,1,1.0,0.5892857142857143,-0.004817180305235441
WC2018,Jordan Pickford,England,FREE,SHORT_LEFT,2,1.0,0.6233333333333333,-0.004174557099713889
WC2018,Jordan Pickford,England,FREE,SHORT_RIGHT,4,1.0,0.5778373015873016,-0.0052566880329944655
WC2018,Jordan Pickford,England,FREE,VERY_LONG_CENTRAL,11,0.6363636363636364,0.5787381084855586,-0.005660833041828162
WC2018,Jordan Pickford,England,FREE,VERY_LONG_RIGHT,4,1.0,0.5511793785310735,-0.006592693480695861
WC2018,Kasper Schmeichel,Denmark,FREE,LONG_LEFT,1,1.0,0.4880952380952381,-0.007814814181370318
WC2018,Kasper Schmeichel,Denmark,FREE,LONG_RIGHT,3,0.3333333333333333,0.4880952380952381,-0.0076890402923429635
WC2018,Kasper Schmeichel,Denmark,FREE,SHORT_CENTRAL,2,1.0,0.56875,-0.006095123855137528
WC2018,Kasper Schmeichel,Denmark,FREE,SHORT_LEFT,1,1.0,0.4915254237288136,-0.006943895012980698
WC2018,Kasper Schmeichel,Denmark,FREE,SHORT_RIGHT,2,1.0,0.544047619047619,-0.00641664652917852
WC2018,Kasper Schmeichel,Denmark,FREE,VERY_LONG_CENTRAL,4,0.25,0.4978813559322034,-0.007082827936179157
WC2018,Kasper Schmeichel,Denmark,FREE,VERY_LONG_LEFT,1,1.0,0.575,-0.005101944307409719
WC2018,Kasper Schmeichel,Denmark,FREE,VERY_LONG_RIGHT,14,0.5,0.5217813500660449,-0.006916310067454842
WC2018,Keylor Navas Gamboa,Costa Rica,FREE,LONG_CENTRAL,1,0.0,0.5957446808510638,-0.005047629533824724
WC2018,Keylor Navas Gamboa,Costa Rica,FREE,MEDIUM_CENTRAL,1,1.0,0.597918151948363,-0.004709664266365828
WC2018,Keylor Navas Gamboa,Costa Rica,FREE,VERY_LONG_CENTRAL,2,0.0,0.544047619047619,-0.00637652926691662
WC2018,Keylor Navas Gamboa,Costa Rica,FREE,VERY_LONG_LEFT,2,1.0,0.56875,-0.005502072785311761
WC2018,Keylor Navas Gamboa,Costa Rica,FREE,VERY_LONG_RIGHT,2,1.0,0.5478723404255319,-0.005910546861397879
WC2018,Khadim N'Diaye,Senegal,FREE,LONG_LEFT,1,1.0,0.5432098765432098,-0.005557980718769695
WC2018,Khadim N'Diaye,Senegal,FREE,LONG_RIGHT,1,0.0,0.5432098765432098,-0.006908161902709461
WC2018,Khadim N'Diaye,Senegal,FREE,SHORT_RIGHT,1,1.0,0.5625,-0.005902201263213803
WC2018,Khadim N'Diaye,Senegal,FREE,VERY_LONG_CENTRAL,4,0.5,0.5432098765432098,-0.00657061660672452
WC2018,Khadim N'Diaye,Senegal,FREE,VERY_LONG_LEFT,9,0.3333333333333333,0.539229374877523,-0.0061604672271640196
WC2018,Khadim N'Diaye,Senegal,FREE,VERY_LONG_RIGHT,4,0.75,0.5335097001763669,-0.005976250032761216
WC2018,Lovre Kalinić,Croatia,FREE,LONG_CENTRAL,1,0.0,0.5625,-0.005902201263213803
WC2018,Lovre Kalinić,Croatia,FREE,SHORT_LEFT,1,1.0,0.4880952380952381,-0.007814814181370318
WC2018,Lovre Kalinić,Croatia,FREE,VERY_LONG_CENTRAL,1,0.0,0.6,-0.004941825638253236
WC2018,Lovre Kalinić,Croatia,FREE,VERY_LONG_LEFT,3,0.0,0.5076259489302967,-0.007454863137873912
WC2018,Manuel Neuer,Germany,FREE,SHORT_LEFT,3,1.0,0.5608178053830227,-0.005269817188520955
WC2018,Manuel Neuer,Germany,FREE,SHORT_RIGHT,1,1.0,0.6466666666666666,-0.0034072885611745414
WC2018,Mathew Ryan,Australia,FREE,LONG_LEFT,1,1.0,0.5432098765432098,-0.005557980718769695
WC2018,Mathew Ryan,Australia,FREE,LONG_RIGHT,4,0.5,0.5173676501360117,-0.007161258232805037
WC2018,Mathew Ryan,Australia,FREE,MEDIUM_LEFT,3,1.0,0.5259817256050777,-0.006278356989326126
WC2018,Mathew Ryan,Australia,FREE,MEDIUM_RIGHT,1,1.0,0.6,-0.002505867234969126
WC2018,Mathew Ryan,Australia,FREE,SHORT_LEFT,5,1.0,0.5772134038800705,-0.004993167944731755
WC2018,Mathew Ryan,Australia,FREE,SHORT_RIGHT,2,1.0,0.6246697260464469,-0.0045412196442394595
WC2018,Mathew Ryan,Australia,FREE,VERY_LONG_RIGHT,1,1.0,0.4915254237288136,-0.007414354562900612
WC2018,Mohamed El Sayed Mohamed El Shenawy Gomaa,Egypt,FREE,LONG_RIGHT,2,1.0,0.5790481755246797,-0.005008238199666039
WC2018,Mohamed El Sayed Mohamed El Shenawy Gomaa,Egypt,FREE,VERY_LONG_CENTRAL,2,0.0,0.5357142857142857,-0.006126253595196127
WC2018,Mohamed El Sayed Mohamed El Shenawy Gomaa,Egypt,FREE,VERY_LONG_LEFT,1,0.0,0.575,-0.005101944307409719
WC2018,Mohamed El Sayed Mohamed El Shenawy Gomaa,Egypt,FREE,VERY_LONG_RIGHT,1,0.0,0.5555555555555556,-0.005608925672071677
WC2018,Mohammed Khalil Al Owais,Saudi Arabia,FREE,LONG_CENTRAL,1,0.0,0.6466666666666666,-0.0034072885611745414
WC2018,Mohammed Khalil Al Owais,Saudi Arabia,FREE,LONG_RIGHT,1,1.0,0.6466666666666666,-0.0034072885611745414
WC2018,Mohammed Khalil Al Owais,Saudi Arabia,FREE,SHORT_LEFT,2,1.0,0.6179761904761905,-0.0032629511038353856
WC2018,Mohammed Khalil Al Owais,Saudi Arabia,FREE,VERY_LONG_CENTRAL,1,1.0,0.5892857142857143,-0.004215227254351979
WC2018,Mohammed Khalil Al Owais,Saudi Arabia,FREE,VERY_LONG_RIGHT,1,0.0,0.6466666666666666,-0.004333063378104433
WC2018,Mouez Hassen,Tunisia,FREE,VERY_LONG_RIGHT,1,1.0,0.5873015873015873,-0.0048048875906370825
WC2018,Munir Mohand Mohamedi,Morocco,FREE,LONG_RIGHT,6,0.3333333333333333,0.5184726666597846,-0.0060266130364494035
WC2018,Munir Mohand Mohamedi,Morocco,FREE,SHORT_CENTRAL,1,1.0,0.4915254237288136,-0.006943895012980698
WC2018,Munir Mohand Mohamedi,Morocco,FREE,VERY_LONG_CENTRAL,3,0.3333333333333333,0.5830053534776445,-0.003983442819838232
WC2018,Munir Mohand Mohamedi,Morocco,FREE,VERY_LONG_RIGHT,1,0.0,0.5873015873015873,-0.004422126854561429
WC2018,Néstor Fernando Muslera Micol,Uruguay,FREE,LONG_LEFT,2,0.5,0.43478260869565216,-0.008973468597918784
WC2018,Néstor Fernando Muslera Micol,Uruguay,FREE,MEDIUM_RIGHT,1,1.0,0.5892857142857143,-0.0041234873787336715
WC2018,Néstor Fernando Muslera Micol,Uruguay,FREE,SHORT_CENTRAL,1,1.0,0.48244578059060667,-0.007673472304701917
WC2018,Néstor Fernando Muslera Micol,Uruguay,FREE,SHORT_LEFT,1,1.0,0.43478260869565216,-0.00918524291577116
WC2018,Néstor Fernando Muslera Micol,Uruguay,FREE,SHORT_RIGHT,1,1.0,0.5957446808510638,-0.004763649865975622
WC2018,Néstor Fernando Muslera Micol,Uruguay,FREE,VERY_LONG_CENTRAL,3,0.0,0.5257936507936508,-0.006268810635809131
WC2018,Néstor Fernando Muslera Micol,Uruguay,FREE,VERY_LONG_LEFT,7,0.42857142857142855,0.4678333868237397,-0.008123991685578836
WC2018,Néstor Fernando Muslera Micol,Uruguay,FREE,VERY_LONG_RIGHT,7,0.5714285714285714,0.5150842945874002,-0.00691127126574094
WC2018,Pedro David Gallese Quiróz,Peru,FREE,LONG_CENTRAL,7,0.42857142857142855,0.5465986394557824,-0.006203692500186561
WC2018,Pedro David Gallese Quiróz,Peru,FREE,LONG_LEFT,2,0.5,0.541919959473151,-0.006640212414362705
WC2018,Pedro David Gallese Quiróz,Peru,FREE,MEDIUM_RIGHT,3,1.0,0.6128296759084907,-0.004517931562038768
WC2018,Pedro David Gallese Quiróz,Peru,FREE,VERY_LONG_CENTRAL,1,1.0,0.5964912280701755,-0.006054813444448978
WC2018,Pedro David Gallese Quiróz,Peru,FREE,VERY_LONG_LEFT,1,0.0,0.5714285714285714,-0.0051950633335721185
WC2018,Pedro David Gallese Quiróz,Peru,FREE,VERY_LONG_RIGHT,1,0.0,0.5873015873015873,-0.005725113193689308
WC2018,Robin Olsen,Sweden,FREE,LONG_LEFT,2,0.5,0.5217391304347826,-0.0061532255323855905
WC2018,Robin Olsen,Sweden,FREE,LONG_RIGHT,3,0.6666666666666666,0.5026455026455027,-0.007171407537656666
WC2018,Robin Olsen,Sweden,FREE,MEDIUM_LEFT,2,1.0,0.5217391304347826,-0.006255572698069005
WC2018,Robin Olsen,Sweden,FREE,MEDIUM_RIGHT,1,1.0,0.5217391304347826,-0.006680214362753808
WC2018,Robin Olsen,Sweden,FREE,SHORT_CENTRAL,1,1.0,0.5217391304347826,-0.006680214362753808
WC2018,Robin Olsen,Sweden,FREE,VERY_LONG_CENTRAL,4,0.5,0.4972298534798535,-0.006717249529129124
WC2018,Robin Olsen,Sweden,FREE,VERY_LONG_LEFT,2,0.5,0.5416666666666667,-0.006640599124250066
WC2018,Robin Olsen,Sweden,FREE,VERY_LONG_RIGHT,10,0.5,0.534047619047619,-0.006234240388379323
WC2018,Rui Pedro dos Santos Patrício,Portugal,FREE,LONG_CENTRAL,4,0.25,0.6266502280983357,-0.0038024641435405572
WC2018,Rui Pedro dos Santos Patrício,Portugal,FREE,LONG_LEFT,5,0.6,0.6220595308495959,-0.004388781084197888
WC2018,Rui Pedro dos Santos Patrício,Portugal,FREE,SHORT_CENTRAL,3,1.0,0.6084126984126984,-0.0037597817776810643
WC2018,Rui Pedro dos Santos Patrício,Portugal,FREE,SHORT_LEFT,2,1.0,0.635324265720481,-0.003492693853876123
WC2018,Rui Pedro dos Santos Patrício,Portugal,FREE,VERY_LONG_CENTRAL,2,0.0,0.566247795414462,-0.005086322408306536
WC2018,Steve Mandanda,France,FREE,MEDIUM_RIGHT,1,1.0,0.575,-0.006288046447061253
WC2018,Thibaut Courtois,Belgium,FREE,LONG_LEFT,1,0.0,0.4915254237288136,-0.007414747625176049
WC2018,Thibaut Courtois,Belgium,FREE,LONG_RIGHT,4,0.25,0.5863095238095238,-0.0047480648491284696
WC2018,Thibaut Courtois,Belgium,FREE,MEDIUM_LEFT,1,1.0,0.4915254237288136,-0.007414747625176049
WC2018,Thibaut Courtois,Belgium,FREE,SHORT_CENTRAL,3,1.0,0.5231815044858523,-0.006751683972523576
WC2018,Thibaut Courtois,Belgium,FREE,SHORT_LEFT,6,1.0,0.5146077754773407,-0.006826321500374741
WC2018,Thibaut Courtois,Belgium,FREE,SHORT_RIGHT,8,1.0,0.5309618497034776,-0.006928489405293184
WC2018,Thibaut Courtois,Belgium,FREE,VERY_LONG_CENTRAL,5,0.2,0.580126984126984,-0.0051774116600737715
WC2018,Thibaut Courtois,Belgium,FREE,VERY_LONG_LEFT,3,0.6666666666666666,0.5254144897757714,-0.0070241303302834126
WC2018,Thibaut Courtois,Belgium,FREE,VERY_LONG_RIGHT,6,0.6666666666666666,0.5682905549926827,-0.005512466196955878
WC2018,Vladimir Stojković,Serbia,FREE,LONG_CENTRAL,4,0.75,0.5324074074074074,-0.005932846503282305
WC2018,Vladimir Stojković,Serbia,FREE,LONG_LEFT,2,0.5,0.5716049382716049,-0.004585254470652372
WC2018,Vladimir Stojković,Serbia,FREE,LONG_RIGHT,3,0.3333333333333333,0.5538065843621399,-0.004709017770715442
WC2018,Vladimir Stojković,Serbia,FREE,VERY_LONG_CENTRAL,4,0.5,0.5354938271604939,-0.005945582741607801
WC2018,Vladimir Stojković,Serbia,FREE,VERY_LONG_LEFT,2,0.5,0.5432098765432098,-0.005557980718769695
WC2018,Vladimir Stojković,Serbia,FREE,VERY_LONG_RIGHT,2,0.5,0.56875,-0.005502072785311761
WC2018,Wilfredo Daniel Caballero,Argentina,FREE,SHORT_LEFT,1,1.0,0.5470843553783168,-0.005455453105652014
WC2018,Wilfredo Daniel Caballero,Argentina,FREE,VERY_LONG_LEFT,1,0.0,0.5,-0.007057443856820136
WC2018,Wojciech Szczęsny,Poland,FREE,LONG_RIGHT,2,1.0,0.5652557319223985,-0.005181434154703389
WC2018,Wojciech Szczęsny,Poland,FREE,MEDIUM_LEFT,1,1.0,0.5432098765432098,-0.004512554502368303
WC2018,Wojciech Szczęsny,Poland,FREE,MEDIUM_RIGHT,1,1.0,0.6741573033707864,-0.0021634931203785065
WC2018,Wojciech Szczęsny,Poland,FREE,SHORT_CENTRAL,1,1.0,0.5873015873015873,-0.0048048875906370825
WC2018,Yann Sommer,Switzerland,FREE,LONG_CENTRAL,1,0.0,0.5432098765432098,-0.004512554502368303
WC2018,Yann Sommer,Switzerland,FREE,LONG_LEFT,6,0.5,0.5197534059249035,-0.006300226853739296
WC2018,Yann Sommer,Switzerland,FREE,LONG_RIGHT,3,0.6666666666666666,0.5432098765432098,-0.004512554502368303
WC2018,Yann Sommer,Switzerland,FREE,MEDIUM_CENTRAL,1,1.0,0.5217391304347826,-0.005626236702017372
WC2018,Yann Sommer,Switzerland,FREE,MEDIUM_LEFT,1,1.0,0.5625,-0.004987744848308203
WC2018,Yann Sommer,Switzerland,FREE,MEDIUM_RIGHT,1,1.0,0.6466666666666666,-0.0028488908243392364
WC2018,Yann Sommer,Switzerland,FREE,SHORT_CENTRAL,1,1.0,0.676923076923077,-0.0008557486230527786
WC2018,Yann Sommer,Switzerland,FREE,SHORT_LEFT,8,1.0,0.5429567111988867,-0.005644433024613022
WC2018,Yann Sommer,Switzerland,FREE,SHORT_RIGHT,6,1.0,0.560089237788513,-0.004713708534359904
WC2018,Yann Sommer,Switzerland,FREE,VERY_LONG_LEFT,7,0.14285714285714285,0.5916434121999361,-0.004273049344670224
WC2018,Yasser Abdullah Al Mosailem,Saudi Arabia,FREE,LONG_LEFT,1,0.0,0.575,-0.006288046447061253
WC2018,Yasser Abdullah Al Mosailem,Saudi Arabia,FREE,MEDIUM_RIGHT,1,1.0,0.5,-0.007057443856820136
WC2018,Yasser Abdullah Al Mosailem,Saudi Arabia,FREE,SHORT_LEFT,1,1.0,0.575,-0.005101944307409719
WC2018,Yasser Abdullah Al Mosailem,Saudi Arabia,FREE,VERY_LONG_LEFT,1,1.0,0.5,-0.007057443856820136
WC2018,Łukasz Fabiański,Poland,FREE,LONG_LEFT,1,0.0,0.5026772460169529,-0.007110517878950117
WC2018,Łukasz Fabiański,Poland,FREE,SHORT_CENTRAL,1,1.0,0.5873015873015873,-0.0048048875906370825
WC2018,Łukasz Fabiański,Poland,FREE,VERY_LONG_RIGHT,2,0.0,0.4915254237288136,-0.0076352532072269455
WC2022,Alireza Safar Beiranvand,Iran,FREE,LONG_CENTRAL,1,1.0,0.7922705314009661,-0.0052874829589820834
WC2022,Alireza Safar Beiranvand,Iran,FREE,LONG_LEFT,1,1.0,0.6597222222222221,-0.011560936333574386
WC2022,Alireza Safar Beiranvand,Iran,FREE,SHORT_CENTRAL,1,1.0,0.7922705314009661,-0.008400647437222157
WC2022,Alireza Safar Beiranvand,Iran,FREE,SHORT_RIGHT,1,1.0,0.7922705314009661,-0.004510535000964572
WC2022,Alireza Safar Beiranvand,Iran,FREE,VERY_LONG_LEFT,3,1.0,0.7395531400966183,-0.008631398334253427
WC2022,Alisson Ramsés Becker,Brazil,FREE,LONG_LEFT,2,0.5,0.7560137457044673,-0.0082045924057614
WC2022,Alisson Ramsés Becker,Brazil,FREE,MEDIUM_LEFT,1,1.0,0.7763157894736842,-0.006488592029028911
WC2022,Alisson Ramsés Becker,Brazil,FREE,SHORT_CENTRAL,12,1.0,0.713142360027165,-0.00948395869002974
WC2022,Alisson Ramsés Becker,Brazil,FREE,SHORT_RIGHT,2,1.0,0.6753041701495309,-0.01046211240899002
WC2022,Alisson Ramsés Becker,Brazil,FREE,VERY_LONG_CENTRAL,2,0.5,0.6472972972972972,-0.011485924421204333
WC2022,Andries Noppert,Netherlands,FREE,LONG_CENTRAL,1,1.0,0.7922705314009661,-0.008129516030289961
WC2022,Andries Noppert,Netherlands,FREE,LONG_RIGHT,3,0.3333333333333333,0.6910904054905345,-0.007477754557806415
WC2022,Andries Noppert,Netherlands,FREE,MEDIUM_LEFT,3,1.0,0.7571658615136876,-0.006676153508268361
WC2022,Andries Noppert,Netherlands,FREE,MEDIUM_RIGHT,3,1.0,0.7586344646817941,-0.007330970060521778
WC2022,Andries Noppert,Netherlands,FREE,SHORT_CENTRAL,6,1.0,0.7491747525006494,-0.006716826757885396
WC2022,Andries Noppert,Netherlands,FREE,SHORT_LEFT,7,1.0,0.7388365452969899,-0.006217005551797802
WC2022,Andries Noppert,Netherlands,FREE,SHORT_RIGHT,9,1.0,0.7187971665731769,-0.007319345313868197
WC2022,Andries Noppert,Netherlands,FREE,VERY_LONG_CENTRAL,1,0.0,0.7435897435897436,-0.00672666560041007
WC2022,André Onana,Cameroon,FREE,MEDIUM_RIGHT,1,1.0,0.7763157894736842,-0.003994155043632128
WC2022,André Onana,Cameroon,FREE,SHORT_CENTRAL,2,1.0,0.7672955974842768,-0.00423098498017601
WC2022,André Onana,Cameroon,FREE,SHORT_LEFT,3,1.0,0.7703023281474125,-0.004986185308362231
WC2022,André Onana,Cameroon,FREE,SHORT_RIGHT,1,1.0,0.7763157894736842,-0.003994155043632128
WC2022,Aymen Dahmen,Tunisia,FREE,LONG_CENTRAL,1,0.0,0.7672955974842768,-0.00423098498017601
WC2022,Aymen Dahmen,Tunisia,FREE,LONG_LEFT,1,0.0,0.7763157894736842,-0.003994155043632128
WC2022,Aymen Dahmen,Tunisia,FREE,LONG_RIGHT,2,0.0,0.7741228070175439,-0.005893469132922296
WC2022,Aymen Dahmen,Tunisia,FREE,MEDIUM_LEFT,1,1.0,0.7672955974842768,-0.00423098498017601
WC2022,Aymen Dahmen,Tunisia,FREE,MEDIUM_RIGHT,1,1.0,0.7672955974842768,-0.0067334159012785565
WC2022,Aymen Dahmen,Tunisia,FREE,SHORT_CENTRAL,3,1.0,0.7694264013472178,-0.00793579378484774
WC2022,Aymen Dahmen,Tunisia,FREE,SHORT_RIGHT,1,1.0,0.6869565217391305,-0.008913959690144897
WC2022,Aymen Dahmen,Tunisia,FREE,VERY_LONG_CENTRAL,1,0.0,0.7288135593220338,-0.009650389254988411
WC2022,Aymen Dahmen,Tunisia,FREE,VERY_LONG_LEFT,2,1.0,0.6910973084886128,-0.008136222807762807
WC2022,Aymen Dahmen,Tunisia,FREE,VERY_LONG_RIGHT,1,1.0,0.7763157894736842,-0.006488592029028911
WC2022,Damián Emiliano Martínez,Argentina,FREE,LONG_LEFT,3,1.0,0.740306261963358,-0.006527474606001696
WC2022,Damián Emiliano Martínez,Argentina,FREE,LONG_RIGHT,1,0.0,0.6869565217391305,-0.008913959690144897
WC2022,Damián Emiliano Martínez,Argentina,FREE,MEDIUM_CENTRAL,1,1.0,0.7272727272727273,-0.009950360443343935
WC2022,Damián Emiliano Martínez,Argentina,FREE,MEDIUM_RIGHT,2,1.0,0.7922705314009661,-0.00684406519810212
WC2022,Damián Emiliano Martínez,Argentina,FREE,SHORT_CENTRAL,6,1.0,0.787931936909939,-0.007114468401934783
WC2022,Damián Emiliano Martínez,Argentina,FREE,SHORT_LEFT,2,1.0,0.7813811673398273,-0.007981206582552757
WC2022,Damián Emiliano Martínez,Argentina,FREE,SHORT_RIGHT,5,1.0,0.7687959028004794,-0.008793269598364392
WC2022,Damián Emiliano Martínez,Argentina,FREE,VERY_LONG_CENTRAL,3,0.3333333333333333,0.7344445363933944,-0.007283082308375402
WC2022,Damián Emiliano Martínez,Argentina,FREE,VERY_LONG_LEFT,6,0.6666666666666666,0.7087157809983897,-0.008784903525846734
WC2022,Damián Emiliano Martínez,Argentina,FREE,VERY_LONG_RIGHT,1,1.0,0.7763157894736842,-0.006488592029028911
WC2022,Daniel Ward,Wales,FREE,LONG_LEFT,1,1.0,0.7560137457044673,-0.009419461538087313
WC2022,Daniel Ward,Wales,FREE,LONG_RIGHT,2,1.0,0.7560137457044673,-0.008812026971924358
WC2022,Daniel Ward,Wales,FREE,VERY_LONG_LEFT,4,1.0,0.6928216876670485,-0.009306864681120894
WC2022,Daniel Ward,Wales,FREE,VERY_LONG_RIGHT,1,0.0,0.7560137457044673,-0.009419461538087313
WC2022,Devis Rogers Epassy Mboka,Cameroon,FREE,LONG_CENTRAL,3,1.0,0.7480877616747182,-0.007438456463674327
WC2022,Devis Rogers Epassy Mboka,Cameroon,FREE,LONG_LEFT,9,0.5555555555555556,0.6851488702956653,-0.0105108996488054
WC2022,Devis Rogers Epassy Mboka,Cameroon,FREE,MEDIUM_RIGHT,1,1.0,0.5945945945945945,-0.012307150267594803
WC2022,Devis Rogers Epassy Mboka,Cameroon,FREE,SHORT_LEFT,3,1.0,0.7022073620011765,-0.010322563251789468
WC2022,Devis Rogers Epassy Mboka,Cameroon,FREE,SHORT_RIGHT,2,1.0,0.7741421385527167,-0.006746037682371742
WC2022,Devis Rogers Epassy Mboka,Cameroon,FREE,VERY_LONG_CENTRAL,1,0.0,0.7922705314009661,-0.0052874829589820834
WC2022,Devis Rogers Epassy Mboka,Cameroon,FREE,VERY_LONG_LEFT,5,0.4,0.6924646632288944,-0.008610740724395152
WC2022,Diogo Meireles Costa,Portugal,FREE,LONG_CENTRAL,1,1.0,0.6952380952380952,-0.009932115486924771
WC2022,Diogo Meireles Costa,Portugal,FREE,LONG_LEFT,2,1.0,0.6952380952380952,-0.010237617535458345
WC2022,Diogo Meireles Costa,Portugal,FREE,LONG_RIGHT,1,0.0,0.7704918032786885,-0.007832897134815555
WC2022,Diogo Meireles Costa,Portugal,FREE,MEDIUM_LEFT,2,1.0,0.6934974747474747,-0.007776220191319669
WC2022,Diogo Meireles Costa,Portugal,FREE,MEDIUM_RIGHT,1,1.0,0.7922705314009661,-0.0052874829589820834
WC2022,Diogo Meireles Costa,Portugal,FREE,SHORT_CENTRAL,10,1.0,0.7664169776248289,-0.007518518326899008
WC2022,Diogo Meireles Costa,Portugal,FREE,SHORT_LEFT,2,1.0,0.7719298245614035,-0.008148381985096794
WC2022,Diogo Meireles Costa,Portugal,FREE,SHORT_RIGHT,6,1.0,0.7530912938235592,-0.007692451082441295
WC2022,Diogo Meireles Costa,Portugal,FREE,VERY_LONG_LEFT,3,0.6666666666666666,0.7056878306878307,-0.008776787331959095
WC2022,Dominik Livaković,Croatia,FREE,LONG_CENTRAL,3,1.0,0.7210361134330207,-0.008197449191699473
WC2022,Dominik Livaković,Croatia,FREE,LONG_LEFT,4,1.0,0.6377698453170151,-0.01106547310368377
WC2022,Dominik Livaković,Croatia,FREE,LONG_RIGHT,3,0.6666666666666666,0.7635349802243403,-0.0063896644290719895
WC2022,Dominik Livaković,Croatia,FREE,MEDIUM_LEFT,3,1.0,0.7627810936275395,-0.008037548657625874
WC2022,Dominik Livaković,Croatia,FREE,MEDIUM_RIGHT,1,1.0,0.7976190476190477,-0.006340411821044117
WC2022,Dominik Livaković,Croatia,FREE,SHORT_CENTRAL,16,1.0,0.7371139738084431,-0.008625873358977939
WC2022,Dominik Livaković,Croatia,FREE,SHORT_LEFT,8,1.0,0.7174986006793787,-0.008212292092655518
WC2022,Dominik Livaković,Croatia,FREE,SHORT_RIGHT,2,1.0,0.7768163966617575,-0.007220671278417206
WC2022,Dominik Livaković,Croatia,FREE,VERY_LONG_CENTRAL,1,0.0,0.7672955974842768,-0.0067334159012785565
WC2022,Dominik Livaković,Croatia,FREE,VERY_LONG_LEFT,4,1.0,0.6458656960247628,-0.0100251148732175
WC2022,Dominik Livaković,Croatia,FREE,VERY_LONG_RIGHT,1,0.0,0.7560137457044673,-0.0082045924057614
WC2022,Ederson Santana de Moraes,Brazil,FREE,SHORT_CENTRAL,1,1.0,0.7922705314009661,-0.008129516030289961
WC2022,Ederson Santana de Moraes,Brazil,FREE,SHORT_LEFT,1,1.0,0.7922705314009661,-0.0052874829589820834
WC2022,Ederson Santana de Moraes,Brazil,FREE,SHORT_RIGHT,2,1.0,0.7259963768115941,-0.006568886997891655
WC2022,Ederson Santana de Moraes,Brazil,FREE,VERY_LONG_CENTRAL,1,1.0,0.7922705314009661,-0.008129516030289961
WC2022,Edouard Mendy,Senegal,FREE,LONG_CENTRAL,1,0.0,0.7672955974842768,-0.0067334159012785565
WC2022,Edouard Mendy,Senegal,FREE,LONG_LEFT,1,0.0,0.7976190476190477,-0.006340411821044117
WC2022,Edouard Mendy,Senegal,FREE,MEDIUM_LEFT,2,1.0,0.7919745098146336,-0.007179010785302678
WC2022,Edouard Mendy,Senegal,FREE,MEDIUM_RIGHT,3,1.0,0.6647173489278753,-0.009448323353551473
WC2022,Edouard Mendy,Senegal,FREE,SHORT_CENTRAL,8,1.0,0.7784486076413999,-0.0062123119465129165
WC2022,Edouard Mendy,Senegal,FREE,SHORT_LEFT,3,1.0,0.7193062346211613,-0.007580494860898007
WC2022,Edouard Mendy,Senegal,FREE,SHORT_RIGHT,3,1.0,0.7899822018815154,-0.007139652733391164
WC2022,Edouard Mendy,Senegal,FREE,VERY_LONG_CENTRAL,4,0.5,0.7002904301817345,-0.007924796268861554
WC2022,Francisco Guillermo Ochoa Magaña,Mexico,FREE,LONG_RIGHT,2,1.0,0.7477401129943503,-0.007464065967722586
WC2022,Francisco Guillermo Ochoa Magaña,Mexico,FREE,MEDIUM_CENTRAL,1,1.0,0.7288135593220338,-0.008995520703481431
WC2022,Francisco Guillermo Ochoa Magaña,Mexico,FREE,MEDIUM_LEFT,4,1.0,0.7106969751919158,-0.008571267904610548
WC2022,Francisco Guillermo Ochoa Magaña,Mexico,FREE,SHORT_CENTRAL,7,1.0,0.7600208337616443,-0.007085956818442594
WC2022,Francisco Guillermo Ochoa Magaña,Mexico,FREE,SHORT_LEFT,4,1.0,0.7043735025456723,-0.008958972491753496
WC2022,Francisco Guillermo Ochoa Magaña,Mexico,FREE,SHORT_RIGHT,3,1.0,0.7503856259005,-0.00707242597110731
WC2022,Francisco Guillermo Ochoa Magaña,Mexico,FREE,VERY_LONG_RIGHT,4,0.5,0.7463315217391304,-0.007223277223992094
WC2022,Gregor Kobel,Switzerland,FREE,SHORT_CENTRAL,4,1.0,0.7672955974842768,-0.0061078081710029195
WC2022,Hernán Ismael Galíndez,Ecuador,FREE,LONG_RIGHT,2,0.5,0.5945945945945945,-0.012307150267594803
WC2022,Hernán Ismael Galíndez,Ecuador,FREE,MEDIUM_RIGHT,1,1.0,0.7763157894736842,-0.006488592029028911
WC2022,Hernán Ismael Galíndez,Ecuador,FREE,SHORT_CENTRAL,2,1.0,0.7135089098532494,-0.009147176117426471
WC2022,Hernán Ismael Galíndez,Ecuador,FREE,SHORT_LEFT,2,1.0,0.7672955974842768,-0.00423098498017601
WC2022,Hernán Ismael Galíndez,Ecuador,FREE,SHORT_RIGHT,2,1.0,0.7797830644426215,-0.0060104494301303196
WC2022,Hernán Ismael Galíndez,Ecuador,FREE,VERY_LONG_RIGHT,9,0.3333333333333333,0.6906028817845377,-0.009190938067403724
WC2022,Hugo Lloris,France,FREE,LONG_CENTRAL,2,0.5,0.7336477987421384,-0.007454829037392261
WC2022,Hugo Lloris,France,FREE,LONG_LEFT,7,0.8571428571428571,0.6456552884772737,-0.009785006044748159
WC2022,Hugo Lloris,France,FREE,LONG_RIGHT,12,0.5,0.7272284517025813,-0.008136719834828847
WC2022,Hugo Lloris,France,FREE,MEDIUM_LEFT,3,1.0,0.7680993409366336,-0.008584523324712892
WC2022,Hugo Lloris,France,FREE,MEDIUM_RIGHT,3,1.0,0.7905179615705932,-0.0054832256959657134
WC2022,Hugo Lloris,France,FREE,SHORT_CENTRAL,5,1.0,0.7357841733486064,-0.008749791621650842
WC2022,Hugo Lloris,France,FREE,SHORT_LEFT,3,1.0,0.7748666888597059,-0.005908304182241951
WC2022,Hugo Lloris,France,FREE,SHORT_RIGHT,4,1.0,0.6939030729047007,-0.009530330836350229
WC2022,Hugo Lloris,France,FREE,VERY_LONG_LEFT,1,1.0,0.6597222222222221,-0.007945695372412905
WC2022,Hugo Lloris,France,FREE,VERY_LONG_RIGHT,5,0.2,0.7402446499847615,-0.008249127261516125
WC2022,Jordan Pickford,England,FREE,MEDIUM_LEFT,2,1.0,0.7271260596117036,-0.007823687795711727
WC2022,Jordan Pickford,England,FREE,SHORT_CENTRAL,6,1.0,0.7278075854402225,-0.008455988828077066
WC2022,Jordan Pickford,England,FREE,SHORT_LEFT,5,1.0,0.6965980671313243,-0.010147147708605463
WC2022,Jordan Pickford,England,FREE,SHORT_RIGHT,6,1.0,0.7212949116260979,-0.00738523369071635
WC2022,Jordan Pickford,England,FREE,VERY_LONG_CENTRAL,4,0.5,0.7150493845816803,-0.007283582055546157
WC2022,Jordan Pickford,England,FREE,VERY_LONG_RIGHT,12,0.6666666666666666,0.7315346066247782,-0.007583122988780562
WC2022,Kasper Schmeichel,Denmark,FREE,MEDIUM_LEFT,2,1.0,0.6825431989366415,-0.010424683117147327
WC2022,Kasper Schmeichel,Denmark,FREE,SHORT_CENTRAL,6,1.0,0.7563560882810503,-0.008282776149065764
WC2022,Kasper Schmeichel,Denmark,FREE,SHORT_LEFT,1,1.0,0.7435897435897436,-0.007319172039273664
WC2022,Kasper Schmeichel,Denmark,FREE,SHORT_RIGHT,2,1.0,0.7362016514558887,-0.008600707027222534
WC2022,Kasper Schmeichel,Denmark,FREE,VERY_LONG_CENTRAL,1,1.0,0.7288135593220338,-0.008995520703481431
WC2022,Keylor Navas Gamboa,Costa Rica,FREE,LONG_CENTRAL,2,1.0,0.7988095238095239,-0.007246161002700129
WC2022,Keylor Navas Gamboa,Costa Rica,FREE,LONG_LEFT,8,0.75,0.7411668310659446,-0.008590879784360315
WC2022,Keylor Navas Gamboa,Costa Rica,FREE,MEDIUM_LEFT,1,1.0,0.7704918032786885,-0.007832897134815555
WC2022,Keylor Navas Gamboa,Costa Rica,FREE,SHORT_CENTRAL,3,1.0,0.8085491506544139,-0.005904083075074374
WC2022,Keylor Navas Gamboa,Costa Rica,FREE,SHORT_LEFT,2,1.0,0.7859649122807018,-0.007439720206574876
WC2022,Keylor Navas Gamboa,Costa Rica,FREE,SHORT_RIGHT,2,1.0,0.817325857730566,-0.006344031776423323
WC2022,Keylor Navas Gamboa,Costa Rica,FREE,VERY_LONG_CENTRAL,1,0.0,0.7073170731707317,-0.008109343285154669
WC2022,Keylor Navas Gamboa,Costa Rica,FREE,VERY_LONG_LEFT,3,0.6666666666666666,0.7314988534500729,-0.007582562454567332
WC2022,Lawrence Ati-Zigi,Ghana,FREE,LONG_CENTRAL,1,0.0,0.6952380952380952,-0.01054311958399192
WC2022,Lawrence Ati-Zigi,Ghana,FREE,LONG_LEFT,5,0.2,0.7216363779924974,-0.008637423057497706
WC2022,Lawrence Ati-Zigi,Ghana,FREE,SHORT_CENTRAL,9,1.0,0.7584873801516531,-0.007444923149974186
WC2022,Lawrence Ati-Zigi,Ghana,FREE,SHORT_LEFT,3,1.0,0.7705668648291599,-0.00741180914454689
WC2022,Lawrence Ati-Zigi,Ghana,FREE,SHORT_RIGHT,8,1.0,0.7984216393827378,-0.006275242080472546
WC2022,Lawrence Ati-Zigi,Ghana,FREE,VERY_LONG_LEFT,2,0.0,0.6684733514001806,-0.009082737194916387
WC2022,Lawrence Ati-Zigi,Ghana,FREE,VERY_LONG_RIGHT,1,1.0,0.6111111111111112,-0.010519420464038812
WC2022,Manuel Neuer,Germany,FREE,LONG_RIGHT,1,1.0,0.7976190476190477,-0.0061421866674841626
WC2022,Manuel Neuer,Germany,FREE,MEDIUM_CENTRAL,1,1.0,0.7073170731707317,-0.008109343285154669
WC2022,Manuel Neuer,Germany,FREE,MEDIUM_RIGHT,1,1.0,0.7073170731707317,-0.008363771999515345
WC2022,Manuel Neuer,Germany,FREE,SHORT_CENTRAL,3,1.0,0.7224520198418358,-0.0077218895944433956
WC2022,Manuel Neuer,Germany,FREE,SHORT_LEFT,5,1.0,0.7340502762680283,-0.008475356337151525
WC2022,Manuel Neuer,Germany,FREE,SHORT_RIGHT,2,1.0,0.6753041701495309,-0.011381548674803501
WC2022,Mathew Ryan,Australia,FREE,LONG_LEFT,3,1.0,0.7517487220877052,-0.008480988392486994
WC2022,Mathew Ryan,Australia,FREE,LONG_RIGHT,4,0.75,0.7503119443908918,-0.007355948986602983
WC2022,Mathew Ryan,Australia,FREE,MEDIUM_LEFT,2,1.0,0.771210813920046,-0.008167499594456156
WC2022,Mathew Ryan,Australia,FREE,MEDIUM_RIGHT,2,1.0,0.7624198717948718,-0.0071291056576158465
WC2022,Mathew Ryan,Australia,FREE,SHORT_CENTRAL,4,1.0,0.7753563596491228,-0.007195336247307218
WC2022,Mathew Ryan,Australia,FREE,SHORT_LEFT,4,1.0,0.7739953697803832,-0.007659242122874454
WC2022,Mathew Ryan,Australia,FREE,SHORT_RIGHT,4,1.0,0.7821605312326415,-0.006964377822992582
WC2022,Mathew Ryan,Australia,FREE,VERY_LONG_CENTRAL,1,0.0,0.7288135593220338,-0.009650389254988411
WC2022,Mathew Ryan,Australia,FREE,VERY_LONG_LEFT,1,1.0,0.6111111111111112,-0.010205113572362041
WC2022,Mathew Ryan,Australia,FREE,VERY_LONG_RIGHT,9,0.4444444444444444,0.7553644745008999,-0.007122172021965792
WC2022,Matthew Charles Turner,United States,FREE,LONG_CENTRAL,2,0.0,0.7661647675890757,-0.006099373724696764
WC2022,Matthew Charles Turner,United States,FREE,MEDIUM_RIGHT,1,1.0,0.7976190476190477,-0.0061421866674841626
WC2022,Matthew Charles Turner,United States,FREE,SHORT_CENTRAL,2,1.0,0.6271584084084083,-0.012452286072547038
WC2022,Matthew Charles Turner,United States,FREE,SHORT_LEFT,1,1.0,0.7922705314009661,-0.0052874829589820834
WC2022,Matthew Charles Turner,United States,FREE,SHORT_RIGHT,4,1.0,0.7483003862079949,-0.00760408472135662
WC2022,Matthew Charles Turner,United States,FREE,VERY_LONG_CENTRAL,1,1.0,0.7560137457044673,-0.0082045924057614
WC2022,Matthew Charles Turner,United States,FREE,VERY_LONG_LEFT,3,0.3333333333333333,0.6688003220611916,-0.00982073426524987
WC2022,Matthew Charles Turner,United States,FREE,VERY_LONG_RIGHT,2,0.5,0.7373063353275042,-0.0075485939503969505
WC2022,Meshaal Aissa Barsham,Qatar,FREE,LONG_LEFT,1,1.0,0.8304093567251462,-0.005427875890254796
WC2022,Meshaal Aissa Barsham,Qatar,FREE,LONG_RIGHT,1,0.0,0.7672955974842768,-0.0067334159012785565
WC2022,Meshaal Aissa Barsham,Qatar,FREE,SHORT_CENTRAL,14,1.0,0.7754427739974362,-0.005426546305086867
WC2022,Meshaal Aissa Barsham,Qatar,FREE,SHORT_LEFT,1,1.0,0.7976190476190477,-0.0061421866674841626
WC2022,Meshaal Aissa Barsham,Qatar,FREE,SHORT_RIGHT,2,1.0,0.786967418546366,-0.006414501925036514
WC2022,Milan Borjan,Canada,FREE,LONG_LEFT,2,0.5,0.7741421385527167,-0.008910054487654735
WC2022,Milan Borjan,Canada,FREE,MEDIUM_LEFT,2,1.0,0.7078679839633447,-0.01049019893583085
WC2022,Milan Borjan,Canada,FREE,SHORT_CENTRAL,5,1.0,0.7276866863178579,-0.00959735031546452
WC2022,Milan Borjan,Canada,FREE,SHORT_LEFT,2,1.0,0.7639717851329354,-0.00799868781398693
WC2022,Milan Borjan,Canada,FREE,SHORT_RIGHT,3,1.0,0.7480877616747182,-0.006141752318255131
WC2022,Milan Borjan,Canada,FREE,VERY_LONG_LEFT,1,1.0,0.7719298245614035,-0.007792783222212463
WC2022,Mohammed Khalil Al Owais,Saudi Arabia,FREE,LONG_LEFT,1,0.0,0.7704918032786885,-0.008542215966699851
WC2022,Mohammed Khalil Al Owais,Saudi Arabia,FREE,LONG_RIGHT,6,0.8333333333333334,0.7895000988245836,-0.007214384604591911
WC2022,Mohammed Khalil Al Owais,Saudi Arabia,FREE,SHORT_CENTRAL,1,1.0,0.782608695652174,-0.008220042688974218
WC2022,Mohammed Khalil Al Owais,Saudi Arabia,FREE,SHORT_LEFT,3,1.0,0.743185647735157,-0.008831674051647996
WC2022,Mohammed Khalil Al Owais,Saudi Arabia,FREE,SHORT_RIGHT,4,1.0,0.8056664290805418,-0.007100521720067699
WC2022,Mohammed Khalil Al Owais,Saudi Arabia,FREE,VERY_LONG_CENTRAL,1,0.0,0.8260869565217391,-0.005833391755748566
WC2022,Mohammed Khalil Al Owais,Saudi Arabia,FREE,VERY_LONG_LEFT,1,0.0,0.813953488372093,-0.007343008888509619
WC2022,Mohammed Khalil Al Owais,Saudi Arabia,FREE,VERY_LONG_RIGHT,7,0.7142857142857143,0.7345906085352343,-0.008366149329505265
WC2022,Munir Mohand Mohamedi,Morocco,FREE,SHORT_CENTRAL,3,1.0,0.7575577361482803,-0.008663972984852773
WC2022,Munir Mohand Mohamedi,Morocco,FREE,SHORT_RIGHT,3,1.0,0.7790490719552504,-0.007896341667122045
WC2022,Munir Mohand Mohamedi,Morocco,FREE,VERY_LONG_CENTRAL,3,0.3333333333333333,0.6952380952380951,-0.010339451551636203
WC2022,Munir Mohand Mohamedi,Morocco,FREE,VERY_LONG_LEFT,1,0.0,0.6952380952380952,-0.01054311958399192
WC2022,Munir Mohand Mohamedi,Morocco,FREE,VERY_LONG_RIGHT,1,0.0,0.6952380952380952,-0.01054311958399192
WC2022,Saad Abdullah Al Sheeb,Qatar,FREE,MEDIUM_RIGHT,1,1.0,0.7560137457044673,-0.0082045924057614
WC2022,Saad Abdullah Al Sheeb,Qatar,FREE,SHORT_CENTRAL,1,1.0,0.7560137457044673,-0.009419461538087313
WC2022,Saad Abdullah Al Sheeb,Qatar,FREE,SHORT_RIGHT,3,1.0,0.7560137457044673,-0.00837504206073935
WC2022,Sergio Rochet Álvarez,Uruguay,FREE,LONG_CENTRAL,2,1.0,0.6354166666666666,-0.010818104713707196
WC2022,Sergio Rochet Álvarez,Uruguay,FREE,LONG_LEFT,1,1.0,0.7073170731707317,-0.008109343285154669
WC2022,Sergio Rochet Álvarez,Uruguay,FREE,MEDIUM_CENTRAL,1,1.0,0.6597222222222221,-0.008627238994818738
WC2022,Sergio Rochet Álvarez,Uruguay,FREE,MEDIUM_LEFT,2,1.0,0.7922705314009661,-0.008129516030289961
WC2022,Sergio Rochet Álvarez,Uruguay,FREE,SHORT_CENTRAL,10,1.0,0.7451412617990913,-0.007878437452199478
WC2022,Sergio Rochet Álvarez,Uruguay,FREE,SHORT_LEFT,3,1.0,0.6938741277509393,-0.009921095387037992
WC2022,Sergio Rochet Álvarez,Uruguay,FREE,VERY_LONG_LEFT,3,1.0,0.7380568974771874,-0.007692802874928553
WC2022,Seung-Gyu Kim,South Korea,FREE,MEDIUM_LEFT,2,1.0,0.7867602657004831,-0.007553916976498596
WC2022,Seung-Gyu Kim,South Korea,FREE,MEDIUM_RIGHT,1,1.0,0.8636363636363636,-0.005469303474604401
WC2022,Seung-Gyu Kim,South Korea,FREE,SHORT_CENTRAL,4,1.0,0.781101517994307,-0.008134129393520501
WC2022,Seung-Gyu Kim,South Korea,FREE,SHORT_LEFT,5,1.0,0.7555747998544076,-0.00780636767497152
WC2022,Seung-Gyu Kim,South Korea,FREE,SHORT_RIGHT,4,1.0,0.8290858216082041,-0.00572489949280354
WC2022,Seung-Gyu Kim,South Korea,FREE,VERY_LONG_RIGHT,4,0.5,0.7435663506547653,-0.007502834817098785
WC2022,Seyed Hossein Hosseini,Iran,FREE,LONG_LEFT,1,0.0,0.8304093567251462,-0.005427875890254796
WC2022,Seyed Hossein Hosseini,Iran,FREE,LONG_RIGHT,3,0.0,0.7976190476190478,-0.006340411821044116
WC2022,Seyed Hossein Hosseini,Iran,FREE,VERY_LONG_LEFT,1,1.0,0.8304093567251462,-0.005427875890254796
WC2022,Shūichi Gonda,Japan,FREE,LONG_CENTRAL,2,0.5,0.7135089098532494,-0.006429111987497374
WC2022,Shūichi Gonda,Japan,FREE,LONG_LEFT,3,0.0,0.7314378057302585,-0.0056964029850569186
WC2022,Shūichi Gonda,Japan,FREE,LONG_RIGHT,5,0.4,0.7407978312612565,-0.007536596318952929
WC2022,Shūichi Gonda,Japan,FREE,SHORT_CENTRAL,6,1.0,0.764553624426981,-0.0075881578354298216
WC2022,Shūichi Gonda,Japan,FREE,SHORT_LEFT,2,1.0,0.7136243386243386,-0.008123335051570263
WC2022,Shūichi Gonda,Japan,FREE,SHORT_RIGHT,1,1.0,0.78125,-0.006707186515775036
WC2022,Shūichi Gonda,Japan,FREE,VERY_LONG_LEFT,1,1.0,0.6597222222222221,-0.011560936333574386
WC2022,Shūichi Gonda,Japan,FREE,VERY_LONG_RIGHT,2,0.5,0.6354166666666666,-0.009573329729428776
WC2022,Steve Mandanda,France,FREE,SHORT_CENTRAL,5,1.0,0.7566398975288919,-0.004510756047934647
WC2022,Steve Mandanda,France,FREE,SHORT_RIGHT,1,1.0,0.7763157894736842,-0.006488592029028911
WC2022,Steve Mandanda,France,FREE,VERY_LONG_CENTRAL,1,0.0,0.7672955974842768,-0.00423098498017601
WC2022,Thibaut Courtois,Belgium,FREE,LONG_CENTRAL,1,1.0,0.796642705640733,-0.0054866480647100795
WC2022,Thibaut Courtois,Belgium,FREE,MEDIUM_LEFT,8,1.0,0.7576200830565997,-0.00769908495978712
WC2022,Thibaut Courtois,Belgium,FREE,MEDIUM_RIGHT,3,1.0,0.8248832934823273,-0.007317180980641024
WC2022,Thibaut Courtois,Belgium,FREE,SHORT_CENTRAL,3,1.0,0.7746838848533764,-0.006933253450705032
WC2022,Thibaut Courtois,Belgium,FREE,SHORT_LEFT,7,1.0,0.753361674683041,-0.007992359496214404
WC2022,Thibaut Courtois,Belgium,FREE,SHORT_RIGHT,7,1.0,0.7868140790051544,-0.005283297405338158
WC2022,Thibaut Courtois,Belgium,FREE,VERY_LONG_CENTRAL,1,0.0,0.7922705314009661,-0.008129516030289961
WC2022,Thibaut Courtois,Belgium,FREE,VERY_LONG_RIGHT,3,1.0,0.7039049919484701,-0.007286805775404577
WC2022,Unai Simón Mendibil,Spain,FREE,LONG_LEFT,1,1.0,0.7288135593220338,-0.008995520703481431
WC2022,Unai Simón Mendibil,Spain,FREE,LONG_RIGHT,1,1.0,0.7288135593220338,-0.008995520703481431
WC2022,Unai Simón Mendibil,Spain,FREE,MEDIUM_CENTRAL,1,1.0,0.7922705314009661,-0.008400647437222157
WC2022,Unai Simón Mendibil,Spain,FREE,MEDIUM_LEFT,2,1.0,0.7639717851329354,-0.008961721143034219
WC2022,Unai Simón Mendibil,Spain,FREE,SHORT_CENTRAL,7,1.0,0.7232850869880675,-0.009490093345732751
WC2022,Unai Simón Mendibil,Spain,FREE,SHORT_LEFT,5,1.0,0.7618049687341558,-0.008825589483067145
WC2022,Unai Simón Mendibil,Spain,FREE,SHORT_RIGHT,5,1.0,0.7405053149660256,-0.008928141436882859
WC2022,Vanja Milinković Savić,Serbia,FREE,LONG_CENTRAL,1,0.0,0.7672955974842768,-0.00423098498017601
WC2022,Vanja Milinković Savić,Serbia,FREE,LONG_LEFT,1,1.0,0.7672955974842768,-0.0067334159012785565
WC2022,Vanja Milinković Savić,Serbia,FREE,SHORT_CENTRAL,1,1.0,0.5945945945945945,-0.01334363581151969
WC2022,Vanja Milinković Savić,Serbia,FREE,SHORT_RIGHT,4,1.0,0.7560137457044673,-0.0085863371710868
WC2022,Vanja Milinković Savić,Serbia,FREE,VERY_LONG_CENTRAL,3,0.6666666666666666,0.7560137457044673,-0.00935304852610126
WC2022,Vanja Milinković Savić,Serbia,FREE,VERY_LONG_LEFT,9,0.4444444444444444,0.753103581633745,-0.006781587365968656
WC2022,Wayne Hennessey,Wales,FREE,LONG_RIGHT,2,1.0,0.7560137457044673,-0.0082045924057614
WC2022,Wayne Hennessey,Wales,FREE,MEDIUM_LEFT,1,1.0,0.7560137457044673,-0.0082045924057614
WC2022,Wayne Hennessey,Wales,FREE,SHORT_CENTRAL,4,1.0,0.7664150711831124,-0.008550333061446987
WC2022,Wayne Hennessey,Wales,FREE,SHORT_LEFT,2,1.0,0.8080853024203987,-0.005914187639550537
WC2022,Wayne Hennessey,Wales,FREE,SHORT_RIGHT,1,1.0,0.7976190476190477,-0.0054638278275895465
WC2022,Wayne Hennessey,Wales,FREE,VERY_LONG_CENTRAL,2,1.0,0.7768163966617575,-0.007272502113402759
WC2022,Wayne Hennessey,Wales,FREE,VERY_LONG_LEFT,1,0.0,0.5945945945945945,-0.01334363581151969
WC2022,Wayne Hennessey,Wales,FREE,VERY_LONG_RIGHT,2,0.5,0.7498017446471055,-0.007877808602609029
WC2022,Weverton Pereira da Silva,Brazil,FREE,LONG_LEFT,1,1.0,0.5945945945945945,-0.01334363581151969
WC2022,Weverton Pereira da Silva,Brazil,FREE,VERY_LONG_CENTRAL,1,0.0,0.5945945945945945,-0.01334363581151969
WC2022,Wojciech Szczęsny,Poland,FREE,LONG_CENTRAL,1,0.0,0.7763157894736842,-0.003994155043632128
WC2022,Wojciech Szczęsny,Poland,FREE,LONG_LEFT,3,0.6666666666666666,0.7129830917874397,-0.008767304633132461
WC2022,Wojciech Szczęsny,Poland,FREE,LONG_RIGHT,5,0.6,0.7629509468814965,-0.008402473356581846
WC2022,Wojciech Szczęsny,Poland,FREE,MEDIUM_RIGHT,1,1.0,0.6952380952380952,-0.009932115486924771
WC2022,Wojciech Szczęsny,Poland,FREE,SHORT_CENTRAL,4,1.0,0.7516328184591914,-0.008388183703554935
WC2022,Wojciech Szczęsny,Poland,FREE,SHORT_LEFT,5,1.0,0.7385667608708314,-0.009316231683625336
WC2022,Wojciech Szczęsny,Poland,FREE,VERY_LONG_CENTRAL,1,1.0,0.7288135593220338,-0.009650389254988411
WC2022,Wojciech Szczęsny,Poland,FREE,VERY_LONG_LEFT,3,0.6666666666666666,0.7186104596761775,-0.0072845815594920595
WC2022,Wojciech Szczęsny,Poland,FREE,VERY_LONG_RIGHT,10,0.6,0.7533374250083666,-0.007466908639655226
WC2022,Yann Sommer,Switzerland,FREE,LONG_LEFT,1,1.0,0.7672955974842768,-0.00423098498017601
WC2022,Yann Sommer,Switzerland,FREE,MEDIUM_LEFT,1,1.0,0.6597222222222221,-0.008627238994818738
WC2022,Yann Sommer,Switzerland,FREE,MEDIUM_RIGHT,3,1.0,0.7700926845415426,-0.005542892177753899
WC2022,Yann Sommer,Switzerland,FREE,SHORT_CENTRAL,6,1.0,0.7744648171335274,-0.005057279522461807
WC2022,Yann Sommer,Switzerland,FREE,SHORT_LEFT,3,1.0,0.7435226362323638,-0.005713033237984344
WC2022,Yann Sommer,Switzerland,FREE,SHORT_RIGHT,5,1.0,0.7186402789171452,-0.0073487995723065195
WC2022,Yassine Bounou,Morocco,FREE,LONG_CENTRAL,1,1.0,0.7719298245614035,-0.008492417503095765
WC2022,Yassine Bounou,Morocco,FREE,LONG_LEFT,6,1.0,0.7357548195913953,-0.00849315209084959
WC2022,Yassine Bounou,Morocco,FREE,LONG_RIGHT,6,0.5,0.7591987505220773,-0.0075535625927651276
WC2022,Yassine Bounou,Morocco,FREE,MEDIUM_LEFT,1,1.0,0.7672955974842768,-0.006126994914976902
WC2022,Yassine Bounou,Morocco,FREE,MEDIUM_RIGHT,3,1.0,0.7597743629644039,-0.006872219361263948
WC2022,Yassine Bounou,Morocco,FREE,SHORT_CENTRAL,5,1.0,0.7595991898518282,-0.006063865125896061
WC2022,Yassine Bounou,Morocco,FREE,SHORT_LEFT,3,1.0,0.7680993409366336,-0.007077276580487687
WC2022,Yassine Bounou,Morocco,FREE,SHORT_RIGHT,10,1.0,0.7689539926212487,-0.00753972351224684
WC2022,Yassine Bounou,Morocco,FREE,VERY_LONG_LEFT,7,1.0,0.7851002595879394,-0.007011484980056895
WC2022,Yassine Bounou,Morocco,FREE,VERY_LONG_RIGHT,1,1.0,0.7288135593220338,-0.009671710363379563
WSL2021,Alexandra MacIver,Everton LFC,FREE,LONG_CENTRAL,9,0.7777777777777778,0.7482450841548696,-0.0010141067861400993
WSL2021,Alexandra MacIver,Everton LFC,FREE,LONG_LEFT,8,0.5,0.7341864496747585,-0.0012176939225888711
WSL2021,Alexandra MacIver,Everton LFC,FREE,LONG_RIGHT,12,0.5,0.6948416284374375,-0.0022960908215459903
WSL2021,Alexandra MacIver,Everton LFC,FREE,MEDIUM_CENTRAL,1,1.0,0.8283582089552238,0.001953764153021022
WSL2021,Alexandra MacIver,Everton LFC,FREE,MEDIUM_RIGHT,3,1.0,0.765736014540323,-0.0019828770538952794
WSL2021,Alexandra MacIver,Everton LFC,FREE,SHORT_CENTRAL,37,1.0,0.7487739063905368,-0.0013902025393604939
WSL2021,Alexandra MacIver,Everton LFC,FREE,SHORT_LEFT,33,1.0,0.7146518760042861,-0.0014833017433025588
WSL2021,Alexandra MacIver,Everton LFC,FREE,SHORT_RIGHT,25,1.0,0.7768439374469448,-0.0019127844010468202
WSL2021,Alexandra MacIver,Everton LFC,FREE,VERY_LONG_LEFT,1,0.0,0.6907216494845362,-0.0028744791035482968
WSL2021,Alexandra MacIver,Everton LFC,FREE,VERY_LONG_RIGHT,1,1.0,0.675,-0.003896991566763261
WSL2021,Ann-Katrin Berger,Chelsea FCW,FREE,LONG_CENTRAL,2,0.5,0.7957981651376147,0.0005831815521113023
WSL2021,Ann-Katrin Berger,Chelsea FCW,FREE,LONG_LEFT,13,0.5384615384615384,0.7370488218485597,-0.0017426378340395317
WSL2021,Ann-Katrin Berger,Chelsea FCW,FREE,LONG_RIGHT,7,1.0,0.7172135530695545,-0.0022266077946959425
WSL2021,Ann-Katrin Berger,Chelsea FCW,FREE,MEDIUM_CENTRAL,4,1.0,0.7259770530284557,-0.001331706012272817
WSL2021,Ann-Katrin Berger,Chelsea FCW,FREE,MEDIUM_LEFT,6,1.0,0.7719660629523674,-0.0003666589058068746
WSL2021,Ann-Katrin Berger,Chelsea FCW,FREE,MEDIUM_RIGHT,6,1.0,0.7846449596596227,-0.0003878847683509508
WSL2021,Ann-Katrin Berger,Chelsea FCW,FREE,SHORT_CENTRAL,25,1.0,0.7917642603315849,-0.0003683277186750028
WSL2021,Ann-Katrin Berger,Chelsea FCW,FREE,SHORT_LEFT,11,1.0,0.770053481739151,-0.000362151026516434
WSL2021,Ann-Katrin Berger,Chelsea FCW,FREE,SHORT_RIGHT,17,1.0,0.7991205682600937,-0.0003180891614008685
WSL2021,Ann-Katrin Berger,Chelsea FCW,FREE,VERY_LONG_RIGHT,1,0.0,0.7841726618705036,-0.0008238707103799744
WSL2021,Aurora Watten Mikalsen,Tottenham Hotspur Women,FREE,LONG_CENTRAL,3,0.6666666666666666,0.7838265991251513,-0.0016867806333815004
WSL2021,Aurora Watten Mikalsen,Tottenham Hotspur Women,FREE,LONG_LEFT,4,0.5,0.8094102527992001,-0.0012399109955429908
WSL2021,Aurora Watten Mikalsen,Tottenham Hotspur Women,FREE,LONG_RIGHT,5,0.6,0.8651551440064065,0.0001491687831244763
WSL2021,Aurora Watten Mikalsen,Tottenham Hotspur Women,FREE,MEDIUM_CENTRAL,3,0.6666666666666666,0.821273922505665,-0.0010285372423751845
WSL2021,Aurora Watten Mikalsen,Tottenham Hotspur Women,FREE,MEDIUM_LEFT,5,0.8,0.7614464298778038,-0.0019396465954168614
WSL2021,Aurora Watten Mikalsen,Tottenham Hotspur Women,FREE,MEDIUM_RIGHT,5,0.8,0.8684493530909532,-0.0005085124431557993
WSL2021,Aurora Watten Mikalsen,Tottenham Hotspur Women,FREE,SHORT_CENTRAL,3,1.0,0.7768773387576909,-0.0015611228942016317
WSL2021,Aurora Watten Mikalsen,Tottenham Hotspur Women,FREE,SHORT_LEFT,10,1.0,0.7417803510871356,-0.0017989695610389849
WSL2021,Aurora Watten Mikalsen,Tottenham Hotspur Women,FREE,SHORT_RIGHT,16,1.0,0.8349638250246844,-0.0007724637831985496
WSL2021,Benedicte Håland,Bristol City WFC,FREE,LONG_LEFT,1,0.0,0.7841726618705036,0.0007716110295993609
WSL2021,Benedicte Håland,Bristol City WFC,FREE,MEDIUM_LEFT,2,1.0,0.6725741358133006,-0.0022141287620755885
WSL2021,Benedicte Håland,Bristol City WFC,FREE,SHORT_CENTRAL,1,1.0,0.675,-0.003896991566763261
WSL2021,Benedicte Håland,Bristol City WFC,FREE,SHORT_LEFT,2,1.0,0.6179878048780488,-0.0036745475159162817
WSL2021,Benedicte Håland,Bristol City WFC,FREE,SHORT_RIGHT,2,1.0,0.8482907104972957,-0.0007410407694764891
WSL2021,Carly Mitchell Telford,Chelsea FCW,FREE,MEDIUM_LEFT,2,1.0,0.8187919463087249,0.001073964884334577
WSL2021,Carly Mitchell Telford,Chelsea FCW,FREE,MEDIUM_RIGHT,1,1.0,0.8505747126436781,0.0019133204694940726
WSL2021,Carly Mitchell Telford,Chelsea FCW,FREE,SHORT_CENTRAL,1,1.0,0.7550335570469798,-0.002418997426711854
WSL2021,Carly Mitchell Telford,Chelsea FCW,FREE,SHORT_LEFT,5,1.0,0.7833344864964598,-0.0001665553267924065
WSL2021,Carly Mitchell Telford,Chelsea FCW,FREE,SHORT_RIGHT,1,1.0,0.8505747126436781,0.0019133204694940726
WSL2021,Cecilie Fiskerstrand,Brighton & Hove Albion WFC,FREE,LONG_CENTRAL,4,0.75,0.7548076923076923,-0.0010129694805602464
WSL2021,Cecilie Fiskerstrand,Brighton & Hove Albion WFC,FREE,LONG_LEFT,11,0.5454545454545454,0.7177233285573998,-0.0017230122779069998
WSL2021,Cecilie Fiskerstrand,Brighton & Hove Albion WFC,FREE,LONG_RIGHT,6,0.5,0.7154341350341631,-0.001869291302588343
WSL2021,Cecilie Fiskerstrand,Brighton & Hove Albion WFC,FREE,MEDIUM_LEFT,3,1.0,0.6864224935257122,-0.0022551798406072183
WSL2021,Cecilie Fiskerstrand,Brighton & Hove Albion WFC,FREE,MEDIUM_RIGHT,5,1.0,0.6865508533191783,-0.002709198937474586
WSL2021,Cecilie Fiskerstrand,Brighton & Hove Albion WFC,FREE,SHORT_CENTRAL,10,1.0,0.6527125406805213,-0.0033764211237627033
WSL2021,Cecilie Fiskerstrand,Brighton & Hove Albion WFC,FREE,SHORT_LEFT,10,1.0,0.7200924356135671,-0.0016991332073346046
WSL2021,Cecilie Fiskerstrand,Brighton & Hove Albion WFC,FREE,SHORT_RIGHT,14,0.9285714285714286,0.7797212892508897,-0.0010160300751328067
WSL2021,Courtney Brosnan,West Ham United LFC,FREE,LONG_CENTRAL,6,0.8333333333333334,0.771398776268612,-0.0003654787896457089
WSL2021,Courtney Brosnan,West Ham United LFC,FREE,LONG_LEFT,20,0.65,0.7554069927794186,-0.0003361299932985333
WSL2021,Courtney Brosnan,West Ham United LFC,FREE,LONG_RIGHT,5,0.6,0.7296460229577403,-0.001301440930912292
WSL2021,Courtney Brosnan,West Ham United LFC,FREE,MEDIUM_CENTRAL,1,0.0,0.7155963302752294,-0.0009449052437373795
WSL2021,Courtney Brosnan,West Ham United LFC,FREE,MEDIUM_LEFT,3,0.3333333333333333,0.6855909336211549,-0.0018084475201631577
WSL2021,Courtney Brosnan,West Ham United LFC,FREE,SHORT_RIGHT,3,1.0,0.7940212150433944,-0.0007991343125616649
WSL2021,Courtney Brosnan,West Ham United LFC,FREE,VERY_LONG_CENTRAL,1,0.0,0.6705882352941176,-0.002240218658376047
WSL2021,Courtney Brosnan,West Ham United LFC,FREE,VERY_LONG_LEFT,1,0.0,0.7155963302752294,-0.0009449052437373795
WSL2021,Ellie Roebuck,Manchester City WFC,FREE,LONG_CENTRAL,1,1.0,0.6907216494845362,-0.0022123314625862936
WSL2021,Ellie Roebuck,Manchester City WFC,FREE,LONG_RIGHT,6,0.5,0.7210241582916549,-0.0014564040398415976
WSL2021,Ellie Roebuck,Manchester City WFC,FREE,MEDIUM_CENTRAL,2,0.5,0.7286941580756015,-0.001467456894392848
WSL2021,Ellie Roebuck,Manchester City WFC,FREE,MEDIUM_LEFT,3,1.0,0.8080720516667347,0.0001817603633653196
WSL2021,Ellie Roebuck,Manchester City WFC,FREE,MEDIUM_RIGHT,4,1.0,0.73744715567752,-0.0007203602164934664
WSL2021,Ellie Roebuck,Manchester City WFC,FREE,SHORT_CENTRAL,21,1.0,0.7413159005517953,-0.0011947722074862927
WSL2021,Ellie Roebuck,Manchester City WFC,FREE,SHORT_LEFT,37,1.0,0.754770185951025,-0.0010657250218101938
WSL2021,Ellie Roebuck,Manchester City WFC,FREE,SHORT_RIGHT,28,1.0,0.7298341105944831,-0.0016657827454039863
WSL2021,Grace Moloney,Reading WFC,FREE,LONG_CENTRAL,10,0.6,0.712378950724641,-0.002294849002994841
WSL2021,Grace Moloney,Reading WFC,FREE,LONG_LEFT,21,0.6666666666666666,0.6974114210170601,-0.002500168618940972
WSL2021,Grace Moloney,Reading WFC,FREE,LONG_RIGHT,10,0.4,0.6907706868915569,-0.0029256663330384037
WSL2021,Grace Moloney,Reading WFC,FREE,MEDIUM_CENTRAL,3,0.3333333333333333,0.6152517355105053,-0.00564383082059487
WSL2021,Grace Moloney,Reading WFC,FREE,MEDIUM_LEFT,7,0.8571428571428571,0.7086048929181873,-0.0022071177459437887
WSL2021,Grace Moloney,Reading WFC,FREE,MEDIUM_RIGHT,3,1.0,0.6937726599199219,-0.001989536941789234
WSL2021,Grace Moloney,Reading WFC,FREE,SHORT_CENTRAL,62,1.0,0.7106723213767344,-0.0021135628360630615
WSL2021,Grace Moloney,Reading WFC,FREE,SHORT_LEFT,35,1.0,0.732192846340198,-0.0015922380679607834
WSL2021,Grace Moloney,Reading WFC,FREE,SHORT_RIGHT,29,1.0,0.7759992949877147,-0.001469260654445933
WSL2021,Hannah Hampton,Birmingham City WFC,FREE,LONG_CENTRAL,33,0.48484848484848486,0.7271309992731647,-0.0017164427352728121
WSL2021,Hannah Hampton,Birmingham City WFC,FREE,LONG_LEFT,38,0.5,0.7309461493770231,-0.0012075730620761055
WSL2021,Hannah Hampton,Birmingham City WFC,FREE,LONG_RIGHT,43,0.5813953488372093,0.7086587466330723,-0.002676000996754442
WSL2021,Hannah Hampton,Birmingham City WFC,FREE,MEDIUM_CENTRAL,1,1.0,0.75,-0.00043993793911516416
WSL2021,Hannah Hampton,Birmingham City WFC,FREE,MEDIUM_LEFT,1,1.0,0.6705882352941176,-0.002240218658376047
WSL2021,Hannah Hampton,Birmingham City WFC,FREE,MEDIUM_RIGHT,4,0.75,0.818953528726546,-0.0005607062158707508
WSL2021,Hannah Hampton,Birmingham City WFC,FREE,SHORT_CENTRAL,43,1.0,0.7782474438063032,-0.0008716244537619213
WSL2021,Hannah Hampton,Birmingham City WFC,FREE,SHORT_LEFT,11,1.0,0.7486636700358578,-0.001219580409132119
WSL2021,Hannah Hampton,Birmingham City WFC,FREE,SHORT_RIGHT,14,1.0,0.7998282285793901,-0.0007361985288921968
WSL2021,Hannah Hampton,Birmingham City WFC,FREE,VERY_LONG_CENTRAL,6,0.16666666666666666,0.7113692989155957,-0.002139801003183467
WSL2021,Hannah Hampton,Birmingham City WFC,FREE,VERY_LONG_LEFT,9,0.3333333333333333,0.716157153913453,-0.0016767547098513452
WSL2021,Hannah Hampton,Birmingham City WFC,FREE,VERY_LONG_RIGHT,8,0.625,0.698453211191545,-0.002186386903048338
WSL2021,Karen Bardsley,Manchester City WFC,FREE,MEDIUM_RIGHT,1,1.0,0.9124087591240876,7.027013626764375e-05
WSL2021,Karen Bardsley,Manchester City WFC,FREE,SHORT_CENTRAL,1,1.0,0.9124087591240876,0.002785870210645046
WSL2021,Karen Bardsley,Manchester City WFC,FREE,SHORT_LEFT,1,1.0,0.8283582089552238,0.001953764153021022
WSL2021,Karima Benameur,Manchester City WFC,FREE,SHORT_CENTRAL,1,1.0,0.7155963302752294,-0.0009449052437373795
WSL2021,Karima Benameur,Manchester City WFC,FREE,SHORT_LEFT,1,1.0,0.7155963302752294,-0.0009449052437373795
WSL2021,Karima Benameur,Manchester City WFC,FREE,VERY_LONG_RIGHT,1,1.0,0.7155963302752294,-0.00207514685051665
WSL2021,Lisa Weiß,Aston Villa,FREE,LONG_CENTRAL,3,0.0,0.712313657124722,-0.0017243134755844855
WSL2021,Lisa Weiß,Aston Villa,FREE,LONG_LEFT,42,0.3333333333333333,0.7138634927768679,-0.0015854446256571468
WSL2021,Lisa Weiß,Aston Villa,FREE,LONG_RIGHT,51,0.6470588235294118,0.7139075291920448,-0.0019477440845658267
WSL2021,Lisa Weiß,Aston Villa,FREE,MEDIUM_CENTRAL,6,0.8333333333333334,0.6560315142015681,-0.004043137112937161
WSL2021,Lisa Weiß,Aston Villa,FREE,MEDIUM_LEFT,15,0.7333333333333333,0.6974619417086886,-0.0023860597447165487
WSL2021,Lisa Weiß,Aston Villa,FREE,MEDIUM_RIGHT,8,0.75,0.7177207453503943,-0.002783421997395112
WSL2021,Lisa Weiß,Aston Villa,FREE,SHORT_CENTRAL,17,1.0,0.7378118658911649,-0.0018906060640178051
WSL2021,Lisa Weiß,Aston Villa,FREE,SHORT_LEFT,23,1.0,0.6803523847853373,-0.00293086994805048
WSL2021,Lisa Weiß,Aston Villa,FREE,SHORT_RIGHT,24,1.0,0.8123244155474924,-0.0008261259449889995
WSL2021,Lisa Weiß,Aston Villa,FREE,VERY_LONG_LEFT,1,1.0,0.7028985507246377,-0.001986680241436711
WSL2021,Lisa Weiß,Aston Villa W,FREE,LONG_LEFT,2,0.5,0.6179878048780488,-0.004548430060256899
WSL2021,Lisa Weiß,Aston Villa W,FREE,LONG_RIGHT,1,0.0,0.7841726618705036,-0.0008238707103799744
WSL2021,Lisa Weiß,Aston Villa W,FREE,MEDIUM_CENTRAL,2,1.0,0.6725741358133006,-0.003965277653217232
WSL2021,Lisa Weiß,Aston Villa W,FREE,MEDIUM_LEFT,1,1.0,0.675,-0.002149226478082025
WSL2021,Lisa Weiß,Aston Villa W,FREE,MEDIUM_RIGHT,1,1.0,0.8283582089552238,0.000419916186176835
WSL2021,Lydia Grace Yilkari Williams,Arsenal WFC,FREE,LONG_CENTRAL,5,0.6,0.6866949666464525,-0.0027237951347004142
WSL2021,Lydia Grace Yilkari Williams,Arsenal WFC,FREE,LONG_LEFT,1,1.0,0.7155963302752294,-0.00207514685051665
WSL2021,Lydia Grace Yilkari Williams,Arsenal WFC,FREE,MEDIUM_CENTRAL,2,1.0,0.7031589898798828,-0.0015786183531618365
WSL2021,Lydia Grace Yilkari Williams,Arsenal WFC,FREE,MEDIUM_LEFT,5,1.0,0.6977059115240443,-0.00228305998782916
WSL2021,Lydia Grace Yilkari Williams,Arsenal WFC,FREE,MEDIUM_RIGHT,1,1.0,0.876,8.950341963404962e-05
WSL2021,Lydia Grace Yilkari Williams,Arsenal WFC,FREE,SHORT_CENTRAL,21,1.0,0.762736373031558,-0.0010669498994507432
WSL2021,Lydia Grace Yilkari Williams,Arsenal WFC,FREE,SHORT_LEFT,8,0.875,0.7496601490966405,-0.0010117647526276335
WSL2021,Lydia Grace Yilkari Williams,Arsenal WFC,FREE,SHORT_RIGHT,11,1.0,0.7768745694954695,-0.0009471870743219079
WSL2021,Mackenzie Arnold,West Ham United LFC,FREE,LONG_CENTRAL,11,0.5454545454545454,0.6778610645116456,-0.0028998878990900557
WSL2021,Mackenzie Arnold,West Ham United LFC,FREE,LONG_LEFT,27,0.7037037037037037,0.7078319966359585,-0.0020936501660890347
WSL2021,Mackenzie Arnold,West Ham United LFC,FREE,LONG_RIGHT,24,0.625,0.6952020604184169,-0.002401352600076557
WSL2021,Mackenzie Arnold,West Ham United LFC,FREE,MEDIUM_CENTRAL,1,1.0,0.6907216494845362,-0.0028744791035482968
WSL2021,Mackenzie Arnold,West Ham United LFC,FREE,MEDIUM_LEFT,10,0.8,0.6857519480933991,-0.0027533317945194462
WSL2021,Mackenzie Arnold,West Ham United LFC,FREE,MEDIUM_RIGHT,9,0.5555555555555556,0.7194402125755878,-0.0018710359967309732
WSL2021,Mackenzie Arnold,West Ham United LFC,FREE,SHORT_CENTRAL,4,1.0,0.7440667616775654,-0.001378174815104155
WSL2021,Mackenzie Arnold,West Ham United LFC,FREE,SHORT_LEFT,26,1.0,0.7067992149817095,-0.0022781623999707993
WSL2021,Mackenzie Arnold,West Ham United LFC,FREE,SHORT_RIGHT,15,1.0,0.7785461587292238,-0.0008206774372839824
WSL2021,Mackenzie Arnold,West Ham United LFC,FREE,VERY_LONG_CENTRAL,1,0.0,0.47619047619047616,-0.007885757362847103
WSL2021,Mackenzie Arnold,West Ham United LFC,FREE,VERY_LONG_LEFT,1,0.0,0.7550335570469798,-0.002418997426711854
WSL2021,Manuela Zinsberger,Arsenal WFC,FREE,LONG_CENTRAL,4,0.75,0.792643665096751,0.00011977893232464432
WSL2021,Manuela Zinsberger,Arsenal WFC,FREE,LONG_LEFT,6,0.8333333333333334,0.8077548393419893,0.0008920106357358082
WSL2021,Manuela Zinsberger,Arsenal WFC,FREE,LONG_RIGHT,1,0.0,0.8283582089552238,0.001953764153021022
WSL2021,Manuela Zinsberger,Arsenal WFC,FREE,MEDIUM_LEFT,8,0.625,0.7657544524330564,-0.0002807972381767557
WSL2021,Manuela Zinsberger,Arsenal WFC,FREE,MEDIUM_RIGHT,8,1.0,0.8129357781342199,-0.0006171251893702581
WSL2021,Manuela Zinsberger,Arsenal WFC,FREE,SHORT_CENTRAL,30,1.0,0.7921936301005661,-0.00020554789708810293
WSL2021,Manuela Zinsberger,Arsenal WFC,FREE,SHORT_LEFT,15,1.0,0.7666534295954344,-0.0002403933640649464
WSL2021,Manuela Zinsberger,Arsenal WFC,FREE,SHORT_RIGHT,8,1.0,0.833900273586995,-4.5714354194500637e-05
WSL2021,Mary Alexandra Earps,Manchester United,FREE,LONG_CENTRAL,5,0.8,0.7353415174967795,-0.0014554418362357395
WSL2021,Mary Alexandra Earps,Manchester United,FREE,LONG_LEFT,16,0.5,0.7438566488662116,-0.001094190251139034
WSL2021,Mary Alexandra Earps,Manchester United,FREE,LONG_RIGHT,8,0.75,0.7266360202082269,-0.0016213121092046746
WSL2021,Mary Alexandra Earps,Manchester United,FREE,MEDIUM_CENTRAL,2,1.0,0.7851698113207547,-0.0012411415352847133
WSL2021,Mary Alexandra Earps,Manchester United,FREE,MEDIUM_LEFT,3,1.0,0.7120836637589215,-0.0017986702910759017
WSL2021,Mary Alexandra Earps,Manchester United,FREE,MEDIUM_RIGHT,3,1.0,0.8161463370140055,0.00012226023943942167
WSL2021,Mary Alexandra Earps,Manchester United,FREE,SHORT_CENTRAL,7,1.0,0.7909365307594752,-0.000967117922169895
WSL2021,Mary Alexandra Earps,Manchester United,FREE,SHORT_LEFT,9,1.0,0.7500063864545822,-0.0008613156947940104
WSL2021,Mary Alexandra Earps,Manchester United,FREE,SHORT_RIGHT,18,1.0,0.8552652464639144,0.00017863872792305466
WSL2021,Mary Alexandra Earps,Manchester United,FREE,VERY_LONG_LEFT,1,1.0,0.7550335570469798,-0.002418997426711854
WSL2021,Mary Alexandra Earps,Manchester United W,FREE,LONG_LEFT,6,0.6666666666666666,0.7221692014038545,-0.001077434548090834
WSL2021,Mary Alexandra Earps,Manchester United W,FREE,LONG_RIGHT,3,0.6666666666666666,0.7145709341099996,-0.0021086887243987064
WSL2021,Mary Alexandra Earps,Manchester United W,FREE,MEDIUM_LEFT,4,1.0,0.7223015547293709,-0.0019080528917514994
WSL2021,Mary Alexandra Earps,Manchester United W,FREE,MEDIUM_RIGHT,1,0.0,0.8557377049180328,-0.00040369082778228624
WSL2021,Mary Alexandra Earps,Manchester United W,FREE,SHORT_CENTRAL,15,1.0,0.780266168468264,-0.0007275652309621557
WSL2021,Mary Alexandra Earps,Manchester United W,FREE,SHORT_LEFT,15,1.0,0.7541555640403302,-0.0007108660191695501
WSL2021,Mary Alexandra Earps,Manchester United W,FREE,SHORT_RIGHT,13,1.0,0.8368848097085329,-0.0004625707961967229
WSL2021,Megan Walsh,Brighton & Hove Albion WFC,FREE,LONG_CENTRAL,3,0.3333333333333333,0.7120836637589215,-0.0020332600155649454
WSL2021,Megan Walsh,Brighton & Hove Albion WFC,FREE,LONG_LEFT,24,0.7916666666666666,0.7047129886337388,-0.0021209842421476173
WSL2021,Megan Walsh,Brighton & Hove Albion WFC,FREE,LONG_RIGHT,19,0.8947368421052632,0.6973085585998003,-0.0026332765173427315
WSL2021,Megan Walsh,Brighton & Hove Albion WFC,FREE,MEDIUM_CENTRAL,5,0.6,0.7188817927575339,-0.002413800039441002
WSL2021,Megan Walsh,Brighton & Hove Albion WFC,FREE,MEDIUM_LEFT,12,0.8333333333333334,0.7273888832162982,-0.001159675199106997
WSL2021,Megan Walsh,Brighton & Hove Albion WFC,FREE,MEDIUM_RIGHT,5,0.8,0.7101354465931242,-0.0015637835462803304
WSL2021,Megan Walsh,Brighton & Hove Albion WFC,FREE,SHORT_CENTRAL,16,1.0,0.7109974526279191,-0.0017005590992898193
WSL2021,Megan Walsh,Brighton & Hove Albion WFC,FREE,SHORT_LEFT,18,1.0,0.7515534310989739,-0.0008809131847520059
WSL2021,Megan Walsh,Brighton & Hove Albion WFC,FREE,SHORT_RIGHT,21,1.0,0.8065814370581154,-0.00104952966118371
WSL2021,Megan Walsh,Brighton & Hove Albion WFC,FREE,VERY_LONG_CENTRAL,1,0.0,0.6111111111111112,-0.004410707756070507
WSL2021,Megan Walsh,Brighton & Hove Albion WFC,FREE,VERY_LONG_LEFT,1,1.0,0.6705882352941176,-0.0034453545412328913
WSL2021,Rebecca Leigh Spencer,Tottenham Hotspur Women,FREE,LONG_CENTRAL,7,0.5714285714285714,0.7444412835966147,-0.0015270298178007124
WSL2021,Rebecca Leigh Spencer,Tottenham Hotspur Women,FREE,LONG_LEFT,19,0.6842105263157895,0.7426343468567704,-0.001317709551539262
WSL2021,Rebecca Leigh Spencer,Tottenham Hotspur Women,FREE,LONG_RIGHT,10,0.8,0.7181411219488263,-0.0021138049861373154
WSL2021,Rebecca Leigh Spencer,Tottenham Hotspur Women,FREE,MEDIUM_LEFT,9,0.8888888888888888,0.6975500304856752,-0.0022548501023121606
WSL2021,Rebecca Leigh Spencer,Tottenham Hotspur Women,FREE,MEDIUM_RIGHT,6,1.0,0.6959508206362798,-0.0024153486920000674
WSL2021,Rebecca Leigh Spencer,Tottenham Hotspur Women,FREE,SHORT_CENTRAL,11,1.0,0.750301110281815,-0.0018235240566886136
WSL2021,Rebecca Leigh Spencer,Tottenham Hotspur Women,FREE,SHORT_LEFT,42,1.0,0.7287210934645458,-0.0016896481524277366
WSL2021,Rebecca Leigh Spencer,Tottenham Hotspur Women,FREE,SHORT_RIGHT,27,1.0,0.7404516695611302,-0.0019157335842546605
WSL2021,Rebecca Leigh Spencer,Tottenham Hotspur Women,FREE,VERY_LONG_LEFT,1,0.0,0.8505747126436781,0.0019133204694940726
WSL2021,Sian Rogers,Aston Villa,FREE,LONG_CENTRAL,1,1.0,0.7028985507246377,-0.00395335274127973
WSL2021,Sian Rogers,Aston Villa,FREE,LONG_LEFT,2,0.5,0.7550335570469798,-0.0006098394630788357
WSL2021,Sian Rogers,Aston Villa,FREE,LONG_RIGHT,1,1.0,0.7028985507246377,-0.00395335274127973
WSL2021,Sian Rogers,Aston Villa,FREE,SHORT_CENTRAL,1,1.0,0.7550335570469798,-0.002418997426711854
WSL2021,Sian Rogers,Aston Villa,FREE,SHORT_LEFT,4,1.0,0.7419998054663943,-0.0018980072735373138
WSL2021,Sian Rogers,Aston Villa,FREE,SHORT_RIGHT,4,1.0,0.7647839358105045,-0.0025471971371060992
WSL2021,Sophie Baggaley,Bristol City WFC,FREE,LONG_CENTRAL,6,0.6666666666666666,0.6795584298588674,-0.0027495303531605165
WSL2021,Sophie Baggaley,Bristol City WFC,FREE,LONG_LEFT,86,0.5232558139534884,0.7220215320057349,-0.0017404572520405865
WSL2021,Sophie Baggaley,Bristol City WFC,FREE,LONG_RIGHT,51,0.43137254901960786,0.7056243267970145,-0.002570117550382915
WSL2021,Sophie Baggaley,Bristol City WFC,FREE,MEDIUM_CENTRAL,1,1.0,0.6943396226415094,-0.0025717864902034763
WSL2021,Sophie Baggaley,Bristol City WFC,FREE,MEDIUM_LEFT,8,0.875,0.7023475734689772,-0.0020526602486139155
WSL2021,Sophie Baggaley,Bristol City WFC,FREE,MEDIUM_RIGHT,4,0.5,0.7153233630773581,-0.002748959076176838
WSL2021,Sophie Baggaley,Bristol City WFC,FREE,SHORT_CENTRAL,3,1.0,0.688096152790736,-0.0027359774351676286
WSL2021,Sophie Baggaley,Bristol City WFC,FREE,SHORT_LEFT,26,1.0,0.7134653180130994,-0.0019440417578426678
WSL2021,Sophie Baggaley,Bristol City WFC,FREE,SHORT_RIGHT,19,1.0,0.7440508658219348,-0.0015527057722473402
WSL2021,Sophie Baggaley,Bristol City WFC,FREE,VERY_LONG_LEFT,4,0.0,0.6824639289678135,-0.0022514395450494258
WSL2021,Sophie Baggaley,Bristol City WFC,FREE,VERY_LONG_RIGHT,3,0.0,0.7740500517546497,-0.0013398788034904435
WSL2021,Tinja-Riikka Tellervo Korpela,Everton LFC,FREE,SHORT_CENTRAL,9,1.0,0.7294302995439502,-0.0015683400440903912
WSL2021,Tinja-Riikka Tellervo Korpela,Everton LFC,FREE,SHORT_LEFT,8,1.0,0.806462421634995,0.0004817364182048549
WSL2021,Tinja-Riikka Tellervo Korpela,Everton LFC,FREE,SHORT_RIGHT,10,1.0,0.758196472402636,-0.0012274179915098167
WSL2021,Zecira Musovic,Chelsea FCW,FREE,LONG_CENTRAL,4,0.5,0.7155963302752294,-0.0015100260471270148
WSL2021,Zecira Musovic,Chelsea FCW,FREE,LONG_LEFT,1,0.0,0.7155963302752294,-0.0009449052437373795
WSL2021,Zecira Musovic,Chelsea FCW,FREE,LONG_RIGHT,3,0.6666666666666666,0.7155963302752294,-0.00207514685051665
WSL2021,Zecira Musovic,Chelsea FCW,FREE,MEDIUM_LEFT,3,1.0,0.7528556969346442,-0.0005954911699981662
WSL2021,Zecira Musovic,Chelsea FCW,FREE,SHORT_LEFT,2,1.0,0.7518796992481203,-0.00038882247396368605
WSL2021,Zecira Musovic,Chelsea FCW,FREE,VERY_LONG_RIGHT,1,1.0,0.7155963302752294,-0.00207514685051665
