cohort,keeper,team,sample_n,matches,choice_observable_n,choice_coverage,short_share,medium_share,long_share,very_long_share,direct_share,mean_xR,raw_retention,context_influenced_retention_over_expected,pressured_n,pressured_retention,pressured_xR,pressured_retention_over_expected,free_n,free_retention,free_xR,free_retention_over_expected,pressured_choice_n,pressured_choice_coverage,free_choice_n,free_choice_coverage,pressure_shift_direct_choice,target_identifiable_n,target_coverage,left_target_share,central_target_share,right_target_share,goal_kick_n,goal_kick_direct_share,goal_kick_retention,goal_kick_xR,left_foot_share,right_foot_share,known_foot_coverage,left_minus_right_share_pp,fit_flag,choice_coverage_within_cohort_percentile,short_share_within_cohort_percentile,medium_share_within_cohort_percentile,long_share_within_cohort_percentile,very_long_share_within_cohort_percentile,direct_share_within_cohort_percentile,mean_xR_within_cohort_percentile,raw_retention_within_cohort_percentile,context_influenced_retention_over_expected_within_cohort_percentile,pressured_n_within_cohort_percentile,pressured_retention_within_cohort_percentile,pressured_xR_within_cohort_percentile,pressured_retention_over_expected_within_cohort_percentile,free_n_within_cohort_percentile,free_retention_within_cohort_percentile,free_xR_within_cohort_percentile,free_retention_over_expected_within_cohort_percentile,pressured_choice_n_within_cohort_percentile,pressured_choice_coverage_within_cohort_percentile,free_choice_n_within_cohort_percentile,free_choice_coverage_within_cohort_percentile,pressure_shift_direct_choice_within_cohort_percentile,target_coverage_within_cohort_percentile,left_target_share_within_cohort_percentile,central_target_share_within_cohort_percentile,right_target_share_within_cohort_percentile,goal_kick_direct_share_within_cohort_percentile,goal_kick_retention_within_cohort_percentile,goal_kick_xR_within_cohort_percentile,left_foot_share_within_cohort_percentile,right_foot_share_within_cohort_percentile,known_foot_coverage_within_cohort_percentile,left_minus_right_share_pp_within_cohort_percentile
PL1516,Adrián San Miguel del Castillo,West Ham United,989,32,828,0.8372093023255814,25.36231884057971,15.217391304347828,46.13526570048309,13.285024154589372,59.42028985507246,0.6627889721229978,0.6663296258847321,0.0035406537617342455,69,0.4927536231884058,0.4979677961207176,-0.005214172932311824,920,0.6793478260869565,0.6751505603231687,0.004197265763787704,56,0.8115942028985508,772,0.8391304347826087,20.540340488527022,828,0.8372093023255814,25.120772946859905,34.17874396135266,40.70048309178744,288,75.52742616033755,0.6736111111111112,0.5976636975585475,4.853387259858443,72.59858442871587,77.45197168857432,-67.74519716885743,USE_ACCEPTED_R32A_CALIBRATION_RANK_SENSITIVITY,41.66666666666667,53.333333333333336,83.33333333333334,73.33333333333333,36.666666666666664,46.666666666666664,53.333333333333336,63.33333333333333,66.66666666666666,93.33333333333333,60.0,56.666666666666664,63.33333333333333,80.0,66.66666666666666,63.33333333333333,66.66666666666666,93.33333333333333,73.33333333333333,73.33333333333333,36.666666666666664,83.33333333333334,41.66666666666667,13.333333333333334,80.0,56.666666666666664,43.333333333333336,93.33333333333333,50.0,33.33333333333333,56.666666666666664,36.666666666666664,40.0
PL1516,Alex McCarthy,Crystal Palace,220,7,153,0.6954545454545454,14.37908496732026,9.803921568627452,44.44444444444444,31.372549019607842,75.81699346405229,0.6204877950718376,0.5409090909090909,-0.07957870416274662,9,0.2222222222222222,0.48605601170471424,-0.26383378948249203,211,0.5545023696682464,0.6262218521822835,-0.0717194825140371,3,0.3333333333333333,150,0.7109004739336493,-9.333333333333343,153,0.6954545454545454,28.75816993464052,23.52941176470588,47.712418300653596,70,84.44444444444444,0.5428571428571428,0.5833707702506358,5.0,78.18181818181819,83.18181818181817,-73.18181818181819,USE_ACCEPTED_R32A_CALIBRATION_RANK_SENSITIVITY,3.3333333333333335,10.0,26.666666666666668,63.33333333333333,93.33333333333333,90.0,6.666666666666667,6.666666666666667,10.0,6.666666666666667,6.666666666666667,26.666666666666668,6.666666666666667,3.3333333333333335,10.0,6.666666666666667,16.666666666666664,5.0,3.3333333333333335,3.3333333333333335,3.3333333333333335,13.333333333333334,3.3333333333333335,36.666666666666664,6.666666666666667,96.66666666666667,66.66666666666666,23.333333333333332,10.0,36.666666666666664,96.66666666666667,93.33333333333333,13.333333333333334
PL1516,Artur Boruc,AFC Bournemouth,907,32,772,0.8511576626240352,36.65803108808291,19.818652849740932,33.93782383419689,9.585492227979273,43.523316062176164,0.6928061662976648,0.7100330760749725,0.0172269097773076,28,0.5,0.5015944988331649,-0.0015944988331649177,879,0.7167235494880546,0.6988970954091619,0.017826454078892627,24,0.8571428571428571,748,0.850967007963595,36.786987522281635,772,0.8511576626240352,40.02590673575129,29.792746113989637,30.181347150259068,264,57.07547169811321,0.6628787878787878,0.6099609193804323,13.78169790518192,64.05733186328555,77.83902976846747,-50.27563395810363,USE_ACCEPTED_R32A_CALIBRATION_RANK_SENSITIVITY,56.666666666666664,83.33333333333334,93.33333333333333,23.333333333333332,10.0,13.333333333333334,93.33333333333333,83.33333333333334,73.33333333333333,41.66666666666667,66.66666666666666,73.33333333333333,66.66666666666666,70.0,83.33333333333334,90.0,70.0,56.666666666666664,93.33333333333333,66.66666666666666,50.0,96.66666666666667,56.666666666666664,93.33333333333333,53.333333333333336,16.666666666666664,6.666666666666667,83.33333333333334,80.0,73.33333333333333,26.666666666666668,46.666666666666664,76.66666666666667
PL1516,Asmir Begović,Chelsea,408,17,340,0.8333333333333334,33.52941176470588,15.88235294117647,31.470588235294116,19.11764705882353,50.588235294117645,0.669180822012108,0.6053921568627451,-0.06378866514936296,24,0.20833333333333334,0.49943534925341976,-0.2911020159200865,384,0.6302083333333334,0.6797899140595259,-0.04958158072619274,16,0.6666666666666666,324,0.84375,32.175925925925924,340,0.8333333333333334,29.705882352941178,28.235294117647058,42.05882352941177,106,67.07317073170732,0.5188679245283019,0.5984724340228071,5.637254901960785,70.58823529411765,76.22549019607843,-64.95098039215686,USE_ACCEPTED_R32A_CALIBRATION_RANK_SENSITIVITY,36.666666666666664,73.33333333333333,86.66666666666667,10.0,53.333333333333336,20.0,70.0,30.0,20.0,30.0,3.3333333333333335,63.33333333333333,3.3333333333333335,20.0,40.0,73.33333333333333,26.666666666666668,23.333333333333332,21.666666666666668,20.0,43.333333333333336,93.33333333333333,36.666666666666664,53.333333333333336,23.333333333333332,66.66666666666666,20.0,20.0,53.333333333333336,43.333333333333336,46.666666666666664,26.666666666666668,53.333333333333336
PL1516,Ben Foster,West Bromwich Albion,406,15,353,0.8694581280788177,12.747875354107649,6.232294617563739,50.42492917847026,30.59490084985836,81.01983002832861,0.6718166992619764,0.6699507389162561,-0.0018659603457202942,12,0.6666666666666666,0.5037520939840512,0.16291457268261547,394,0.6700507614213198,0.6769354182044512,-0.006884656783131538,10,0.8333333333333334,343,0.8705583756345178,19.533527696793,353,0.8694581280788177,30.31161473087819,28.611898016997166,41.07648725212464,141,98.33333333333333,0.6099290780141844,0.6208861962124348,61.330049261083744,19.458128078817737,80.78817733990148,41.87192118226601,USE_ACCEPTED_R32A_CALIBRATION_RANK_SENSITIVITY,76.66666666666667,6.666666666666667,3.3333333333333335,83.33333333333334,90.0,100.0,73.33333333333333,66.66666666666666,63.33333333333333,13.333333333333334,98.33333333333333,76.66666666666667,100.0,23.333333333333332,63.33333333333333,66.66666666666666,63.33333333333333,16.666666666666664,80.0,23.333333333333332,70.0,76.66666666666667,76.66666666666667,60.0,43.333333333333336,60.0,100.0,50.0,90.0,93.33333333333333,13.333333333333334,83.33333333333334,93.33333333333333
PL1516,Bradley Guzan,Aston Villa,834,28,705,0.8453237410071942,21.418439716312058,12.907801418439716,55.74468085106383,9.929078014184398,65.67375886524822,0.6956508110552687,0.6462829736211031,-0.04936783743416567,49,0.5102040816326531,0.5231250415149082,-0.01292095988225512,785,0.6547770700636942,0.7064199355233932,-0.05164286545969894,41,0.8367346938775511,664,0.845859872611465,7.959888333823102,705,0.8453237410071942,39.858156028368796,29.50354609929078,30.638297872340424,224,87.07865168539325,0.6116071428571429,0.6406670638433228,53.597122302158276,22.781774580335732,76.378896882494,30.815347721822544,USE_ACCEPTED_R32A_CALIBRATION_RANK_SENSITIVITY,50.0,40.0,66.66666666666666,93.33333333333333,13.333333333333334,63.33333333333333,100.0,53.333333333333336,30.0,81.66666666666667,73.33333333333333,90.0,53.333333333333336,56.666666666666664,50.0,100.0,23.333333333333332,86.66666666666667,83.33333333333334,56.666666666666664,46.666666666666664,46.666666666666664,50.0,90.0,50.0,20.0,80.0,53.333333333333336,100.0,80.0,23.333333333333332,30.0,80.0
PL1516,Costel Fane Pantilimon,Sunderland,559,17,447,0.7996422182468694,22.371364653243848,12.751677852348994,53.691275167785236,11.185682326621924,64.87695749440716,0.6593913674012948,0.5813953488372093,-0.07799601856408556,27,0.3333333333333333,0.5145179120431836,-0.18118457870985025,532,0.5939849624060151,0.666743967579244,-0.07275900517322906,18,0.6666666666666666,429,0.806390977443609,-9.712509712509714,447,0.7996422182468694,26.39821029082774,34.899328859060404,38.702460850111855,150,85.03937007874016,0.5666666666666667,0.6084244424873148,1.7889087656529516,76.20751341681574,77.99642218246869,-74.4186046511628,USE_ACCEPTED_R32A_CALIBRATION_RANK_SENSITIVITY,23.333333333333332,46.666666666666664,63.33333333333333,90.0,26.666666666666668,60.0,46.666666666666664,16.666666666666664,13.333333333333334,36.666666666666664,13.333333333333334,86.66666666666667,13.333333333333334,36.666666666666664,16.666666666666664,46.666666666666664,13.333333333333334,33.33333333333333,21.666666666666668,36.666666666666664,23.333333333333332,10.0,23.333333333333332,16.666666666666664,83.33333333333334,46.666666666666664,70.0,30.0,73.33333333333333,3.3333333333333335,90.0,53.333333333333336,10.0
PL1516,David de Gea Quintana,Manchester United,951,34,825,0.8675078864353313,30.545454545454547,14.909090909090908,43.27272727272727,11.272727272727273,54.54545454545454,0.6354132966469211,0.7150368033648791,0.07962350671795787,63,0.5238095238095238,0.4771459260227434,0.046663597786780434,888,0.7286036036036037,0.646641724968231,0.0819618786353725,51,0.8095238095238095,774,0.8716216216216216,6.649946800425589,825,0.8675078864353313,48.96969696969697,24.848484848484848,26.181818181818183,286,71.60493827160494,0.7202797202797203,0.5847035586082984,2.2082018927444795,80.96740273396425,83.17560462670873,-78.75920084121977,USE_ACCEPTED_R32A_CALIBRATION_RANK_SENSITIVITY,73.33333333333333,60.0,80.0,60.0,30.0,36.666666666666664,13.333333333333334,86.66666666666667,96.66666666666667,90.0,76.66666666666667,16.666666666666664,80.0,76.66666666666667,86.66666666666667,16.666666666666664,96.66666666666667,90.0,70.0,76.66666666666667,73.33333333333333,36.666666666666664,73.33333333333333,100.0,10.0,13.333333333333334,26.666666666666668,100.0,16.666666666666664,13.333333333333334,100.0,90.0,3.3333333333333335
PL1516,Declan Rudd,Norwich City,328,11,250,0.7621951219512195,19.6,12.4,45.6,22.400000000000002,68.0,0.6668994687271648,0.5457317073170732,-0.12116776141009154,15,0.6,0.49816848980614653,0.10183151019385343,313,0.5431309904153354,0.6749856178767342,-0.1318546274613988,12,0.8,238,0.7603833865814696,7.35294117647058,250,0.7621951219512195,28.4,32.4,39.2,95,86.8421052631579,0.5157894736842106,0.6138677015539233,4.573170731707317,75.60975609756098,80.1829268292683,-71.03658536585365,USE_ACCEPTED_R32A_CALIBRATION_RANK_SENSITIVITY,13.333333333333334,36.666666666666664,50.0,70.0,70.0,66.66666666666666,63.33333333333333,10.0,3.3333333333333335,20.0,90.0,60.0,90.0,16.666666666666664,6.666666666666667,60.0,3.3333333333333335,20.0,66.66666666666666,16.666666666666664,13.333333333333334,43.333333333333336,13.333333333333334,30.0,70.0,50.0,76.66666666666667,16.666666666666664,83.33333333333334,30.0,83.33333333333334,80.0,30.0
PL1516,Fraser Forster,Southampton,483,18,411,0.8509316770186336,16.54501216545012,9.002433090024331,45.49878345498784,28.953771289537713,74.45255474452554,0.6115319676254206,0.639751552795031,0.028219585169610345,28,0.5357142857142857,0.49583261089674335,0.03988167481754241,455,0.6461538461538462,0.6186519280394931,0.027501918114352996,18,0.6428571428571429,393,0.8637362637362638,-2.3324851569126395,411,0.8509316770186336,33.33333333333333,46.95863746958637,19.708029197080293,143,85.47008547008546,0.6503496503496503,0.5765230526533778,14.285714285714285,69.15113871635612,83.4368530020704,-54.86542443064183,USE_ACCEPTED_R32A_CALIBRATION_RANK_SENSITIVITY,53.333333333333336,30.0,16.666666666666664,66.66666666666666,83.33333333333334,83.33333333333334,3.3333333333333335,43.333333333333336,80.0,41.66666666666667,80.0,40.0,76.66666666666667,33.33333333333333,43.333333333333336,3.3333333333333335,80.0,33.33333333333333,13.333333333333334,33.33333333333333,60.0,16.666666666666664,53.333333333333336,73.33333333333333,100.0,3.3333333333333335,73.33333333333333,76.66666666666667,3.3333333333333335,76.66666666666667,36.666666666666664,96.66666666666667,70.0
PL1516,Glyn Oliver Myhill,West Bromwich Albion,654,23,496,0.7584097859327217,16.532258064516128,6.451612903225806,48.79032258064516,28.225806451612907,77.01612903225806,0.6370706471619307,0.5932721712538226,-0.04379847590810815,24,0.4583333333333333,0.49480864001717445,-0.03647530668384106,630,0.5984126984126984,0.6424901521960168,-0.04407745378331833,18,0.75,478,0.7587301587301587,23.84937238493724,496,0.7584097859327217,21.370967741935484,33.266129032258064,45.36290322580645,204,91.85185185185185,0.4950980392156863,0.5923911748026222,7.492354740061162,71.10091743119266,78.59327217125383,-63.608562691131496,USE_ACCEPTED_R32A_CALIBRATION_RANK_SENSITIVITY,10.0,26.666666666666668,6.666666666666667,80.0,80.0,93.33333333333333,16.666666666666664,23.333333333333332,36.666666666666664,30.0,40.0,36.666666666666664,40.0,46.666666666666664,23.333333333333332,13.333333333333334,36.666666666666664,33.33333333333333,48.333333333333336,40.0,10.0,90.0,10.0,3.3333333333333335,73.33333333333333,90.0,86.66666666666667,10.0,26.666666666666668,63.33333333333333,50.0,60.0,60.0
PL1516,Heurelho da Silva Gomes,Watford,1118,38,936,0.8372093023255814,17.735042735042736,10.897435897435898,41.98717948717949,29.38034188034188,71.36752136752136,0.6651297823699508,0.6440071556350626,-0.021122626734888232,31,0.4838709677419355,0.5013207497358232,-0.017449781993887695,1087,0.6485740570377185,0.6698014291148063,-0.021227372077087883,22,0.7096774193548387,914,0.8408463661453542,6.047344340560969,936,0.8372093023255814,38.034188034188034,37.39316239316239,24.57264957264957,370,92.9054054054054,0.5918918918918918,0.5952436757680496,2.415026833631485,72.98747763864043,75.40250447227191,-70.57245080500894,USE_ACCEPTED_R32A_CALIBRATION_RANK_SENSITIVITY,41.66666666666667,33.33333333333333,33.33333333333333,53.333333333333336,86.66666666666667,73.33333333333333,60.0,50.0,53.333333333333336,55.00000000000001,48.333333333333336,70.0,50.0,90.0,46.666666666666664,50.0,53.333333333333336,50.0,31.666666666666664,93.33333333333333,40.0,33.33333333333333,41.66666666666667,86.66666666666667,90.0,6.666666666666667,90.0,36.666666666666664,43.333333333333336,16.666666666666664,60.0,10.0,33.33333333333333
PL1516,Hugo Lloris,Tottenham Hotspur,1208,37,1058,0.8758278145695364,41.77693761814745,21.361058601134218,25.99243856332703,10.869565217391305,36.86200378071834,0.6720638453702577,0.7367549668874173,0.06469112151715957,84,0.6666666666666666,0.5059034593771844,0.16076320728948212,1124,0.7419928825622776,0.6844815254622667,0.057511357100010894,73,0.8690476190476191,985,0.8763345195729537,1.6048953480286414,1058,0.8758278145695364,43.10018903591683,26.08695652173913,30.812854442344044,244,47.593582887700535,0.6311475409836066,0.6016432350740467,64.48675496688742,15.64569536423841,80.13245033112582,48.84105960264901,USE_ACCEPTED_R32A_CALIBRATION_RANK_SENSITIVITY,90.0,93.33333333333333,100.0,3.3333333333333335,20.0,3.3333333333333335,76.66666666666667,96.66666666666667,93.33333333333333,100.0,98.33333333333333,80.0,96.66666666666667,93.33333333333333,93.33333333333333,80.0,93.33333333333333,100.0,96.66666666666667,98.33333333333333,83.33333333333334,23.333333333333332,90.0,96.66666666666667,16.666666666666664,23.333333333333332,3.3333333333333335,70.0,63.33333333333333,96.66666666666667,3.3333333333333335,76.66666666666667,100.0
PL1516,Jack Butland,Stoke City,1006,31,820,0.8151093439363817,30.609756097560975,8.414634146341465,37.68292682926829,23.29268292682927,60.97560975609756,0.6562103829858545,0.617296222664016,-0.03891416032183859,41,0.4634146341463415,0.4963383169669259,-0.03292368282058437,965,0.6238341968911917,0.6630028749099748,-0.039168678018783064,31,0.7560975609756098,789,0.8176165803108808,20.442372950652114,820,0.8151093439363817,29.634146341463413,28.292682926829265,42.073170731707314,282,77.39130434782608,0.5780141843971631,0.6009536230865112,12.922465208747516,64.91053677932406,77.83300198807157,-51.988071570576544,USE_ACCEPTED_R32A_CALIBRATION_RANK_SENSITIVITY,33.33333333333333,63.33333333333333,13.333333333333334,40.0,73.33333333333333,53.333333333333336,40.0,36.666666666666664,40.0,70.0,43.333333333333336,46.666666666666664,46.666666666666664,83.33333333333334,33.33333333333333,33.33333333333333,40.0,68.33333333333333,56.666666666666664,83.33333333333334,30.0,80.0,33.33333333333333,46.666666666666664,26.666666666666668,70.0,46.666666666666664,33.33333333333333,56.666666666666664,70.0,30.0,43.333333333333336,73.33333333333333
PL1516,Joe Hart,Manchester City,843,35,731,0.867141162514828,35.15731874145007,10.94391244870041,38.44049247606019,15.45827633378933,53.898768809849514,0.6649549191728571,0.6737841043890866,0.008829185216229468,40,0.3,0.4839180974434466,-0.18391809744344667,803,0.6924034869240349,0.6739729426712089,0.01843054425282604,26,0.65,705,0.8779576587795765,15.89743589743589,731,0.867141162514828,31.19015047879617,28.59097127222982,40.21887824897401,219,73.224043715847,0.6438356164383562,0.5888594271546441,7.947805456702254,70.46263345195729,78.41043890865956,-62.51482799525503,USE_ACCEPTED_R32A_CALIBRATION_RANK_SENSITIVITY,70.0,76.66666666666667,36.666666666666664,43.333333333333336,46.666666666666664,33.33333333333333,56.666666666666664,73.33333333333333,70.0,66.66666666666666,10.0,23.333333333333332,10.0,60.0,73.33333333333333,56.666666666666664,73.33333333333333,60.0,16.666666666666664,63.33333333333333,90.0,66.66666666666666,70.0,63.33333333333333,40.0,53.333333333333336,40.0,73.33333333333333,23.333333333333332,66.66666666666666,40.0,56.666666666666664,63.33333333333333
PL1516,Joel Robles Blázquez,Everton,473,13,399,0.8435517970401691,31.32832080200501,11.528822055137844,36.09022556390977,21.052631578947366,57.14285714285714,0.6524661443320926,0.6215644820295984,-0.03090166230249438,30,0.5,0.47361354651116694,0.026386453488833155,443,0.6297968397291196,0.6645780584057445,-0.03478121867662491,22,0.7333333333333333,377,0.8510158013544018,11.683144441765123,399,0.8435517970401691,34.08521303258145,28.32080200501253,37.59398496240601,134,68.51851851851852,0.5970149253731343,0.6147935132964067,2.748414376321353,74.84143763213531,77.58985200845666,-72.09302325581396,USE_ACCEPTED_R32A_CALIBRATION_RANK_SENSITIVITY,46.666666666666664,70.0,43.333333333333336,30.0,66.66666666666666,43.333333333333336,26.666666666666668,40.0,46.666666666666664,50.0,66.66666666666666,13.333333333333334,73.33333333333333,30.0,36.666666666666664,43.333333333333336,46.666666666666664,50.0,40.0,26.666666666666668,53.333333333333336,53.333333333333336,46.666666666666664,83.33333333333334,30.0,43.333333333333336,23.333333333333332,43.333333333333336,86.66666666666667,23.333333333333332,80.0,40.0,23.333333333333332
PL1516,John Ruddy,Norwich City,900,27,772,0.8577777777777778,22.279792746113987,17.357512953367877,43.134715025906736,17.2279792746114,60.362694300518136,0.6569652716661896,0.65,-0.006965271666189666,31,0.4838709677419355,0.4645393043153666,0.019331663426568873,869,0.6559263521288837,0.663829719293204,-0.00790336716432029,22,0.7096774193548387,750,0.8630609896432682,-1.309090909090905,772,0.8577777777777778,33.54922279792746,31.21761658031088,35.233160621761655,250,80.97560975609757,0.592,0.5956746790265806,5.888888888888888,71.11111111111111,77.0,-65.22222222222223,USE_ACCEPTED_R32A_CALIBRATION_RANK_SENSITIVITY,60.0,43.333333333333336,90.0,56.666666666666664,50.0,50.0,43.333333333333336,56.666666666666664,60.0,55.00000000000001,48.333333333333336,6.666666666666667,70.0,66.66666666666666,53.333333333333336,40.0,60.0,50.0,31.666666666666664,70.0,56.666666666666664,20.0,60.0,80.0,56.666666666666664,40.0,50.0,40.0,46.666666666666664,50.0,53.333333333333336,33.33333333333333,50.0
PL1516,Karl Darlow,Newcastle United,245,9,198,0.8081632653061225,14.646464646464647,14.14141414141414,52.02020202020202,19.19191919191919,71.21212121212122,0.6548015092299199,0.6040816326530613,-0.0507198765768587,10,0.4,0.5259321763713187,-0.12593217637131882,235,0.6127659574468085,0.6602853106281582,-0.047519353181349755,7,0.7,191,0.8127659574468085,15.033657442034396,198,0.8081632653061225,24.242424242424242,32.323232323232325,43.43434343434344,75,83.33333333333334,0.6,0.5950788676855442,2.857142857142857,75.91836734693878,78.77551020408163,-73.06122448979592,USE_ACCEPTED_R32A_CALIBRATION_RANK_SENSITIVITY,30.0,13.333333333333334,73.33333333333333,86.66666666666667,56.666666666666664,70.0,36.666666666666664,26.666666666666668,26.666666666666668,10.0,25.0,93.33333333333333,20.0,6.666666666666667,26.666666666666668,30.0,33.33333333333333,10.0,26.666666666666668,6.666666666666667,26.666666666666668,60.0,30.0,6.666666666666667,66.66666666666666,76.66666666666667,55.00000000000001,46.666666666666664,40.0,26.666666666666668,86.66666666666667,63.33333333333333,16.666666666666664
PL1516,Kasper Schmeichel,Leicester City,1215,38,914,0.7522633744855967,9.409190371991247,10.831509846827133,41.46608315098469,38.29321663019694,79.75929978118161,0.6256038730021029,0.5374485596707819,-0.08815531333132103,47,0.574468085106383,0.49373887022570817,0.08072921488067482,1168,0.535958904109589,0.6309100845864271,-0.09495118047683798,37,0.7872340425531915,877,0.7508561643835616,4.194274091651522,914,0.7522633744855967,29.64989059080963,28.555798687089716,41.79431072210066,326,94.46808510638299,0.5061349693251533,0.5809391856087767,2.4691358024691357,76.95473251028807,79.42386831275721,-74.48559670781893,USE_ACCEPTED_R32A_CALIBRATION_RANK_SENSITIVITY,6.666666666666667,3.3333333333333335,30.0,50.0,100.0,96.66666666666667,10.0,3.3333333333333335,6.666666666666667,76.66666666666667,86.66666666666667,33.33333333333333,86.66666666666667,100.0,3.3333333333333335,10.0,6.666666666666667,76.66666666666667,60.0,90.0,6.666666666666667,30.0,6.666666666666667,50.0,36.666666666666664,63.33333333333333,96.66666666666667,13.333333333333334,6.666666666666667,20.0,93.33333333333333,66.66666666666666,6.666666666666667
PL1516,Maarten Stekelenburg,Southampton,464,17,399,0.8599137931034483,38.34586466165413,8.020050125313283,33.583959899749374,20.050125313283207,53.63408521303258,0.6426152890923342,0.6831896551724138,0.04057436608007962,29,0.3448275862068966,0.4633313708183183,-0.11850378461142166,435,0.7057471264367816,0.6545675503106019,0.0511795761261797,21,0.7241379310344828,378,0.8689655172413793,23.809523809523803,399,0.8599137931034483,32.83208020050125,41.35338345864661,25.81453634085213,125,71.81818181818181,0.672,0.587112860555125,7.327586206896551,74.78448275862068,82.11206896551724,-67.45689655172413,USE_ACCEPTED_R32A_CALIBRATION_RANK_SENSITIVITY,63.33333333333333,90.0,10.0,20.0,63.33333333333333,30.0,20.0,76.66666666666667,83.33333333333334,46.666666666666664,16.666666666666664,3.3333333333333335,23.333333333333332,26.666666666666668,76.66666666666667,23.333333333333332,86.66666666666667,43.333333333333336,36.666666666666664,30.0,66.66666666666666,86.66666666666667,63.33333333333333,66.66666666666666,96.66666666666667,10.0,33.33333333333333,90.0,20.0,60.0,76.66666666666667,86.66666666666667,46.666666666666664
PL1516,Mark Bunn,Aston Villa,269,10,210,0.7806691449814126,15.238095238095239,9.523809523809524,64.76190476190476,10.476190476190476,75.23809523809524,0.6531980166320849,0.5762081784386617,-0.07698983819342324,5,0.4,0.5073439951050757,-0.10734399510507568,264,0.5795454545454546,0.6559604034034298,-0.07641494885797528,3,0.6,207,0.7840909090909091,-42.512077294685994,210,0.7806691449814126,28.57142857142857,29.04761904761905,42.38095238095238,98,93.42105263157895,0.47959183673469385,0.6011006317710541,1.858736059479554,74.34944237918215,76.2081784386617,-72.4907063197026,USE_ACCEPTED_R32A_CALIBRATION_RANK_SENSITIVITY,20.0,16.666666666666664,20.0,100.0,16.666666666666664,86.66666666666667,30.0,13.333333333333334,16.666666666666664,3.3333333333333335,25.0,83.33333333333334,26.666666666666668,11.666666666666666,13.333333333333334,26.666666666666668,10.0,5.0,10.0,10.0,20.0,3.3333333333333335,20.0,33.33333333333333,46.666666666666664,73.33333333333333,93.33333333333333,3.3333333333333335,60.0,6.666666666666667,70.0,23.333333333333332,20.0
PL1516,Petr Čech,Arsenal,1025,34,901,0.8790243902439024,31.076581576026634,13.20754716981132,35.96004439511653,19.755826859045506,55.71587125416204,0.6819080722621469,0.7082926829268292,0.02638461066468231,53,0.6037735849056604,0.5002368108174262,0.10353677408823408,972,0.7139917695473251,0.6918140155302233,0.022177754017101814,40,0.7547169811320755,861,0.8858024691358025,14.947735191637626,901,0.8790243902439024,33.074361820199776,32.075471698113205,34.85016648168702,249,83.66336633663366,0.6144578313253012,0.6085828542557908,55.51219512195122,19.902439024390244,75.41463414634147,35.609756097560975,USE_ACCEPTED_R32A_CALIBRATION_RANK_SENSITIVITY,93.33333333333333,66.66666666666666,70.0,26.666666666666668,60.0,40.0,83.33333333333334,80.0,76.66666666666667,86.66666666666667,93.33333333333333,66.66666666666666,93.33333333333333,86.66666666666667,80.0,83.33333333333334,76.66666666666667,83.33333333333334,53.333333333333336,86.66666666666667,96.66666666666667,56.666666666666664,93.33333333333333,70.0,63.33333333333333,33.33333333333333,60.0,56.666666666666664,76.66666666666667,83.33333333333334,20.0,13.333333333333334,83.33333333333334
PL1516,Rob Elliot,Newcastle United,685,21,603,0.8802919708029197,16.417910447761194,11.11111111111111,57.2139303482587,15.257048092868988,72.4709784411277,0.6738791870899936,0.6437956204379562,-0.030083566652037416,33,0.3939393939393939,0.5385247695274018,-0.1445853755880078,652,0.656441717791411,0.6807299474881002,-0.02428822969668923,29,0.8787878787878788,574,0.8803680981595092,3.562417397572986,603,0.8802919708029197,29.187396351575458,27.197346600331674,43.61525704809287,198,83.33333333333334,0.6666666666666666,0.629166442648059,59.56204379562043,18.394160583941606,77.95620437956204,41.16788321167883,USE_ACCEPTED_R32A_CALIBRATION_RANK_SENSITIVITY,100.0,23.333333333333332,40.0,96.66666666666667,43.333333333333336,76.66666666666667,80.0,46.666666666666664,50.0,60.0,20.0,100.0,16.666666666666664,50.0,56.666666666666664,76.66666666666667,50.0,63.33333333333333,100.0,50.0,93.33333333333333,26.666666666666668,100.0,43.333333333333336,20.0,80.0,55.00000000000001,86.66666666666667,93.33333333333333,90.0,6.666666666666667,50.0,90.0
PL1516,Simon Mignolet,Liverpool,929,34,817,0.8794402583423035,44.67564259485924,12.239902080783354,32.19094247246022,10.893512851897185,43.08445532435741,0.6541544045754417,0.7459634015069968,0.09180899693155499,49,0.5714285714285714,0.49287135486866296,0.07855721655990847,880,0.7556818181818182,0.6631349380250239,0.09254688015679441,36,0.7346938775510204,781,0.8875,7.2343149807938545,817,0.8794402583423035,27.050183598531213,37.9436964504284,35.00611995104039,231,64.07766990291263,0.7186147186147186,0.5846549679381633,5.705059203444564,74.3810548977395,80.08611410118407,-68.67599569429494,USE_ACCEPTED_R32A_CALIBRATION_RANK_SENSITIVITY,96.66666666666667,96.66666666666667,46.666666666666664,16.666666666666664,23.333333333333332,10.0,33.33333333333333,100.0,100.0,81.66666666666667,83.33333333333334,30.0,83.33333333333334,73.33333333333333,100.0,36.666666666666664,100.0,73.33333333333333,43.333333333333336,80.0,100.0,40.0,96.66666666666667,20.0,93.33333333333333,36.666666666666664,16.666666666666664,96.66666666666667,13.333333333333334,46.666666666666664,73.33333333333333,73.33333333333333,36.666666666666664
PL1516,Thibaut Courtois,Chelsea,632,23,544,0.8607594936708861,35.661764705882355,12.5,36.94852941176471,14.88970588235294,51.83823529411765,0.6862807048566265,0.6724683544303798,-0.013812350426246827,24,0.4166666666666667,0.4814430061643566,-0.06477633949768989,608,0.6825657894736842,0.6943664034892162,-0.011800614015531974,18,0.75,526,0.8651315789473685,15.335868187579209,544,0.8607594936708861,24.448529411764707,31.61764705882353,43.93382352941176,167,63.57142857142857,0.6287425149700598,0.6043992708674325,56.17088607594937,19.303797468354432,75.4746835443038,36.86708860759494,USE_ACCEPTED_R32A_CALIBRATION_RANK_SENSITIVITY,66.66666666666666,80.0,53.333333333333336,33.33333333333333,40.0,26.666666666666668,86.66666666666667,70.0,56.666666666666664,30.0,36.666666666666664,20.0,33.33333333333333,43.333333333333336,70.0,86.66666666666667,56.666666666666664,33.33333333333333,48.333333333333336,43.333333333333336,63.33333333333333,63.33333333333333,66.66666666666666,10.0,60.0,83.33333333333334,13.333333333333334,66.66666666666666,70.0,86.66666666666667,10.0,16.666666666666664,86.66666666666667
PL1516,Tim Howard,Everton,800,25,699,0.87375,47.21030042918455,12.589413447782546,31.759656652360512,8.44062947067239,40.2002861230329,0.6924351550753586,0.73625,0.043814844924641376,39,0.41025641025641024,0.46760313912560253,-0.05734672886919224,761,0.7529566360052562,0.7039574265892096,0.04899920941604678,31,0.7948717948717948,668,0.8777923784494087,45.69731504732471,699,0.87375,30.042918454935624,35.622317596566525,34.33476394849785,232,57.2972972972973,0.6594827586206896,0.5928490195761559,7.249999999999999,68.0,75.25,-60.75,USE_ACCEPTED_R32A_CALIBRATION_RANK_SENSITIVITY,86.66666666666667,100.0,56.666666666666664,13.333333333333334,3.3333333333333335,6.666666666666667,90.0,93.33333333333333,86.66666666666667,63.33333333333333,33.33333333333333,10.0,36.666666666666664,53.333333333333336,96.66666666666667,96.66666666666667,83.33333333333334,68.33333333333333,63.33333333333333,60.0,86.66666666666667,100.0,86.66666666666667,56.666666666666664,86.66666666666667,30.0,10.0,80.0,30.0,56.666666666666664,33.33333333333333,3.3333333333333335,66.66666666666666
PL1516,Timothy Michael Krul,Newcastle United,278,8,224,0.8057553956834532,28.57142857142857,20.089285714285715,38.839285714285715,12.5,51.33928571428571,0.6943752823429955,0.658273381294964,-0.036101901048031515,14,0.5,0.5346478896587781,-0.03464788965877822,264,0.6666666666666666,0.7028456743792798,-0.03617900771261313,8,0.5714285714285714,216,0.8181818181818182,-27.314814814814817,224,0.8057553956834532,27.67857142857143,25.44642857142857,46.875,70,72.54901960784314,0.6285714285714286,0.636104754157612,64.74820143884892,19.784172661870503,84.53237410071942,44.964028776978424,USE_ACCEPTED_R32A_CALIBRATION_RANK_SENSITIVITY,26.666666666666668,56.666666666666664,96.66666666666667,46.666666666666664,33.33333333333333,23.333333333333332,96.66666666666667,60.0,43.333333333333336,16.666666666666664,66.66666666666666,96.66666666666667,43.333333333333336,11.666666666666666,60.0,93.33333333333333,43.333333333333336,13.333333333333334,6.666666666666667,13.333333333333334,33.33333333333333,6.666666666666667,26.666666666666668,26.666666666666668,13.333333333333334,93.33333333333333,36.666666666666664,63.33333333333333,96.66666666666667,100.0,16.666666666666664,100.0,96.66666666666667
PL1516,Vito Mannone,Sunderland,626,19,546,0.8722044728434505,16.117216117216117,9.706959706959708,46.88644688644688,27.28937728937729,74.17582417582418,0.6439881279924041,0.5878594249201278,-0.05612870307227641,22,0.4090909090909091,0.49777819363946424,-0.08868728454855532,604,0.5943708609271523,0.6493136554026107,-0.0549427944754583,18,0.8181818181818182,528,0.8741721854304636,9.469696969696983,546,0.8722044728434505,27.655677655677657,28.388278388278387,43.956043956043956,165,88.63636363636364,0.4909090909090909,0.5946284887771996,1.9169329073482428,73.48242811501598,75.39936102236422,-71.56549520766774,USE_ACCEPTED_R32A_CALIBRATION_RANK_SENSITIVITY,80.0,20.0,23.333333333333332,76.66666666666667,76.66666666666667,80.0,23.333333333333332,20.0,23.333333333333332,23.333333333333332,30.0,53.333333333333336,30.0,40.0,20.0,20.0,20.0,33.33333333333333,76.66666666666667,46.666666666666664,76.66666666666667,50.0,80.0,23.333333333333332,33.33333333333333,86.66666666666667,83.33333333333334,6.666666666666667,36.666666666666664,10.0,63.33333333333333,6.666666666666667,26.666666666666668
PL1516,Wayne Hennessey,Crystal Palace,861,29,670,0.778164924506388,22.83582089552239,12.686567164179104,28.955223880597014,35.52238805970149,64.4776119402985,0.6620493859514239,0.6155632984901278,-0.04648608746129621,45,0.4888888888888889,0.49631081268266236,-0.007421923793773417,816,0.6225490196078431,0.6711893808008041,-0.04864036119296107,38,0.8444444444444444,632,0.7745098039215687,18.129580279813453,670,0.778164924506388,33.43283582089553,33.582089552238806,32.985074626865675,245,84.18079096045197,0.563265306122449,0.6042673782914697,6.039488966318235,73.75145180023229,79.79094076655052,-67.71196283391406,USE_ACCEPTED_R32A_CALIBRATION_RANK_SENSITIVITY,16.666666666666664,50.0,60.0,6.666666666666667,96.66666666666667,56.666666666666664,50.0,33.33333333333333,33.33333333333333,73.33333333333333,56.666666666666664,43.333333333333336,60.0,63.33333333333333,30.0,53.333333333333336,30.0,80.0,90.0,53.333333333333336,16.666666666666664,73.33333333333333,16.666666666666664,76.66666666666667,76.66666666666667,26.666666666666668,63.33333333333333,26.666666666666668,66.66666666666666,53.333333333333336,66.66666666666666,70.0,43.333333333333336
PL1516,Łukasz Fabiański,Swansea City,1202,37,1049,0.872712146422629,38.22688274547188,14.585319351763584,37.65490943755958,9.532888465204957,47.18779790276454,0.6681467081201161,0.721297836938436,0.05315112881831983,76,0.4868421052631579,0.49723451871028584,-0.010392413447128063,1126,0.7371225577264654,0.679682521970158,0.057440035756307434,64,0.8421052631578947,985,0.8747779751332149,17.97112944162437,1049,0.872712146422629,28.789323164918972,22.8789323164919,48.33174451858913,299,71.78423236514523,0.6153846153846154,0.5932492862658536,5.574043261231281,70.46589018302829,76.03993344425956,-64.89184692179701,USE_ACCEPTED_R32A_CALIBRATION_RANK_SENSITIVITY,83.33333333333334,86.66666666666667,76.66666666666667,36.666666666666664,6.666666666666667,16.666666666666664,66.66666666666666,90.0,90.0,96.66666666666667,53.333333333333336,50.0,56.666666666666664,96.66666666666667,90.0,70.0,90.0,96.66666666666667,86.66666666666667,98.33333333333333,80.0,70.0,83.33333333333334,40.0,3.3333333333333335,100.0,30.0,60.0,33.33333333333333,40.0,43.333333333333336,20.0,56.666666666666664
T2024,Alexander Domínguez Carabalí,Ecuador,104,4,82,0.7884615384615384,47.5609756097561,14.634146341463413,10.975609756097562,26.82926829268293,37.80487804878049,0.7265730195464198,0.6538461538461539,-0.07272686570026608,14,0.5,0.6678769235168124,-0.16787692351681235,90,0.6777777777777778,0.7357035233732478,-0.05792574559547,9,0.6428571428571429,73,0.8111111111111111,7.458143074581429,82,0.7884615384615384,30.48780487804878,23.170731707317074,46.34146341463415,25,54.166666666666664,0.64,0.7100544893518683,8.653846153846153,72.11538461538461,80.76923076923077,-63.46153846153846,USE_ACCEPTED_R32A_CALIBRATION_RANK_SENSITIVITY,5.0,37.5,50.0,12.5,97.5,67.5,7.5,17.5,25.0,46.25,28.749999999999996,80.0,22.5,40.0,15.0,7.5,27.500000000000004,36.25,7.5,27.500000000000004,5.0,30.0,5.0,30.0,12.5,100.0,67.5,25.0,62.5,47.5,47.5,37.5,52.5
T2024,Alisson Ramsés Becker,Brazil,133,4,126,0.9473684210526315,73.80952380952381,16.666666666666664,3.968253968253968,5.555555555555555,9.523809523809524,0.7849202774757651,0.924812030075188,0.1398917525994229,19,0.8947368421052632,0.6634946705547516,0.2312421715505116,114,0.9298245614035088,0.8051578786292672,0.12466668277424148,16,0.8421052631578947,110,0.9649122807017544,-3.75,126,0.9473684210526315,35.714285714285715,36.507936507936506,27.77777777777778,24,17.391304347826086,0.9166666666666666,0.7259496218324551,7.518796992481203,77.44360902255639,84.9624060150376,-69.92481203007519,USE_ACCEPTED_R32A_CALIBRATION_RANK_SENSITIVITY,68.75,97.5,67.5,2.5,22.5,5.0,87.5,100.0,100.0,62.5,100.0,77.5,100.0,57.49999999999999,97.5,80.0,100.0,63.74999999999999,42.5,66.25,68.75,12.5,68.75,55.00000000000001,82.5,10.0,10.0,95.0,87.5,37.5,72.5,60.0,35.0
T2024,Anatolii Trubin,Ukraine,70,2,66,0.9428571428571428,65.15151515151516,12.121212121212121,21.21212121212121,1.5151515151515151,22.727272727272727,0.7769254315967526,0.8142857142857143,0.03736028268896154,7,0.5714285714285714,0.6304287019598337,-0.05900013053126222,63,0.8412698412698413,0.7932028460008547,0.0480669952689864,5,0.7142857142857143,61,0.9682539682539683,-2.9508196721311464,66,0.9428571428571428,36.36363636363637,34.84848484848485,28.78787878787879,13,41.66666666666667,0.6923076923076923,0.6660590316592679,7.142857142857142,81.42857142857143,88.57142857142857,-74.28571428571429,USE_ACCEPTED_R32A_CALIBRATION_RANK_SENSITIVITY,62.5,87.5,32.5,57.49999999999999,7.5,27.500000000000004,70.0,68.75,70.0,16.25,46.25,27.500000000000004,47.5,5.0,67.5,67.5,72.5,11.25,15.0,10.0,77.5,15.0,62.5,65.0,72.5,15.0,48.75,42.5,2.5,33.75,93.75,90.0,17.5
T2024,Angus Gunn,Scotland,115,3,105,0.9130434782608695,36.19047619047619,3.8095238095238098,41.904761904761905,18.095238095238095,60.0,0.7465890580974403,0.6956521739130435,-0.05093688418439678,21,0.5714285714285714,0.6184371256839118,-0.047008554255340264,94,0.723404255319149,0.7752187451259945,-0.05181448980684556,19,0.9047619047619048,86,0.9148936170212766,16.70746634026927,105,0.9130434782608695,30.476190476190478,26.666666666666668,42.857142857142854,22,88.23529411764706,0.5,0.6716258362359148,3.4782608695652173,83.47826086956522,86.95652173913044,-80.0,USE_ACCEPTED_R32A_CALIBRATION_RANK_SENSITIVITY,32.5,22.5,2.5,95.0,80.0,95.0,20.0,32.5,32.5,70.0,46.25,12.5,50.0,42.5,32.5,32.5,30.0,72.5,52.5,42.5,35.0,47.5,32.5,27.500000000000004,27.500000000000004,87.5,100.0,3.75,7.5,5.0,100.0,82.5,2.5
T2024,Bart Verbruggen,Netherlands,208,6,204,0.9807692307692307,61.76470588235294,12.745098039215685,19.607843137254903,5.88235294117647,25.49019607843137,0.7615849779219608,0.8894230769230769,0.12783809900111606,22,0.8636363636363636,0.6489158072644856,0.21472055637187806,186,0.8924731182795699,0.7749114389674686,0.11756167931210118,21,0.9545454545454546,183,0.9838709677419355,-1.87353629976581,204,0.9807692307692307,26.96078431372549,40.68627450980392,32.35294117647059,22,38.095238095238095,0.8636363636363636,0.6964388352858141,9.134615384615383,79.8076923076923,88.9423076923077,-70.67307692307692,USE_ACCEPTED_R32A_CALIBRATION_RANK_SENSITIVITY,97.5,80.0,40.0,50.0,26.25,37.5,37.5,95.0,97.5,77.5,97.5,60.0,97.5,90.0,87.5,30.0,97.5,78.75,66.25,95.0,95.0,17.5,97.5,15.0,92.5,38.75,30.0,80.0,42.5,50.0,80.0,92.5,32.5
T2024,Camilo Andrés Vargas Gil,Colombia,213,6,176,0.8262910798122066,55.11363636363637,9.090909090909092,14.772727272727273,21.022727272727273,35.79545454545455,0.7464554481322165,0.7276995305164319,-0.018755917615784636,23,0.4782608695652174,0.678430526884441,-0.20016965731922368,190,0.7578947368421053,0.7546900438622105,0.0032046929798948244,13,0.5652173913043478,163,0.8578947368421053,36.10193487494101,176,0.8262910798122066,35.22727272727273,28.40909090909091,36.36363636363637,59,50.0,0.711864406779661,0.7166332349294402,64.31924882629107,23.474178403755868,87.79342723004694,40.8450704225352,USE_ACCEPTED_R32A_CALIBRATION_RANK_SENSITIVITY,7.5,55.00000000000001,12.5,25.0,90.0,62.5,17.5,40.0,45.0,83.75,22.5,90.0,20.0,93.75,40.0,17.5,52.5,57.49999999999999,5.0,90.0,12.5,85.0,7.5,50.0,32.5,58.75,61.25000000000001,47.5,72.5,95.0,12.5,85.0,90.0
T2024,Claudio Andrés Bravo Muñoz,Chile,77,2,69,0.8961038961038961,34.78260869565217,28.985507246376812,15.942028985507244,20.28985507246377,36.231884057971016,0.7799269824227099,0.6883116883116883,-0.0916152941110214,7,0.7142857142857143,0.6731012724268961,0.0411844418588182,70,0.6857142857142857,0.7906095534222911,-0.10489526770800535,7,1.0,62,0.8857142857142857,-8.525345622119815,69,0.8961038961038961,50.72463768115942,28.985507246376812,20.28985507246377,16,41.66666666666667,0.625,0.7231309389046967,3.896103896103896,75.32467532467533,79.22077922077922,-71.42857142857143,USE_ACCEPTED_R32A_CALIBRATION_RANK_SENSITIVITY,30.0,20.0,100.0,32.5,87.5,65.0,75.0,25.0,15.0,16.25,73.75,85.0,70.0,16.25,20.0,62.5,10.0,22.5,88.75,16.25,22.5,7.5,30.0,97.5,40.0,5.0,48.75,17.5,82.5,7.5,70.0,20.0,27.500000000000004
T2024,Damián Emiliano Martínez,Argentina,217,6,203,0.9354838709677419,69.45812807881774,9.35960591133005,6.403940886699508,14.77832512315271,21.182266009852217,0.7620472103438017,0.8433179723502304,0.08127076200642865,27,0.8148148148148148,0.64462685466329,0.1701879601515247,190,0.8473684210526315,0.7787332608878746,0.06863516016475708,25,0.9259259259259259,178,0.9368421052631579,-5.910112359550563,203,0.9354838709677419,36.94581280788177,31.03448275862069,32.01970443349754,34,43.75,0.7352941176470589,0.6955382930760601,18.433179723502306,60.82949308755761,79.26267281105991,-42.3963133640553,USE_ACCEPTED_R32A_CALIBRATION_RANK_SENSITIVITY,57.49999999999999,95.0,15.0,7.5,72.5,17.5,42.5,75.0,82.5,87.5,92.5,55.00000000000001,92.5,93.75,70.0,45.0,75.0,87.5,57.49999999999999,92.5,52.5,10.0,57.49999999999999,70.0,62.5,32.5,52.5,57.49999999999999,40.0,80.0,25.0,22.5,80.0
T2024,Diogo Meireles Costa,Portugal,153,5,150,0.9803921568627451,66.66666666666666,24.666666666666668,5.333333333333334,3.3333333333333335,8.666666666666668,0.7928188398368732,0.9084967320261438,0.11567789218927065,20,0.75,0.6335821576597064,0.11641784234029366,133,0.9323308270676691,0.8167642055778005,0.11556662148986871,18,0.9,132,0.9924812030075187,21.717171717171716,150,0.9803921568627451,36.0,28.666666666666668,35.333333333333336,30,3.4482758620689653,0.9333333333333333,0.6951512620832112,15.032679738562091,66.01307189542483,81.04575163398692,-50.980392156862735,USE_ACCEPTED_R32A_CALIBRATION_RANK_SENSITIVITY,95.0,92.5,95.0,5.0,15.0,2.5,95.0,97.5,95.0,65.0,85.0,37.5,85.0,78.75,100.0,92.5,95.0,70.0,50.0,87.5,100.0,55.00000000000001,95.0,60.0,35.0,50.0,2.5,97.5,37.5,70.0,35.0,42.5,70.0
T2024,Dominik Livaković,Croatia,89,3,77,0.8651685393258427,63.63636363636363,10.38961038961039,18.181818181818183,7.792207792207792,25.97402597402597,0.7867345530677083,0.7865168539325843,-0.00021769913512419465,16,0.5,0.655385040662006,-0.15538504066200598,73,0.8493150684931506,0.8155234872936158,0.03379158119953484,12,0.75,65,0.8904109589041096,38.333333333333336,77,0.8651685393258427,14.285714285714285,49.35064935064935,36.36363636363637,15,23.076923076923077,0.8666666666666667,0.7184230624674972,6.741573033707865,73.03370786516854,79.7752808988764,-66.29213483146067,USE_ACCEPTED_R32A_CALIBRATION_RANK_SENSITIVITY,20.0,82.5,22.5,42.5,37.5,45.0,90.0,57.49999999999999,57.49999999999999,57.49999999999999,28.749999999999996,70.0,25.0,20.0,72.5,90.0,65.0,50.0,22.5,20.0,27.500000000000004,87.5,20.0,2.5,100.0,58.75,15.0,83.75,75.0,27.500000000000004,52.5,27.500000000000004,45.0
T2024,Fehmi Mert Günok,Turkey,127,4,124,0.9763779527559056,34.67741935483871,18.548387096774192,25.0,21.774193548387096,46.774193548387096,0.755930552882742,0.6771653543307087,-0.07876519855203318,21,0.5714285714285714,0.6416087646543249,-0.07018019322575356,106,0.6981132075471698,0.7785792090412019,-0.08046600149403199,21,1.0,103,0.9716981132075472,29.680998613037453,124,0.9763779527559056,37.096774193548384,25.0,37.903225806451616,30,56.666666666666664,0.6333333333333333,0.6831192746061824,3.937007874015748,80.31496062992126,84.25196850393701,-76.37795275590551,USE_ACCEPTED_R32A_CALIBRATION_RANK_SENSITIVITY,92.5,15.0,80.0,67.5,92.5,77.5,22.5,20.0,20.0,70.0,46.25,50.0,45.0,52.5,22.5,42.5,17.5,78.75,88.75,57.49999999999999,82.5,75.0,92.5,75.0,17.5,67.5,75.0,20.0,15.0,10.0,82.5,55.00000000000001,12.5
T2024,Florin Constantin Niţă,Romania,146,4,128,0.8767123287671232,31.25,10.9375,50.78125,7.03125,57.8125,0.7168443362262523,0.6438356164383562,-0.07300871978789626,11,0.5454545454545454,0.6250018520049484,-0.07954730655040289,135,0.6518518518518519,0.7243277979035438,-0.07247594605169201,8,0.7272727272727273,120,0.8888888888888888,5.000000000000007,128,0.8767123287671232,50.78125,13.28125,35.9375,46,73.68421052631578,0.5434782608695652,0.698645721056695,6.164383561643835,73.97260273972603,80.13698630136986,-67.8082191780822,USE_ACCEPTED_R32A_CALIBRATION_RANK_SENSITIVITY,25.0,10.0,27.500000000000004,100.0,32.5,92.5,5.0,15.0,22.5,36.25,37.5,20.0,42.5,83.75,12.5,5.0,20.0,30.0,20.0,75.0,25.0,27.500000000000004,25.0,100.0,2.5,55.00000000000001,95.0,7.5,45.0,25.0,55.00000000000001,32.5,40.0
T2024,Gianluigi Donnarumma,Italy,100,4,99,0.99,64.64646464646465,14.14141414141414,19.19191919191919,2.0202020202020203,21.21212121212121,0.7814816936977225,0.86,0.0785183063022774,16,0.75,0.6806800363284835,0.06931996367151652,84,0.8809523809523809,0.8006820093871014,0.08027037156527947,16,1.0,83,0.9880952380952381,19.427710843373493,99,0.99,32.323232323232325,36.36363636363637,31.313131313131315,16,18.75,0.875,0.7149453290038853,11.0,74.0,85.0,-63.0,USE_ACCEPTED_R32A_CALIBRATION_RANK_SENSITIVITY,100.0,85.0,47.5,47.5,10.0,20.0,80.0,85.0,80.0,57.49999999999999,85.0,95.0,75.0,32.5,82.5,75.0,80.0,63.74999999999999,88.75,38.75,97.5,50.0,100.0,37.5,80.0,27.500000000000004,12.5,87.5,70.0,52.5,57.49999999999999,62.5,55.00000000000001
T2024,Giorgi Mamardashvili,Georgia,122,4,102,0.8360655737704918,41.17647058823529,7.8431372549019605,33.33333333333333,17.647058823529413,50.98039215686274,0.7618933453447527,0.5737704918032787,-0.188122853541474,6,0.5,0.6476278118609406,-0.14762781186094068,116,0.5775862068965517,0.7678036315594327,-0.19021742466288089,5,0.8333333333333334,97,0.8362068965517241,-11.546391752577314,102,0.8360655737704918,36.27450980392157,18.627450980392158,45.09803921568628,44,61.111111111111114,0.5,0.6907789860207924,63.114754098360656,17.21311475409836,80.32786885245902,45.90163934426229,USE_ACCEPTED_R32A_CALIBRATION_RANK_SENSITIVITY,12.5,30.0,10.0,83.75,77.5,80.0,40.0,5.0,5.0,8.75,28.749999999999996,57.49999999999999,27.500000000000004,63.74999999999999,5.0,20.0,2.5,11.25,40.0,51.24999999999999,7.5,5.0,12.5,62.5,7.5,95.0,78.75,3.75,30.0,92.5,10.0,35.0,92.5
T2024,Guillermo Viscarra Bruckner,Bolivia,76,3,72,0.9473684210526315,34.72222222222222,9.722222222222223,33.33333333333333,22.22222222222222,55.55555555555556,0.7815340060111279,0.6052631578947368,-0.1762708481163909,7,0.42857142857142855,0.6390781865761953,-0.21050675800476684,69,0.6231884057971014,0.7959860456639468,-0.1727976398668455,5,0.7142857142857143,67,0.9710144927536232,26.268656716417908,72,0.9473684210526315,26.38888888888889,34.72222222222222,38.88888888888889,27,53.84615384615385,0.6666666666666666,0.7616019918518816,7.894736842105263,78.94736842105263,86.8421052631579,-71.05263157894737,USE_ACCEPTED_R32A_CALIBRATION_RANK_SENSITIVITY,68.75,17.5,17.5,83.75,95.0,88.75,82.5,7.5,7.5,16.25,15.0,45.0,15.0,12.5,10.0,72.5,7.5,11.25,15.0,22.5,80.0,62.5,68.75,10.0,70.0,80.0,65.0,33.75,100.0,42.5,77.5,80.0,30.0
T2024,Jahmali Waite,Jamaica,111,3,97,0.8738738738738738,58.76288659793815,15.463917525773196,18.556701030927837,7.216494845360824,25.773195876288657,0.7603342598236932,0.7477477477477478,-0.012586512075945543,22,0.5909090909090909,0.6277811358506614,-0.036872044941570516,89,0.7865168539325843,0.793100200581072,-0.00658334664848769,17,0.7727272727272727,80,0.898876404494382,32.94117647058824,97,0.8738738738738738,37.11340206185567,31.958762886597935,30.927835051546392,31,38.46153846153847,0.6774193548387096,0.6888825774177189,19.81981981981982,54.95495495495496,74.77477477477478,-35.13513513513514,USE_ACCEPTED_R32A_CALIBRATION_RANK_SENSITIVITY,22.5,70.0,55.00000000000001,45.0,35.0,42.5,35.0,47.5,50.0,77.5,52.5,22.5,55.00000000000001,37.5,50.0,65.0,45.0,67.5,25.0,35.0,30.0,80.0,22.5,77.5,65.0,22.5,32.5,40.0,25.0,82.5,20.0,5.0,82.5
T2024,Jan Oblak,Slovenia,128,4,117,0.9140625,24.786324786324787,19.65811965811966,41.88034188034188,13.675213675213676,55.55555555555556,0.7309981057811208,0.6953125,-0.03568560578112075,12,0.6666666666666666,0.6335155722868717,0.033151094379794986,116,0.6982758620689655,0.7410825057977672,-0.04280664372880167,12,1.0,105,0.9051724137931034,3.095238095238095,117,0.9140625,37.60683760683761,25.64102564102564,36.75213675213676,44,55.00000000000001,0.6363636363636364,0.6792440811618906,7.8125,80.46875,88.28125,-72.65625,USE_ACCEPTED_R32A_CALIBRATION_RANK_SENSITIVITY,35.0,7.5,85.0,92.5,62.5,88.75,10.0,30.0,42.5,41.25,67.5,35.0,65.0,63.74999999999999,25.0,10.0,35.0,50.0,88.75,60.0,32.5,25.0,35.0,80.0,20.0,62.5,72.5,22.5,10.0,40.0,85.0,87.5,22.5
T2024,Jindřich Staněk,Czech Republic,74,3,71,0.9594594594594594,32.3943661971831,15.492957746478872,38.028169014084504,14.084507042253522,52.112676056338024,0.7736977495321734,0.6891891891891891,-0.08450856034298412,9,0.4444444444444444,0.7063589434079843,-0.26191449896353997,65,0.7230769230769231,0.7830215842262918,-0.05994466114936872,9,1.0,62,0.9538461538461539,16.666666666666657,71,0.9594594594594594,32.3943661971831,29.577464788732392,38.028169014084504,24,69.56521739130434,0.7083333333333334,0.7346696343080389,5.405405405405405,81.08108108108108,86.48648648648648,-75.67567567567568,USE_ACCEPTED_R32A_CALIBRATION_RANK_SENSITIVITY,72.5,12.5,57.49999999999999,87.5,65.0,85.0,65.0,27.500000000000004,17.5,27.500000000000004,17.5,97.5,10.0,10.0,30.0,55.00000000000001,22.5,36.25,88.75,16.25,65.0,45.0,72.5,40.0,50.0,70.0,90.0,45.0,95.0,20.0,90.0,75.0,15.0
T2024,Jordan Pickford,England,304,7,283,0.930921052631579,49.46996466431096,15.19434628975265,24.381625441696116,10.954063604240282,35.3356890459364,0.7778496498486743,0.7631578947368421,-0.01469175511183229,51,0.6078431372549019,0.6507006040860449,-0.04285746683114302,253,0.7944664031620553,0.8034804851605089,-0.009014081998453452,50,0.9803921568627451,233,0.9209486166007905,25.098712446351936,283,0.930921052631579,26.501766784452297,29.328621908127207,44.16961130742049,50,62.7906976744186,0.72,0.7015450016056509,72.03947368421053,13.486842105263158,85.52631578947368,58.55263157894738,USE_ACCEPTED_R32A_CALIBRATION_RANK_SENSITIVITY,50.0,42.5,52.5,62.5,55.00000000000001,60.0,72.5,55.00000000000001,47.5,100.0,57.49999999999999,65.0,52.5,100.0,52.5,77.5,42.5,100.0,75.0,100.0,40.0,60.0,50.0,12.5,45.0,92.5,82.5,55.00000000000001,50.0,97.5,5.0,67.5,100.0
T2024,Julio José González Vela-Alvizu,Mexico,104,3,100,0.9615384615384616,74.0,10.0,11.0,5.0,16.0,0.7719535414587235,0.875,0.10304645854127632,9,0.6666666666666666,0.5827949047082925,0.08387176195837424,95,0.8947368421052632,0.7898738333613959,0.10486300874386707,7,0.7777777777777778,93,0.9789473684210527,-1.8433179723502313,100,0.9615384615384616,25.0,28.999999999999996,46.0,17,26.666666666666668,0.8823529411764706,0.7099458201566943,54.807692307692314,36.53846153846153,91.34615384615384,18.26923076923078,USE_ACCEPTED_R32A_CALIBRATION_RANK_SENSITIVITY,75.0,100.0,20.0,15.0,17.5,10.0,62.5,92.5,90.0,27.500000000000004,67.5,2.5,82.5,45.0,92.5,60.0,90.0,22.5,28.749999999999996,46.25,90.0,20.0,75.0,7.5,42.5,97.5,18.75,90.0,60.0,85.0,17.5,100.0,85.0
T2024,Kasper Schmeichel,Denmark,112,4,104,0.9285714285714286,50.96153846153846,24.03846153846154,14.423076923076922,10.576923076923077,25.0,0.7391047051056959,0.8303571428571429,0.09125243775144683,12,0.6666666666666666,0.6170564160332348,0.049610250633432,100,0.85,0.7537504997943911,0.09624950020560862,11,0.9166666666666666,93,0.93,2.5415444770283457,104,0.9285714285714286,34.61538461538461,29.807692307692307,35.57692307692308,23,47.61904761904761,0.8260869565217391,0.6666564048900793,7.142857142857142,74.10714285714286,81.25,-66.96428571428572,USE_ACCEPTED_R32A_CALIBRATION_RANK_SENSITIVITY,47.5,45.0,92.5,22.5,52.5,32.5,12.5,72.5,87.5,41.25,67.5,10.0,72.5,47.5,75.0,15.0,85.0,42.5,55.00000000000001,46.25,45.0,22.5,47.5,45.0,55.00000000000001,52.5,57.49999999999999,77.5,5.0,33.75,60.0,45.0,42.5
T2024,Koen Casteels,Belgium,143,4,138,0.965034965034965,65.94202898550725,13.768115942028986,8.695652173913043,11.594202898550725,20.28985507246377,0.7630322444532774,0.8671328671328671,0.10410062267958965,22,0.7272727272727273,0.6534716013604978,0.07380112591222951,121,0.8925619834710744,0.7829523613792374,0.10960962209183696,21,0.9545454545454546,117,0.9669421487603306,26.617826617826616,138,0.965034965034965,35.507246376811594,30.434782608695656,34.05797101449276,35,35.294117647058826,0.8,0.6933142057343634,58.04195804195804,28.671328671328673,86.7132867132867,29.370629370629366,USE_ACCEPTED_R32A_CALIBRATION_RANK_SENSITIVITY,77.5,90.0,45.0,10.0,60.0,12.5,45.0,88.75,92.5,77.5,77.5,67.5,77.5,70.0,90.0,52.5,92.5,78.75,66.25,71.25,75.0,65.0,77.5,52.5,60.0,42.5,25.0,68.75,35.0,87.5,15.0,77.5,87.5
T2024,Manuel Neuer,Germany,143,5,139,0.972027972027972,56.11510791366906,28.776978417266186,15.107913669064748,0.0,15.107913669064748,0.7896505619017747,0.8671328671328671,0.07748230523109241,29,0.6551724137931034,0.6494318637253906,0.005740550067712864,114,0.9210526315789473,0.8253202307361182,0.0957324008428293,29,1.0,110,0.9649122807017544,28.840125391849526,139,0.972027972027972,35.97122302158273,25.899280575539567,38.1294964028777,18,12.5,0.8888888888888888,0.7345495108329902,13.286713286713287,65.03496503496503,78.32167832167832,-51.74825174825174,USE_ACCEPTED_R32A_CALIBRATION_RANK_SENSITIVITY,87.5,57.49999999999999,97.5,27.500000000000004,2.5,7.5,92.5,88.75,77.5,90.0,62.5,62.5,62.5,57.49999999999999,95.0,100.0,82.5,90.0,88.75,66.25,68.75,70.0,87.5,57.49999999999999,25.0,75.0,5.0,92.5,92.5,62.5,30.0,15.0,67.5
T2024,Martin Dúbravka,Slovakia,163,4,151,0.9263803680981595,54.3046357615894,10.596026490066226,26.490066225165563,8.609271523178808,35.099337748344375,0.7572460874515438,0.6871165644171779,-0.07012952303436577,21,0.47619047619047616,0.6220683401753954,-0.14587786398491898,142,0.7183098591549296,0.777237162752946,-0.05892730359801635,21,1.0,130,0.9154929577464789,14.54212454212454,151,0.9263803680981595,35.099337748344375,25.82781456953642,39.0728476821192,26,65.21739130434783,0.5769230769230769,0.6814390285623523,6.748466257668712,78.52760736196319,85.2760736196319,-71.77914110429448,USE_ACCEPTED_R32A_CALIBRATION_RANK_SENSITIVITY,45.0,50.0,25.0,75.0,45.0,55.00000000000001,25.0,22.5,27.500000000000004,70.0,20.0,15.0,30.0,87.5,27.500000000000004,37.5,25.0,78.75,88.75,83.75,37.5,42.5,45.0,47.5,22.5,82.5,85.0,12.5,12.5,30.0,75.0,65.0,25.0
T2024,Matthew Charles Turner,United States,88,3,68,0.7727272727272727,57.35294117647059,7.352941176470589,20.588235294117645,14.705882352941178,35.294117647058826,0.760243185907682,0.6363636363636364,-0.12387954954404581,9,0.2222222222222222,0.639257797747043,-0.4170355755248209,79,0.6835443037974683,0.7740263313943373,-0.09048202759686891,7,0.7777777777777778,61,0.7721518987341772,72.1311475409836,68,0.7727272727272727,44.11764705882353,23.52941176470588,32.35294117647059,21,41.17647058823529,0.7142857142857143,0.6923702041331874,14.772727272727273,68.18181818181817,82.95454545454545,-53.4090909090909,USE_ACCEPTED_R32A_CALIBRATION_RANK_SENSITIVITY,2.5,60.0,7.5,55.00000000000001,70.0,57.49999999999999,32.5,12.5,10.0,27.500000000000004,5.0,47.5,5.0,25.0,17.5,27.500000000000004,15.0,22.5,28.749999999999996,10.0,2.5,100.0,2.5,92.5,15.0,38.75,45.0,51.24999999999999,32.5,67.5,45.0,50.0,62.5
T2024,Maxime Crépeau,Canada,145,5,125,0.8620689655172413,58.4,16.0,11.200000000000001,14.399999999999999,25.6,0.7661586512267545,0.7586206896551724,-0.0075379615715820796,10,0.5,0.6248165729548003,-0.12481657295480017,135,0.7777777777777778,0.7766284348024547,0.0011493429753229646,8,0.8,117,0.8666666666666667,12.713675213675213,125,0.8620689655172413,40.0,30.4,29.599999999999998,42,39.39393939393939,0.6428571428571429,0.6868366918425463,17.24137931034483,60.0,77.24137931034483,-42.758620689655174,USE_ACCEPTED_R32A_CALIBRATION_RANK_SENSITIVITY,17.5,65.0,65.0,17.5,67.5,40.0,55.00000000000001,52.5,52.5,32.5,28.749999999999996,17.5,32.5,83.75,45.0,35.0,50.0,30.0,35.0,71.25,15.0,37.5,17.5,87.5,57.49999999999999,20.0,35.0,27.500000000000004,22.5,75.0,22.5,7.5,77.5
T2024,Mike Maignan,France,163,6,159,0.9754601226993865,61.63522012578616,15.723270440251572,17.61006289308176,5.031446540880504,22.641509433962266,0.7801035603266709,0.852760736196319,0.07265717586964819,34,0.7352941176470589,0.6578411879953253,0.07745292965173348,129,0.8837209302325582,0.8123277514837696,0.07139317874878848,33,0.9705882352941176,126,0.9767441860465116,28.78787878787879,159,0.9754601226993865,32.70440251572327,29.559748427672954,37.735849056603776,22,15.0,0.8181818181818182,0.6836056583890765,14.723926380368098,67.48466257668711,82.20858895705521,-52.760736196319016,USE_ACCEPTED_R32A_CALIBRATION_RANK_SENSITIVITY,90.0,77.5,62.5,40.0,20.0,25.0,77.5,82.5,75.0,95.0,80.0,72.5,80.0,72.5,85.0,85.0,77.5,97.5,72.5,80.0,85.0,67.5,90.0,42.5,47.5,65.0,7.5,72.5,17.5,65.0,40.0,47.5,65.0
T2024,Orlando Mosquera,Panama,117,4,109,0.9316239316239316,42.201834862385326,17.431192660550458,24.770642201834864,15.59633027522936,40.36697247706422,0.7948965914840717,0.7435897435897436,-0.05130684789432808,15,0.5333333333333333,0.6306939051482663,-0.09736057181493286,102,0.7745098039215687,0.8190440453569842,-0.04453424143541563,12,0.8,97,0.9509803921568627,38.91752577319588,109,0.9316239316239316,28.440366972477065,27.522935779816514,44.03669724770643,8,37.5,1.0,0.7338271853792917,11.11111111111111,67.52136752136752,78.63247863247864,-56.41025641025641,USE_ACCEPTED_R32A_CALIBRATION_RANK_SENSITIVITY,52.5,32.5,77.5,65.0,75.0,75.0,97.5,45.0,30.0,51.24999999999999,35.0,30.0,40.0,50.0,42.5,95.0,32.5,50.0,35.0,51.24999999999999,62.5,90.0,52.5,20.0,30.0,90.0,27.500000000000004,100.0,90.0,55.00000000000001,42.5,17.5,57.49999999999999
T2024,Patrick Gilmar Sequeira Mejías,Costa Rica,75,3,63,0.84,22.22222222222222,12.698412698412698,23.809523809523807,41.269841269841265,65.07936507936508,0.743293915809947,0.5333333333333333,-0.20996058247661356,5,0.2,0.7107438016528925,-0.5107438016528925,70,0.5571428571428572,0.7456189239640221,-0.1884760668211651,2,0.4,61,0.8714285714285714,36.065573770491795,63,0.84,39.682539682539684,22.22222222222222,38.095238095238095,34,70.0,0.5588235294117647,0.7213830470138646,5.333333333333334,74.66666666666667,80.0,-69.33333333333334,USE_ACCEPTED_R32A_CALIBRATION_RANK_SENSITIVITY,15.0,2.5,35.0,60.0,100.0,97.5,15.0,2.5,2.5,3.75,2.5,100.0,2.5,16.25,2.5,12.5,5.0,2.5,2.5,10.0,17.5,82.5,15.0,85.0,10.0,72.5,92.5,10.0,77.5,17.5,62.5,30.0,37.5
T2024,Patrick Pentz,Austria,145,4,136,0.9379310344827586,61.029411764705884,16.911764705882355,16.176470588235293,5.88235294117647,22.058823529411764,0.7636842509836153,0.8482758620689655,0.08459161108535028,15,0.6,0.635911695410128,-0.035911695410128015,130,0.8769230769230769,0.7784272381651715,0.09849583875790546,13,0.8666666666666667,123,0.9461538461538461,43.652282676672925,136,0.9379310344827586,21.323529411764707,40.44117647058824,38.23529411764706,15,40.0,0.8,0.7069382319251457,73.10344827586206,16.551724137931036,89.65517241379311,56.55172413793103,USE_ACCEPTED_R32A_CALIBRATION_RANK_SENSITIVITY,60.0,75.0,72.5,35.0,26.25,22.5,47.5,80.0,85.0,51.24999999999999,55.00000000000001,40.0,57.49999999999999,75.0,80.0,40.0,87.5,57.49999999999999,45.0,77.5,60.0,92.5,60.0,5.0,90.0,77.5,40.0,68.75,55.00000000000001,100.0,7.5,97.5,97.5
T2024,Pedro David Gallese Quiróz,Peru,79,3,73,0.9240506329113924,24.65753424657534,5.47945205479452,50.68493150684932,19.17808219178082,69.86301369863014,0.7085341506474926,0.6075949367088608,-0.10093921393863178,5,0.4,0.6105398244540698,-0.2105398244540697,74,0.6216216216216216,0.715155388903805,-0.09353376728218327,4,0.8,69,0.9324324324324325,31.884057971014485,73,0.9240506329113924,36.986301369863014,28.767123287671232,34.24657534246575,21,61.111111111111114,0.6666666666666666,0.6848487499377601,59.49367088607595,10.126582278481013,69.62025316455697,49.36708860759494,USE_ACCEPTED_R32A_CALIBRATION_RANK_SENSITIVITY,40.0,5.0,5.0,97.5,82.5,100.0,2.5,10.0,12.5,3.75,12.5,7.5,12.5,22.5,7.5,2.5,12.5,5.0,35.0,25.0,47.5,77.5,40.0,72.5,37.5,47.5,78.75,33.75,20.0,90.0,2.5,2.5,95.0
T2024,Predrag Rajković,Serbia,103,3,96,0.9320388349514563,45.83333333333333,15.625,30.208333333333332,8.333333333333332,38.54166666666667,0.7651177834363777,0.7281553398058253,-0.03696244363055249,23,0.391304347826087,0.5981580816325447,-0.2068537338064577,80,0.825,0.8131186977049797,0.011881302295020239,22,0.9565217391304348,74,0.925,56.14250614250615,96,0.9320388349514563,28.125,43.75,28.125,17,26.666666666666668,0.7647058823529411,0.6904504661934108,17.475728155339805,62.13592233009708,79.6116504854369,-44.66019417475728,USE_ACCEPTED_R32A_CALIBRATION_RANK_SENSITIVITY,55.00000000000001,35.0,60.0,80.0,40.0,72.5,50.0,42.5,40.0,83.75,10.0,5.0,17.5,27.500000000000004,65.0,87.5,57.49999999999999,85.0,70.0,30.0,42.5,97.5,55.00000000000001,17.5,97.5,12.5,18.75,63.74999999999999,27.500000000000004,77.5,27.500000000000004,25.0,75.0
T2024,Péter Gulácsi,Hungary,94,3,91,0.9680851063829787,49.45054945054945,20.87912087912088,26.373626373626376,3.296703296703297,29.67032967032967,0.8031744597476389,0.8085106382978723,0.005336178550233453,8,0.75,0.6280366082603255,0.12196339173967462,86,0.813953488372093,0.8194663529092493,-0.005512864537156418,8,1.0,83,0.9651162790697675,-32.53012048192771,91,0.9680851063829787,43.956043956043956,15.384615384615385,40.65934065934066,15,40.0,0.8666666666666667,0.7146743043228695,8.51063829787234,72.3404255319149,80.85106382978722,-63.82978723404256,USE_ACCEPTED_R32A_CALIBRATION_RANK_SENSITIVITY,80.0,40.0,87.5,72.5,12.5,47.5,100.0,65.0,60.0,22.5,85.0,25.0,87.5,35.0,57.49999999999999,97.5,47.5,30.0,88.75,38.75,72.5,2.5,80.0,90.0,5.0,85.0,40.0,83.75,67.5,45.0,50.0,40.0,47.5
T2024,Rafael Enrique Romo Pérez,Venezuela,125,4,118,0.944,53.38983050847458,12.711864406779661,14.40677966101695,19.491525423728813,33.89830508474576,0.7690759987286249,0.8,0.03092400127137507,11,0.6363636363636364,0.6418569590724988,-0.0054933227088624,114,0.8157894736842105,0.7813515200989528,0.03443795358525764,11,1.0,107,0.9385964912280702,12.744265080713681,118,0.944,38.983050847457626,29.66101694915254,31.35593220338983,39,40.0,0.8205128205128205,0.7100734329987352,4.0,80.80000000000001,84.8,-76.80000000000001,USE_ACCEPTED_R32A_CALIBRATION_RANK_SENSITIVITY,65.0,47.5,37.5,20.0,85.0,52.5,57.49999999999999,60.0,62.5,36.25,60.0,52.5,60.0,57.49999999999999,60.0,47.5,67.5,42.5,88.75,62.5,55.00000000000001,40.0,65.0,82.5,52.5,30.0,40.0,75.0,65.0,12.5,87.5,57.49999999999999,10.0
T2024,Rodrigo Mario Morínigo Acosta,Paraguay,70,3,62,0.8857142857142857,54.83870967741935,12.903225806451612,25.806451612903224,6.451612903225806,32.25806451612903,0.7818319311727168,0.8142857142857143,0.03245378311299739,6,0.8333333333333334,0.6321081217632943,0.20122521157003911,64,0.8125,0.7958685383048503,0.01663146169514971,6,1.0,56,0.875,19.642857142857146,62,0.8857142857142857,30.64516129032258,37.096774193548384,32.25806451612903,12,85.71428571428571,0.6666666666666666,0.7228609044986424,4.285714285714286,81.42857142857143,85.71428571428571,-77.14285714285714,USE_ACCEPTED_R32A_CALIBRATION_RANK_SENSITIVITY,27.500000000000004,52.5,42.5,70.0,30.0,50.0,85.0,68.75,65.0,8.75,95.0,32.5,95.0,7.5,55.00000000000001,70.0,60.0,17.5,88.75,5.0,20.0,52.5,27.500000000000004,35.0,85.0,35.0,97.5,33.75,80.0,15.0,93.75,70.0,5.0
T2024,Sergio Rochet Álvarez,Uruguay,134,6,111,0.8283582089552238,57.65765765765766,17.117117117117118,15.315315315315313,9.90990990990991,25.225225225225223,0.7601122112464198,0.753731343283582,-0.00638086796283778,16,0.5625,0.6619920218235265,-0.09949202182352651,118,0.7796610169491526,0.7734166437105409,0.006244373238611543,11,0.6875,100,0.847457627118644,22.454545454545453,111,0.8283582089552238,36.93693693693694,34.234234234234236,28.82882882882883,34,30.0,0.7647058823529411,0.7239678261027587,11.940298507462686,65.67164179104478,77.61194029850746,-53.73134328358209,USE_ACCEPTED_R32A_CALIBRATION_RANK_SENSITIVITY,10.0,62.5,75.0,30.0,50.0,35.0,30.0,50.0,55.00000000000001,57.49999999999999,40.0,75.0,37.5,67.5,47.5,22.5,55.00000000000001,42.5,10.0,55.00000000000001,10.0,57.49999999999999,10.0,67.5,67.5,17.5,22.5,63.74999999999999,85.0,60.0,32.5,12.5,60.0
T2024,Thomas Strakosha,Albania,89,3,82,0.9213483146067416,37.80487804878049,10.975609756097562,40.243902439024396,10.975609756097562,51.21951219512195,0.7660101309369681,0.7191011235955056,-0.04690900734146258,7,0.2857142857142857,0.6768687586508753,-0.39115447293658956,82,0.7560975609756098,0.7736197602784639,-0.017522199302854178,5,0.7142857142857143,77,0.9390243902439024,51.94805194805195,82,0.9213483146067416,45.1219512195122,35.36585365853659,19.51219512195122,28,68.0,0.75,0.7414385202385061,2.247191011235955,75.28089887640449,77.52808988764045,-73.03370786516854,USE_ACCEPTED_R32A_CALIBRATION_RANK_SENSITIVITY,37.5,25.0,30.0,90.0,57.49999999999999,82.5,52.5,37.5,37.5,16.25,7.5,87.5,7.5,30.0,37.5,25.0,40.0,11.25,15.0,32.5,57.49999999999999,95.0,37.5,95.0,75.0,2.5,87.5,60.0,97.5,2.5,67.5,10.0,20.0
T2024,Unai Simón Mendibil,Spain,244,6,226,0.9262295081967213,58.4070796460177,16.8141592920354,16.371681415929203,8.4070796460177,24.778761061946902,0.7708100694089117,0.8032786885245902,0.03246861911567851,35,0.7142857142857143,0.6794270191017776,0.03485869518393666,209,0.8181818181818182,0.7861134510392931,0.03206836714252523,31,0.8857142857142857,195,0.9330143540669856,12.40694789081886,226,0.9262295081967213,30.53097345132743,35.39823008849557,34.070796460176986,35,46.666666666666664,0.7142857142857143,0.7074425960228976,11.475409836065573,75.0,86.47540983606558,-63.52459016393443,USE_ACCEPTED_R32A_CALIBRATION_RANK_SENSITIVITY,42.5,67.5,70.0,37.5,42.5,30.0,60.0,62.5,67.5,97.5,73.75,92.5,67.5,97.5,62.5,57.49999999999999,62.5,93.75,47.5,97.5,50.0,35.0,42.5,32.5,77.5,45.0,55.00000000000001,51.24999999999999,57.49999999999999,57.49999999999999,65.0,72.5,50.0
T2024,Wojciech Szczęsny,Poland,65,2,63,0.9692307692307692,39.682539682539684,22.22222222222222,28.57142857142857,9.523809523809524,38.095238095238095,0.7580501731471366,0.7076923076923077,-0.050357865454828996,14,0.5714285714285714,0.6711056744419933,-0.09967710301342181,51,0.7450980392156863,0.7819172904387447,-0.03681925122305839,13,0.9285714285714286,50,0.9803921568627451,29.53846153846154,63,0.9692307692307692,30.158730158730158,42.857142857142854,26.984126984126984,12,54.54545454545454,0.6666666666666666,0.7012146738518455,6.153846153846154,83.07692307692308,89.23076923076924,-76.92307692307692,USE_ACCEPTED_R32A_CALIBRATION_RANK_SENSITIVITY,82.5,27.500000000000004,90.0,77.5,47.5,70.0,27.500000000000004,35.0,35.0,46.25,46.25,82.5,35.0,2.5,35.0,50.0,37.5,57.49999999999999,60.0,2.5,92.5,72.5,82.5,25.0,95.0,7.5,70.0,33.75,47.5,22.5,97.5,95.0,7.5
T2024,Yann Sommer,Switzerland,166,5,161,0.9698795180722891,60.86956521739131,18.633540372670808,19.875776397515526,0.6211180124223602,20.496894409937887,0.7762606807627356,0.8433734939759037,0.06711281321316791,33,0.7878787878787878,0.6361956356739626,0.1516831522048252,133,0.8571428571428571,0.8110136618749877,0.04612919526786946,31,0.9393939393939394,130,0.9774436090225563,10.570719602977668,161,0.9698795180722891,29.19254658385093,39.75155279503105,31.05590062111801,17,50.0,0.5882352941176471,0.704859895395236,16.867469879518072,66.86746987951807,83.73493975903614,-50.0,USE_ACCEPTED_R32A_CALIBRATION_RANK_SENSITIVITY,85.0,72.5,82.5,52.5,5.0,15.0,67.5,77.5,72.5,92.5,90.0,42.5,90.0,78.75,77.5,82.5,70.0,93.75,62.5,83.75,87.5,32.5,85.0,22.5,87.5,25.0,61.25000000000001,15.0,52.5,72.5,37.5,52.5,72.5
WC2018,Alireza Safar Beiranvand,Iran,58,3,53,0.9137931034482759,18.867924528301888,5.660377358490567,35.84905660377358,39.62264150943396,75.47169811320755,0.6582048106624292,0.4482758620689655,-0.2099289485934635,3,0.6666666666666666,0.5104026544704511,0.15626401219621558,55,0.43636363636363634,0.6662667464547188,-0.22990311009108227,2,0.6666666666666666,51,0.9272727272727272,-26.470588235294116,53,0.9137931034482759,33.9622641509434,33.9622641509434,32.075471698113205,24,86.95652173913044,0.4166666666666667,0.5523469555817576,3.4482758620689653,79.3103448275862,82.75862068965517,-75.86206896551724,USE_ACCEPTED_R32A_CALIBRATION_RANK_SENSITIVITY,53.125,21.875,15.625,56.25,90.625,84.375,59.375,12.5,6.25,23.4375,90.625,46.875,93.75,26.5625,9.375,56.25,9.375,20.3125,20.3125,31.25,59.375,3.125,53.125,50.0,65.625,34.375,65.625,25.0,65.625,25.0,68.75,50.0,35.9375
WC2018,Alisson Ramsés Becker,Brazil,66,5,66,1.0,54.54545454545454,15.151515151515152,15.151515151515152,15.151515151515152,30.303030303030305,0.6518509083297437,0.8333333333333334,0.18148242500358955,4,1.0,0.4660714285714285,0.5339285714285714,62,0.8225806451612904,0.663836681217377,0.15874396394391335,4,1.0,62,1.0,-5.64516129032258,66,1.0,39.39393939393939,33.33333333333333,27.27272727272727,15,53.333333333333336,0.8,0.5337968130581423,6.0606060606060606,69.6969696969697,75.75757575757575,-63.63636363636364,USE_ACCEPTED_R32A_CALIBRATION_RANK_SENSITIVITY,98.4375,90.625,71.875,9.375,59.375,15.625,50.0,93.75,100.0,39.0625,98.4375,12.5,100.0,40.625,87.5,53.125,93.75,53.125,82.8125,51.5625,98.4375,15.625,98.4375,90.625,62.5,15.625,21.875,87.5,28.125,46.875,35.9375,6.25,62.5
WC2018,Danijel Subašić,Croatia,167,6,143,0.8562874251497006,49.65034965034965,16.083916083916083,26.573426573426573,7.6923076923076925,34.26573426573427,0.6853793218188358,0.7065868263473054,0.02120750452846952,15,0.4,0.5005600822113496,-0.10056008221134952,152,0.7368421052631579,0.7036180625695746,0.033224042693583235,12,0.8,131,0.8618421052631579,44.46564885496183,143,0.8562874251497006,34.96503496503497,32.16783216783217,32.86713286713287,31,64.0,0.5161290322580645,0.5345120946959944,5.9880239520958085,70.65868263473054,76.64670658682635,-64.67065868263472,USE_ACCEPTED_R32A_CALIBRATION_RANK_SENSITIVITY,12.5,81.25,87.5,40.625,25.0,25.0,75.0,71.875,59.375,90.625,39.0625,40.625,34.375,93.75,76.5625,71.875,65.625,85.9375,39.0625,93.75,12.5,90.625,12.5,59.375,59.375,43.75,28.125,43.75,37.5,43.75,40.625,12.5,56.25
WC2018,David Ospina Ramírez,Colombia,94,4,82,0.8723404255319149,41.46341463414634,7.317073170731707,42.68292682926829,8.536585365853659,51.21951219512195,0.6527497615932246,0.6063829787234043,-0.0463667828698204,4,0.25,0.5111473272490222,-0.2611473272490222,90,0.6222222222222222,0.6590432031196337,-0.03682098089741142,3,0.75,79,0.8777777777777778,50.63291139240506,82,0.8723404255319149,28.04878048780488,31.70731707317073,40.243902439024396,25,90.0,0.44,0.5394066631121094,13.829787234042554,68.08510638297872,81.91489361702128,-54.25531914893617,USE_ACCEPTED_R32A_CALIBRATION_RANK_SENSITIVITY,18.75,62.5,25.0,71.875,31.25,43.75,53.125,40.625,40.625,39.0625,23.4375,50.0,21.875,68.75,46.875,46.875,40.625,37.5,32.8125,68.75,15.625,93.75,18.75,28.125,56.25,71.875,71.875,31.25,46.875,78.125,25.0,37.5,78.125
WC2018,David de Gea Quintana,Spain,66,4,62,0.9393939393939394,58.06451612903226,12.903225806451612,12.903225806451612,16.129032258064516,29.03225806451613,0.6951153293227303,0.8181818181818182,0.12306648885908777,4,0.5,0.41620879120879123,0.0837912087912088,62,0.8387096774193549,0.7131092995236297,0.12560037789572515,3,0.75,59,0.9516129032258065,4.519774011299429,62,0.9393939393939394,29.03225806451613,41.935483870967744,29.03225806451613,16,66.66666666666666,0.625,0.5245480615589837,7.575757575757576,69.6969696969697,77.27272727272727,-62.121212121212125,USE_ACCEPTED_R32A_CALIBRATION_RANK_SENSITIVITY,71.875,93.75,59.375,6.25,62.5,12.5,84.375,90.625,90.625,39.0625,59.375,3.125,78.125,40.625,93.75,84.375,90.625,37.5,32.8125,45.3125,75.0,34.375,71.875,37.5,87.5,28.125,32.8125,67.1875,12.5,56.25,35.9375,18.75,68.75
WC2018,Eiji Kawashima,Japan,87,4,79,0.9080459770114943,39.24050632911392,1.2658227848101267,39.24050632911392,20.253164556962027,59.49367088607595,0.648939135691035,0.6896551724137931,0.0407160367227582,4,0.5,0.5241429245154451,-0.024142924515445113,83,0.6987951807228916,0.6549534109284127,0.04384176979447883,2,0.5,77,0.927710843373494,41.55844155844156,79,0.9080459770114943,22.78481012658228,29.11392405063291,48.10126582278481,21,94.44444444444444,0.5714285714285714,0.5319819704404045,5.747126436781609,81.60919540229885,87.35632183908046,-75.86206896551724,USE_ACCEPTED_R32A_CALIBRATION_RANK_SENSITIVITY,43.75,59.375,3.125,65.625,68.75,59.375,46.875,65.625,75.0,39.0625,59.375,75.0,50.0,65.625,65.625,37.5,71.875,20.3125,6.25,64.0625,62.5,78.125,43.75,12.5,43.75,87.5,84.375,62.5,21.875,40.625,71.875,78.125,35.9375
WC2018,Farouk Ben Mustapha,Tunisia,47,2,40,0.851063829787234,22.5,27.500000000000004,45.0,5.0,50.0,0.6561135948529917,0.46808510638297873,-0.18802848847001277,4,0.0,0.5143207855973814,-0.5143207855973814,43,0.5116279069767442,0.6693036236209553,-0.15767571664421107,2,0.5,38,0.8837209302325582,52.631578947368425,40,0.851063829787234,47.5,20.0,32.5,17,75.0,0.23529411764705882,0.5656280458344853,4.25531914893617,78.72340425531915,82.97872340425532,-74.46808510638299,USE_ACCEPTED_R32A_CALIBRATION_RANK_SENSITIVITY,6.25,25.0,96.875,78.125,18.75,40.625,56.25,18.75,12.5,39.0625,7.8125,56.25,12.5,12.5,18.75,59.375,12.5,20.3125,6.25,10.9375,18.75,96.875,6.25,100.0,9.375,40.625,40.625,9.375,81.25,31.25,62.5,53.125,40.625
WC2018,Francis Odinaka Uzoho,Nigeria,56,3,51,0.9107142857142857,23.52941176470588,1.9607843137254901,64.70588235294117,9.803921568627452,74.50980392156863,0.6427064102979084,0.5178571428571429,-0.12484926744076567,6,0.16666666666666666,0.5211140603611945,-0.35444739369452777,50,0.56,0.6572974922903143,-0.09729749229031423,5,0.8333333333333334,46,0.92,28.26086956521739,51,0.9107142857142857,37.254901960784316,21.568627450980394,41.17647058823529,16,93.33333333333333,0.5625,0.5320981839571843,12.5,75.0,87.5,-62.5,USE_ACCEPTED_R32A_CALIBRATION_RANK_SENSITIVITY,50.0,31.25,6.25,93.75,34.375,81.25,31.25,21.875,25.0,64.0625,15.625,65.625,15.625,20.3125,25.0,40.625,28.125,64.0625,50.0,17.1875,54.6875,65.625,50.0,71.875,12.5,78.125,78.125,57.8125,25.0,73.4375,50.0,81.25,65.625
WC2018,Francisco Guillermo Ochoa Magaña,Mexico,87,4,81,0.9310344827586207,32.098765432098766,16.049382716049383,48.148148148148145,3.7037037037037033,51.85185185185185,0.6402091531879694,0.6781609195402298,0.03795176635226056,6,0.5,0.4985875706214689,0.0014124293785310698,81,0.691358024691358,0.6506996407854878,0.04065838390587015,4,0.6666666666666666,77,0.9506172839506173,24.350649350649356,81,0.9310344827586207,38.2716049382716,22.22222222222222,39.50617283950617,23,81.81818181818183,0.6521739130434783,0.5338884924858885,4.597701149425287,74.71264367816092,79.3103448275862,-70.11494252873563,USE_ACCEPTED_R32A_CALIBRATION_RANK_SENSITIVITY,68.75,50.0,84.375,84.375,12.5,46.875,28.125,59.375,71.875,64.0625,59.375,37.5,62.5,62.5,56.25,28.125,68.75,53.125,20.3125,64.0625,71.875,56.25,68.75,75.0,15.625,68.75,46.875,71.875,31.25,37.5,46.875,25.0,50.0
WC2018,Franco Armani,Argentina,41,2,40,0.975609756097561,45.0,7.5,32.5,15.0,47.5,0.7000626085342704,0.6829268292682927,-0.017135779265977775,2,0.5,0.5216049382716049,-0.021604938271604923,39,0.6923076923076923,0.7092142839323559,-0.016906591624663552,2,1.0,38,0.9743589743589743,2.631578947368425,40,0.975609756097561,27.500000000000004,42.5,30.0,6,66.66666666666666,0.8333333333333334,0.5341049382716049,9.75609756097561,82.92682926829268,92.6829268292683,-73.17073170731707,USE_ACCEPTED_R32A_CALIBRATION_RANK_SENSITIVITY,87.5,71.875,28.125,50.0,56.25,37.5,90.625,62.5,53.125,12.5,59.375,68.75,53.125,9.375,60.9375,81.25,53.125,20.3125,82.8125,10.9375,84.375,21.875,87.5,25.0,90.625,31.25,32.8125,90.625,34.375,59.375,84.375,100.0,46.875
WC2018,Hannes Þór Halldórsson,Iceland,66,3,59,0.8939393939393939,11.864406779661017,8.47457627118644,69.49152542372882,10.16949152542373,79.66101694915254,0.6709670533794718,0.5303030303030303,-0.14066402307644146,3,0.0,0.5607214779791612,-0.5607214779791612,63,0.5555555555555556,0.6762168426842483,-0.12066128712869291,3,1.0,56,0.8888888888888888,21.42857142857143,59,0.8939393939393939,45.76271186440678,25.423728813559322,28.8135593220339,18,94.11764705882352,0.7777777777777778,0.5493127239726185,1.5151515151515151,78.78787878787878,80.3030303030303,-77.27272727272727,USE_ACCEPTED_R32A_CALIBRATION_RANK_SENSITIVITY,34.375,9.375,34.375,100.0,37.5,90.625,68.75,25.0,18.75,23.4375,7.8125,93.75,9.375,46.875,21.875,65.625,21.875,37.5,82.8125,39.0625,25.0,50.0,34.375,96.875,31.25,25.0,81.25,84.375,62.5,6.25,65.625,31.25,21.875
WC2018,Hugo Lloris,France,135,6,120,0.8888888888888888,23.333333333333332,13.333333333333334,50.83333333333333,12.5,63.33333333333333,0.6474212590998389,0.6296296296296297,-0.017791629470209194,14,0.5,0.5130403054417528,-0.013040305441752784,121,0.6446280991735537,0.6629694686139975,-0.018341369440443824,12,0.8571428571428571,108,0.8925619834710744,3.7037037037036953,120,0.8888888888888888,29.166666666666668,31.666666666666664,39.166666666666664,40,84.375,0.5,0.5484416852429994,78.51851851851852,5.185185185185185,83.7037037037037,73.33333333333333,USE_ACCEPTED_R32A_CALIBRATION_RANK_SENSITIVITY,25.0,28.125,65.625,90.625,43.75,68.75,40.625,50.0,50.0,84.375,59.375,53.125,59.375,90.625,50.0,50.0,50.0,85.9375,59.375,90.625,28.125,31.25,25.0,40.625,53.125,62.5,59.375,40.625,59.375,100.0,3.125,56.25,100.0
WC2018,Hyeon-Woo Jo,South Korea,57,3,51,0.8947368421052632,25.49019607843137,15.686274509803921,39.21568627450981,19.607843137254903,58.82352941176471,0.6384151479609519,0.6140350877192983,-0.02438006024165373,2,0.5,0.5244200244200244,-0.024420024420024444,55,0.6181818181818182,0.6425604251806221,-0.02437860699880387,1,0.5,50,0.9090909090909091,42.00000000000001,51,0.8947368421052632,33.33333333333333,17.647058823529413,49.01960784313725,16,85.71428571428571,0.375,0.530158766508005,21.052631578947366,61.40350877192983,82.45614035087719,-40.350877192982466,USE_ACCEPTED_R32A_CALIBRATION_RANK_SENSITIVITY,37.5,43.75,81.25,62.5,65.625,56.25,25.0,46.875,46.875,12.5,59.375,78.125,46.875,26.5625,40.625,21.875,46.875,6.25,6.25,26.5625,40.625,81.25,37.5,46.875,6.25,93.75,62.5,21.875,18.75,84.375,18.75,43.75,84.375
WC2018,Igor Akinfeev,Russia,112,5,99,0.8839285714285714,9.090909090909092,11.11111111111111,22.22222222222222,57.57575757575758,79.7979797979798,0.6029514730018535,0.4642857142857143,-0.13866575871613926,14,0.42857142857142855,0.487157571411653,-0.05858614284022445,98,0.46938775510204084,0.6194934589433108,-0.15010570384126992,10,0.7142857142857143,89,0.9081632653061225,-22.02247191011236,99,0.8839285714285714,22.22222222222222,49.494949494949495,28.28282828282828,33,100.0,0.2727272727272727,0.536772768232608,4.464285714285714,82.14285714285714,86.60714285714286,-77.67857142857143,USE_ACCEPTED_R32A_CALIBRATION_RANK_SENSITIVITY,21.875,3.125,48.4375,21.875,100.0,93.75,6.25,15.625,21.875,84.375,43.75,25.0,43.75,78.125,15.625,6.25,15.625,79.6875,28.125,75.0,37.5,6.25,21.875,9.375,100.0,21.875,95.3125,12.5,40.625,34.375,75.0,71.875,18.75
WC2018,Jaime Manuel Penedo Cano,Panama,57,3,57,1.0,10.526315789473683,7.017543859649122,68.42105263157895,14.035087719298245,82.45614035087719,0.6706700854958881,0.42105263157894735,-0.2496174539169408,1,0.0,0.6535947712418301,-0.6535947712418301,56,0.42857142857142855,0.6709750018218534,-0.2424035732504249,1,1.0,56,1.0,17.85714285714286,57,1.0,35.08771929824561,36.84210526315789,28.07017543859649,21,100.0,0.19047619047619047,0.5987182478412554,3.508771929824561,84.21052631578947,87.71929824561403,-80.7017543859649,USE_ACCEPTED_R32A_CALIBRATION_RANK_SENSITIVITY,98.4375,6.25,20.3125,96.875,51.5625,100.0,65.625,6.25,3.125,4.6875,7.8125,100.0,3.125,31.25,6.25,62.5,3.125,6.25,82.8125,39.0625,98.4375,43.75,98.4375,62.5,71.875,18.75,95.3125,6.25,96.875,28.125,93.75,84.375,12.5
WC2018,Jordan Pickford,England,220,7,200,0.9090909090909091,42.0,13.0,24.5,20.5,45.0,0.6897915195364913,0.7227272727272728,0.03293575319078128,25,0.4,0.48066565485431795,-0.08066565485431791,195,0.764102564102564,0.7166025278290776,0.047500036273486326,21,0.84,179,0.9179487179487179,24.20856610800744,200,0.9090909090909091,28.499999999999996,28.499999999999996,43.0,34,60.71428571428571,0.7058823529411765,0.5748663624537579,75.45454545454545,9.090909090909092,84.54545454545455,66.36363636363636,USE_ACCEPTED_R32A_CALIBRATION_RANK_SENSITIVITY,46.875,68.75,62.5,31.25,71.875,34.375,81.25,78.125,68.75,96.875,39.0625,21.875,37.5,100.0,81.25,87.5,78.125,96.875,56.25,100.0,46.875,53.125,46.875,34.375,40.625,81.25,25.0,81.25,87.5,93.75,9.375,62.5,93.75
WC2018,Kasper Schmeichel,Denmark,118,4,106,0.8983050847457628,25.471698113207548,2.8301886792452833,31.132075471698112,40.56603773584906,71.69811320754717,0.6137428879775508,0.5677966101694916,-0.04594627780805931,6,0.5,0.46704162741377186,0.03295837258622816,112,0.5714285714285714,0.6216018840791817,-0.05017331265061043,4,0.6666666666666666,102,0.9107142857142857,3.4313725490196134,106,0.8983050847457628,15.09433962264151,27.358490566037734,57.54716981132076,29,82.14285714285714,0.5517241379310345,0.5182434888604717,2.5423728813559325,84.7457627118644,87.28813559322035,-82.20338983050847,USE_ACCEPTED_R32A_CALIBRATION_RANK_SENSITIVITY,40.625,40.625,9.375,43.75,93.75,78.125,12.5,31.25,43.75,64.0625,59.375,18.75,71.875,87.5,28.125,9.375,37.5,53.125,20.3125,87.5,43.75,28.125,40.625,3.125,37.5,100.0,50.0,53.125,6.25,12.5,96.875,75.0,6.25
WC2018,Keylor Navas Gamboa,Costa Rica,71,3,65,0.9154929577464789,18.461538461538463,20.0,35.38461538461539,26.153846153846157,61.53846153846154,0.6349838694143418,0.6619718309859155,0.026987961571573744,6,0.3333333333333333,0.5205209388720027,-0.18718760553866934,65,0.6923076923076923,0.6455496783874807,0.04675801392021158,6,1.0,59,0.9076923076923077,42.3728813559322,65,0.9154929577464789,38.46153846153847,29.230769230769234,32.30769230769231,8,87.5,0.625,0.5643753439682161,2.8169014084507045,76.05633802816901,78.87323943661971,-73.2394366197183,USE_ACCEPTED_R32A_CALIBRATION_RANK_SENSITIVITY,59.375,18.75,93.75,53.125,81.25,65.625,21.875,56.25,62.5,64.0625,29.6875,62.5,28.125,50.0,60.9375,25.0,75.0,70.3125,82.8125,45.3125,34.375,84.375,59.375,81.25,50.0,37.5,68.75,67.1875,78.125,18.75,53.125,21.875,43.75
WC2018,Khadim N'Diaye,Senegal,64,3,53,0.828125,15.09433962264151,3.7735849056603774,26.41509433962264,54.71698113207547,81.13207547169812,0.5938850999428388,0.4375,-0.15638509994283878,5,0.2,0.5014991181657849,-0.30149911816578484,59,0.4576271186440678,0.6017144204324196,-0.14408730178835183,3,0.6,50,0.847457627118644,20.0,53,0.828125,28.30188679245283,24.528301886792452,47.16981132075472,21,95.0,0.47619047619047616,0.5379503653313177,6.25,82.8125,89.0625,-76.5625,USE_ACCEPTED_R32A_CALIBRATION_RANK_SENSITIVITY,3.125,15.625,12.5,37.5,96.875,96.875,3.125,9.375,15.625,51.5625,18.75,43.75,18.75,34.375,12.5,3.125,18.75,37.5,12.5,26.5625,9.375,46.875,3.125,31.25,21.875,84.375,87.5,37.5,43.75,50.0,81.25,90.625,25.0
WC2018,Manuel Neuer,Germany,78,3,72,0.9230769230769231,69.44444444444444,19.444444444444446,11.11111111111111,0.0,11.11111111111111,0.7174356708941804,0.8974358974358975,0.1800002265417171,3,0.6666666666666666,0.5322463768115941,0.13442028985507248,75,0.9066666666666666,0.7248432426574839,0.18182342400918286,2,0.6666666666666666,70,0.9333333333333333,-11.428571428571429,72,0.9230769230769231,31.944444444444443,29.166666666666668,38.88888888888889,4,0.0,1.0,0.5822800207039337,16.666666666666664,65.38461538461539,82.05128205128204,-48.71794871794872,USE_ACCEPTED_R32A_CALIBRATION_RANK_SENSITIVITY,65.625,100.0,90.625,3.125,3.125,3.125,96.875,100.0,96.875,23.4375,90.625,81.25,87.5,59.375,96.875,90.625,96.875,20.3125,20.3125,59.375,65.625,9.375,65.625,43.75,46.875,59.375,3.125,98.4375,90.625,81.25,21.875,40.625,81.25
WC2018,Mathew Ryan,Australia,110,3,105,0.9545454545454546,62.857142857142854,15.238095238095239,20.952380952380953,0.9523809523809524,21.904761904761905,0.6990679288764546,0.8636363636363636,0.16456843475990876,17,0.5882352941176471,0.5427911342639069,0.045444159853740125,93,0.9139784946236559,0.7276346547733721,0.18634383985028366,14,0.8235294117647058,91,0.978494623655914,32.417582417582416,105,0.9545454545454546,39.04761904761905,24.761904761904763,36.19047619047619,17,35.294117647058826,0.8823529411764706,0.5539739734779148,11.818181818181818,69.0909090909091,80.9090909090909,-57.27272727272727,USE_ACCEPTED_R32A_CALIBRATION_RANK_SENSITIVITY,78.125,96.875,75.0,18.75,6.25,6.25,87.5,96.875,93.75,93.75,78.125,90.625,75.0,75.0,100.0,93.75,100.0,92.1875,43.75,79.6875,87.5,71.875,78.125,84.375,25.0,56.25,6.25,93.75,68.75,68.75,31.25,34.375,71.875
WC2018,Mohamed El Sayed Mohamed El Shenawy Gomaa,Egypt,34,2,29,0.8529411764705882,13.793103448275861,10.344827586206897,37.93103448275862,37.93103448275862,75.86206896551724,0.6149527641390978,0.4117647058823529,-0.20318805825674496,3,0.6666666666666666,0.5221751412429378,0.1444915254237288,31,0.3870967741935484,0.62393124377421,-0.2368344695806618,3,1.0,26,0.8387096774193549,26.923076923076934,29,0.8529411764705882,34.48275862068966,44.827586206896555,20.689655172413794,11,100.0,0.18181818181818182,0.5712988024763487,0.0,76.47058823529412,76.47058823529412,-76.47058823529412,USE_ACCEPTED_R32A_CALIBRATION_RANK_SENSITIVITY,9.375,12.5,43.75,59.375,87.5,87.5,15.625,3.125,9.375,23.4375,90.625,71.875,90.625,3.125,3.125,12.5,6.25,37.5,82.8125,3.125,3.125,62.5,9.375,53.125,93.75,6.25,95.3125,3.125,84.375,3.125,56.25,9.375,28.125
WC2018,Munir Mohand Mohamedi,Morocco,55,3,54,0.9818181818181818,31.48148148148148,11.11111111111111,44.44444444444444,12.962962962962962,57.407407407407405,0.6638144265346098,0.5818181818181818,-0.08199624471642773,6,0.5,0.49785270877549603,0.0021472912245040407,49,0.5918367346938775,0.6841362695255215,-0.0922995348316439,6,1.0,48,0.9795918367346939,29.16666666666668,54,0.9818181818181818,20.37037037037037,38.88888888888889,40.74074074074074,11,90.9090909090909,0.36363636363636365,0.539879915583822,1.8181818181818181,83.63636363636363,85.45454545454545,-81.81818181818181,USE_ACCEPTED_R32A_CALIBRATION_RANK_SENSITIVITY,90.625,46.875,48.4375,75.0,46.875,53.125,62.5,37.5,31.25,64.0625,59.375,34.375,65.625,15.625,34.375,68.75,31.25,70.3125,82.8125,21.875,90.625,68.75,90.625,6.25,81.25,75.0,75.0,18.75,50.0,9.375,90.625,68.75,9.375
WC2018,Néstor Fernando Muslera Micol,Uruguay,105,5,96,0.9142857142857143,46.875,8.333333333333332,18.75,26.041666666666668,44.79166666666667,0.6440032563742923,0.7047619047619048,0.06075864838761242,6,0.3333333333333333,0.4669220912878888,-0.13358875795455546,99,0.7272727272727273,0.6547354481977108,0.0725372790750165,5,0.8333333333333334,91,0.9191919191919192,-5.054945054945058,96,0.9142857142857143,27.083333333333332,37.5,35.41666666666667,27,82.6086956521739,0.4444444444444444,0.501782899066156,11.428571428571429,68.57142857142857,80.0,-57.14285714285714,USE_ACCEPTED_R32A_CALIBRATION_RANK_SENSITIVITY,56.25,75.0,31.25,12.5,78.125,31.25,37.5,68.75,78.125,64.0625,29.6875,15.625,31.25,81.25,70.3125,34.375,81.25,64.0625,50.0,79.6875,50.0,18.75,56.25,21.875,75.0,53.125,53.125,34.375,3.125,65.625,28.125,28.125,75.0
WC2018,Pedro David Gallese Quiróz,Peru,64,3,57,0.890625,33.33333333333333,7.017543859649122,45.614035087719294,14.035087719298245,59.64912280701754,0.648256166430622,0.578125,-0.07013116643062196,2,0.5,0.5182692307692307,-0.01826923076923076,62,0.5806451612903226,0.6524492933874412,-0.07180413209711846,2,1.0,55,0.8870967741935484,-10.0,57,0.890625,26.31578947368421,40.35087719298245,33.33333333333333,19,80.0,0.42105263157894735,0.5620557394085872,60.9375,10.9375,71.875,50.0,USE_ACCEPTED_R32A_CALIBRATION_RANK_SENSITIVITY,28.125,53.125,20.3125,81.25,51.5625,62.5,43.75,34.375,34.375,12.5,59.375,59.375,56.25,40.625,31.25,31.25,34.375,20.3125,82.8125,34.375,21.875,12.5,28.125,18.75,84.375,46.875,43.75,28.125,75.0,90.625,12.5,3.125,90.625
WC2018,Robin Olsen,Sweden,103,5,92,0.8932038834951457,23.91304347826087,9.782608695652174,31.521739130434785,34.78260869565217,66.30434782608695,0.6100454143698228,0.5533980582524272,-0.05664735611739573,12,0.25,0.459920634920635,-0.20992063492063498,91,0.5934065934065934,0.6298420885829026,-0.03643549517630926,10,0.8333333333333334,82,0.9010989010989011,26.585365853658537,92,0.8932038834951457,26.08695652173913,25.0,48.91304347826087,28,84.0,0.5357142857142857,0.5228709265199949,2.912621359223301,82.52427184466019,85.43689320388349,-79.6116504854369,USE_ACCEPTED_R32A_CALIBRATION_RANK_SENSITIVITY,31.25,34.375,37.5,46.875,84.375,75.0,9.375,28.125,37.5,78.125,23.4375,6.25,25.0,71.875,37.5,18.75,43.75,79.6875,50.0,71.875,31.25,59.375,31.25,15.625,28.125,90.625,56.25,50.0,9.375,21.875,78.125,65.625,15.625
WC2018,Rui Pedro dos Santos Patrício,Portugal,75,4,71,0.9466666666666667,35.2112676056338,11.267605633802818,49.29577464788733,4.225352112676056,53.52112676056338,0.709264713008955,0.7066666666666667,-0.0025980463422883,9,0.5555555555555556,0.541066755717255,0.0144887998383006,66,0.7272727272727273,0.7322007980941868,-0.004928070821459518,9,1.0,62,0.9393939393939394,15.053763440860209,71,0.9466666666666667,36.61971830985916,45.07042253521127,18.30985915492958,16,68.75,0.5625,0.6153300490093315,76.0,6.666666666666667,82.66666666666667,69.33333333333333,USE_ACCEPTED_R32A_CALIBRATION_RANK_SENSITIVITY,75.0,56.25,53.125,87.5,15.625,50.0,93.75,75.0,56.25,75.0,75.0,87.5,68.75,53.125,70.3125,100.0,56.25,75.0,82.8125,51.5625,68.75,40.625,75.0,68.75,96.875,3.125,37.5,57.8125,100.0,96.875,6.25,46.875,96.875
WC2018,Thibaut Courtois,Belgium,188,7,186,0.9893617021276596,49.46236559139785,13.978494623655912,24.193548387096776,12.365591397849462,36.55913978494624,0.6723141191821979,0.7659574468085106,0.09364332762631275,28,0.39285714285714285,0.4624890653701016,-0.06963192251295872,160,0.83125,0.7090335035993147,0.12221649640068524,27,0.9642857142857143,159,0.99375,43.88539482879106,186,0.9893617021276596,34.946236559139784,25.806451612903224,39.247311827956985,37,51.35135135135135,0.7027027027027027,0.5437782872044183,60.1063829787234,17.02127659574468,77.12765957446808,43.08510638297872,USE_ACCEPTED_R32A_CALIBRATION_RANK_SENSITIVITY,93.75,78.125,68.75,28.125,40.625,28.125,71.875,87.5,84.375,100.0,34.375,9.375,40.625,96.875,90.625,75.0,87.5,100.0,62.5,96.875,93.75,87.5,93.75,56.25,34.375,65.625,18.75,78.125,53.125,87.5,15.625,15.625,87.5
WC2018,Vladimir Stojković,Serbia,72,3,69,0.9583333333333334,24.637681159420293,10.144927536231885,40.57971014492754,24.637681159420293,65.21739130434783,0.6202492803496984,0.6527777777777778,0.03252849742807937,5,0.6,0.49673721340388005,0.10326278659611994,67,0.6567164179104478,0.6294665987784909,0.027249819131956933,4,0.8,65,0.9701492537313433,36.92307692307693,69,0.9583333333333334,39.130434782608695,36.231884057971016,24.637681159420293,17,100.0,0.5294117647058824,0.5470679012345678,2.7777777777777777,86.11111111111111,88.88888888888889,-83.33333333333334,USE_ACCEPTED_R32A_CALIBRATION_RANK_SENSITIVITY,82.8125,37.5,40.625,68.75,75.0,71.875,18.75,53.125,65.625,51.5625,81.25,31.25,81.25,56.25,53.125,15.625,59.375,53.125,39.0625,56.25,81.25,75.0,82.8125,87.5,68.75,12.5,95.3125,46.875,56.25,15.625,100.0,87.5,3.125
WC2018,Wilfredo Daniel Caballero,Argentina,51,2,47,0.9215686274509803,53.191489361702125,12.76595744680851,25.53191489361702,8.51063829787234,34.04255319148936,0.7251525984065939,0.6078431372549019,-0.11730946115169175,1,0.0,0.575,-0.575,50,0.62,0.7281556503747256,-0.10815565037472559,1,1.0,46,0.92,67.3913043478261,47,0.9215686274509803,38.297872340425535,38.297872340425535,23.404255319148938,3,50.0,0.3333333333333333,0.5300980773071755,9.803921568627452,74.50980392156863,84.31372549019608,-64.70588235294119,USE_ACCEPTED_R32A_CALIBRATION_RANK_SENSITIVITY,62.5,84.375,56.25,34.375,28.125,21.875,100.0,43.75,28.125,4.6875,7.8125,96.875,6.25,20.3125,43.75,96.875,25.0,6.25,82.8125,17.1875,54.6875,100.0,62.5,78.125,78.125,9.375,15.625,15.625,15.625,62.5,43.75,59.375,53.125
WC2018,Wojciech Szczęsny,Poland,42,2,36,0.8571428571428571,41.66666666666667,36.11111111111111,19.444444444444446,2.7777777777777777,22.22222222222222,0.6883831108918648,0.7619047619047619,0.07352165101289716,4,1.0,0.49209970820140314,0.5079002917985969,38,0.7368421052631579,0.7090445217013872,0.027797583561770874,4,1.0,32,0.8421052631578947,3.125,36,0.8571428571428571,36.11111111111111,13.88888888888889,50.0,5,40.0,1.0,0.5870360462120762,7.142857142857142,83.33333333333334,90.47619047619048,-76.1904761904762,USE_ACCEPTED_R32A_CALIBRATION_RANK_SENSITIVITY,15.625,65.625,100.0,15.625,9.375,9.375,78.125,84.375,81.25,39.0625,98.4375,28.125,96.875,6.25,76.5625,78.125,62.5,53.125,82.8125,6.25,6.25,25.0,15.625,65.625,3.125,96.875,9.375,98.4375,93.75,53.125,87.5,96.875,31.25
WC2018,Yann Sommer,Switzerland,120,4,115,0.9583333333333334,53.91304347826087,15.65217391304348,23.47826086956522,6.956521739130435,30.434782608695656,0.6438214097344518,0.75,0.10617859026554811,14,0.6428571428571429,0.5377031033059401,0.1051540395512027,106,0.7641509433962265,0.6578370351118025,0.10631390828442393,14,1.0,101,0.9528301886792453,14.144271570014144,115,0.9583333333333334,41.73913043478261,24.347826086956523,33.91304347826087,36,48.57142857142857,0.6666666666666666,0.5564715848767707,12.5,76.66666666666667,89.16666666666667,-64.16666666666667,USE_ACCEPTED_R32A_CALIBRATION_RANK_SENSITIVITY,82.8125,87.5,78.125,25.0,21.875,18.75,34.375,81.25,87.5,84.375,84.375,84.375,84.375,84.375,84.375,43.75,84.375,92.1875,82.8125,84.375,78.125,37.5,82.8125,93.75,18.75,50.0,12.5,75.0,71.875,73.4375,59.375,93.75,59.375
WC2022,Alireza Safar Beiranvand,Iran,31,2,24,0.7741935483870968,54.166666666666664,8.333333333333332,25.0,12.5,37.5,0.7517062391731437,0.8064516129032258,0.05474537373008208,2,1.0,0.642361111111111,0.35763888888888895,29,0.7931034482758621,0.7592472824877667,0.03385616578809541,2,1.0,22,0.7586206896551724,-40.909090909090914,24,0.7741935483870968,37.5,37.5,25.0,9,71.42857142857143,0.7777777777777778,0.76480240456213,12.903225806451612,70.96774193548387,83.87096774193549,-58.064516129032256,USE_ACCEPTED_R32A_CALIBRATION_RANK_SENSITIVITY,8.823529411764707,50.0,20.588235294117645,61.76470588235294,64.70588235294117,64.70588235294117,17.647058823529413,58.82352941176471,76.47058823529412,10.294117647058822,95.58823529411765,58.82352941176471,94.11764705882352,2.941176470588235,52.94117647058824,14.705882352941178,67.64705882352942,16.176470588235293,86.76470588235294,2.941176470588235,8.823529411764707,2.941176470588235,8.823529411764707,55.88235294117647,79.41176470588235,7.352941176470589,88.23529411764706,60.29411764705882,85.29411764705883,58.82352941176471,47.05882352941176,47.05882352941176,61.76470588235294
WC2022,Alisson Ramsés Becker,Brazil,94,4,90,0.9574468085106383,80.0,6.666666666666667,5.555555555555555,7.777777777777778,13.333333333333334,0.7208376009148448,0.8829787234042553,0.16214112248941032,8,1.0,0.6128051965008486,0.38719480349915136,86,0.872093023255814,0.7308871269068444,0.14120589634896932,7,0.875,83,0.9651162790697675,1.0327022375215122,90,0.9574468085106383,31.11111111111111,41.11111111111111,27.77777777777778,19,21.052631578947366,0.8947368421052632,0.7100660282159081,9.574468085106384,74.46808510638297,84.04255319148936,-64.89361702127658,USE_ACCEPTED_R32A_CALIBRATION_RANK_SENSITIVITY,85.29411764705883,100.0,14.705882352941178,5.88235294117647,44.11764705882353,11.76470588235294,2.941176470588235,88.23529411764706,97.05882352941177,51.470588235294116,95.58823529411765,35.294117647058826,97.05882352941177,35.294117647058826,82.35294117647058,2.941176470588235,97.05882352941177,55.88235294117647,60.29411764705882,41.17647058823529,91.17647058823529,26.47058823529412,85.29411764705883,26.47058823529412,91.17647058823529,26.47058823529412,29.411764705882355,76.47058823529412,8.823529411764707,47.05882352941176,73.52941176470588,55.88235294117647,35.294117647058826
WC2022,Andries Noppert,Netherlands,190,5,171,0.9,58.47953216374269,24.561403508771928,15.789473684210526,1.1695906432748537,16.95906432748538,0.8067909363017618,0.8421052631578947,0.03531432685613281,14,0.5,0.6431490108120542,-0.1431490108120543,176,0.8693181818181818,0.8198079076475341,0.04951027417064768,10,0.7142857142857143,161,0.9147727272727273,35.09316770186335,171,0.9,33.91812865497076,34.50292397660819,31.57894736842105,40,15.151515151515152,0.775,0.739207115829265,58.42105263157895,23.684210526315788,82.10526315789474,34.736842105263165,USE_ACCEPTED_R32A_CALIBRATION_RANK_SENSITIVITY,44.11764705882353,67.64705882352942,94.11764705882352,32.35294117647059,11.76470588235294,17.647058823529413,76.47058823529412,79.41176470588235,67.64705882352942,79.41176470588235,32.35294117647059,64.70588235294117,32.35294117647059,94.11764705882352,79.41176470588235,82.35294117647058,76.47058823529412,75.0,26.47058823529412,97.05882352941177,52.94117647058824,79.41176470588235,44.11764705882353,41.17647058823529,67.64705882352942,51.470588235294116,19.11764705882353,55.88235294117647,41.17647058823529,91.17647058823529,14.705882352941178,38.23529411764706,88.23529411764706
WC2022,Aymen Dahmen,Tunisia,77,3,65,0.8441558441558441,38.46153846153847,12.307692307692308,40.0,9.230769230769232,49.23076923076923,0.7655235466671113,0.6623376623376623,-0.10318588432944883,5,0.6,0.6425341614906832,-0.04253416149068321,72,0.6666666666666666,0.774064476193252,-0.10739780952658534,5,1.0,60,0.8333333333333334,-10.0,65,0.8441558441558441,29.230769230769234,35.38461538461539,35.38461538461539,18,57.14285714285714,0.5,0.7369508637761564,6.493506493506493,76.62337662337663,83.11688311688312,-70.12987012987014,USE_ACCEPTED_R32A_CALIBRATION_RANK_SENSITIVITY,23.52941176470588,23.52941176470588,35.294117647058826,91.17647058823529,55.88235294117647,85.29411764705883,23.52941176470588,14.705882352941178,17.647058823529413,32.35294117647059,45.588235294117645,61.76470588235294,44.11764705882353,19.11764705882353,11.76470588235294,23.52941176470588,14.705882352941178,39.705882352941174,86.76470588235294,20.588235294117645,23.52941176470588,20.588235294117645,23.52941176470588,14.705882352941178,73.52941176470588,73.52941176470588,67.64705882352942,5.88235294117647,38.23529411764706,26.47058823529412,82.35294117647058,44.11764705882353,23.52941176470588
WC2022,Damián Emiliano Martínez,Argentina,185,7,162,0.8756756756756757,52.46913580246913,12.345679012345679,18.51851851851852,16.666666666666664,35.18518518518518,0.7697044959131804,0.7189189189189189,-0.050785576994261505,23,0.6086956521739131,0.6466622972746965,-0.03796664510078352,162,0.7345679012345679,0.7871734500408664,-0.05260554880629852,19,0.8260869565217391,143,0.8827160493827161,19.76444608023555,162,0.8756756756756757,38.2716049382716,24.691358024691358,37.03703703703704,37,46.666666666666664,0.6756756756756757,0.7397861186551331,15.135135135135137,60.0,75.13513513513513,-44.86486486486486,USE_ACCEPTED_R32A_CALIBRATION_RANK_SENSITIVITY,32.35294117647059,41.17647058823529,38.23529411764706,45.588235294117645,91.17647058823529,58.82352941176471,29.411764705882355,32.35294117647059,38.23529411764706,94.11764705882352,50.0,67.64705882352942,47.05882352941176,88.23529411764706,35.294117647058826,41.17647058823529,38.23529411764706,94.11764705882352,44.11764705882353,91.17647058823529,32.35294117647059,70.58823529411765,32.35294117647059,61.76470588235294,23.52941176470588,82.35294117647058,54.41176470588235,32.35294117647059,44.11764705882353,70.58823529411765,20.588235294117645,11.76470588235294,76.47058823529412
WC2022,Daniel Ward,Wales,39,2,35,0.8974358974358975,28.57142857142857,5.714285714285714,45.714285714285715,20.0,65.71428571428571,0.7505750198931437,0.6666666666666666,-0.08390835322647702,5,0.4,0.5945945945945945,-0.19459459459459452,34,0.7058823529411765,0.7735133177311655,-0.06763096478998912,4,0.8,31,0.9117647058823529,10.483870967741936,35,0.8974358974358975,54.285714285714285,17.142857142857142,28.57142857142857,9,100.0,0.7777777777777778,0.7279283865767257,7.6923076923076925,84.61538461538461,92.3076923076923,-76.92307692307692,USE_ACCEPTED_R32A_CALIBRATION_RANK_SENSITIVITY,41.17647058823529,2.941176470588235,5.88235294117647,97.05882352941177,94.11764705882352,100.0,14.705882352941178,17.647058823529413,29.411764705882355,32.35294117647059,20.588235294117645,5.88235294117647,23.52941176470588,5.88235294117647,26.47058823529412,20.588235294117645,32.35294117647059,29.411764705882355,39.705882352941174,8.823529411764707,50.0,55.88235294117647,41.17647058823529,100.0,2.941176470588235,30.88235294117647,98.52941176470588,60.29411764705882,29.411764705882355,29.411764705882355,100.0,100.0,5.88235294117647
WC2022,Devis Rogers Epassy Mboka,Cameroon,83,2,77,0.927710843373494,32.467532467532465,14.285714285714285,40.25974025974026,12.987012987012985,53.246753246753244,0.7375024069778884,0.7469879518072289,0.009485544829340513,10,0.6,0.6076201201201201,-0.007620120120120033,73,0.7671232876712328,0.7552945010679938,0.011828786603239229,9,0.9,68,0.9315068493150684,2.614379084967318,77,0.927710843373494,44.15584415584416,27.27272727272727,28.57142857142857,25,75.0,0.64,0.7068284667455442,2.4096385542168677,83.13253012048193,85.54216867469879,-80.72289156626506,USE_ACCEPTED_R32A_CALIBRATION_RANK_SENSITIVITY,64.70588235294117,8.823529411764707,50.0,94.11764705882352,70.58823529411765,91.17647058823529,5.88235294117647,41.17647058823529,58.82352941176471,64.70588235294117,45.588235294117645,20.588235294117645,52.94117647058824,25.0,41.17647058823529,8.823529411764707,58.82352941176471,69.11764705882352,67.64705882352942,30.88235294117647,63.23529411764706,32.35294117647059,64.70588235294117,91.17647058823529,35.294117647058826,30.88235294117647,94.11764705882352,26.47058823529412,5.88235294117647,5.88235294117647,97.05882352941177,67.64705882352942,2.941176470588235
WC2022,Diogo Meireles Costa,Portugal,159,5,135,0.8490566037735849,61.48148148148148,13.333333333333334,18.51851851851852,6.666666666666667,25.185185185185183,0.7828590398774461,0.7232704402515723,-0.05958859962587388,20,0.55,0.6349777944042521,-0.08497779440425214,139,0.7482014388489209,0.8041369169239488,-0.0559354780750281,14,0.7,121,0.8705035971223022,19.716646989374258,135,0.8490566037735849,36.2962962962963,34.074074074074076,29.629629629629626,35,25.0,0.7428571428571429,0.7402129157345226,5.660377358490567,80.50314465408806,86.16352201257862,-74.8427672955975,USE_ACCEPTED_R32A_CALIBRATION_RANK_SENSITIVITY,26.47058823529412,82.35294117647058,47.05882352941176,45.588235294117645,32.35294117647059,32.35294117647059,52.94117647058824,35.294117647058826,35.294117647058826,89.70588235294117,41.17647058823529,50.0,41.17647058823529,76.47058823529412,38.23529411764706,58.82352941176471,35.294117647058826,88.23529411764706,23.52941176470588,73.52941176470588,26.47058823529412,67.64705882352942,26.47058823529412,50.0,58.82352941176471,41.17647058823529,38.23529411764706,44.11764705882353,47.05882352941176,17.647058823529413,91.17647058823529,70.58823529411765,8.823529411764707
WC2022,Dominik Livaković,Croatia,225,7,210,0.9333333333333333,65.71428571428571,11.428571428571429,16.666666666666664,6.190476190476191,22.857142857142858,0.7832668414739195,0.8755555555555555,0.09228871408163608,17,0.5294117647058824,0.6420561641297645,-0.11264439942388205,208,0.9038461538461539,0.7948080987568553,0.10903805508929863,13,0.7647058823529411,197,0.9471153846153846,33.0339711050371,210,0.9333333333333333,34.76190476190476,39.04761904761905,26.190476190476193,49,34.78260869565217,0.8979591836734694,0.722922005699506,5.777777777777778,71.55555555555554,77.33333333333333,-65.77777777777777,USE_ACCEPTED_R32A_CALIBRATION_RANK_SENSITIVITY,70.58823529411765,91.17647058823529,32.35294117647059,38.23529411764706,26.47058823529412,26.47058823529412,55.88235294117647,85.29411764705883,85.29411764705883,85.29411764705883,38.23529411764706,55.88235294117647,35.294117647058826,100.0,88.23529411764706,50.0,91.17647058823529,83.82352941176471,35.294117647058826,100.0,73.52941176470588,73.52941176470588,70.58823529411765,44.11764705882353,88.23529411764706,17.647058823529413,47.05882352941176,79.41176470588235,14.705882352941178,20.588235294117645,58.82352941176471,23.52941176470588,32.35294117647059
WC2022,Edouard Mendy,Senegal,116,4,109,0.9396551724137931,50.45871559633027,20.18348623853211,17.431192660550458,11.926605504587156,29.357798165137616,0.7921696237554122,0.8103448275862069,0.018175203830794563,9,0.4444444444444444,0.6326164287598826,-0.18817198431543802,107,0.8411214953271028,0.8055899859512979,0.035531509375804786,9,1.0,100,0.9345794392523364,16.44444444444444,109,0.9396551724137931,41.284403669724774,31.19266055045872,27.522935779816514,25,24.0,0.84,0.7479852641152953,9.482758620689655,72.41379310344827,81.89655172413794,-62.93103448275862,USE_ACCEPTED_R32A_CALIBRATION_RANK_SENSITIVITY,76.47058823529412,32.35294117647059,82.35294117647058,41.17647058823529,61.76470588235294,47.05882352941176,64.70588235294117,61.76470588235294,61.76470588235294,60.29411764705882,23.52941176470588,47.05882352941176,26.47058823529412,55.88235294117647,67.64705882352942,64.70588235294117,70.58823529411765,69.11764705882352,86.76470588235294,52.94117647058824,70.58823529411765,58.82352941176471,76.47058823529412,76.47058823529412,52.94117647058824,20.588235294117645,33.82352941176471,70.58823529411765,64.70588235294117,44.11764705882353,64.70588235294117,35.294117647058826,44.11764705882353
WC2022,Francisco Guillermo Ochoa Magaña,Mexico,107,3,102,0.9532710280373832,64.70588235294117,17.647058823529413,12.745098039215685,4.901960784313726,17.647058823529413,0.8047613513953472,0.8691588785046729,0.06439752710932571,3,0.3333333333333333,0.6833994708994707,-0.3500661375661375,104,0.8846153846153846,0.8082621748711898,0.07635320974419482,2,0.6666666666666666,100,0.9615384615384616,84.0,102,0.9532710280373832,42.15686274509804,25.49019607843137,32.35294117647059,26,24.0,0.8846153846153846,0.7360170227880274,10.2803738317757,73.83177570093457,84.11214953271028,-63.55140186915887,USE_ACCEPTED_R32A_CALIBRATION_RANK_SENSITIVITY,82.35294117647058,85.29411764705883,61.76470588235294,20.588235294117645,23.52941176470588,20.588235294117645,73.52941176470588,82.35294117647058,82.35294117647058,17.647058823529413,13.23529411764706,97.05882352941177,8.823529411764707,51.470588235294116,85.29411764705883,67.64705882352942,82.35294117647058,16.176470588235293,16.176470588235293,52.94117647058824,83.82352941176471,100.0,82.35294117647058,79.41176470588235,26.47058823529412,55.88235294117647,33.82352941176471,73.52941176470588,35.294117647058826,50.0,70.58823529411765,58.82352941176471,38.23529411764706
WC2022,Hernán Ismael Galíndez,Ecuador,76,3,66,0.868421052631579,42.42424242424242,7.575757575757576,22.727272727272727,27.27272727272727,50.0,0.7548032549437653,0.6052631578947368,-0.14954009704902835,2,0.5,0.5945945945945945,-0.09459459459459452,74,0.6081081081081081,0.7591332187369861,-0.15102511062887794,1,0.5,65,0.8783783783783784,50.76923076923077,66,0.868421052631579,24.242424242424242,37.878787878787875,37.878787878787875,21,61.111111111111114,0.5714285714285714,0.7030474404934706,7.894736842105263,78.94736842105263,86.8421052631579,-71.05263157894737,USE_ACCEPTED_R32A_CALIBRATION_RANK_SENSITIVITY,29.411764705882355,29.411764705882355,17.647058823529413,55.88235294117647,100.0,88.23529411764706,20.588235294117645,8.823529411764707,8.823529411764707,10.294117647058822,32.35294117647059,5.88235294117647,38.23529411764706,29.411764705882355,8.823529411764707,11.76470588235294,8.823529411764707,5.88235294117647,5.88235294117647,23.52941176470588,29.411764705882355,94.11764705882352,29.411764705882355,5.88235294117647,82.35294117647058,88.23529411764706,76.47058823529412,16.176470588235293,2.941176470588235,32.35294117647059,88.23529411764706,76.47058823529412,20.588235294117645
WC2022,Hugo Lloris,France,181,6,142,0.7845303867403315,37.32394366197183,20.422535211267608,34.50704225352113,7.746478873239436,42.25352112676056,0.7695646519244145,0.6464088397790055,-0.12315581214540905,11,0.2727272727272727,0.6272064060107538,-0.3544791332834811,170,0.6705882352941176,0.7787760678364751,-0.10818783254235734,5,0.45454545454545453,137,0.8058823529411765,18.394160583941606,142,0.7845303867403315,33.098591549295776,30.985915492957744,35.91549295774648,56,60.0,0.5892857142857143,0.7354432958747912,64.64088397790056,19.337016574585636,83.97790055248619,45.303867403314925,USE_ACCEPTED_R32A_CALIBRATION_RANK_SENSITIVITY,11.76470588235294,17.647058823529413,88.23529411764706,85.29411764705883,41.17647058823529,70.58823529411765,26.47058823529412,11.76470588235294,11.76470588235294,69.11764705882352,5.88235294117647,44.11764705882353,5.88235294117647,91.17647058823529,14.705882352941178,26.47058823529412,11.76470588235294,39.705882352941174,2.941176470588235,85.29411764705883,14.705882352941178,64.70588235294117,11.76470588235294,35.294117647058826,47.05882352941176,76.47058823529412,73.52941176470588,20.588235294117645,32.35294117647059,94.11764705882352,11.76470588235294,52.94117647058824,94.11764705882352
WC2022,Jordan Pickford,England,161,5,152,0.9440993788819876,61.18421052631579,8.552631578947368,14.473684210526317,15.789473684210526,30.263157894736842,0.7743873054110371,0.8322981366459627,0.05791083123492579,15,0.6666666666666666,0.6366396891069911,0.030026977559675525,146,0.8493150684931506,0.7885394577710416,0.06077561072210902,13,0.8666666666666667,139,0.952054794520548,34.20033204205866,152,0.9440993788819876,30.92105263157895,34.21052631578947,34.868421052631575,36,45.714285714285715,0.8333333333333334,0.7232712736829526,78.88198757763976,11.801242236024844,90.6832298136646,67.08074534161491,USE_ACCEPTED_R32A_CALIBRATION_RANK_SENSITIVITY,79.41176470588235,76.47058823529412,26.47058823529412,26.47058823529412,85.29411764705883,50.0,38.23529411764706,76.47058823529412,79.41176470588235,82.35294117647058,58.82352941176471,52.94117647058824,58.82352941176471,85.29411764705883,73.52941176470588,47.05882352941176,79.41176470588235,83.82352941176471,55.88235294117647,88.23529411764706,79.41176470588235,76.47058823529412,79.41176470588235,20.588235294117645,61.76470588235294,70.58823529411765,50.0,67.64705882352942,20.588235294117645,100.0,2.941176470588235,97.05882352941177,100.0
WC2022,Kasper Schmeichel,Denmark,87,3,79,0.9080459770114943,60.75949367088608,18.9873417721519,12.658227848101266,7.59493670886076,20.253164556962027,0.7839006301519091,0.8275862068965517,0.04368557674464263,6,0.6666666666666666,0.6111111111111112,0.055555555555555504,81,0.8395061728395061,0.7966998537845608,0.04280631905494538,4,0.6666666666666666,75,0.9259259259259259,5.0,79,0.9080459770114943,20.253164556962027,45.56962025316456,34.177215189873415,16,8.333333333333332,0.75,0.7459497512310118,4.597701149425287,71.26436781609196,75.86206896551724,-66.66666666666667,USE_ACCEPTED_R32A_CALIBRATION_RANK_SENSITIVITY,52.94117647058824,73.52941176470588,76.47058823529412,17.647058823529413,38.23529411764706,23.52941176470588,58.82352941176471,70.58823529411765,73.52941176470588,39.705882352941174,58.82352941176471,30.88235294117647,61.76470588235294,32.35294117647059,64.70588235294117,55.88235294117647,73.52941176470588,29.411764705882355,16.176470588235293,35.294117647058826,55.88235294117647,41.17647058823529,52.94117647058824,2.941176470588235,97.05882352941177,61.76470588235294,8.823529411764707,48.529411764705884,58.82352941176471,14.705882352941178,50.0,17.647058823529413,29.411764705882355
WC2022,Keylor Navas Gamboa,Costa Rica,101,3,72,0.7128712871287128,37.5,19.444444444444446,27.77777777777778,15.277777777777779,43.05555555555556,0.7717172866921638,0.5742574257425742,-0.19745986094958967,11,0.45454545454545453,0.6573834109916584,-0.2028379564462038,90,0.5888888888888889,0.785691427055559,-0.1968025381666701,6,0.5454545454545454,66,0.7333333333333333,-10.606060606060609,72,0.7128712871287128,51.388888888888886,23.61111111111111,25.0,32,63.63636363636363,0.5625,0.7645638715994175,2.9702970297029703,71.28712871287128,74.25742574257426,-68.3168316831683,USE_ACCEPTED_R32A_CALIBRATION_RANK_SENSITIVITY,5.88235294117647,20.588235294117645,79.41176470588235,67.64705882352942,82.35294117647058,73.52941176470588,35.294117647058826,5.88235294117647,5.88235294117647,69.11764705882352,26.47058823529412,76.47058823529412,20.588235294117645,39.705882352941174,5.88235294117647,35.294117647058826,5.88235294117647,48.529411764705884,8.823529411764707,26.47058823529412,5.88235294117647,14.705882352941178,5.88235294117647,97.05882352941177,14.705882352941178,7.352941176470589,79.41176470588235,11.76470588235294,82.35294117647058,8.823529411764707,52.94117647058824,8.823529411764707,26.47058823529412
WC2022,Lawrence Ati-Zigi,Ghana,76,3,70,0.9210526315789473,54.285714285714285,4.285714285714286,34.285714285714285,7.142857142857142,41.42857142857143,0.7819843195113464,0.6710526315789473,-0.11093168793239908,3,0.3333333333333333,0.6514991181657849,-0.3181657848324515,73,0.684931506849315,0.7873467250460956,-0.10241521819678051,2,0.6666666666666666,68,0.9315068493150684,8.82352941176471,70,0.9210526315789473,35.714285714285715,34.285714285714285,30.0,31,31.03448275862069,0.7096774193548387,0.7496540770086563,17.105263157894736,64.47368421052632,81.57894736842105,-47.368421052631575,USE_ACCEPTED_R32A_CALIBRATION_RANK_SENSITIVITY,58.82352941176471,58.82352941176471,2.941176470588235,82.35294117647058,35.294117647058826,67.64705882352942,50.0,20.588235294117645,14.705882352941178,17.647058823529413,13.23529411764706,73.52941176470588,11.76470588235294,25.0,17.647058823529413,44.11764705882353,20.588235294117645,16.176470588235293,16.176470588235293,30.88235294117647,63.23529411764706,50.0,58.82352941176471,47.05882352941176,64.70588235294117,44.11764705882353,44.11764705882353,38.23529411764706,70.58823529411765,76.47058823529412,38.23529411764706,32.35294117647059,73.52941176470588
WC2022,Manuel Neuer,Germany,123,3,118,0.959349593495935,60.16949152542372,28.8135593220339,11.016949152542372,0.0,11.016949152542372,0.8163105889638707,0.9349593495934959,0.11864876062962537,8,0.875,0.6025118457783163,0.2724881542216837,115,0.9391304347826087,0.8311835450115614,0.1079468897710474,6,0.75,112,0.9739130434782609,41.07142857142857,118,0.959349593495935,40.67796610169492,27.966101694915253,31.35593220338983,13,7.6923076923076925,1.0,0.7231129980865555,22.76422764227642,63.41463414634146,86.1788617886179,-40.650406504065046,USE_ACCEPTED_R32A_CALIBRATION_RANK_SENSITIVITY,88.23529411764706,70.58823529411765,100.0,14.705882352941178,5.88235294117647,8.823529411764707,94.11764705882352,94.11764705882352,91.17647058823529,51.470588235294116,83.82352941176471,14.705882352941178,88.23529411764706,64.70588235294117,94.11764705882352,94.11764705882352,88.23529411764706,48.529411764705884,30.88235294117647,70.58823529411765,94.11764705882352,88.23529411764706,88.23529411764706,73.52941176470588,41.17647058823529,47.05882352941176,5.88235294117647,97.05882352941177,17.647058823529413,79.41176470588235,32.35294117647059,73.52941176470588,79.41176470588235
WC2022,Mathew Ryan,Australia,162,4,145,0.8950617283950617,40.0,15.172413793103448,31.03448275862069,13.793103448275861,44.827586206896555,0.7709965465052198,0.7592592592592593,-0.011737287245960548,20,0.65,0.661091439947229,-0.011091439947228877,142,0.7746478873239436,0.7864761389781761,-0.011828251654232614,17,0.85,128,0.9014084507042254,2.527573529411761,145,0.8950617283950617,31.03448275862069,20.0,48.96551724137931,37,52.94117647058824,0.7567567567567568,0.7537212833277892,10.493827160493826,73.4567901234568,83.9506172839506,-62.962962962962976,USE_ACCEPTED_R32A_CALIBRATION_RANK_SENSITIVITY,38.23529411764706,26.47058823529412,55.88235294117647,76.47058823529412,76.47058823529412,82.35294117647058,32.35294117647059,44.11764705882353,44.11764705882353,89.70588235294117,52.94117647058824,79.41176470588235,50.0,82.35294117647058,44.11764705882353,38.23529411764706,47.05882352941176,91.17647058823529,52.94117647058824,80.88235294117648,41.17647058823529,29.411764705882355,38.23529411764706,23.52941176470588,8.823529411764707,100.0,64.70588235294117,52.94117647058824,76.47058823529412,52.94117647058824,67.64705882352942,50.0,41.17647058823529
WC2022,Matthew Charles Turner,United States,125,4,116,0.928,61.206896551724135,12.931034482758621,16.379310344827587,9.482758620689655,25.862068965517242,0.7937681058292381,0.816,0.02223189417076198,8,0.875,0.624486306959133,0.250513693040867,117,0.811965811965812,0.8053429296836041,0.006622882282207794,7,0.875,109,0.9316239316239316,2.8833551769331542,116,0.928,33.62068965517241,38.793103448275865,27.586206896551722,20,50.0,0.55,0.7276305646963583,13.600000000000001,64.0,77.60000000000001,-50.4,USE_ACCEPTED_R32A_CALIBRATION_RANK_SENSITIVITY,67.64705882352942,79.41176470588235,44.11764705882353,35.294117647058826,58.82352941176471,35.294117647058826,67.64705882352942,64.70588235294117,64.70588235294117,51.470588235294116,83.82352941176471,41.17647058823529,79.41176470588235,67.64705882352942,61.76470588235294,61.76470588235294,52.94117647058824,55.88235294117647,60.29411764705882,67.64705882352942,67.64705882352942,35.294117647058826,67.64705882352942,38.23529411764706,85.29411764705883,23.52941176470588,61.76470588235294,8.823529411764707,26.47058823529412,67.64705882352942,35.294117647058826,26.47058823529412,70.58823529411765
WC2022,Meshaal Aissa Barsham,Qatar,63,2,62,0.9841269841269841,53.2258064516129,12.903225806451612,32.25806451612903,1.6129032258064515,33.87096774193548,0.8153653022175972,0.7301587301587301,-0.08520657205886688,5,0.8,0.6631635478186884,0.13683645218131169,58,0.7241379310344828,0.8284861431140547,-0.1043482120795719,5,1.0,57,0.9827586206896551,6.666666666666671,62,0.9841269841269841,32.25806451612903,41.935483870967744,25.806451612903224,19,10.526315789473683,0.9473684210526315,0.7802872460465953,15.873015873015872,71.42857142857143,87.3015873015873,-55.55555555555556,USE_ACCEPTED_R32A_CALIBRATION_RANK_SENSITIVITY,100.0,44.11764705882353,41.17647058823529,79.41176470588235,14.705882352941178,55.88235294117647,88.23529411764706,38.23529411764706,26.47058823529412,32.35294117647059,73.52941176470588,85.29411764705883,73.52941176470588,11.76470588235294,32.35294117647059,88.23529411764706,17.647058823529413,39.705882352941174,86.76470588235294,11.76470588235294,100.0,47.05882352941176,100.0,32.35294117647059,94.11764705882352,14.705882352941178,14.705882352941178,91.17647058823529,97.05882352941177,73.52941176470588,55.88235294117647,85.29411764705883,64.70588235294117
WC2022,Milan Borjan,Canada,96,3,93,0.96875,50.53763440860215,21.50537634408602,25.806451612903224,2.1505376344086025,27.956989247311824,0.8160116969820809,0.8229166666666666,0.006904969684585986,6,0.3333333333333333,0.6013926426426427,-0.2680593093093092,90,0.8555555555555555,0.8303196339380433,0.025235921617512345,5,0.8333333333333334,88,0.9777777777777777,55.0,93,0.96875,43.01075268817204,23.655913978494624,33.33333333333333,15,20.0,0.9333333333333333,0.7431060237648563,8.333333333333332,67.70833333333334,76.04166666666666,-59.375000000000014,USE_ACCEPTED_R32A_CALIBRATION_RANK_SENSITIVITY,97.05882352941177,38.23529411764706,91.17647058823529,64.70588235294117,17.647058823529413,44.11764705882353,91.17647058823529,67.64705882352942,55.88235294117647,39.705882352941174,13.23529411764706,11.76470588235294,17.647058823529413,39.705882352941174,76.47058823529412,91.17647058823529,64.70588235294117,39.705882352941174,48.529411764705884,44.11764705882353,97.05882352941177,97.05882352941177,97.05882352941177,85.29411764705883,17.647058823529413,58.82352941176471,25.0,88.23529411764706,52.94117647058824,38.23529411764706,41.17647058823529,20.588235294117645,52.94117647058824
WC2022,Mohammed Khalil Al Owais,Saudi Arabia,94,3,78,0.8297872340425532,37.17948717948718,8.974358974358974,29.48717948717949,24.358974358974358,53.84615384615385,0.8086739297618095,0.7127659574468085,-0.09590797231500106,1,1.0,0.7288135593220338,0.27118644067796616,93,0.7096774193548387,0.8095326434224522,-0.0998552240676136,1,1.0,77,0.8279569892473119,46.753246753246756,78,0.8297872340425532,30.76923076923077,20.51282051282051,48.717948717948715,29,66.66666666666666,0.6896551724137931,0.7732785738357071,57.446808510638306,18.085106382978726,75.53191489361703,39.36170212765958,USE_ACCEPTED_R32A_CALIBRATION_RANK_SENSITIVITY,20.588235294117645,14.705882352941178,29.411764705882355,70.58823529411765,97.05882352941177,94.11764705882352,82.35294117647058,29.411764705882355,20.588235294117645,4.411764705882353,95.58823529411765,100.0,85.29411764705883,44.11764705882353,29.411764705882355,70.58823529411765,23.52941176470588,5.88235294117647,86.76470588235294,38.23529411764706,17.647058823529413,91.17647058823529,20.588235294117645,17.647058823529413,11.76470588235294,97.05882352941177,82.35294117647058,35.294117647058826,94.11764705882352,88.23529411764706,8.823529411764707,14.705882352941178,91.17647058823529
WC2022,Sergio Rochet Álvarez,Uruguay,76,3,61,0.8026315789473685,54.09836065573771,14.754098360655737,22.950819672131146,8.19672131147541,31.147540983606557,0.7472298778728177,0.7894736842105263,0.04224380633770879,4,1.0,0.6076388888888888,0.39236111111111116,72,0.7777777777777778,0.754984932816369,0.022792844961408654,3,0.75,58,0.8055555555555556,-32.758620689655174,61,0.8026315789473685,37.704918032786885,49.18032786885246,13.114754098360656,25,27.27272727272727,0.92,0.7220496707382533,13.157894736842104,72.36842105263158,85.52631578947368,-59.21052631578947,USE_ACCEPTED_R32A_CALIBRATION_RANK_SENSITIVITY,14.705882352941178,47.05882352941176,52.94117647058824,58.82352941176471,50.0,52.94117647058824,8.823529411764707,52.94117647058824,70.58823529411765,25.0,95.58823529411765,23.52941176470588,100.0,19.11764705882353,47.05882352941176,5.88235294117647,61.76470588235294,23.52941176470588,30.88235294117647,16.176470588235293,11.76470588235294,5.88235294117647,14.705882352941178,58.82352941176471,100.0,2.941176470588235,41.17647058823529,85.29411764705883,11.76470588235294,61.76470588235294,61.76470588235294,64.70588235294117,55.88235294117647
WC2022,Seung-Gyu Kim,South Korea,126,4,114,0.9047619047619048,57.89473684210527,18.421052631578945,14.912280701754385,8.771929824561402,23.684210526315788,0.8003428730958392,0.8015873015873016,0.0012444284914622556,7,0.8571428571428571,0.6040326040326042,0.2531102531102531,119,0.7983193277310925,0.8118905359819117,-0.013571208250819552,7,1.0,107,0.8991596638655462,-10.013351134846463,114,0.9047619047619048,38.59649122807017,24.561403508771928,36.84210526315789,28,20.0,0.75,0.7528920238846245,13.492063492063492,75.39682539682539,88.88888888888889,-61.9047619047619,USE_ACCEPTED_R32A_CALIBRATION_RANK_SENSITIVITY,47.05882352941176,64.70588235294117,70.58823529411765,29.411764705882355,52.94117647058824,29.411764705882355,70.58823529411765,55.88235294117647,50.0,44.11764705882353,79.41176470588235,17.647058823529413,82.35294117647058,70.58823529411765,58.82352941176471,76.47058823529412,44.11764705882353,55.88235294117647,86.76470588235294,61.76470588235294,38.23529411764706,17.647058823529413,47.05882352941176,67.64705882352942,20.588235294117645,79.41176470588235,25.0,48.529411764705884,73.52941176470588,64.70588235294117,76.47058823529412,91.17647058823529,50.0
WC2022,Seyed Hossein Hosseini,Iran,48,2,32,0.6666666666666666,31.25,25.0,37.5,6.25,43.75,0.8293591363231928,0.5416666666666666,-0.2876924696565261,3,0.3333333333333333,0.6111111111111112,-0.27777777777777785,45,0.5555555555555556,0.8439090046706649,-0.2883534491151094,2,0.6666666666666666,30,0.6666666666666666,6.666666666666664,32,0.6666666666666666,46.875,18.75,34.375,11,100.0,0.2727272727272727,0.7904598966858274,0.0,62.5,62.5,-62.5,USE_ACCEPTED_R32A_CALIBRATION_RANK_SENSITIVITY,2.941176470588235,5.88235294117647,97.05882352941177,88.23529411764706,29.411764705882355,79.41176470588235,97.05882352941177,2.941176470588235,2.941176470588235,17.647058823529413,13.23529411764706,30.88235294117647,14.705882352941178,8.823529411764707,2.941176470588235,100.0,2.941176470588235,16.176470588235293,16.176470588235293,5.88235294117647,2.941176470588235,44.11764705882353,2.941176470588235,94.11764705882352,5.88235294117647,67.64705882352942,98.52941176470588,2.941176470588235,100.0,2.941176470588235,26.47058823529412,2.941176470588235,47.05882352941176
WC2022,Shūichi Gonda,Japan,111,4,101,0.9099099099099099,50.495049504950494,5.9405940594059405,30.693069306930692,12.871287128712872,43.56435643564357,0.7765426303296334,0.7027027027027027,-0.07383992762693065,8,0.75,0.6811831435472739,0.06881685645272603,103,0.6990291262135923,0.7839491924098166,-0.08492006619622437,8,1.0,93,0.9029126213592233,-6.586021505376344,101,0.9099099099099099,26.732673267326735,34.65346534653465,38.613861386138616,26,59.09090909090909,0.6153846153846154,0.7254748171562879,4.504504504504505,76.57657657657657,81.08108108108108,-72.07207207207206,USE_ACCEPTED_R32A_CALIBRATION_RANK_SENSITIVITY,55.88235294117647,35.294117647058826,8.823529411764707,73.52941176470588,67.64705882352942,76.47058823529412,44.11764705882353,26.47058823529412,32.35294117647059,51.470588235294116,67.64705882352942,91.17647058823529,67.64705882352942,47.05882352941176,23.52941176470588,32.35294117647059,29.411764705882355,63.23529411764706,86.76470588235294,47.05882352941176,44.11764705882353,23.52941176470588,55.88235294117647,11.76470588235294,70.58823529411765,91.17647058823529,70.58823529411765,23.52941176470588,23.52941176470588,11.76470588235294,79.41176470588235,29.411764705882355,17.647058823529413
WC2022,Thibaut Courtois,Belgium,122,3,113,0.9262295081967213,65.48672566371681,20.353982300884958,9.734513274336283,4.424778761061947,14.15929203539823,0.8077678539581556,0.9098360655737705,0.10206821161561494,9,0.7777777777777778,0.6613609641387419,0.11641681363903587,113,0.9203539823008849,0.819428579695985,0.10092540260489999,8,0.8888888888888888,105,0.9292035398230089,38.57142857142857,113,0.9262295081967213,37.16814159292036,25.663716814159294,37.16814159292036,36,15.151515151515152,0.9166666666666666,0.7711616562197096,56.557377049180324,30.327868852459016,86.88524590163934,26.22950819672131,USE_ACCEPTED_R32A_CALIBRATION_RANK_SENSITIVITY,61.76470588235294,88.23529411764706,85.29411764705883,8.823529411764707,20.588235294117645,14.705882352941178,79.41176470588235,91.17647058823529,88.23529411764706,60.29411764705882,70.58823529411765,82.35294117647058,70.58823529411765,58.82352941176471,91.17647058823529,79.41176470588235,85.29411764705883,63.23529411764706,64.70588235294117,58.82352941176471,58.82352941176471,85.29411764705883,61.76470588235294,52.94117647058824,29.411764705882355,85.29411764705883,19.11764705882353,82.35294117647058,91.17647058823529,85.29411764705883,17.647058823529413,79.41176470588235,85.29411764705883
WC2022,Unai Simón Mendibil,Spain,158,4,152,0.9620253164556962,77.63157894736842,17.763157894736842,4.605263157894736,0.0,4.605263157894736,0.7486325788592095,0.9430379746835443,0.19440539582433486,25,0.92,0.6231705033457611,0.29682949665423897,133,0.9473684210526315,0.7722156757602338,0.17515274529239797,24,0.96,128,0.9624060150375939,9.375,152,0.9620253164556962,32.23684210526316,36.18421052631579,31.57894736842105,22,9.090909090909092,1.0,0.7432903748967402,8.227848101265822,81.0126582278481,89.24050632911393,-72.78481012658229,USE_ACCEPTED_R32A_CALIBRATION_RANK_SENSITIVITY,91.17647058823529,97.05882352941177,64.70588235294117,2.941176470588235,5.88235294117647,2.941176470588235,11.76470588235294,100.0,100.0,98.52941176470588,88.23529411764706,38.23529411764706,91.17647058823529,73.52941176470588,97.05882352941177,17.647058823529413,100.0,100.0,70.58823529411765,80.88235294117648,88.23529411764706,52.94117647058824,91.17647058823529,29.411764705882355,76.47058823529412,51.470588235294116,11.76470588235294,97.05882352941177,55.88235294117647,35.294117647058826,94.11764705882352,94.11764705882352,11.76470588235294
WC2022,Vanja Milinković Savić,Serbia,126,3,118,0.9365079365079365,54.23728813559322,8.47457627118644,21.1864406779661,16.101694915254235,37.28813559322034,0.7916637708554733,0.7777777777777778,-0.013885993077695481,12,0.6666666666666666,0.6099882491186839,0.05667841754798283,114,0.7894736842105263,0.8107875099856616,-0.021313825775135287,10,0.8333333333333334,108,0.9473684210526315,35.74074074074074,118,0.9365079365079365,42.3728813559322,32.20338983050847,25.423728813559322,21,73.68421052631578,0.5714285714285714,0.7486915993993749,11.904761904761903,70.63492063492063,82.53968253968253,-58.73015873015873,USE_ACCEPTED_R32A_CALIBRATION_RANK_SENSITIVITY,73.52941176470588,54.41176470588235,23.52941176470588,52.94117647058824,88.23529411764706,61.76470588235294,61.76470588235294,47.05882352941176,41.17647058823529,75.0,58.82352941176471,26.47058823529412,64.70588235294117,61.76470588235294,50.0,73.52941176470588,41.17647058823529,75.0,48.529411764705884,64.70588235294117,76.47058823529412,82.35294117647058,73.52941176470588,82.35294117647058,55.88235294117647,11.76470588235294,91.17647058823529,16.176470588235293,67.64705882352942,55.88235294117647,44.11764705882353,41.17647058823529,58.82352941176471
WC2022,Wayne Hennessey,Wales,65,2,59,0.9076923076923077,54.23728813559322,18.64406779661017,13.559322033898304,13.559322033898304,27.11864406779661,0.8314219009489755,0.8307692307692308,-0.0006526701797446957,1,0.0,0.5945945945945945,-0.5945945945945945,64,0.84375,0.8351223276107627,0.008627672389237333,1,1.0,58,0.90625,-27.586206896551722,59,0.9076923076923077,44.06779661016949,27.11864406779661,28.8135593220339,16,46.666666666666664,0.8125,0.7594584873264053,9.230769230769232,63.07692307692307,72.3076923076923,-53.84615384615384,USE_ACCEPTED_R32A_CALIBRATION_RANK_SENSITIVITY,50.0,54.41176470588235,73.52941176470588,23.52941176470588,73.52941176470588,38.23529411764706,100.0,73.52941176470588,47.05882352941176,4.411764705882353,2.941176470588235,5.88235294117647,2.941176470588235,14.705882352941178,70.58823529411765,97.05882352941177,55.88235294117647,5.88235294117647,86.76470588235294,16.176470588235293,47.05882352941176,8.823529411764707,50.0,88.23529411764706,32.35294117647059,38.23529411764706,54.41176470588235,64.70588235294117,79.41176470588235,41.17647058823529,29.411764705882355,5.88235294117647,67.64705882352942
WC2022,Wojciech Szczęsny,Poland,145,4,129,0.8896551724137931,32.55813953488372,6.2015503875969,47.286821705426355,13.953488372093023,61.240310077519375,0.7761719540702681,0.6827586206896552,-0.09341333338061285,4,0.5,0.6822183402346447,-0.18221834023464456,141,0.6879432624113475,0.7788373048173778,-0.09089404240603038,4,1.0,125,0.8865248226950354,-11.600000000000001,129,0.8896551724137931,40.310077519379846,31.007751937984494,28.68217054263566,37,69.6969696969697,0.6486486486486487,0.7417606984592395,6.206896551724138,78.62068965517241,84.82758620689656,-72.41379310344827,USE_ACCEPTED_R32A_CALIBRATION_RANK_SENSITIVITY,35.294117647058826,11.76470588235294,11.76470588235294,100.0,79.41176470588235,97.05882352941177,41.17647058823529,23.52941176470588,23.52941176470588,25.0,32.35294117647059,94.11764705882352,29.411764705882355,79.41176470588235,20.588235294117645,29.411764705882355,26.47058823529412,29.411764705882355,86.76470588235294,76.47058823529412,35.294117647058826,11.76470588235294,35.294117647058826,70.58823529411765,50.0,35.294117647058826,85.29411764705883,29.411764705882355,50.0,23.52941176470588,85.29411764705883,61.76470588235294,14.705882352941178
WC2022,Yann Sommer,Switzerland,116,3,112,0.9655172413793104,72.32142857142857,17.857142857142858,9.821428571428571,0.0,9.821428571428571,0.809105267481976,0.9396551724137931,0.13054990493181728,12,0.8333333333333334,0.671069847020934,0.16226348631239942,104,0.9519230769230769,0.8250324313813268,0.12689064554175009,12,1.0,100,0.9615384615384616,17.0,112,0.9655172413793104,25.892857142857146,30.357142857142854,43.75,19,5.263157894736842,1.0,0.7477817936534268,25.0,62.06896551724138,87.06896551724138,-37.06896551724138,USE_ACCEPTED_R32A_CALIBRATION_RANK_SENSITIVITY,94.11764705882352,94.11764705882352,67.64705882352942,11.76470588235294,5.88235294117647,5.88235294117647,85.29411764705883,97.05882352941177,94.11764705882352,75.0,76.47058823529412,88.23529411764706,76.47058823529412,51.470588235294116,100.0,85.29411764705883,94.11764705882352,79.41176470588235,86.76470588235294,52.94117647058824,83.82352941176471,61.76470588235294,94.11764705882352,8.823529411764707,44.11764705882353,94.11764705882352,2.941176470588235,97.05882352941177,61.76470588235294,82.35294117647058,23.52941176470588,82.35294117647058,82.35294117647058
WC2022,Yassine Bounou,Morocco,208,6,172,0.8269230769230769,56.97674418604651,15.69767441860465,19.186046511627907,8.13953488372093,27.325581395348834,0.7786830758916172,0.7836538461538461,0.0049707702622289445,25,0.68,0.6509155206475029,0.029084479352497087,183,0.7978142076502732,0.7961376599413595,0.0016765477089136303,20,0.8,152,0.8306010928961749,3.026315789473685,172,0.8269230769230769,38.372093023255815,27.325581395348834,34.30232558139535,56,48.837209302325576,0.7321428571428571,0.76530166407316,75.96153846153845,12.5,88.46153846153845,63.46153846153845,USE_ACCEPTED_R32A_CALIBRATION_RANK_SENSITIVITY,17.647058823529413,61.76470588235294,58.82352941176471,50.0,47.05882352941176,41.17647058823529,47.05882352941176,50.0,52.94117647058824,98.52941176470588,64.70588235294117,70.58823529411765,55.88235294117647,97.05882352941177,55.88235294117647,52.94117647058824,50.0,97.05882352941177,39.705882352941174,94.11764705882352,20.588235294117645,38.23529411764706,17.647058823529413,64.70588235294117,38.23529411764706,64.70588235294117,58.82352941176471,41.17647058823529,88.23529411764706,97.05882352941177,5.88235294117647,88.23529411764706,97.05882352941177
WSL2021,Alexandra MacIver,Everton LFC,827,18,760,0.9189842805320435,68.8157894736842,12.23684210526316,16.447368421052634,2.5,18.947368421052634,0.8213776520020458,0.8367593712212817,0.015381719219235921,44,0.5,0.625653248685058,-0.12565324868505806,783,0.855683269476373,0.832376213618837,0.02330705585753597,32,0.7272727272727273,728,0.929757343550447,25.892857142857142,760,0.9189842805320435,37.631578947368425,26.57894736842105,35.78947368421053,143,23.846153846153847,0.8461538461538461,0.7366762802029586,19.347037484885128,67.956469165659,87.30350665054414,-48.60943168077387,USE_ACCEPTED_R32A_CALIBRATION_RANK_SENSITIVITY,58.82352941176471,76.47058823529412,17.647058823529413,35.294117647058826,82.35294117647058,35.294117647058826,76.47058823529412,64.70588235294117,52.94117647058824,58.82352941176471,38.23529411764706,58.82352941176471,29.411764705882355,94.11764705882352,64.70588235294117,70.58823529411765,64.70588235294117,52.94117647058824,17.647058823529413,88.23529411764706,58.82352941176471,100.0,58.82352941176471,58.82352941176471,47.05882352941176,52.94117647058824,41.17647058823529,70.58823529411765,52.94117647058824,76.47058823529412,29.411764705882355,58.82352941176471,76.47058823529412
WSL2021,Ann-Katrin Berger,Chelsea FCW,629,17,603,0.958664546899841,55.05804311774462,24.543946932006634,18.573797678275287,1.8242122719734661,20.398009950248756,0.8179285428104166,0.8378378378378378,0.01990929502742116,57,0.49122807017543857,0.6245015075485418,-0.13327343737310324,572,0.8723776223776224,0.837203614506093,0.03517400787152936,49,0.8596491228070176,554,0.9685314685314685,15.560303543800192,603,0.958664546899841,36.650082918739635,28.192371475953564,35.1575456053068,96,25.0,0.875,0.771388014087283,11.128775834658187,72.01907790143083,83.14785373608903,-60.89030206677265,USE_ACCEPTED_R32A_CALIBRATION_RANK_SENSITIVITY,82.35294117647058,47.05882352941176,88.23529411764706,41.17647058823529,64.70588235294117,41.17647058823529,64.70588235294117,70.58823529411765,58.82352941176471,79.41176470588235,29.411764705882355,52.94117647058824,17.647058823529413,47.05882352941176,76.47058823529412,76.47058823529412,82.35294117647058,82.35294117647058,70.58823529411765,52.94117647058824,82.35294117647058,82.35294117647058,82.35294117647058,41.17647058823529,64.70588235294117,35.294117647058826,47.05882352941176,82.35294117647058,88.23529411764706,52.94117647058824,58.82352941176471,41.17647058823529,41.17647058823529
WSL2021,Cecilie Fiskerstrand,Brighton & Hove Albion WFC,295,7,264,0.8949152542372881,43.93939393939394,32.196969696969695,23.106060606060606,0.7575757575757576,23.863636363636363,0.7716449789474098,0.7322033898305085,-0.039441589116901314,10,0.3,0.5778763778793943,-0.27787637787939423,285,0.7473684210526316,0.7784438772304981,-0.03107545617786648,8,0.8,256,0.8982456140350877,1.171875,264,0.8949152542372881,29.924242424242426,18.939393939393938,51.13636363636363,72,33.33333333333333,0.7638888888888888,0.7222373360094225,10.16949152542373,69.83050847457626,80.0,-59.66101694915253,USE_ACCEPTED_R32A_CALIBRATION_RANK_SENSITIVITY,47.05882352941176,29.411764705882355,100.0,64.70588235294117,35.294117647058826,64.70588235294117,35.294117647058826,35.294117647058826,29.411764705882355,5.88235294117647,5.88235294117647,23.52941176470588,5.88235294117647,17.647058823529413,29.411764705882355,35.294117647058826,29.411764705882355,5.88235294117647,47.05882352941176,17.647058823529413,41.17647058823529,41.17647058823529,47.05882352941176,23.52941176470588,17.647058823529413,100.0,58.82352941176471,35.294117647058826,29.411764705882355,47.05882352941176,52.94117647058824,17.647058823529413,52.94117647058824
WSL2021,Courtney Brosnan,West Ham United LFC,205,6,182,0.8878048780487805,19.230769230769234,19.230769230769234,57.692307692307686,3.8461538461538463,61.53846153846154,0.7470848320815554,0.6878048780487804,-0.05927995403277493,12,0.75,0.6428792247804369,0.10712077521956308,193,0.6839378238341969,0.7535639371987233,-0.0696261133645265,12,1.0,170,0.8808290155440415,-30.19607843137255,182,0.8878048780487805,37.91208791208791,25.274725274725274,36.81318681318682,47,82.5,0.5531914893617021,0.7429091653098239,3.902439024390244,63.90243902439025,67.8048780487805,-60.0,USE_ACCEPTED_R32A_CALIBRATION_RANK_SENSITIVITY,35.294117647058826,5.88235294117647,70.58823529411765,100.0,88.23529411764706,100.0,17.647058823529413,23.52941176470588,23.52941176470588,11.76470588235294,85.29411764705883,70.58823529411765,76.47058823529412,5.88235294117647,23.52941176470588,17.647058823529413,23.52941176470588,11.76470588235294,100.0,5.88235294117647,29.411764705882355,5.88235294117647,35.294117647058826,64.70588235294117,41.17647058823529,58.82352941176471,100.0,11.76470588235294,64.70588235294117,11.76470588235294,17.647058823529413,5.88235294117647,47.05882352941176
WSL2021,Ellie Roebuck,Manchester City WFC,809,20,786,0.9715698393077874,81.04325699745547,14.50381679389313,4.198473282442748,0.2544529262086514,4.4529262086514,0.8152164821848535,0.9468479604449939,0.1316314782601402,52,0.8076923076923077,0.62993720084437,0.17775510684793755,757,0.9564068692206077,0.8279437247604219,0.12846314446018584,46,0.8846153846153846,740,0.9775429326287979,-0.11163337250293814,786,0.9715698393077874,29.389312977099237,30.279898218829516,40.33078880407125,105,6.862745098039216,0.9333333333333333,0.7412359725312408,1.1124845488257107,88.99876390605687,90.11124845488257,-87.88627935723116,USE_ACCEPTED_R32A_CALIBRATION_RANK_SENSITIVITY,88.23529411764706,94.11764705882352,23.52941176470588,5.88235294117647,17.647058823529413,5.88235294117647,58.82352941176471,94.11764705882352,100.0,64.70588235294117,94.11764705882352,64.70588235294117,94.11764705882352,76.47058823529412,94.11764705882352,64.70588235294117,100.0,76.47058823529412,82.35294117647058,94.11764705882352,88.23529411764706,29.411764705882355,88.23529411764706,5.88235294117647,82.35294117647058,82.35294117647058,11.76470588235294,94.11764705882352,58.82352941176471,5.88235294117647,100.0,94.11764705882352,5.88235294117647
WSL2021,Grace Moloney,Reading WFC,913,22,831,0.9101861993428259,61.371841155234655,16.967509025270758,20.81829121540313,0.842358604091456,21.660649819494584,0.7741966116427167,0.8105147864184009,0.036318174775684206,60,0.75,0.6034184545679697,0.14658154543203047,853,0.8147713950762017,0.7862091432071773,0.028562251869024453,54,0.9,777,0.9109026963657679,2.5811525811525797,831,0.9101861993428259,37.063778580024064,32.61131167268351,30.324909747292416,197,22.77777777777778,0.8274111675126904,0.7204332130528274,5.914567360350493,75.46549835706462,81.38006571741512,-69.55093099671413,USE_ACCEPTED_R32A_CALIBRATION_RANK_SENSITIVITY,52.94117647058824,64.70588235294117,47.05882352941176,47.05882352941176,52.94117647058824,47.05882352941176,47.05882352941176,52.94117647058824,82.35294117647058,88.23529411764706,85.29411764705883,35.294117647058826,88.23529411764706,100.0,52.94117647058824,47.05882352941176,70.58823529411765,94.11764705882352,88.23529411764706,100.0,52.94117647058824,52.94117647058824,52.94117647058824,47.05882352941176,88.23529411764706,5.88235294117647,35.294117647058826,64.70588235294117,17.647058823529413,29.411764705882355,76.47058823529412,35.294117647058826,29.411764705882355
WSL2021,Hannah Hampton,Birmingham City WFC,855,21,723,0.8456140350877193,39.97233748271093,11.20331950207469,39.004149377593365,9.820193637621024,48.82434301521438,0.7598380973952238,0.6292397660818714,-0.1305983313133525,81,0.6419753086419753,0.6195187653951921,0.022456543246783117,774,0.627906976744186,0.7745226786510411,-0.14661570190685505,64,0.7901234567901234,659,0.851421188630491,1.2898330804248843,723,0.8456140350877193,29.737206085753805,34.85477178423236,35.40802213001383,263,64.92890995260665,0.5665399239543726,0.7343353783649997,12.397660818713451,68.88888888888889,81.28654970760235,-56.49122807017544,USE_ACCEPTED_R32A_CALIBRATION_RANK_SENSITIVITY,11.76470588235294,23.52941176470588,5.88235294117647,88.23529411764706,100.0,88.23529411764706,29.411764705882355,11.76470588235294,5.88235294117647,100.0,52.94117647058824,47.05882352941176,58.82352941176471,88.23529411764706,11.76470588235294,23.52941176470588,5.88235294117647,100.0,35.294117647058826,76.47058823529412,11.76470588235294,47.05882352941176,11.76470588235294,11.76470588235294,100.0,41.17647058823529,88.23529411764706,17.647058823529413,47.05882352941176,64.70588235294117,41.17647058823529,29.411764705882355,64.70588235294117
WSL2021,Lisa Weiß,Aston Villa,688,20,601,0.873546511627907,39.43427620632279,20.465890183028286,37.770382695507486,2.329450915141431,40.099833610648915,0.7234832927924436,0.6468023255813954,-0.07668096721104815,25,0.48,0.6125580422460374,-0.1325580422460374,663,0.6530920060331825,0.7276659945475871,-0.07457398851440453,18,0.72,583,0.8793363499245852,-1.2483323804078452,601,0.873546511627907,38.60232945091514,21.46422628951747,39.93344425956739,220,51.05263157894737,0.6272727272727273,0.7210470871636269,12.063953488372094,60.46511627906976,72.52906976744185,-48.40116279069767,USE_ACCEPTED_R32A_CALIBRATION_RANK_SENSITIVITY,23.52941176470588,17.647058823529413,76.47058823529412,82.35294117647058,70.58823529411765,82.35294117647058,5.88235294117647,17.647058823529413,17.647058823529413,35.294117647058826,23.52941176470588,41.17647058823529,23.52941176470588,64.70588235294117,17.647058823529413,5.88235294117647,17.647058823529413,35.294117647058826,11.76470588235294,64.70588235294117,23.52941176470588,23.52941176470588,23.52941176470588,70.58823529411765,29.411764705882355,70.58823529411765,82.35294117647058,23.52941176470588,23.52941176470588,58.82352941176471,5.88235294117647,11.76470588235294,88.23529411764706
WSL2021,Lydia Grace Yilkari Williams,Arsenal WFC,367,9,360,0.9809264305177112,74.16666666666667,19.166666666666668,6.388888888888888,0.2777777777777778,6.666666666666667,0.8410402734298592,0.9373297002724795,0.09628942684262032,17,0.8823529411764706,0.6644971037413548,0.2178558374351158,350,0.94,0.8496152273861581,0.09038477261384198,15,0.8823529411764706,345,0.9857142857142858,6.9565217391304355,360,0.9809264305177112,33.611111111111114,33.611111111111114,32.77777777777778,56,11.11111111111111,0.9285714285714286,0.7513448012034889,15.803814713896458,72.75204359673025,88.5558583106267,-56.94822888283379,USE_ACCEPTED_R32A_CALIBRATION_RANK_SENSITIVITY,94.11764705882352,88.23529411764706,64.70588235294117,17.647058823529413,23.52941176470588,17.647058823529413,88.23529411764706,88.23529411764706,88.23529411764706,23.52941176470588,100.0,88.23529411764706,100.0,23.52941176470588,88.23529411764706,82.35294117647058,88.23529411764706,23.52941176470588,76.47058823529412,29.411764705882355,94.11764705882352,64.70588235294117,94.11764705882352,35.294117647058826,94.11764705882352,23.52941176470588,17.647058823529413,88.23529411764706,70.58823529411765,70.58823529411765,64.70588235294117,76.47058823529412,58.82352941176471
WSL2021,Mackenzie Arnold,West Ham United LFC,812,16,725,0.8928571428571429,45.10344827586207,23.586206896551722,28.827586206896548,2.4827586206896552,31.310344827586206,0.7718440625606601,0.7475369458128078,-0.024307116747852242,43,0.5116279069767442,0.5979846498480357,-0.08635674287129147,769,0.7607282184655396,0.7815657202285962,-0.02083750176305655,34,0.7906976744186046,691,0.8985695708712613,13.43747339746318,725,0.8928571428571429,40.41379310344828,19.310344827586206,40.275862068965516,138,49.6124031007752,0.7318840579710145,0.7079612651987895,6.157635467980295,77.33990147783251,83.49753694581281,-71.18226600985221,USE_ACCEPTED_R32A_CALIBRATION_RANK_SENSITIVITY,41.17647058823529,41.17647058823529,82.35294117647058,76.47058823529412,76.47058823529412,76.47058823529412,41.17647058823529,41.17647058823529,35.294117647058826,52.94117647058824,47.05882352941176,29.411764705882355,41.17647058823529,82.35294117647058,41.17647058823529,41.17647058823529,35.294117647058826,58.82352941176471,41.17647058823529,82.35294117647058,47.05882352941176,70.58823529411765,41.17647058823529,94.11764705882352,23.52941176470588,76.47058823529412,76.47058823529412,29.411764705882355,5.88235294117647,35.294117647058826,82.35294117647058,47.05882352941176,23.52941176470588
WSL2021,Manuela Zinsberger,Arsenal WFC,667,13,618,0.9265367316341829,74.11003236245955,17.79935275080906,7.9288025889967635,0.16181229773462785,8.090614886731391,0.8567014139235978,0.881559220389805,0.024857806466207385,56,0.6428571428571429,0.6969471658759617,-0.054090023018818836,611,0.9034369885433715,0.8713433744647887,0.032093614078582945,45,0.8035714285714286,573,0.9378068739770867,0.8609656777196051,618,0.9265367316341829,39.967637540453076,27.831715210355988,32.200647249190936,93,13.750000000000002,0.7956989247311828,0.7897039275619274,20.98950524737631,69.41529235382309,90.4047976011994,-48.425787106446776,USE_ACCEPTED_R32A_CALIBRATION_RANK_SENSITIVITY,70.58823529411765,82.35294117647058,52.94117647058824,23.52941176470588,11.76470588235294,23.52941176470588,100.0,82.35294117647058,76.47058823529412,70.58823529411765,58.82352941176471,100.0,52.94117647058824,58.82352941176471,82.35294117647058,100.0,76.47058823529412,70.58823529411765,52.94117647058824,58.82352941176471,70.58823529411765,35.294117647058826,70.58823529411765,88.23529411764706,58.82352941176471,17.647058823529413,23.52941176470588,47.05882352941176,100.0,88.23529411764706,47.05882352941176,100.0,82.35294117647058
WSL2021,Mary Alexandra Earps,Manchester United,391,11,368,0.9411764705882353,57.33695652173913,19.021739130434785,22.82608695652174,0.8152173913043478,23.641304347826086,0.8197025576622333,0.8209718670076727,0.001269309345439195,18,0.5,0.6805193080413071,-0.18051930804130725,373,0.8364611260053619,0.8264191756064068,0.010041950398955113,15,0.8333333333333334,353,0.9463806970509383,3.153918791312563,368,0.9411764705882353,38.858695652173914,29.891304347826086,31.25,76,41.66666666666667,0.8157894736842105,0.774824213908915,19.437340153452684,68.54219948849105,87.97953964194375,-49.10485933503837,USE_ACCEPTED_R32A_CALIBRATION_RANK_SENSITIVITY,76.47058823529412,52.94117647058824,58.82352941176471,58.82352941176471,47.05882352941176,58.82352941176471,70.58823529411765,58.82352941176471,47.05882352941176,29.411764705882355,38.23529411764706,94.11764705882352,11.76470588235294,35.294117647058826,58.82352941176471,58.82352941176471,47.05882352941176,23.52941176470588,64.70588235294117,35.294117647058826,76.47058823529412,58.82352941176471,76.47058823529412,76.47058823529412,76.47058823529412,11.76470588235294,70.58823529411765,58.82352941176471,94.11764705882352,82.35294117647058,35.294117647058826,64.70588235294117,70.58823529411765
WSL2021,Mary Alexandra Earps,Manchester United W,404,11,373,0.9232673267326733,66.48793565683646,16.890080428954423,15.81769436997319,0.8042895442359249,16.621983914209114,0.835366176772494,0.8564356435643564,0.021069466791862595,36,0.6944444444444444,0.6623553157790958,0.03208912866534862,368,0.8722826086956522,0.8522911523044566,0.019991456391195487,29,0.8055555555555556,344,0.9347826086956522,19.366479550922218,373,0.9232673267326733,37.26541554959786,29.2225201072386,33.51206434316354,66,15.789473684210526,0.8636363636363636,0.769916989751795,21.782178217821784,66.58415841584159,88.36633663366337,-44.801980198019805,USE_ACCEPTED_R32A_CALIBRATION_RANK_SENSITIVITY,64.70588235294117,70.58823529411765,41.17647058823529,29.411764705882355,41.17647058823529,29.411764705882355,82.35294117647058,76.47058823529412,70.58823529411765,41.17647058823529,76.47058823529412,82.35294117647058,64.70588235294117,29.411764705882355,70.58823529411765,88.23529411764706,58.82352941176471,47.05882352941176,58.82352941176471,23.52941176470588,64.70588235294117,94.11764705882352,64.70588235294117,52.94117647058824,70.58823529411765,29.411764705882355,29.411764705882355,76.47058823529412,82.35294117647058,94.11764705882352,23.52941176470588,70.58823529411765,94.11764705882352
WSL2021,Megan Walsh,Brighton & Hove Albion WFC,596,15,504,0.8456375838926175,44.642857142857146,26.984126984126984,26.785714285714285,1.5873015873015872,28.373015873015873,0.7540813983713108,0.7298657718120806,-0.024215626559230267,57,0.45614035087719296,0.5596237508997697,-0.10348340002257672,539,0.7588126159554731,0.7746455651725684,-0.015832949217095302,38,0.6666666666666666,466,0.8645640074211502,-10.76349672464423,504,0.8456375838926175,33.53174603174603,15.873015873015872,50.595238095238095,145,38.4,0.7862068965517242,0.728100754606232,7.046979865771812,74.16107382550335,81.20805369127517,-67.11409395973153,USE_ACCEPTED_R32A_CALIBRATION_RANK_SENSITIVITY,17.647058823529413,35.294117647058826,94.11764705882352,70.58823529411765,58.82352941176471,70.58823529411765,23.52941176470588,29.411764705882355,41.17647058823529,79.41176470588235,11.76470588235294,11.76470588235294,35.294117647058826,41.17647058823529,35.294117647058826,29.411764705882355,41.17647058823529,64.70588235294117,5.88235294117647,41.17647058823529,17.647058823529413,11.76470588235294,17.647058823529413,29.411764705882355,11.76470588235294,94.11764705882352,64.70588235294117,41.17647058823529,35.294117647058826,41.17647058823529,70.58823529411765,23.52941176470588,35.294117647058826
WSL2021,Rebecca Leigh Spencer,Tottenham Hotspur Women,647,16,567,0.8763523956723338,60.84656084656085,16.57848324514991,21.869488536155202,0.7054673721340388,22.57495590828924,0.7784764142150528,0.7990726429675425,0.0205962287524898,38,0.6842105263157895,0.5616055116155138,0.12260501470027581,609,0.80623973727422,0.7920085887614936,0.01423114851272647,28,0.7368421052631579,539,0.8850574712643678,13.821892393320965,567,0.8763523956723338,39.32980599647266,22.92768959435626,37.742504409171076,152,28.030303030303028,0.8026315789473685,0.7311043211111591,4.7913446676970635,85.00772797527047,89.79907264296754,-80.21638330757341,USE_ACCEPTED_R32A_CALIBRATION_RANK_SENSITIVITY,29.411764705882355,58.82352941176471,35.294117647058826,52.94117647058824,29.411764705882355,52.94117647058824,52.94117647058824,47.05882352941176,64.70588235294117,47.05882352941176,64.70588235294117,17.647058823529413,82.35294117647058,52.94117647058824,47.05882352941176,52.94117647058824,52.94117647058824,41.17647058823529,23.52941176470588,47.05882352941176,35.294117647058826,76.47058823529412,29.411764705882355,82.35294117647058,35.294117647058826,64.70588235294117,52.94117647058824,52.94117647058824,41.17647058823529,23.52941176470588,94.11764705882352,88.23529411764706,11.76470588235294
WSL2021,Sophie Baggaley,Bristol City WFC,822,21,690,0.8394160583941606,27.681159420289852,16.3768115942029,50.57971014492754,5.36231884057971,55.94202898550724,0.7305970585813691,0.6021897810218978,-0.12840727755947143,66,0.4696969696969697,0.5446562529837288,-0.07495928328675908,756,0.6137566137566137,0.746829986054179,-0.13307337229756536,52,0.7878787878787878,638,0.843915343915344,-4.346515553412104,690,0.8394160583941606,51.59420289855072,12.89855072463768,35.507246376811594,251,71.09004739336493,0.5338645418326693,0.713356675058342,4.13625304136253,79.92700729927007,84.06326034063261,-75.79075425790754,USE_ACCEPTED_R32A_CALIBRATION_RANK_SENSITIVITY,5.88235294117647,11.76470588235294,29.411764705882355,94.11764705882352,94.11764705882352,94.11764705882352,11.76470588235294,5.88235294117647,11.76470588235294,94.11764705882352,17.647058823529413,5.88235294117647,47.05882352941176,70.58823529411765,5.88235294117647,11.76470588235294,11.76470588235294,88.23529411764706,29.411764705882355,70.58823529411765,5.88235294117647,17.647058823529413,5.88235294117647,100.0,5.88235294117647,47.05882352941176,94.11764705882352,5.88235294117647,11.76470588235294,17.647058823529413,88.23529411764706,52.94117647058824,17.647058823529413
WSL2021,Tinja-Riikka Tellervo Korpela,Everton LFC,234,5,232,0.9914529914529915,83.1896551724138,11.637931034482758,5.172413793103448,0.0,5.172413793103448,0.8456892108667943,0.9487179487179487,0.10302873785115439,16,0.6875,0.6547901576008286,0.03270984239917151,218,0.9678899082568807,0.8597001505560395,0.10818975770084122,15,0.9375,217,0.9954128440366973,15.852534562211982,232,0.9914529914529915,29.74137931034483,26.72413793103448,43.53448275862069,27,0.0,1.0,0.7629087701111805,26.495726495726498,62.82051282051282,89.31623931623932,-36.32478632478632,USE_ACCEPTED_R32A_CALIBRATION_RANK_SENSITIVITY,100.0,100.0,11.76470588235294,11.76470588235294,5.88235294117647,11.76470588235294,94.11764705882352,100.0,94.11764705882352,17.647058823529413,70.58823529411765,76.47058823529412,70.58823529411765,11.76470588235294,100.0,94.11764705882352,94.11764705882352,23.52941176470588,94.11764705882352,11.76470588235294,100.0,88.23529411764706,100.0,17.647058823529413,52.94117647058824,88.23529411764706,5.88235294117647,100.0,76.47058823529412,100.0,11.76470588235294,82.35294117647058,100.0
