cohort,keeper,team,goal_kick,pressure_state,realized_bin,n,retention,xR,value
PL1516,Adam Federici,AFC Bournemouth,False,FREE,LONG,22,0.6363636363636364,0.6528785784985991,-0.00553252914295737
PL1516,Adam Federici,AFC Bournemouth,False,FREE,MEDIUM,18,0.7777777777777778,0.7016790486579993,-0.004368030055375335
PL1516,Adam Federici,AFC Bournemouth,False,FREE,SHORT,50,1.0,0.7853620528147417,-0.0029364176001003828
PL1516,Adam Federici,AFC Bournemouth,False,FREE,VERY_LONG,3,0.0,0.6147186147186147,-0.00504560102443079
PL1516,Adam Federici,AFC Bournemouth,False,PRESSURED,LONG,6,0.16666666666666666,0.5100235391990489,-0.00887920908575057
PL1516,Adam Federici,AFC Bournemouth,False,PRESSURED,MEDIUM,2,0.5,0.4996354155158318,-0.009740710960555215
PL1516,Adam Federici,AFC Bournemouth,True,FREE,LONG,21,0.6666666666666666,0.6402469785866183,-0.0030888248465449886
PL1516,Adam Federici,AFC Bournemouth,True,FREE,MEDIUM,1,1.0,0.5770392749244712,-0.00387296300674645
PL1516,Adam Federici,AFC Bournemouth,True,FREE,SHORT,3,1.0,0.6203150807915808,-0.004778232198186016
PL1516,Adam Federici,AFC Bournemouth,True,FREE,VERY_LONG,4,0.5,0.6444037733056713,-0.003056853851447029
PL1516,Adrián San Miguel del Castillo,West Ham United,False,FREE,LONG,261,0.4904214559386973,0.6426921076468797,-0.005796093056650986
PL1516,Adrián San Miguel del Castillo,West Ham United,False,FREE,MEDIUM,105,0.8666666666666667,0.801469440769253,-0.003021659365429812
PL1516,Adrián San Miguel del Castillo,West Ham United,False,FREE,SHORT,174,0.9885057471264368,0.816516240248225,-0.0026416361747056733
PL1516,Adrián San Miguel del Castillo,West Ham United,False,FREE,VERY_LONG,92,0.43478260869565216,0.5982675371810361,-0.0057425465534469144
PL1516,Adrián San Miguel del Castillo,West Ham United,False,PRESSURED,LONG,44,0.4772727272727273,0.4946518504732401,-0.007992009623467177
PL1516,Adrián San Miguel del Castillo,West Ham United,False,PRESSURED,MEDIUM,14,0.6428571428571429,0.503973192072691,-0.007655080568396615
PL1516,Adrián San Miguel del Castillo,West Ham United,False,PRESSURED,SHORT,2,1.0,0.5094223046030275,-0.008597903309015505
PL1516,Adrián San Miguel del Castillo,West Ham United,False,PRESSURED,VERY_LONG,9,0.2222222222222222,0.5022919125870247,-0.009318723957021956
PL1516,Adrián San Miguel del Castillo,West Ham United,True,FREE,LONG,153,0.6405228758169934,0.5975773348727885,-0.003908330798441442
PL1516,Adrián San Miguel del Castillo,West Ham United,True,FREE,MEDIUM,21,1.0,0.6009811011852518,-0.004066155327269459
PL1516,Adrián San Miguel del Castillo,West Ham United,True,FREE,SHORT,37,1.0,0.6118652994018131,-0.003878295143927639
PL1516,Adrián San Miguel del Castillo,West Ham United,True,FREE,VERY_LONG,77,0.4935064935064935,0.5901064085528269,-0.004023158275081956
PL1516,Alex McCarthy,Crystal Palace,False,FREE,LONG,66,0.5454545454545454,0.6445805396714804,-0.005449459977041479
PL1516,Alex McCarthy,Crystal Palace,False,FREE,MEDIUM,14,0.6428571428571429,0.7156356785490532,-0.004836296540814196
PL1516,Alex McCarthy,Crystal Palace,False,FREE,SHORT,21,0.9523809523809523,0.729692493483781,-0.004039602773814572
PL1516,Alex McCarthy,Crystal Palace,False,FREE,VERY_LONG,40,0.35,0.5853024852938365,-0.006254954915428347
PL1516,Alex McCarthy,Crystal Palace,False,PRESSURED,LONG,6,0.3333333333333333,0.5151747786478326,-0.008410636866841117
PL1516,Alex McCarthy,Crystal Palace,False,PRESSURED,MEDIUM,2,0.0,0.44529914529914527,-0.00938560174561911
PL1516,Alex McCarthy,Crystal Palace,False,PRESSURED,VERY_LONG,1,0.0,0.39285714285714285,-0.016981762520937478
PL1516,Alex McCarthy,Crystal Palace,True,FREE,LONG,25,0.48,0.5836154213383251,-0.004251354416017837
PL1516,Alex McCarthy,Crystal Palace,True,FREE,MEDIUM,4,1.0,0.6037891848528083,-0.0033578870488001024
PL1516,Alex McCarthy,Crystal Palace,True,FREE,SHORT,3,1.0,0.5950648408105579,-0.004503971373875222
PL1516,Alex McCarthy,Crystal Palace,True,FREE,VERY_LONG,38,0.5,0.580137292690618,-0.00426386718245052
PL1516,Artur Boruc,AFC Bournemouth,False,FREE,LONG,177,0.5254237288135594,0.67627161392396,-0.004681144639635368
PL1516,Artur Boruc,AFC Bournemouth,False,FREE,MEDIUM,128,0.8671875,0.7835337721797256,-0.0033854048266956003
PL1516,Artur Boruc,AFC Bournemouth,False,FREE,SHORT,227,0.9911894273127754,0.8015856049874249,-0.0028625820961593468
PL1516,Artur Boruc,AFC Bournemouth,False,FREE,VERY_LONG,83,0.3132530120481928,0.6186570278617828,-0.005290555546263257
PL1516,Artur Boruc,AFC Bournemouth,False,PRESSURED,LONG,20,0.35,0.511720394287482,-0.007670444658961516
PL1516,Artur Boruc,AFC Bournemouth,False,PRESSURED,MEDIUM,3,1.0,0.4325270094731173,-0.010674027309889643
PL1516,Artur Boruc,AFC Bournemouth,False,PRESSURED,SHORT,3,1.0,0.49567200917286763,-0.005737461718019813
PL1516,Artur Boruc,AFC Bournemouth,False,PRESSURED,VERY_LONG,2,0.5,0.5128205128205128,-0.008184858687540791
PL1516,Artur Boruc,AFC Bournemouth,True,FREE,LONG,125,0.536,0.6031481363081659,-0.004154495353867432
PL1516,Artur Boruc,AFC Bournemouth,True,FREE,MEDIUM,42,0.8571428571428571,0.6286391771094842,-0.003519225107018429
PL1516,Artur Boruc,AFC Bournemouth,True,FREE,SHORT,53,1.0,0.6311609804097932,-0.003483104783833322
PL1516,Artur Boruc,AFC Bournemouth,True,FREE,VERY_LONG,44,0.4318181818181818,0.585949733581728,-0.004265492927883232
PL1516,Asmir Begović,Chelsea,False,FREE,LONG,92,0.44565217391304346,0.6323563996841775,-0.0055816816694204035
PL1516,Asmir Begović,Chelsea,False,FREE,MEDIUM,42,0.8095238095238095,0.7952400830674078,-0.0033738397149777532
PL1516,Asmir Begović,Chelsea,False,FREE,SHORT,100,1.0,0.7977160332156812,-0.0031002930402732015
PL1516,Asmir Begović,Chelsea,False,FREE,VERY_LONG,44,0.2727272727272727,0.5966539411612927,-0.006005054604911903
PL1516,Asmir Begović,Chelsea,False,PRESSURED,LONG,18,0.2222222222222222,0.4961534074524926,-0.008299369511743383
PL1516,Asmir Begović,Chelsea,False,PRESSURED,MEDIUM,3,0.3333333333333333,0.5352045043502561,-0.007409838822662548
PL1516,Asmir Begović,Chelsea,False,PRESSURED,SHORT,2,0.0,0.47202471925044853,-0.00788110626489971
PL1516,Asmir Begović,Chelsea,False,PRESSURED,VERY_LONG,1,0.0,0.5060240963855422,-0.01082315709910095
PL1516,Asmir Begović,Chelsea,True,FREE,LONG,26,0.5,0.5835209202974322,-0.004565856221509671
PL1516,Asmir Begović,Chelsea,True,FREE,MEDIUM,14,1.0,0.6039520543217358,-0.0037368065486546097
PL1516,Asmir Begović,Chelsea,True,FREE,SHORT,13,1.0,0.6110359626885383,-0.0028958993696338673
PL1516,Asmir Begović,Chelsea,True,FREE,VERY_LONG,53,0.2830188679245283,0.601278071759038,-0.0036642258239477136
PL1516,Ben Foster,West Bromwich Albion,False,FREE,LONG,124,0.6209677419354839,0.671455874125195,-0.005101234838306666
PL1516,Ben Foster,West Bromwich Albion,False,FREE,MEDIUM,19,0.9473684210526315,0.8709246795773314,-0.0015497014592512298
PL1516,Ben Foster,West Bromwich Albion,False,FREE,SHORT,45,1.0,0.8440332327765958,-0.0022524578140044357
PL1516,Ben Foster,West Bromwich Albion,False,FREE,VERY_LONG,65,0.5846153846153846,0.636584743510157,-0.0056616158438458205
PL1516,Ben Foster,West Bromwich Albion,False,PRESSURED,LONG,11,0.7272727272727273,0.5016435472749258,-0.007320855629284076
PL1516,Ben Foster,West Bromwich Albion,False,PRESSURED,VERY_LONG,1,0.0,0.5269461077844312,-0.006647166804136965
PL1516,Ben Foster,West Bromwich Albion,True,FREE,LONG,61,0.6557377049180327,0.6244396635525679,-0.0035109121038039005
PL1516,Ben Foster,West Bromwich Albion,True,FREE,MEDIUM,3,0.6666666666666666,0.5924099836737756,-0.004455656232933308
PL1516,Ben Foster,West Bromwich Albion,True,FREE,VERY_LONG,77,0.5714285714285714,0.6191805745224072,-0.0036284349885817315
PL1516,Bradley Guzan,Aston Villa,False,FREE,LONG,266,0.5413533834586466,0.6865840966826393,-0.004720577017091487
PL1516,Bradley Guzan,Aston Villa,False,FREE,MEDIUM,85,0.8705882352941177,0.8171959706294452,-0.0022794127103825724
PL1516,Bradley Guzan,Aston Villa,False,FREE,SHORT,133,0.9924812030075187,0.833886134966286,-0.002584195945073013
PL1516,Bradley Guzan,Aston Villa,False,FREE,VERY_LONG,77,0.35064935064935066,0.623770700173486,-0.005396233558886044
PL1516,Bradley Guzan,Aston Villa,False,PRESSURED,LONG,34,0.4117647058823529,0.5249446255582219,-0.009287707614590527
PL1516,Bradley Guzan,Aston Villa,False,PRESSURED,MEDIUM,9,0.7777777777777778,0.5124935282836249,-0.007956861240805652
PL1516,Bradley Guzan,Aston Villa,False,PRESSURED,SHORT,5,0.8,0.5319494995755645,-0.0037737791239209626
PL1516,Bradley Guzan,Aston Villa,False,PRESSURED,VERY_LONG,1,0.0,0.5128205128205128,-0.006473815801619713
PL1516,Bradley Guzan,Aston Villa,True,FREE,LONG,157,0.6050955414012739,0.6430242012620903,-0.0034669583234398713
PL1516,Bradley Guzan,Aston Villa,True,FREE,MEDIUM,10,0.9,0.6484307371393833,-0.00310387091529537
PL1516,Bradley Guzan,Aston Villa,True,FREE,SHORT,17,0.8235294117647058,0.6150719308964979,-0.003561567120501936
PL1516,Bradley Guzan,Aston Villa,True,FREE,VERY_LONG,40,0.475,0.6403523126530459,-0.003395152021739589
PL1516,Carl Jenkinson,West Ham United,False,FREE,VERY_LONG,1,1.0,0.591324200913242,-0.0013581098557674531
PL1516,Carl Jenkinson,West Ham United,True,FREE,LONG,1,1.0,0.591324200913242,-0.005003882106131557
PL1516,Costel Fane Pantilimon,Sunderland,False,FREE,LONG,186,0.42473118279569894,0.6481431037909048,-0.00512583289180491
PL1516,Costel Fane Pantilimon,Sunderland,False,FREE,MEDIUM,47,0.8723404255319149,0.7519995950155558,-0.003925866812616083
PL1516,Costel Fane Pantilimon,Sunderland,False,FREE,SHORT,89,0.9887640449438202,0.8112480061578138,-0.002702363257446312
PL1516,Costel Fane Pantilimon,Sunderland,False,FREE,VERY_LONG,60,0.38333333333333336,0.5890742260029299,-0.0060457406632360555
PL1516,Costel Fane Pantilimon,Sunderland,False,PRESSURED,LONG,15,0.26666666666666666,0.5102013825776455,-0.007206972044004876
PL1516,Costel Fane Pantilimon,Sunderland,False,PRESSURED,MEDIUM,7,0.42857142857142855,0.5299786810039586,-0.006576748961949537
PL1516,Costel Fane Pantilimon,Sunderland,False,PRESSURED,SHORT,4,0.5,0.5024078999982614,-0.006349015653840189
PL1516,Costel Fane Pantilimon,Sunderland,False,PRESSURED,VERY_LONG,1,0.0,0.5194805194805194,-0.0029021391372120427
PL1516,Costel Fane Pantilimon,Sunderland,True,FREE,LONG,105,0.5238095238095238,0.605833807529509,-0.003604695913242525
PL1516,Costel Fane Pantilimon,Sunderland,True,FREE,MEDIUM,8,1.0,0.6113715950200651,-0.003927642570346505
PL1516,Costel Fane Pantilimon,Sunderland,True,FREE,SHORT,11,1.0,0.6255025882751973,-0.003618953380848074
PL1516,Costel Fane Pantilimon,Sunderland,True,FREE,VERY_LONG,26,0.4230769230769231,0.6107544365888883,-0.0036464978443511865
PL1516,Danny Ward,Liverpool,False,FREE,LONG,16,0.375,0.6369411307992039,-0.005647464968447505
PL1516,Danny Ward,Liverpool,False,FREE,MEDIUM,5,0.8,0.7974512702233769,-0.003500209048520384
PL1516,Danny Ward,Liverpool,False,FREE,SHORT,20,1.0,0.7946338715969745,-0.002697233180308585
PL1516,Danny Ward,Liverpool,False,FREE,VERY_LONG,5,0.2,0.5278762917267178,-0.006637944141923336
PL1516,Danny Ward,Liverpool,True,FREE,LONG,2,0.0,0.5936617331374985,-0.004440165710592916
PL1516,Danny Ward,Liverpool,True,FREE,MEDIUM,2,1.0,0.6447048082775411,-0.0014639566926989813
PL1516,Danny Ward,Liverpool,True,FREE,SHORT,2,1.0,0.6603773584905659,-0.001076840081607285
PL1516,Danny Ward,Liverpool,True,FREE,VERY_LONG,5,0.2,0.6507689525997193,-0.002404564799675434
PL1516,Darren Randolph,West Ham United,False,FREE,LONG,49,0.673469387755102,0.6313336177150115,-0.006026741697721377
PL1516,Darren Randolph,West Ham United,False,FREE,MEDIUM,14,0.7857142857142857,0.8485596304915406,-0.003034546729055364
PL1516,Darren Randolph,West Ham United,False,FREE,SHORT,31,0.967741935483871,0.8208163894919155,-0.002619417139483816
PL1516,Darren Randolph,West Ham United,False,FREE,VERY_LONG,41,0.4878048780487805,0.6127654329604643,-0.006068919109265836
PL1516,Darren Randolph,West Ham United,False,PRESSURED,LONG,4,0.25,0.5146187050090087,-0.006362422378622299
PL1516,Darren Randolph,West Ham United,False,PRESSURED,MEDIUM,1,1.0,0.5269461077844312,-0.0065766992811319425
PL1516,Darren Randolph,West Ham United,False,PRESSURED,SHORT,1,0.0,0.37777777777777777,-0.01566275709136702
PL1516,Darren Randolph,West Ham United,False,PRESSURED,VERY_LONG,4,0.25,0.4962552914360144,-0.006878852615124416
PL1516,Darren Randolph,West Ham United,True,FREE,LONG,8,0.75,0.6026358161778839,-0.0038988987318994287
PL1516,Darren Randolph,West Ham United,True,FREE,MEDIUM,3,1.0,0.6807653575025178,-0.0029576469987498927
PL1516,Darren Randolph,West Ham United,True,FREE,SHORT,3,1.0,0.628945630163835,-0.0023038938123664515
PL1516,Darren Randolph,West Ham United,True,FREE,VERY_LONG,32,0.40625,0.5726917801364688,-0.00481015843240088
PL1516,David Ospina Ramírez,Arsenal,False,FREE,LONG,32,0.71875,0.5508603024666003,-0.00738878843116261
PL1516,David Ospina Ramírez,Arsenal,False,FREE,MEDIUM,19,0.9473684210526315,0.747200856448227,-0.004183701184701613
PL1516,David Ospina Ramírez,Arsenal,False,FREE,SHORT,24,0.9583333333333334,0.7217579106503659,-0.004884752051022675
PL1516,David Ospina Ramírez,Arsenal,False,FREE,VERY_LONG,17,0.5294117647058824,0.5212656142341485,-0.007903936199528526
PL1516,David Ospina Ramírez,Arsenal,False,PRESSURED,LONG,3,0.0,0.3844257013998711,-0.01406495805604896
PL1516,David Ospina Ramírez,Arsenal,False,PRESSURED,MEDIUM,2,0.5,0.26234567901234573,-0.011437646800654507
PL1516,David Ospina Ramírez,Arsenal,True,FREE,LONG,23,0.8260869565217391,0.5641811783007138,-0.0049536029655796185
PL1516,David Ospina Ramírez,Arsenal,True,FREE,MEDIUM,1,1.0,0.5269461077844312,-0.006869469345661653
PL1516,David Ospina Ramírez,Arsenal,True,FREE,SHORT,2,1.0,0.6290322580645161,-0.0018510733037906775
PL1516,David Ospina Ramírez,Arsenal,True,FREE,VERY_LONG,3,0.6666666666666666,0.561682084026465,-0.005996163007991086
PL1516,David de Gea Quintana,Manchester United,False,FREE,LONG,230,0.5434782608695652,0.6248276589404741,-0.0060566015723535725
PL1516,David de Gea Quintana,Manchester United,False,FREE,MEDIUM,95,0.8842105263157894,0.7541637632466488,-0.0036727158299413635
PL1516,David de Gea Quintana,Manchester United,False,FREE,SHORT,201,0.9900497512437811,0.7388409084842997,-0.0039513924669709564
PL1516,David de Gea Quintana,Manchester United,False,FREE,VERY_LONG,76,0.4342105263157895,0.5674959518385655,-0.006638696227267497
PL1516,David de Gea Quintana,Manchester United,False,PRESSURED,LONG,34,0.38235294117647056,0.4792964395502773,-0.008914855208837627
PL1516,David de Gea Quintana,Manchester United,False,PRESSURED,MEDIUM,10,0.7,0.4799143587050425,-0.006668770445208664
PL1516,David de Gea Quintana,Manchester United,False,PRESSURED,SHORT,12,0.9166666666666666,0.5039135004228622,-0.0071276843721673035
PL1516,David de Gea Quintana,Manchester United,False,PRESSURED,VERY_LONG,7,0.2857142857142857,0.4168584003712331,-0.011165022176881947
PL1516,David de Gea Quintana,Manchester United,True,FREE,LONG,160,0.6625,0.5822649826474159,-0.0046810975261645064
PL1516,David de Gea Quintana,Manchester United,True,FREE,MEDIUM,27,0.9629629629629629,0.5883873426382854,-0.004437342330142267
PL1516,David de Gea Quintana,Manchester United,True,FREE,SHORT,42,1.0,0.5910997583379904,-0.004571443381351965
PL1516,David de Gea Quintana,Manchester United,True,FREE,VERY_LONG,57,0.5614035087719298,0.5850907445080261,-0.00460060215936158
PL1516,Declan Rudd,Norwich City,False,FREE,LONG,108,0.4166666666666667,0.6407511872520288,-0.005534638575394441
PL1516,Declan Rudd,Norwich City,False,FREE,MEDIUM,28,0.75,0.8069620567827659,-0.003236247091905171
PL1516,Declan Rudd,Norwich City,False,FREE,SHORT,44,0.9772727272727273,0.840792763498068,-0.002556191228076242
PL1516,Declan Rudd,Norwich City,False,FREE,VERY_LONG,38,0.3157894736842105,0.6358452458090407,-0.005638389137568034
PL1516,Declan Rudd,Norwich City,False,PRESSURED,LONG,11,0.5454545454545454,0.4935724826229254,-0.005801243817876938
PL1516,Declan Rudd,Norwich City,False,PRESSURED,MEDIUM,2,0.5,0.5258187329045614,-0.006813411829294985
PL1516,Declan Rudd,Norwich City,False,PRESSURED,SHORT,2,1.0,0.4957962862154479,-0.013720748825709677
PL1516,Declan Rudd,Norwich City,True,FREE,LONG,34,0.6176470588235294,0.6178191010904687,-0.0031935170878257834
PL1516,Declan Rudd,Norwich City,True,FREE,MEDIUM,7,0.7142857142857143,0.643515651722617,-0.0022668106738091046
PL1516,Declan Rudd,Norwich City,True,FREE,SHORT,5,0.8,0.6483517131516106,-0.0032917113287043
PL1516,Declan Rudd,Norwich City,True,FREE,VERY_LONG,49,0.3877551020408163,0.6033717159740902,-0.0036834137548232377
PL1516,Fraser Forster,Southampton,False,FREE,LONG,143,0.6153846153846154,0.6143757911020947,-0.0064269530270837935
PL1516,Fraser Forster,Southampton,False,FREE,MEDIUM,31,0.8387096774193549,0.6918988334510817,-0.005206758738302575
PL1516,Fraser Forster,Southampton,False,FREE,SHORT,55,0.9636363636363636,0.7462423645794971,-0.0040004498781237
PL1516,Fraser Forster,Southampton,False,FREE,VERY_LONG,83,0.40963855421686746,0.5866975748443485,-0.006727681028307192
PL1516,Fraser Forster,Southampton,False,PRESSURED,LONG,15,0.4,0.5023590993727036,-0.010259570802309718
PL1516,Fraser Forster,Southampton,False,PRESSURED,MEDIUM,4,0.5,0.48064600872317065,-0.0061921110728423955
PL1516,Fraser Forster,Southampton,False,PRESSURED,SHORT,3,1.0,0.47387664756148595,-0.007628035415553305
PL1516,Fraser Forster,Southampton,False,PRESSURED,VERY_LONG,6,0.6666666666666666,0.5006187728235197,-0.007999851373068186
PL1516,Fraser Forster,Southampton,True,FREE,LONG,56,0.6428571428571429,0.5862232504152435,-0.004358802677685308
PL1516,Fraser Forster,Southampton,True,FREE,MEDIUM,5,1.0,0.5868284185894777,-0.004369671474462482
PL1516,Fraser Forster,Southampton,True,FREE,SHORT,13,0.9230769230769231,0.6009106919126049,-0.003623190949379831
PL1516,Fraser Forster,Southampton,True,FREE,VERY_LONG,69,0.5797101449275363,0.5633088901212776,-0.0047653685934479365
PL1516,Giedrius Arlauskis,Watford,False,FREE,LONG,1,1.0,0.5861456483126111,-0.005516304539589753
PL1516,Giedrius Arlauskis,Watford,False,FREE,SHORT,1,1.0,0.9634146341463414,0.0031668504848073385
PL1516,Giedrius Arlauskis,Watford,False,FREE,VERY_LONG,3,0.3333333333333333,0.532482741272507,-0.009739422606950422
PL1516,Giedrius Arlauskis,Watford,False,PRESSURED,VERY_LONG,1,1.0,0.39285714285714285,-0.012895011406747797
PL1516,Glyn Oliver Myhill,West Bromwich Albion,False,FREE,LONG,193,0.6010362694300518,0.6258062283620106,-0.0056291798518334135
PL1516,Glyn Oliver Myhill,West Bromwich Albion,False,FREE,MEDIUM,43,0.6976744186046512,0.7889134496984276,-0.003022830499953852
PL1516,Glyn Oliver Myhill,West Bromwich Albion,False,FREE,SHORT,75,0.9733333333333334,0.8291392584835222,-0.0028402188320512216
PL1516,Glyn Oliver Myhill,West Bromwich Albion,False,FREE,VERY_LONG,115,0.4956521739130435,0.5828840993616612,-0.0063336926817611616
PL1516,Glyn Oliver Myhill,West Bromwich Albion,False,PRESSURED,LONG,20,0.5,0.5000940710641419,-0.006529159482443536
PL1516,Glyn Oliver Myhill,West Bromwich Albion,False,PRESSURED,MEDIUM,4,0.25,0.46838148478233665,-0.010235643946976932
PL1516,Glyn Oliver Myhill,West Bromwich Albion,True,FREE,LONG,80,0.5375,0.588814837902908,-0.0040054282973385705
PL1516,Glyn Oliver Myhill,West Bromwich Albion,True,FREE,MEDIUM,2,1.0,0.596852970795569,-0.004329675505808858
PL1516,Glyn Oliver Myhill,West Bromwich Albion,True,FREE,SHORT,10,1.0,0.595534126845898,-0.0037847354586731815
PL1516,Glyn Oliver Myhill,West Bromwich Albion,True,FREE,VERY_LONG,112,0.4107142857142857,0.5945854055129658,-0.003984111047044185
PL1516,Heurelho da Silva Gomes,Watford,False,FREE,LONG,306,0.5490196078431373,0.663858362481555,-0.005164518838040581
PL1516,Heurelho da Silva Gomes,Watford,False,FREE,MEDIUM,97,0.865979381443299,0.8532119125662683,-0.0019914104701615684
PL1516,Heurelho da Silva Gomes,Watford,False,FREE,SHORT,153,1.0,0.8048517667714958,-0.003094592286266869
PL1516,Heurelho da Silva Gomes,Watford,False,FREE,VERY_LONG,161,0.5031055900621118,0.6135991221074123,-0.005666111447198409
PL1516,Heurelho da Silva Gomes,Watford,False,PRESSURED,LONG,22,0.5,0.504903609491321,-0.007872836974552235
PL1516,Heurelho da Silva Gomes,Watford,False,PRESSURED,MEDIUM,5,0.6,0.4720654016453083,-0.009264096227437905
PL1516,Heurelho da Silva Gomes,Watford,False,PRESSURED,SHORT,2,0.5,0.5269461077844312,-0.011775719580769856
PL1516,Heurelho da Silva Gomes,Watford,False,PRESSURED,VERY_LONG,2,0.0,0.5094223046030275,-0.007291952123358475
PL1516,Heurelho da Silva Gomes,Watford,True,FREE,LONG,149,0.6375838926174496,0.5889729037763912,-0.004681730787705899
PL1516,Heurelho da Silva Gomes,Watford,True,FREE,MEDIUM,8,1.0,0.6129910753437632,-0.004024566924814058
PL1516,Heurelho da Silva Gomes,Watford,True,FREE,SHORT,13,1.0,0.621268311738485,-0.0037497889725446247
PL1516,Heurelho da Silva Gomes,Watford,True,FREE,VERY_LONG,200,0.515,0.5975139035807286,-0.004177558456264773
PL1516,Hugo Lloris,Tottenham Hotspur,False,FREE,LONG,240,0.5375,0.6521355728082904,-0.005679913368157933
PL1516,Hugo Lloris,Tottenham Hotspur,False,FREE,MEDIUM,185,0.8756756756756757,0.7415054837014999,-0.00442897522541945
PL1516,Hugo Lloris,Tottenham Hotspur,False,FREE,SHORT,349,0.9856733524355301,0.7617464329112722,-0.004039664143648636
PL1516,Hugo Lloris,Tottenham Hotspur,False,FREE,VERY_LONG,106,0.42452830188679247,0.5944880020445207,-0.0062948632058721955
PL1516,Hugo Lloris,Tottenham Hotspur,False,PRESSURED,LONG,34,0.47058823529411764,0.5072296228250845,-0.0073944051479643705
PL1516,Hugo Lloris,Tottenham Hotspur,False,PRESSURED,MEDIUM,21,0.6666666666666666,0.5082885478763276,-0.007644540499722022
PL1516,Hugo Lloris,Tottenham Hotspur,False,PRESSURED,SHORT,27,0.9259259259259259,0.5010574047429889,-0.0072620623680605505
PL1516,Hugo Lloris,Tottenham Hotspur,False,PRESSURED,VERY_LONG,2,0.5,0.5237369890835237,-0.0036105024249983163
PL1516,Hugo Lloris,Tottenham Hotspur,True,FREE,LONG,82,0.4268292682926829,0.600188814423207,-0.004483214113878072
PL1516,Hugo Lloris,Tottenham Hotspur,True,FREE,MEDIUM,38,0.8157894736842105,0.595615950884274,-0.004329431669149099
PL1516,Hugo Lloris,Tottenham Hotspur,True,FREE,SHORT,68,1.0,0.607463848439967,-0.004191763974859771
PL1516,Hugo Lloris,Tottenham Hotspur,True,FREE,VERY_LONG,56,0.35714285714285715,0.6007949776400758,-0.004212847183137078
PL1516,Jack Butland,Stoke City,False,FREE,LONG,258,0.44573643410852715,0.6364775774646128,-0.005788375746624928
PL1516,Jack Butland,Stoke City,False,FREE,MEDIUM,73,0.7808219178082192,0.7300597627794232,-0.0038686998772448945
PL1516,Jack Butland,Stoke City,False,FREE,SHORT,206,0.9951456310679612,0.8116282247200555,-0.00275658371202845
PL1516,Jack Butland,Stoke City,False,FREE,VERY_LONG,146,0.4246575342465753,0.5864921960043155,-0.006180772698324489
PL1516,Jack Butland,Stoke City,False,PRESSURED,LONG,23,0.4782608695652174,0.49688048161107856,-0.008786629990688915
PL1516,Jack Butland,Stoke City,False,PRESSURED,MEDIUM,5,0.2,0.5018333945509348,-0.0060839868985412045
PL1516,Jack Butland,Stoke City,False,PRESSURED,SHORT,4,1.0,0.4798081418116998,-0.007693872948995161
PL1516,Jack Butland,Stoke City,False,PRESSURED,VERY_LONG,9,0.3333333333333333,0.49924670873196436,-0.007023060724325948
PL1516,Jack Butland,Stoke City,True,FREE,LONG,113,0.5221238938053098,0.6022938965498352,-0.0038202398324754007
PL1516,Jack Butland,Stoke City,True,FREE,MEDIUM,10,1.0,0.6120876168187531,-0.004106180738861637
PL1516,Jack Butland,Stoke City,True,FREE,SHORT,42,1.0,0.6235897142305932,-0.003954240817519074
PL1516,Jack Butland,Stoke City,True,FREE,VERY_LONG,117,0.4444444444444444,0.5905817712341227,-0.004338007315935069
PL1516,Jakob Haugaard,Stoke City,False,FREE,LONG,33,0.7575757575757576,0.6683951408839666,-0.004995043418727386
PL1516,Jakob Haugaard,Stoke City,False,FREE,MEDIUM,12,0.8333333333333334,0.7509066581695628,-0.0041275056466317335
PL1516,Jakob Haugaard,Stoke City,False,FREE,SHORT,18,1.0,0.858018896336421,-0.0022074798008736023
PL1516,Jakob Haugaard,Stoke City,False,FREE,VERY_LONG,31,0.5161290322580645,0.5987971738083702,-0.005411449395126634
PL1516,Jakob Haugaard,Stoke City,False,PRESSURED,LONG,4,0.5,0.43885059596041787,-0.009786854468813229
PL1516,Jakob Haugaard,Stoke City,False,PRESSURED,MEDIUM,1,0.0,0.4723247232472324,-0.01109228362553221
PL1516,Jakob Haugaard,Stoke City,False,PRESSURED,VERY_LONG,3,0.6666666666666666,0.49824999080555593,-0.005925645866299557
PL1516,Jakob Haugaard,Stoke City,True,FREE,LONG,8,0.625,0.6288645535316759,-0.003793946295485788
PL1516,Jakob Haugaard,Stoke City,True,FREE,MEDIUM,5,0.8,0.6025081851609873,-0.0042539768607059115
PL1516,Jakob Haugaard,Stoke City,True,FREE,SHORT,1,1.0,0.664440734557596,-0.0024002947653302452
PL1516,Jakob Haugaard,Stoke City,True,FREE,VERY_LONG,25,0.64,0.6354538436872245,-0.003522838940855361
PL1516,Joe Hart,Manchester City,False,FREE,LONG,215,0.5209302325581395,0.652048612004824,-0.005334339815030026
PL1516,Joe Hart,Manchester City,False,FREE,MEDIUM,68,0.8529411764705882,0.788500361444188,-0.0032783091810402016
PL1516,Joe Hart,Manchester City,False,FREE,SHORT,219,0.9863013698630136,0.7773812564036312,-0.003386017561949519
PL1516,Joe Hart,Manchester City,False,FREE,VERY_LONG,82,0.35365853658536583,0.5876230134936151,-0.006598001209772872
PL1516,Joe Hart,Manchester City,False,PRESSURED,LONG,25,0.16,0.49311966542923374,-0.007929537310844666
PL1516,Joe Hart,Manchester City,False,PRESSURED,MEDIUM,8,0.375,0.4896455478541889,-0.007470717795117088
PL1516,Joe Hart,Manchester City,False,PRESSURED,SHORT,4,1.0,0.44413776103916947,-0.008678372349203222
PL1516,Joe Hart,Manchester City,False,PRESSURED,VERY_LONG,3,0.3333333333333333,0.4450056116722783,-0.006551628015159248
PL1516,Joe Hart,Manchester City,True,FREE,LONG,91,0.6373626373626373,0.5934386857697209,-0.004178833994112595
PL1516,Joe Hart,Manchester City,True,FREE,MEDIUM,14,1.0,0.6052291068582576,-0.003934064404994436
PL1516,Joe Hart,Manchester City,True,FREE,SHORT,35,1.0,0.6173735359662769,-0.003610255604860266
PL1516,Joe Hart,Manchester City,True,FREE,VERY_LONG,79,0.43037974683544306,0.5680507960378123,-0.004716986226421763
PL1516,Joel Robles Blázquez,Everton,False,FREE,LONG,117,0.452991452991453,0.6204682101675596,-0.005864745966709322
PL1516,Joel Robles Blázquez,Everton,False,FREE,MEDIUM,39,0.8205128205128205,0.8000835600150813,-0.002495949260080546
PL1516,Joel Robles Blázquez,Everton,False,FREE,SHORT,94,1.0,0.7808945323442128,-0.003294640527894771
PL1516,Joel Robles Blázquez,Everton,False,FREE,VERY_LONG,59,0.3389830508474576,0.5902309088386045,-0.00612760569017196
PL1516,Joel Robles Blázquez,Everton,False,PRESSURED,LONG,17,0.47058823529411764,0.43772009842864834,-0.009580327217800395
PL1516,Joel Robles Blázquez,Everton,False,PRESSURED,MEDIUM,3,0.6666666666666666,0.4725147994609073,-0.0092031732876795
PL1516,Joel Robles Blázquez,Everton,False,PRESSURED,SHORT,5,1.0,0.5692805596881783,-0.006828095485327772
PL1516,Joel Robles Blázquez,Everton,False,PRESSURED,VERY_LONG,5,0.0,0.5006435050448743,-0.008715424691097356
PL1516,Joel Robles Blázquez,Everton,True,FREE,LONG,47,0.5319148936170213,0.6139491168096181,-0.0036859537545549216
PL1516,Joel Robles Blázquez,Everton,True,FREE,MEDIUM,7,1.0,0.6131004888029284,-0.003420064012625333
PL1516,Joel Robles Blázquez,Everton,True,FREE,SHORT,27,1.0,0.6078317021171704,-0.00402338939055815
PL1516,Joel Robles Blázquez,Everton,True,FREE,VERY_LONG,53,0.39622641509433965,0.6193125077902335,-0.0035916217457170087
PL1516,John Ruddy,Norwich City,False,FREE,LONG,247,0.5344129554655871,0.6320765530592644,-0.005745571848599123
PL1516,John Ruddy,Norwich City,False,FREE,MEDIUM,116,0.9224137931034483,0.7996336804298241,-0.003042590373989353
PL1516,John Ruddy,Norwich City,False,FREE,SHORT,148,0.9797297297297297,0.7718525513376878,-0.0035554208516235604
PL1516,John Ruddy,Norwich City,False,FREE,VERY_LONG,108,0.35185185185185186,0.6003218812562366,-0.005775035574446112
PL1516,John Ruddy,Norwich City,False,PRESSURED,LONG,19,0.42105263157894735,0.4613416428487898,-0.008560617151180288
PL1516,John Ruddy,Norwich City,False,PRESSURED,MEDIUM,8,0.5,0.4925857513034063,-0.007269072974607192
PL1516,John Ruddy,Norwich City,False,PRESSURED,SHORT,4,0.75,0.42363530230552693,-0.012184622230791264
PL1516,John Ruddy,Norwich City,True,FREE,LONG,129,0.5813953488372093,0.5939846856089942,-0.004431894029866275
PL1516,John Ruddy,Norwich City,True,FREE,MEDIUM,19,0.9473684210526315,0.6072775740108521,-0.0038802038016624305
PL1516,John Ruddy,Norwich City,True,FREE,SHORT,21,1.0,0.6178217123965429,-0.003657377959031659
PL1516,John Ruddy,Norwich City,True,FREE,VERY_LONG,81,0.41975308641975306,0.5899026598339666,-0.004507111304926259
PL1516,Jordan Pickford,Sunderland,False,FREE,LONG,22,0.45454545454545453,0.6326113022087404,-0.005775751029741299
PL1516,Jordan Pickford,Sunderland,False,FREE,MEDIUM,4,1.0,0.841639640552684,-0.0039776937030665625
PL1516,Jordan Pickford,Sunderland,False,FREE,SHORT,5,1.0,0.9769841428309955,-0.0005486009327098432
PL1516,Jordan Pickford,Sunderland,False,FREE,VERY_LONG,20,0.55,0.6181403971703208,-0.005770306932678113
PL1516,Jordan Pickford,Sunderland,False,PRESSURED,LONG,3,0.3333333333333333,0.5269461077844312,-0.005297980952994438
PL1516,Jordan Pickford,Sunderland,False,PRESSURED,MEDIUM,1,0.0,0.5269461077844312,-0.010294250141458563
PL1516,Jordan Pickford,Sunderland,False,PRESSURED,VERY_LONG,1,0.0,0.5269461077844312,-0.006198838533785496
PL1516,Jordan Pickford,Sunderland,True,FREE,LONG,2,0.5,0.5742092457420925,-0.005083481762671118
PL1516,Jordan Pickford,Sunderland,True,FREE,VERY_LONG,20,0.6,0.619330202516676,-0.003918878413749285
PL1516,Julián Speroni,Crystal Palace,False,FREE,LONG,25,0.52,0.6340289635470288,-0.005608188212811228
PL1516,Julián Speroni,Crystal Palace,False,FREE,MEDIUM,3,0.6666666666666666,0.643976393976394,-0.0062167129774521905
PL1516,Julián Speroni,Crystal Palace,False,FREE,SHORT,10,0.9,0.784272317007378,-0.0038933693494212973
PL1516,Julián Speroni,Crystal Palace,False,FREE,VERY_LONG,3,1.0,0.5172641012124406,-0.006193697459939296
PL1516,Julián Speroni,Crystal Palace,False,PRESSURED,LONG,1,1.0,0.4723247232472324,-0.005652691521965941
PL1516,Julián Speroni,Crystal Palace,False,PRESSURED,SHORT,1,1.0,0.5581395348837209,-0.010671136927423129
PL1516,Julián Speroni,Crystal Palace,True,FREE,LONG,16,0.625,0.6090563761658547,-0.003541896246487493
PL1516,Julián Speroni,Crystal Palace,True,FREE,MEDIUM,2,1.0,0.6271412680756396,-0.003095871433366444
PL1516,Julián Speroni,Crystal Palace,True,FREE,SHORT,6,1.0,0.6288738445273175,-0.00316714907764535
PL1516,Julián Speroni,Crystal Palace,True,FREE,VERY_LONG,1,0.0,0.6129032258064516,-0.003104125331278096
PL1516,Karl Darlow,Newcastle United,False,FREE,LONG,76,0.47368421052631576,0.6443967768162863,-0.005010761231101238
PL1516,Karl Darlow,Newcastle United,False,FREE,MEDIUM,27,0.6666666666666666,0.7027297083585866,-0.0053611769860317775
PL1516,Karl Darlow,Newcastle United,False,FREE,SHORT,27,1.0,0.8759392165940647,-0.004052330573597215
PL1516,Karl Darlow,Newcastle United,False,FREE,VERY_LONG,30,0.6,0.6312638969814011,-0.0054349556545263186
PL1516,Karl Darlow,Newcastle United,False,PRESSURED,LONG,6,0.5,0.5164593382415165,-0.00954661971856784
PL1516,Karl Darlow,Newcastle United,False,PRESSURED,MEDIUM,2,0.5,0.5565458780485211,-0.007089833431696089
PL1516,Karl Darlow,Newcastle United,False,PRESSURED,VERY_LONG,2,0.0,0.5237369890835237,-0.009199533834388478
PL1516,Karl Darlow,Newcastle United,True,FREE,LONG,42,0.5952380952380952,0.5922194555592195,-0.003943847979012878
PL1516,Karl Darlow,Newcastle United,True,FREE,MEDIUM,6,1.0,0.6071797751301499,-0.0029367050309444614
PL1516,Karl Darlow,Newcastle United,True,FREE,SHORT,4,1.0,0.6129621631466226,-0.0035567013454740355
PL1516,Karl Darlow,Newcastle United,True,FREE,VERY_LONG,23,0.43478260869565216,0.5940335060678784,-0.0037693306485801414
PL1516,Kasper Schmeichel,Leicester City,False,FREE,LONG,380,0.5447368421052632,0.6387014810372307,-0.005355485951968727
PL1516,Kasper Schmeichel,Leicester City,False,FREE,MEDIUM,97,0.845360824742268,0.7559066419043006,-0.00354187699753749
PL1516,Kasper Schmeichel,Leicester City,False,FREE,SHORT,82,0.9512195121951219,0.7635228510472337,-0.0034187288230890533
PL1516,Kasper Schmeichel,Leicester City,False,FREE,VERY_LONG,283,0.3321554770318021,0.596743545737624,-0.0061997640124135875
PL1516,Kasper Schmeichel,Leicester City,False,PRESSURED,LONG,32,0.5625,0.4699008672684599,-0.009285742235042707
PL1516,Kasper Schmeichel,Leicester City,False,PRESSURED,MEDIUM,5,0.4,0.6105755104582365,-0.006649644023597856
PL1516,Kasper Schmeichel,Leicester City,False,PRESSURED,SHORT,4,1.0,0.5062279641681723,-0.009008933989762382
PL1516,Kasper Schmeichel,Leicester City,False,PRESSURED,VERY_LONG,6,0.5,0.515184956508949,-0.006563643661955317
PL1516,Kasper Schmeichel,Leicester City,True,FREE,LONG,54,0.6111111111111112,0.5840764998666342,-0.0038770482640206436
PL1516,Kasper Schmeichel,Leicester City,True,FREE,MEDIUM,8,1.0,0.5906983769459718,-0.005030922971038302
PL1516,Kasper Schmeichel,Leicester City,True,FREE,SHORT,5,1.0,0.5780542320210763,-0.004365165302986645
PL1516,Kasper Schmeichel,Leicester City,True,FREE,VERY_LONG,259,0.4594594594594595,0.5800393256370262,-0.004164972943435502
PL1516,Kelvin Davis,Southampton,False,FREE,LONG,3,0.3333333333333333,0.5187623436471362,-0.008030238636931603
PL1516,Kelvin Davis,Southampton,False,FREE,MEDIUM,3,1.0,0.8268545869307533,-0.002478474424005767
PL1516,Kelvin Davis,Southampton,False,FREE,SHORT,6,1.0,0.7195029427824907,-0.004066220696844876
PL1516,Kelvin Davis,Southampton,False,PRESSURED,LONG,1,0.0,0.4642857142857143,-0.008214504387864415
PL1516,Kelvin Davis,Southampton,False,PRESSURED,SHORT,2,0.5,0.4619688132365194,-0.007143069327091996
PL1516,Kelvin Davis,Southampton,True,FREE,LONG,10,0.3,0.567860780367146,-0.005169071867246982
PL1516,Kelvin Davis,Southampton,True,FREE,MEDIUM,1,0.0,0.5581395348837209,-0.005812585492433948
PL1516,Kelvin Davis,Southampton,True,FREE,SHORT,1,1.0,0.5581395348837209,-0.005812585492433948
PL1516,Kelvin Davis,Southampton,True,FREE,VERY_LONG,2,1.0,0.5581395348837209,-0.00513883942963104
PL1516,Kristoffer Nordfeldt,Swansea City,False,FREE,LONG,2,0.5,0.6548117154811716,-0.005121265369632312
PL1516,Kristoffer Nordfeldt,Swansea City,False,FREE,MEDIUM,5,1.0,0.759331965549894,-0.001597111641141484
PL1516,Kristoffer Nordfeldt,Swansea City,False,FREE,SHORT,5,1.0,0.6764064872014549,-0.004724506436894369
PL1516,Kristoffer Nordfeldt,Swansea City,False,FREE,VERY_LONG,1,1.0,0.6548117154811716,-0.004078697034417647
PL1516,Kristoffer Nordfeldt,Swansea City,False,PRESSURED,LONG,2,0.5,0.5164851020849868,-0.008842978540533116
PL1516,Kristoffer Nordfeldt,Swansea City,False,PRESSURED,MEDIUM,2,1.0,0.5269461077844312,-0.010294250141458563
PL1516,Kristoffer Nordfeldt,Swansea City,True,FREE,LONG,6,1.0,0.6418643896396111,-0.0024818301713890657
PL1516,Kristoffer Nordfeldt,Swansea City,True,FREE,SHORT,2,1.0,0.6289023162134944,-0.0025303040666543384
PL1516,Kristoffer Nordfeldt,Swansea City,True,FREE,VERY_LONG,4,0.5,0.6029707955689828,-0.004062919710787996
PL1516,Maarten Stekelenburg,Southampton,False,FREE,LONG,108,0.5740740740740741,0.6257336511426972,-0.006084685459296666
PL1516,Maarten Stekelenburg,Southampton,False,FREE,MEDIUM,23,0.8695652173913043,0.7959369375206918,-0.0031542267297409734
PL1516,Maarten Stekelenburg,Southampton,False,FREE,SHORT,129,0.9922480620155039,0.7528765045148311,-0.003926354014649456
PL1516,Maarten Stekelenburg,Southampton,False,FREE,VERY_LONG,50,0.26,0.5668184769384154,-0.006196630002825272
PL1516,Maarten Stekelenburg,Southampton,False,PRESSURED,LONG,18,0.3333333333333333,0.4630985829232336,-0.00930743525247188
PL1516,Maarten Stekelenburg,Southampton,False,PRESSURED,MEDIUM,2,0.5,0.5127523079330308,-0.008653584946558619
PL1516,Maarten Stekelenburg,Southampton,False,PRESSURED,SHORT,4,0.75,0.4844235224330456,-0.008730880623245698
PL1516,Maarten Stekelenburg,Southampton,False,PRESSURED,VERY_LONG,5,0.0,0.427527311102956,-0.00921800760939064
PL1516,Maarten Stekelenburg,Southampton,True,FREE,LONG,37,0.6486486486486487,0.584961755656801,-0.004757979590211325
PL1516,Maarten Stekelenburg,Southampton,True,FREE,MEDIUM,9,1.0,0.5756174339959659,-0.004510953071077139
PL1516,Maarten Stekelenburg,Southampton,True,FREE,SHORT,22,1.0,0.5851810300018323,-0.004681963281783801
PL1516,Maarten Stekelenburg,Southampton,True,FREE,VERY_LONG,57,0.5087719298245614,0.5910698779664035,-0.004235477174984481
PL1516,Mark Bunn,Aston Villa,False,FREE,LONG,90,0.6,0.6433315091325736,-0.004861781879566747
PL1516,Mark Bunn,Aston Villa,False,FREE,MEDIUM,17,0.8235294117647058,0.7997310728044156,-0.00288252064855747
PL1516,Mark Bunn,Aston Villa,False,FREE,SHORT,32,1.0,0.8297961419561671,-0.0020821416417928307
PL1516,Mark Bunn,Aston Villa,False,FREE,VERY_LONG,27,0.2222222222222222,0.600627554916227,-0.005671199967459644
PL1516,Mark Bunn,Aston Villa,False,PRESSURED,LONG,3,0.0,0.5037384532197723,-0.0057521247330421426
PL1516,Mark Bunn,Aston Villa,False,PRESSURED,MEDIUM,2,1.0,0.5127523079330308,-0.01411597628480367
PL1516,Mark Bunn,Aston Villa,True,FREE,LONG,74,0.527027027027027,0.6027472213719879,-0.004003678018596587
PL1516,Mark Bunn,Aston Villa,True,FREE,MEDIUM,5,0.6,0.6144330981417612,-0.003790251774766699
PL1516,Mark Bunn,Aston Villa,True,FREE,SHORT,2,1.0,0.6038836349671164,-0.0037886590891125288
PL1516,Mark Bunn,Aston Villa,True,FREE,VERY_LONG,17,0.17647058823529413,0.5896843983172451,-0.004364262557454353
PL1516,Michel Vorm,Tottenham Hotspur,False,FREE,LONG,2,0.0,0.6531968591413658,-0.004275423680502457
PL1516,Michel Vorm,Tottenham Hotspur,False,FREE,MEDIUM,9,1.0,0.6920290332303217,-0.0044388206903889825
PL1516,Michel Vorm,Tottenham Hotspur,False,FREE,SHORT,28,1.0,0.732822572388194,-0.004049113962939161
PL1516,Michel Vorm,Tottenham Hotspur,False,PRESSURED,LONG,2,1.0,0.40939597315436244,-0.007731440632801751
PL1516,Michel Vorm,Tottenham Hotspur,False,PRESSURED,SHORT,1,1.0,0.40939597315436244,-0.006682013852632794
PL1516,Michel Vorm,Tottenham Hotspur,True,FREE,LONG,2,1.0,0.664440734557596,-0.003831071076570393
PL1516,Michel Vorm,Tottenham Hotspur,True,FREE,MEDIUM,2,1.0,0.6531968591413658,-0.002026847953505575
PL1516,Michel Vorm,Tottenham Hotspur,True,FREE,SHORT,3,1.0,0.6419529837251357,-0.0036785666999371983
PL1516,Paulo Dino Gazzaniga,Southampton,False,FREE,LONG,19,0.47368421052631576,0.6816419725496368,-0.0036213038048117717
PL1516,Paulo Dino Gazzaniga,Southampton,False,FREE,MEDIUM,6,1.0,0.8468716908177621,-0.0017955889497187738
PL1516,Paulo Dino Gazzaniga,Southampton,False,FREE,SHORT,11,1.0,0.780868037122243,-0.0033488990753030375
PL1516,Paulo Dino Gazzaniga,Southampton,False,FREE,VERY_LONG,9,0.3333333333333333,0.6487834427794241,-0.0052730559181693405
PL1516,Paulo Dino Gazzaniga,Southampton,False,PRESSURED,SHORT,1,1.0,0.5346534653465346,-0.004421382992462114
PL1516,Paulo Dino Gazzaniga,Southampton,True,FREE,LONG,4,1.0,0.6531968591413658,-0.0025451083934163233
PL1516,Paulo Dino Gazzaniga,Southampton,True,FREE,SHORT,1,1.0,0.6419529837251357,-0.0022965388601752026
PL1516,Paulo Dino Gazzaniga,Southampton,True,FREE,VERY_LONG,13,0.6923076923076923,0.6407543580925967,-0.003122679446139346
PL1516,Petr Čech,Arsenal,False,FREE,LONG,241,0.5726141078838174,0.648754733354067,-0.005650668218094244
PL1516,Petr Čech,Arsenal,False,FREE,MEDIUM,106,0.9339622641509434,0.7902941761807324,-0.002867545396849467
PL1516,Petr Čech,Arsenal,False,FREE,SHORT,252,0.996031746031746,0.8131701980113605,-0.0028446121558043055
PL1516,Petr Čech,Arsenal,False,FREE,VERY_LONG,124,0.4274193548387097,0.6118236215591492,-0.006321252857148084
PL1516,Petr Čech,Arsenal,False,PRESSURED,LONG,34,0.5294117647058824,0.5001357755323279,-0.007292208420845197
PL1516,Petr Čech,Arsenal,False,PRESSURED,MEDIUM,6,0.8333333333333334,0.4723474026166657,-0.006923194739590434
PL1516,Petr Čech,Arsenal,False,PRESSURED,SHORT,7,1.0,0.5283029651004665,-0.008415261324936595
PL1516,Petr Čech,Arsenal,False,PRESSURED,VERY_LONG,6,0.3333333333333333,0.4959549056368642,-0.00821478487869993
PL1516,Petr Čech,Arsenal,True,FREE,LONG,94,0.6914893617021277,0.6030738853394623,-0.004126778949553888
PL1516,Petr Čech,Arsenal,True,FREE,MEDIUM,11,1.0,0.6270011705824877,-0.003216669588189243
PL1516,Petr Čech,Arsenal,True,FREE,SHORT,22,1.0,0.6292817071391366,-0.0036336852216625024
PL1516,Petr Čech,Arsenal,True,FREE,VERY_LONG,122,0.45081967213114754,0.6074342217566729,-0.004309524101311959
PL1516,Rob Elliot,Newcastle United,False,FREE,LONG,239,0.5606694560669456,0.6656605224219688,-0.0051458615401216
PL1516,Rob Elliot,Newcastle United,False,FREE,MEDIUM,54,0.8518518518518519,0.7610771673125002,-0.003381284293422075
PL1516,Rob Elliot,Newcastle United,False,FREE,SHORT,83,1.0,0.8460237465909409,-0.002059133178115067
PL1516,Rob Elliot,Newcastle United,False,FREE,VERY_LONG,78,0.4230769230769231,0.626281631501949,-0.005640707502836894
PL1516,Rob Elliot,Newcastle United,False,PRESSURED,LONG,24,0.3333333333333333,0.5319290335434275,-0.006072861971875562
PL1516,Rob Elliot,Newcastle United,False,PRESSURED,MEDIUM,4,0.5,0.497954395544757,-0.011000246405952058
PL1516,Rob Elliot,Newcastle United,False,PRESSURED,SHORT,3,1.0,0.6578121288593425,-0.0017352915526024516
PL1516,Rob Elliot,Newcastle United,False,PRESSURED,VERY_LONG,2,0.0,0.519883310302472,-0.006117799281015546
PL1516,Rob Elliot,Newcastle United,True,FREE,LONG,121,0.6776859504132231,0.626515153900285,-0.003470391818611058
PL1516,Rob Elliot,Newcastle United,True,FREE,MEDIUM,15,1.0,0.6450648738041852,-0.0033884278738813703
PL1516,Rob Elliot,Newcastle United,True,FREE,SHORT,13,1.0,0.640924202999659,-0.003266191879928114
PL1516,Rob Elliot,Newcastle United,True,FREE,VERY_LONG,49,0.4489795918367347,0.6277272301290382,-0.003519980831454267
PL1516,Ryan Allsop,AFC Bournemouth,False,FREE,LONG,1,0.0,0.6623931623931624,-0.004726601511173143
PL1516,Ryan Allsop,AFC Bournemouth,False,FREE,MEDIUM,2,1.0,0.8240462558811859,-0.0008293324892083652
PL1516,Ryan Allsop,AFC Bournemouth,False,FREE,SHORT,5,1.0,0.7299145299145299,-0.004673370230018548
PL1516,Ryan Allsop,AFC Bournemouth,True,FREE,SHORT,1,1.0,0.6267806267806267,-0.0027592490305004217
PL1516,Ryan Allsop,AFC Bournemouth,True,FREE,VERY_LONG,1,1.0,0.6413793103448276,-0.00378404953457428
PL1516,Sergio Germán Romero,Manchester United,False,FREE,LONG,30,0.43333333333333335,0.6204222944019627,-0.005969243457867662
PL1516,Sergio Germán Romero,Manchester United,False,FREE,MEDIUM,22,0.9545454545454546,0.7831616049422713,-0.003157224913462087
PL1516,Sergio Germán Romero,Manchester United,False,FREE,SHORT,43,0.9767441860465116,0.7367364487555946,-0.004403258672872679
PL1516,Sergio Germán Romero,Manchester United,False,FREE,VERY_LONG,11,0.18181818181818182,0.589460105174153,-0.005893186674195041
PL1516,Sergio Germán Romero,Manchester United,False,PRESSURED,LONG,7,0.42857142857142855,0.4809803462383079,-0.008502301141597241
PL1516,Sergio Germán Romero,Manchester United,False,PRESSURED,MEDIUM,5,0.4,0.4895598419712604,-0.0067859519642608414
PL1516,Sergio Germán Romero,Manchester United,False,PRESSURED,SHORT,2,1.0,0.4449254449254449,-0.005159011192557428
PL1516,Sergio Germán Romero,Manchester United,False,PRESSURED,VERY_LONG,2,0.5,0.4375,-0.010898281722431345
PL1516,Sergio Germán Romero,Manchester United,True,FREE,LONG,3,0.3333333333333333,0.6190436300340876,-0.004789646155485106
PL1516,Sergio Germán Romero,Manchester United,True,FREE,MEDIUM,4,0.25,0.6099610438568713,-0.0033089629507980726
PL1516,Sergio Germán Romero,Manchester United,True,FREE,SHORT,6,1.0,0.5921040340399407,-0.004663993158358637
PL1516,Sergio Germán Romero,Manchester United,True,FREE,VERY_LONG,4,0.25,0.6100557165485385,-0.004670821071908428
PL1516,Shay Given,Stoke City,False,FREE,LONG,22,0.7727272727272727,0.673949370080479,-0.005188666553772537
PL1516,Shay Given,Stoke City,False,FREE,MEDIUM,7,0.42857142857142855,0.7197973642825269,-0.00305162776025315
PL1516,Shay Given,Stoke City,False,FREE,SHORT,7,1.0,0.9102101410944377,-0.0010197023879628387
PL1516,Shay Given,Stoke City,False,FREE,VERY_LONG,5,0.6,0.5711594705776625,-0.0067534173626216595
PL1516,Shay Given,Stoke City,False,PRESSURED,MEDIUM,1,1.0,0.5,-0.00451500611640397
PL1516,Shay Given,Stoke City,False,PRESSURED,VERY_LONG,1,0.0,0.5265115724583156,-0.008863133628600205
PL1516,Shay Given,Stoke City,True,FREE,LONG,13,0.7692307692307693,0.6580058791635827,-0.0031484327483284388
PL1516,Shay Given,Stoke City,True,FREE,SHORT,6,0.8333333333333334,0.6335434183439145,-0.0032165724507650455
PL1516,Shay Given,Stoke City,True,FREE,VERY_LONG,3,1.0,0.6838652454348075,-0.0024232772185575416
PL1516,Simon Mignolet,Liverpool,False,FREE,LONG,202,0.5198019801980198,0.6185141478701991,-0.006065110230555802
PL1516,Simon Mignolet,Liverpool,False,FREE,MEDIUM,80,0.875,0.7500459471255417,-0.003944422970073591
PL1516,Simon Mignolet,Liverpool,False,FREE,SHORT,302,0.9933774834437086,0.7499258193664764,-0.003824606990421668
PL1516,Simon Mignolet,Liverpool,False,FREE,VERY_LONG,65,0.36923076923076925,0.5704971812277819,-0.006902945915881038
PL1516,Simon Mignolet,Liverpool,False,PRESSURED,LONG,27,0.4444444444444444,0.48972961053660624,-0.008804826198592899
PL1516,Simon Mignolet,Liverpool,False,PRESSURED,MEDIUM,12,0.75,0.4894306821735013,-0.008144948482132581
PL1516,Simon Mignolet,Liverpool,False,PRESSURED,SHORT,7,1.0,0.5061053391631323,-0.009394455801521717
PL1516,Simon Mignolet,Liverpool,False,PRESSURED,VERY_LONG,3,0.0,0.5040304479507255,-0.008107299391114042
PL1516,Simon Mignolet,Liverpool,True,FREE,LONG,91,0.6153846153846154,0.5805113788906403,-0.00466605247229668
PL1516,Simon Mignolet,Liverpool,True,FREE,MEDIUM,15,1.0,0.602782239323711,-0.004058509690113617
PL1516,Simon Mignolet,Liverpool,True,FREE,SHORT,61,1.0,0.5905594264596817,-0.004523927246528465
PL1516,Simon Mignolet,Liverpool,True,FREE,VERY_LONG,64,0.53125,0.5806703673557995,-0.004266608163734826
PL1516,Thibaut Courtois,Chelsea,False,FREE,LONG,150,0.54,0.6687531118251202,-0.005204081771853151
PL1516,Thibaut Courtois,Chelsea,False,FREE,MEDIUM,52,0.8461538461538461,0.7693102406345995,-0.0033788038531537973
PL1516,Thibaut Courtois,Chelsea,False,FREE,SHORT,158,1.0,0.8267806403531724,-0.0025899365041815365
PL1516,Thibaut Courtois,Chelsea,False,FREE,VERY_LONG,81,0.3333333333333333,0.6208846249878243,-0.006130656260187789
PL1516,Thibaut Courtois,Chelsea,False,PRESSURED,LONG,11,0.2727272727272727,0.4982307101062279,-0.009709061010402227
PL1516,Thibaut Courtois,Chelsea,False,PRESSURED,MEDIUM,7,0.5714285714285714,0.4731703051526353,-0.008905266025718218
PL1516,Thibaut Courtois,Chelsea,False,PRESSURED,SHORT,3,0.6666666666666666,0.4575624070437261,-0.006142057978907393
PL1516,Thibaut Courtois,Chelsea,False,PRESSURED,VERY_LONG,3,0.3333333333333333,0.46307165985880844,-0.00657594551419857
PL1516,Thibaut Courtois,Chelsea,True,FREE,LONG,77,0.5454545454545454,0.6032799370181425,-0.003747190575071398
PL1516,Thibaut Courtois,Chelsea,True,FREE,MEDIUM,18,0.8888888888888888,0.6017218099930045,-0.004428088474369416
PL1516,Thibaut Courtois,Chelsea,True,FREE,SHORT,35,0.9714285714285714,0.6110523496729723,-0.004032404484489567
PL1516,Thibaut Courtois,Chelsea,True,FREE,VERY_LONG,37,0.35135135135135137,0.6017377909739492,-0.004303793910977279
PL1516,Tim Howard,Everton,False,FREE,LONG,153,0.5032679738562091,0.648615468610202,-0.005463074744698326
PL1516,Tim Howard,Everton,False,FREE,MEDIUM,65,0.8615384615384616,0.8150377010607467,-0.0026618693484951467
PL1516,Tim Howard,Everton,False,FREE,SHORT,274,0.9963503649635036,0.8150868139725911,-0.0027653023860152548
PL1516,Tim Howard,Everton,False,FREE,VERY_LONG,37,0.3783783783783784,0.6113844539978608,-0.006768019398508273
PL1516,Tim Howard,Everton,False,PRESSURED,LONG,27,0.3333333333333333,0.4569083525051634,-0.009250934260785097
PL1516,Tim Howard,Everton,False,PRESSURED,MEDIUM,7,0.42857142857142855,0.48886045333999883,-0.006701792176276936
PL1516,Tim Howard,Everton,False,PRESSURED,SHORT,3,0.6666666666666666,0.47212472058270977,-0.005608167172829919
PL1516,Tim Howard,Everton,False,PRESSURED,VERY_LONG,2,1.0,0.5307997865654829,-0.005022801928875406
PL1516,Tim Howard,Everton,True,FREE,LONG,84,0.5595238095238095,0.5855361745814286,-0.00424049685817096
PL1516,Tim Howard,Everton,True,FREE,MEDIUM,26,0.9230769230769231,0.6017741609724674,-0.0040544896844024
PL1516,Tim Howard,Everton,True,FREE,SHORT,56,0.9821428571428571,0.6080061069192004,-0.0037328267455383796
PL1516,Tim Howard,Everton,True,FREE,VERY_LONG,66,0.4090909090909091,0.5857797530919512,-0.00446695376505163
PL1516,Timothy Michael Krul,Newcastle United,False,FREE,LONG,77,0.44155844155844154,0.7025750075059283,-0.004524529143619745
PL1516,Timothy Michael Krul,Newcastle United,False,FREE,MEDIUM,37,0.8648648648648649,0.7720197149240233,-0.00361575304263373
PL1516,Timothy Michael Krul,Newcastle United,False,FREE,SHORT,56,0.9821428571428571,0.7858849907184488,-0.003269920367282409
PL1516,Timothy Michael Krul,Newcastle United,False,FREE,VERY_LONG,24,0.4583333333333333,0.5979733639466063,-0.005647819717896678
PL1516,Timothy Michael Krul,Newcastle United,False,PRESSURED,LONG,6,0.16666666666666666,0.5549108042956094,-0.006042389659115893
PL1516,Timothy Michael Krul,Newcastle United,False,PRESSURED,MEDIUM,7,0.7142857142857143,0.5099228544480897,-0.007975202855083198
PL1516,Timothy Michael Krul,Newcastle United,False,PRESSURED,SHORT,1,1.0,0.5861456483126111,-0.004923607150063031
PL1516,Timothy Michael Krul,Newcastle United,True,FREE,LONG,34,0.5882352941176471,0.6429628869367019,-0.002894958646573647
PL1516,Timothy Michael Krul,Newcastle United,True,FREE,MEDIUM,8,0.75,0.6294542289821412,-0.0033035420390365214
PL1516,Timothy Michael Krul,Newcastle United,True,FREE,SHORT,8,1.0,0.6592196274603465,-0.0023101680757034787
PL1516,Timothy Michael Krul,Newcastle United,True,FREE,VERY_LONG,20,0.5,0.6178601891822539,-0.003917932650678628
PL1516,Vito Mannone,Sunderland,False,FREE,LONG,213,0.5492957746478874,0.6411171996181713,-0.005397796214804309
PL1516,Vito Mannone,Sunderland,False,FREE,MEDIUM,52,0.8076923076923077,0.802639988111995,-0.0028296756483263204
PL1516,Vito Mannone,Sunderland,False,FREE,SHORT,78,0.9743589743589743,0.7753561057805274,-0.0029160917634454496
PL1516,Vito Mannone,Sunderland,False,FREE,VERY_LONG,96,0.4479166666666667,0.5760284173287867,-0.005988183604241329
PL1516,Vito Mannone,Sunderland,False,PRESSURED,LONG,13,0.23076923076923078,0.5060781915846314,-0.007422478336497286
PL1516,Vito Mannone,Sunderland,False,PRESSURED,MEDIUM,1,0.0,0.5269461077844312,-0.0041141885432705305
PL1516,Vito Mannone,Sunderland,False,PRESSURED,SHORT,3,1.0,0.486270403244573,-0.007298706600576084
PL1516,Vito Mannone,Sunderland,False,PRESSURED,VERY_LONG,5,0.6,0.4772692903899719,-0.008102810808910576
PL1516,Vito Mannone,Sunderland,True,FREE,LONG,61,0.47540983606557374,0.5845664996277085,-0.004096160582728584
PL1516,Vito Mannone,Sunderland,True,FREE,MEDIUM,6,1.0,0.6318684107097351,-0.0032100757933724217
PL1516,Vito Mannone,Sunderland,True,FREE,SHORT,9,1.0,0.5716241113955225,-0.004395844177956334
PL1516,Vito Mannone,Sunderland,True,FREE,VERY_LONG,89,0.4157303370786517,0.6013406371250517,-0.003952296382868716
PL1516,Wayne Hennessey,Crystal Palace,False,FREE,LONG,179,0.4972067039106145,0.6562497187481787,-0.005340694032864281
PL1516,Wayne Hennessey,Crystal Palace,False,FREE,MEDIUM,79,0.810126582278481,0.7758223427148204,-0.003312795249646929
PL1516,Wayne Hennessey,Crystal Palace,False,FREE,SHORT,137,0.9854014598540146,0.8167973692979904,-0.00302817506475508
PL1516,Wayne Hennessey,Crystal Palace,False,FREE,VERY_LONG,176,0.4659090909090909,0.6192336518626518,-0.005551442673279245
PL1516,Wayne Hennessey,Crystal Palace,False,PRESSURED,LONG,28,0.39285714285714285,0.49876795310989624,-0.008096520246778484
PL1516,Wayne Hennessey,Crystal Palace,False,PRESSURED,MEDIUM,3,1.0,0.4910149657716123,-0.00921439300489227
PL1516,Wayne Hennessey,Crystal Palace,False,PRESSURED,SHORT,5,1.0,0.5209404498597924,-0.008466048386326253
PL1516,Wayne Hennessey,Crystal Palace,False,PRESSURED,VERY_LONG,9,0.3333333333333333,0.47674852633654574,-0.00860491128253947
PL1516,Wayne Hennessey,Crystal Palace,True,FREE,LONG,49,0.5102040816326531,0.6106847497220809,-0.0036173369548269194
PL1516,Wayne Hennessey,Crystal Palace,True,FREE,MEDIUM,16,0.9375,0.6203849457171207,-0.00387852409578357
PL1516,Wayne Hennessey,Crystal Palace,True,FREE,SHORT,15,1.0,0.6031593822450468,-0.004468606450130434
PL1516,Wayne Hennessey,Crystal Palace,True,FREE,VERY_LONG,165,0.503030303030303,0.6008994247265361,-0.003957304401977386
PL1516,Wilfredo Daniel Caballero,Manchester City,False,FREE,LONG,24,0.5833333333333334,0.6158656405569709,-0.006241078329135952
PL1516,Wilfredo Daniel Caballero,Manchester City,False,FREE,MEDIUM,8,0.75,0.6546155197887444,-0.005586754039864887
PL1516,Wilfredo Daniel Caballero,Manchester City,False,FREE,SHORT,21,1.0,0.6724939406086569,-0.006006693440294831
PL1516,Wilfredo Daniel Caballero,Manchester City,False,FREE,VERY_LONG,9,0.3333333333333333,0.5473775719169475,-0.006946881151174228
PL1516,Wilfredo Daniel Caballero,Manchester City,False,PRESSURED,LONG,4,0.25,0.42648855010141473,-0.007850954869896724
PL1516,Wilfredo Daniel Caballero,Manchester City,False,PRESSURED,MEDIUM,1,0.0,0.5194805194805194,-0.007536287465864234
PL1516,Wilfredo Daniel Caballero,Manchester City,False,PRESSURED,VERY_LONG,2,0.0,0.5173267326732673,-0.009734649861491761
PL1516,Wilfredo Daniel Caballero,Manchester City,True,FREE,LONG,11,0.5454545454545454,0.5549117314329797,-0.005088978472000729
PL1516,Wilfredo Daniel Caballero,Manchester City,True,FREE,MEDIUM,1,1.0,0.6166666666666667,-0.0021565070571374616
PL1516,Wilfredo Daniel Caballero,Manchester City,True,FREE,SHORT,2,1.0,0.6354926208948259,-0.00207380608198294
PL1516,Wilfredo Daniel Caballero,Manchester City,True,FREE,VERY_LONG,8,0.375,0.5493622299241995,-0.004827949458746293
PL1516,Ádám Bogdán,Liverpool,False,FREE,LONG,12,0.4166666666666667,0.6459439648632738,-0.006033093685721314
PL1516,Ádám Bogdán,Liverpool,False,FREE,MEDIUM,2,1.0,0.8403826787512588,-0.005077413154059324
PL1516,Ádám Bogdán,Liverpool,False,FREE,SHORT,11,1.0,0.86492043981338,-0.0027032561604727534
PL1516,Ádám Bogdán,Liverpool,False,FREE,VERY_LONG,5,0.4,0.7175150674524866,-0.0045544156602119
PL1516,Ádám Bogdán,Liverpool,False,PRESSURED,LONG,1,1.0,0.5128205128205128,-0.0079342365028099
PL1516,Ádám Bogdán,Liverpool,True,FREE,LONG,7,0.42857142857142855,0.634514770993033,-0.0040227274343604255
PL1516,Ádám Bogdán,Liverpool,True,FREE,MEDIUM,2,0.5,0.6159254952028214,-0.00286625514686303
PL1516,Ádám Bogdán,Liverpool,True,FREE,SHORT,4,1.0,0.5964823850636463,-0.005135560363277144
PL1516,Ádám Bogdán,Liverpool,True,FREE,VERY_LONG,4,0.25,0.6276952227357288,-0.0027631590495789354
PL1516,Łukasz Fabiański,Swansea City,False,FREE,LONG,266,0.5714285714285714,0.6349068387696107,-0.005742924360482061
PL1516,Łukasz Fabiański,Swansea City,False,FREE,MEDIUM,127,0.889763779527559,0.7800070028403432,-0.003168407625173379
PL1516,Łukasz Fabiański,Swansea City,False,FREE,SHORT,344,0.9912790697674418,0.7767260667947535,-0.003517842625700353
PL1516,Łukasz Fabiański,Swansea City,False,FREE,VERY_LONG,90,0.4444444444444444,0.5866789743785811,-0.0062007566930879525
PL1516,Łukasz Fabiański,Swansea City,False,PRESSURED,LONG,46,0.41304347826086957,0.5002667708689416,-0.008374710275057972
PL1516,Łukasz Fabiański,Swansea City,False,PRESSURED,MEDIUM,16,0.4375,0.48798414306893884,-0.008472188454064599
PL1516,Łukasz Fabiański,Swansea City,False,PRESSURED,SHORT,12,0.9166666666666666,0.5015674162638784,-0.007705320472666006
PL1516,Łukasz Fabiański,Swansea City,False,PRESSURED,VERY_LONG,2,0.0,0.4754983388704319,-0.008749790782810131
PL1516,Łukasz Fabiański,Swansea City,True,FREE,LONG,153,0.5882352941176471,0.5897430343762726,-0.0038663594517559866
PL1516,Łukasz Fabiański,Swansea City,True,FREE,MEDIUM,23,0.8695652173913043,0.6075475453899228,-0.003551572609560018
PL1516,Łukasz Fabiański,Swansea City,True,FREE,SHORT,48,1.0,0.6135684479960924,-0.0037234310929349476
PL1516,Łukasz Fabiański,Swansea City,True,FREE,VERY_LONG,75,0.3466666666666667,0.5830129771485316,-0.0041828732562983455
T2024,Alexander Domínguez Carabalí,Ecuador,False,FREE,LONG,5,0.8,0.6907853962896212,-0.006929684899490675
T2024,Alexander Domínguez Carabalí,Ecuador,False,FREE,MEDIUM,10,0.8,0.8222445198682988,-0.003981584327262656
T2024,Alexander Domínguez Carabalí,Ecuador,False,FREE,SHORT,27,1.0,0.8211666143558629,-0.004871947751376658
T2024,Alexander Domínguez Carabalí,Ecuador,False,FREE,VERY_LONG,23,0.2608695652173913,0.635394960958965,-0.008537728120295794
T2024,Alexander Domínguez Carabalí,Ecuador,False,PRESSURED,LONG,4,0.0,0.6700172387567814,-0.005653569999158089
T2024,Alexander Domínguez Carabalí,Ecuador,False,PRESSURED,MEDIUM,3,1.0,0.668906801055078,-0.010851982588501938
T2024,Alexander Domínguez Carabalí,Ecuador,False,PRESSURED,SHORT,2,1.0,0.6751393426869114,-0.006687827033675645
T2024,Alexander Domínguez Carabalí,Ecuador,False,PRESSURED,VERY_LONG,5,0.4,0.6626417771338381,-0.011020256451108542
T2024,Alexander Domínguez Carabalí,Ecuador,True,FREE,LONG,4,0.5,0.7203203394436806,-0.0025953883018401203
T2024,Alexander Domínguez Carabalí,Ecuador,True,FREE,MEDIUM,1,1.0,0.7,-0.0018873377992865694
T2024,Alexander Domínguez Carabalí,Ecuador,True,FREE,SHORT,10,1.0,0.7153052239656004,-0.00519968019999566
T2024,Alexander Domínguez Carabalí,Ecuador,True,FREE,VERY_LONG,10,0.3,0.7017028636365985,-0.003951437331547928
T2024,Alisson Ramsés Becker,Brazil,False,FREE,LONG,3,0.6666666666666666,0.807625913994989,-0.005005759196353599
T2024,Alisson Ramsés Becker,Brazil,False,FREE,MEDIUM,16,0.9375,0.8613527932131908,-0.002592168402049515
T2024,Alisson Ramsés Becker,Brazil,False,FREE,SHORT,65,0.9846153846153847,0.8224132401113537,-0.003861290392491063
T2024,Alisson Ramsés Becker,Brazil,False,FREE,VERY_LONG,6,0.5,0.7839706998539223,-0.0042319892757717165
T2024,Alisson Ramsés Becker,Brazil,False,PRESSURED,LONG,1,1.0,0.7107438016528925,-0.006232472219780886
T2024,Alisson Ramsés Becker,Brazil,False,PRESSURED,MEDIUM,4,1.0,0.658715362177929,-0.007850209786013515
T2024,Alisson Ramsés Becker,Brazil,False,PRESSURED,SHORT,13,0.8461538461538461,0.6639071915519748,-0.008570140927791096
T2024,Alisson Ramsés Becker,Brazil,False,PRESSURED,VERY_LONG,1,1.0,0.63,-0.0041971029110462275
T2024,Alisson Ramsés Becker,Brazil,True,FREE,LONG,1,1.0,0.7384615384615385,-0.002530285694261984
T2024,Alisson Ramsés Becker,Brazil,True,FREE,MEDIUM,2,0.5,0.6607906200382689,-0.00741589021667291
T2024,Alisson Ramsés Becker,Brazil,True,FREE,SHORT,18,1.0,0.7258275021164562,-0.006398887980695918
T2024,Alisson Ramsés Becker,Brazil,True,FREE,VERY_LONG,3,0.6666666666666666,0.7659510357815442,-0.005768051748917401
T2024,Altay Bayındır,Turkey,False,FREE,LONG,4,0.5,0.8311949685534592,-0.0015630237337887823
T2024,Altay Bayındır,Turkey,False,FREE,MEDIUM,5,1.0,0.8321666666666667,-0.001538423076031572
T2024,Altay Bayındır,Turkey,False,FREE,SHORT,13,1.0,0.8557353652636672,-0.0024807488192605397
T2024,Altay Bayındır,Turkey,False,FREE,VERY_LONG,2,0.5,0.8411949685534592,-0.0011171737844046581
T2024,Altay Bayındır,Turkey,False,PRESSURED,LONG,1,0.0,0.6470588235294118,-0.012168083056850753
T2024,Altay Bayındır,Turkey,False,PRESSURED,MEDIUM,2,0.5,0.6385294117647059,-0.00717380982963944
T2024,Altay Bayındır,Turkey,False,PRESSURED,SHORT,4,1.0,0.6385294117647059,-0.007376831660026579
T2024,Altay Bayındır,Turkey,False,PRESSURED,VERY_LONG,1,0.0,0.6470588235294118,-0.008208109352947253
T2024,Altay Bayındır,Turkey,True,FREE,SHORT,3,1.0,0.7445751633986929,-0.005842807338805769
T2024,Anatolii Trubin,Ukraine,False,FREE,LONG,10,0.5,0.7792093986107274,-0.004587102044364448
T2024,Anatolii Trubin,Ukraine,False,FREE,MEDIUM,4,0.75,0.8222784918979145,-0.004492945483849795
T2024,Anatolii Trubin,Ukraine,False,FREE,SHORT,36,1.0,0.8397723314662344,-0.004030399149355381
T2024,Anatolii Trubin,Ukraine,False,PRESSURED,LONG,2,0.0,0.656441717791411,-0.008030354185952653
T2024,Anatolii Trubin,Ukraine,False,PRESSURED,MEDIUM,1,0.0,0.656441717791411,-0.014465945419073527
T2024,Anatolii Trubin,Ukraine,False,PRESSURED,SHORT,4,1.0,0.6109189400861506,-0.012746206307821065
T2024,Anatolii Trubin,Ukraine,True,FREE,LONG,4,0.25,0.6328140415210839,-0.008530878695087693
T2024,Anatolii Trubin,Ukraine,True,FREE,MEDIUM,4,1.0,0.6718164644900332,-0.008528625190019304
T2024,Anatolii Trubin,Ukraine,True,FREE,SHORT,3,1.0,0.7146646952982124,-0.0027430437640317447
T2024,Anatolii Trubin,Ukraine,True,FREE,VERY_LONG,2,0.5,0.6481256508156891,-0.007114464295930167
T2024,Andriy Lunin,Ukraine,False,FREE,MEDIUM,2,0.5,0.8966666666666667,-0.004151470437613799
T2024,Andriy Lunin,Ukraine,False,FREE,SHORT,15,1.0,0.8749853249475892,-0.0019177163373545034
T2024,Andriy Lunin,Ukraine,False,PRESSURED,MEDIUM,1,1.0,0.63,-0.008648180574846991
T2024,Andriy Lunin,Ukraine,False,PRESSURED,SHORT,1,1.0,0.7333333333333333,-0.00028935323267221136
T2024,Andriy Lunin,Ukraine,True,FREE,SHORT,4,1.0,0.7783333333333333,-0.0035990308557726997
T2024,Angus Gunn,Scotland,False,FREE,LONG,29,0.5517241379310345,0.7673562050449904,-0.003943387573881998
T2024,Angus Gunn,Scotland,False,FREE,MEDIUM,2,1.0,0.8854307116104869,-0.003110817633576572
T2024,Angus Gunn,Scotland,False,FREE,SHORT,33,1.0,0.8679088595399521,-0.0029731297869532926
T2024,Angus Gunn,Scotland,False,FREE,VERY_LONG,8,0.75,0.6787012387886552,-0.007466254775716543
T2024,Angus Gunn,Scotland,False,PRESSURED,LONG,14,0.5,0.6321397386267719,-0.009378398005622032
T2024,Angus Gunn,Scotland,False,PRESSURED,MEDIUM,3,0.3333333333333333,0.5245235892691952,-0.011003262744480225
T2024,Angus Gunn,Scotland,False,PRESSURED,SHORT,3,1.0,0.6388645690834474,-0.010790924282589152
T2024,Angus Gunn,Scotland,False,PRESSURED,VERY_LONG,1,1.0,0.6470588235294118,-0.00533063025356107
T2024,Angus Gunn,Scotland,True,FREE,LONG,4,0.5,0.6546090708197412,-0.00456055541343262
T2024,Angus Gunn,Scotland,True,FREE,SHORT,2,1.0,0.6816666666666666,-0.0024818851633685115
T2024,Angus Gunn,Scotland,True,FREE,VERY_LONG,16,0.4375,0.6746249237861142,-0.0036017660580878264
T2024,Bart Verbruggen,Netherlands,False,FREE,LONG,33,0.6363636363636364,0.7257097477851294,-0.006287803749780372
T2024,Bart Verbruggen,Netherlands,False,FREE,MEDIUM,19,0.9473684210526315,0.7906568721630491,-0.004365412000641497
T2024,Bart Verbruggen,Netherlands,False,FREE,SHORT,104,1.0,0.8049174783343322,-0.00472845749366329
T2024,Bart Verbruggen,Netherlands,False,FREE,VERY_LONG,8,0.5,0.766194159610438,-0.006265327108083658
T2024,Bart Verbruggen,Netherlands,False,PRESSURED,LONG,6,0.5,0.6227673849315483,-0.00837370199726419
T2024,Bart Verbruggen,Netherlands,False,PRESSURED,MEDIUM,5,1.0,0.6892496460594619,-0.006783931809872473
T2024,Bart Verbruggen,Netherlands,False,PRESSURED,SHORT,10,1.0,0.6482457781508437,-0.007758103936182488
T2024,Bart Verbruggen,Netherlands,False,PRESSURED,VERY_LONG,1,1.0,0.6108374384236454,-0.012710385471251286
T2024,Bart Verbruggen,Netherlands,True,FREE,LONG,3,0.6666666666666666,0.71279065337409,-0.004705649036560578
T2024,Bart Verbruggen,Netherlands,True,FREE,MEDIUM,1,1.0,0.6108374384236454,-0.009006749536441039
T2024,Bart Verbruggen,Netherlands,True,FREE,SHORT,12,1.0,0.7173084381260316,-0.005139096807935852
T2024,Bart Verbruggen,Netherlands,True,FREE,VERY_LONG,6,0.6666666666666666,0.6607906200382689,-0.005244328288845793
T2024,Camilo Andrés Vargas Gil,Colombia,False,FREE,LONG,21,0.5714285714285714,0.6267005566951352,-0.008647026639775988
T2024,Camilo Andrés Vargas Gil,Colombia,False,FREE,MEDIUM,13,0.9230769230769231,0.8289837426109842,-0.003737036463317441
T2024,Camilo Andrés Vargas Gil,Colombia,False,FREE,SHORT,73,1.0,0.8225949365097319,-0.004336955209676711
T2024,Camilo Andrés Vargas Gil,Colombia,False,FREE,VERY_LONG,24,0.20833333333333334,0.7134506984679988,-0.0065950922138438015
T2024,Camilo Andrés Vargas Gil,Colombia,False,PRESSURED,LONG,12,0.4166666666666667,0.6654610855515684,-0.008714125053335037
T2024,Camilo Andrés Vargas Gil,Colombia,False,PRESSURED,MEDIUM,3,0.6666666666666666,0.7107438016528925,-0.008753324989616338
T2024,Camilo Andrés Vargas Gil,Colombia,False,PRESSURED,SHORT,3,1.0,0.6774416805764768,-0.011762872249180378
T2024,Camilo Andrés Vargas Gil,Colombia,False,PRESSURED,VERY_LONG,5,0.2,0.6907625290070432,-0.009205944963836598
T2024,Camilo Andrés Vargas Gil,Colombia,True,FREE,LONG,4,0.75,0.7635459762444949,-0.0049282864132248186
T2024,Camilo Andrés Vargas Gil,Colombia,True,FREE,MEDIUM,3,1.0,0.7432656051270298,-0.005889730955705594
T2024,Camilo Andrés Vargas Gil,Colombia,True,FREE,SHORT,21,1.0,0.7220999795392464,-0.005031271326124279
T2024,Camilo Andrés Vargas Gil,Colombia,True,FREE,VERY_LONG,31,0.4838709677419355,0.7042993732307649,-0.007831681790665903
T2024,Claudio Andrés Bravo Muñoz,Chile,False,FREE,LONG,10,0.3,0.7915701590206765,-0.003306620084344065
T2024,Claudio Andrés Bravo Muñoz,Chile,False,FREE,MEDIUM,15,0.9333333333333333,0.8628688898234818,-0.0028771945133481964
T2024,Claudio Andrés Bravo Muñoz,Chile,False,FREE,SHORT,17,1.0,0.8227697484334875,-0.0033328998274245888
T2024,Claudio Andrés Bravo Muñoz,Chile,False,FREE,VERY_LONG,12,0.3333333333333333,0.743896088013079,-0.004550801284737604
T2024,Claudio Andrés Bravo Muñoz,Chile,False,PRESSURED,LONG,3,0.6666666666666666,0.7107438016528925,-0.013547891115562608
T2024,Claudio Andrés Bravo Muñoz,Chile,False,PRESSURED,MEDIUM,3,0.6666666666666666,0.6229112334589009,-0.008696014421976123
T2024,Claudio Andrés Bravo Muñoz,Chile,False,PRESSURED,SHORT,1,1.0,0.7107438016528925,-0.013547891115562608
T2024,Claudio Andrés Bravo Muñoz,Chile,True,FREE,LONG,2,1.0,0.7594746716697937,-0.004025462041764622
T2024,Claudio Andrés Bravo Muñoz,Chile,True,FREE,MEDIUM,1,1.0,0.6108374384236454,-0.010653207799568718
T2024,Claudio Andrés Bravo Muñoz,Chile,True,FREE,SHORT,6,1.0,0.7445910420561854,-0.00588649738045328
T2024,Claudio Andrés Bravo Muñoz,Chile,True,FREE,VERY_LONG,7,0.14285714285714285,0.710394569767829,-0.004639148257490005
T2024,Damián Emiliano Martínez,Argentina,False,FREE,LONG,11,0.2727272727272727,0.7527933339778824,-0.004827179035231979
T2024,Damián Emiliano Martínez,Argentina,False,FREE,MEDIUM,12,1.0,0.900758536591765,-0.003638424198190252
T2024,Damián Emiliano Martínez,Argentina,False,FREE,SHORT,109,1.0,0.8436735272466146,-0.004027742905178941
T2024,Damián Emiliano Martínez,Argentina,False,FREE,VERY_LONG,24,0.5,0.5525322508904683,-0.010303554055402236
T2024,Damián Emiliano Martínez,Argentina,False,PRESSURED,LONG,5,0.2,0.6459199706986539,-0.008413729508000598
T2024,Damián Emiliano Martínez,Argentina,False,PRESSURED,MEDIUM,4,0.75,0.6412674585563243,-0.011472517422761504
T2024,Damián Emiliano Martínez,Argentina,False,PRESSURED,SHORT,17,1.0,0.6443419806116972,-0.007568269464116628
T2024,Damián Emiliano Martínez,Argentina,False,PRESSURED,VERY_LONG,1,1.0,0.656441717791411,-0.004230631614039423
T2024,Damián Emiliano Martínez,Argentina,True,FREE,LONG,1,0.0,0.6567164179104478,-0.010271317457010626
T2024,Damián Emiliano Martínez,Argentina,True,FREE,MEDIUM,3,1.0,0.7222222222222222,-0.005628204858834651
T2024,Damián Emiliano Martínez,Argentina,True,FREE,SHORT,15,1.0,0.7160047678856114,-0.004742148414312876
T2024,Damián Emiliano Martínez,Argentina,True,FREE,VERY_LONG,15,0.4666666666666667,0.6723231574483174,-0.006783664844820929
T2024,David Raya Martin,Spain,False,FREE,LONG,3,0.3333333333333333,0.7933333333333333,-0.0028051486931408207
T2024,David Raya Martin,Spain,False,FREE,MEDIUM,7,1.0,0.9042857142857142,-0.0033510669560621576
T2024,David Raya Martin,Spain,False,FREE,SHORT,21,1.0,0.8454657082958971,-0.0027489306798609307
T2024,David Raya Martin,Spain,False,FREE,VERY_LONG,2,0.5,0.36666666666666664,-0.016864680426748043
T2024,David Raya Martin,Spain,False,PRESSURED,SHORT,3,1.0,0.635686274509804,-0.012132450820624169
T2024,David Raya Martin,Spain,True,FREE,LONG,2,1.0,0.6385294117647059,-0.010974546701091303
T2024,David Raya Martin,Spain,True,FREE,SHORT,1,1.0,0.7933333333333333,0.0004995170207045168
T2024,David Raya Martin,Spain,True,FREE,VERY_LONG,1,1.0,0.63,-0.011190161121982706
T2024,Dayne Tristan St. Clair,Canada,False,FREE,LONG,4,0.25,0.7072727272727273,-0.005470655369174203
T2024,Dayne Tristan St. Clair,Canada,False,FREE,SHORT,13,1.0,0.8765856313497823,-0.0031106676886203475
T2024,Dayne Tristan St. Clair,Canada,False,FREE,VERY_LONG,1,0.0,0.7933333333333333,-0.003441690915981634
T2024,Dayne Tristan St. Clair,Canada,False,PRESSURED,LONG,2,0.0,0.6385294117647059,-0.008419712983859098
T2024,Dayne Tristan St. Clair,Canada,False,PRESSURED,SHORT,2,1.0,0.6901960784313725,-0.007843561125078238
T2024,Dayne Tristan St. Clair,Canada,False,PRESSURED,VERY_LONG,1,0.0,0.6470588235294118,-0.006575076223386741
T2024,Dayne Tristan St. Clair,Canada,True,FREE,LONG,1,0.0,0.7333333333333333,-0.0008200908340212751
T2024,Dayne Tristan St. Clair,Canada,True,FREE,VERY_LONG,1,0.0,0.6470588235294118,-0.010822234525761028
T2024,Diogo Meireles Costa,Portugal,False,FREE,LONG,4,0.5,0.792962962962963,-0.0027963751710980153
T2024,Diogo Meireles Costa,Portugal,False,FREE,MEDIUM,22,0.9090909090909091,0.8569104394122721,-0.0035093835283496536
T2024,Diogo Meireles Costa,Portugal,False,FREE,SHORT,73,1.0,0.8586806306208163,-0.002933452278546911
T2024,Diogo Meireles Costa,Portugal,False,FREE,VERY_LONG,4,0.25,0.7668834812774207,-0.004166919431858776
T2024,Diogo Meireles Costa,Portugal,False,PRESSURED,LONG,5,0.4,0.6458650306748466,-0.007841991610147675
T2024,Diogo Meireles Costa,Portugal,False,PRESSURED,MEDIUM,5,0.8,0.6514371038888607,-0.00908226438265194
T2024,Diogo Meireles Costa,Portugal,False,PRESSURED,SHORT,9,1.0,0.641782396809409,-0.009194294744754397
T2024,Diogo Meireles Costa,Portugal,False,PRESSURED,VERY_LONG,1,0.0,0.4090909090909091,-0.008566583171007641
T2024,Diogo Meireles Costa,Portugal,True,FREE,MEDIUM,10,1.0,0.7038006790622742,-0.007219040551065431
T2024,Diogo Meireles Costa,Portugal,True,FREE,SHORT,18,1.0,0.6877403805047283,-0.00660348554352052
T2024,Diogo Meireles Costa,Portugal,True,FREE,VERY_LONG,2,0.0,0.7186021113942482,-0.002788266286777058
T2024,Dominik Livaković,Croatia,False,FREE,LONG,9,0.3333333333333333,0.7426271415472274,-0.006517714841189995
T2024,Dominik Livaković,Croatia,False,FREE,MEDIUM,4,1.0,0.8943203193203193,-0.0028173673679118
T2024,Dominik Livaković,Croatia,False,FREE,SHORT,38,1.0,0.8754793875883058,-0.0028633421464323203
T2024,Dominik Livaković,Croatia,False,FREE,VERY_LONG,7,0.5714285714285714,0.7468180508370796,-0.0028607699607935454
T2024,Dominik Livaković,Croatia,False,PRESSURED,LONG,10,0.3,0.654751034384363,-0.005904862260690251
T2024,Dominik Livaković,Croatia,False,PRESSURED,MEDIUM,3,0.6666666666666666,0.656441717791411,-0.010232662393950391
T2024,Dominik Livaković,Croatia,False,PRESSURED,SHORT,3,1.0,0.656441717791411,-0.005877789861058014
T2024,Dominik Livaković,Croatia,True,FREE,LONG,1,1.0,0.7559055118110236,-0.0023117351227042076
T2024,Dominik Livaković,Croatia,True,FREE,MEDIUM,2,1.0,0.7,-0.0048721385907101004
T2024,Dominik Livaković,Croatia,True,FREE,SHORT,8,1.0,0.7362707106588483,-0.003254440149386264
T2024,Dominik Livaković,Croatia,True,FREE,VERY_LONG,4,0.5,0.682568684982662,-0.0065689309799472195
T2024,Ethan Horvath,United States,False,FREE,LONG,1,0.0,0.7107438016528925,-0.004246316525620443
T2024,Ethan Horvath,United States,False,FREE,MEDIUM,3,0.3333333333333333,0.7845227341162301,-0.005994662673444688
T2024,Ethan Horvath,United States,False,FREE,VERY_LONG,8,0.125,0.7384109013266441,-0.0024000367355123393
T2024,Ethan Horvath,United States,False,PRESSURED,LONG,2,0.5,0.7107438016528925,-0.009890181667671747
T2024,Ethan Horvath,United States,True,FREE,VERY_LONG,6,0.0,0.7377567246746848,-0.0019545182381435038
T2024,Fehmi Mert Günok,Turkey,False,FREE,LONG,9,0.4444444444444444,0.7471319365567621,-0.004380304635744132
T2024,Fehmi Mert Günok,Turkey,False,FREE,MEDIUM,17,0.9411764705882353,0.9071603307503886,-0.0034720128112426954
T2024,Fehmi Mert Günok,Turkey,False,FREE,SHORT,31,1.0,0.8095644401108927,-0.005133628441772976
T2024,Fehmi Mert Günok,Turkey,False,FREE,VERY_LONG,19,0.21052631578947367,0.7786003802619358,-0.0050264087656763014
T2024,Fehmi Mert Günok,Turkey,False,PRESSURED,LONG,10,0.4,0.6100797715660111,-0.009585720647804467
T2024,Fehmi Mert Günok,Turkey,False,PRESSURED,MEDIUM,2,1.0,0.7015257469802925,-0.011895399832487833
T2024,Fehmi Mert Günok,Turkey,False,PRESSURED,SHORT,4,1.0,0.6721916898802104,-0.009208436170408918
T2024,Fehmi Mert Günok,Turkey,False,PRESSURED,VERY_LONG,5,0.4,0.6562336177198573,-0.005488232159931878
T2024,Fehmi Mert Günok,Turkey,True,FREE,LONG,6,0.5,0.7149732656531942,-0.006635880301040647
T2024,Fehmi Mert Günok,Turkey,True,FREE,MEDIUM,5,1.0,0.6974456735595638,-0.004359828769919819
T2024,Fehmi Mert Günok,Turkey,True,FREE,SHORT,8,1.0,0.705292255837494,-0.004475136652033765
T2024,Fehmi Mert Günok,Turkey,True,FREE,VERY_LONG,11,0.2727272727272727,0.6431065663425943,-0.006296182891223243
T2024,Florin Constantin Niţă,Romania,False,FREE,LONG,37,0.5405405405405406,0.6754896093882509,-0.006562559432462858
T2024,Florin Constantin Niţă,Romania,False,FREE,MEDIUM,10,0.9,0.8758180574319422,-0.0019085139797498853
T2024,Florin Constantin Niţă,Romania,False,FREE,SHORT,32,1.0,0.810244152528671,-0.0035607970472842773
T2024,Florin Constantin Niţă,Romania,False,FREE,VERY_LONG,10,0.2,0.5967440545768279,-0.00875731675578227
T2024,Florin Constantin Niţă,Romania,False,PRESSURED,LONG,5,0.6,0.6069715560513107,-0.01249193232090804
T2024,Florin Constantin Niţă,Romania,False,PRESSURED,MEDIUM,3,0.3333333333333333,0.6324263854050188,-0.00795542753167651
T2024,Florin Constantin Niţă,Romania,False,PRESSURED,SHORT,2,0.5,0.6432208588957056,-0.004787218150747757
T2024,Florin Constantin Niţă,Romania,False,PRESSURED,VERY_LONG,1,1.0,0.656441717791411,-0.014465945419073527
T2024,Florin Constantin Niţă,Romania,True,FREE,LONG,25,0.52,0.705513074626771,-0.006017576087115382
T2024,Florin Constantin Niţă,Romania,True,FREE,MEDIUM,4,0.75,0.694500948474054,-0.0087399517346816
T2024,Florin Constantin Niţă,Romania,True,FREE,SHORT,7,1.0,0.679926449062542,-0.007595945235788691
T2024,Florin Constantin Niţă,Romania,True,FREE,VERY_LONG,10,0.2,0.6962387365604684,-0.0057160388956392
T2024,Gabriel Arias Arroyo,Chile,False,FREE,LONG,2,0.5,0.6828155222437138,-0.006788293509059187
T2024,Gabriel Arias Arroyo,Chile,False,FREE,SHORT,18,1.0,0.8177748408396862,-0.004817876311272207
T2024,Gabriel Arias Arroyo,Chile,False,FREE,VERY_LONG,14,0.42857142857142855,0.6820367939933157,-0.007189968336090217
T2024,Gabriel Arias Arroyo,Chile,False,PRESSURED,LONG,1,0.0,0.5957446808510638,-0.016294948799246898
T2024,Gabriel Arias Arroyo,Chile,False,PRESSURED,SHORT,1,1.0,0.5957446808510638,-0.007515815653220608
T2024,Gabriel Arias Arroyo,Chile,True,FREE,SHORT,4,1.0,0.6872390327695561,-0.002214463610118192
T2024,Gabriel Arias Arroyo,Chile,True,FREE,VERY_LONG,4,0.25,0.6853159558464792,-0.005711213569816969
T2024,Gianluigi Donnarumma,Italy,False,FREE,LONG,10,0.4,0.7772675739294874,-0.004222778203098082
T2024,Gianluigi Donnarumma,Italy,False,FREE,MEDIUM,9,0.8888888888888888,0.7910060742823963,-0.004943482919601479
T2024,Gianluigi Donnarumma,Italy,False,FREE,SHORT,47,1.0,0.8392242003453372,-0.0038253151462673994
T2024,Gianluigi Donnarumma,Italy,False,FREE,VERY_LONG,2,0.5,0.7414478501935349,-0.0073314346657884655
T2024,Gianluigi Donnarumma,Italy,False,PRESSURED,LONG,6,0.5,0.6706587812203472,-0.006998172381904842
T2024,Gianluigi Donnarumma,Italy,False,PRESSURED,MEDIUM,3,0.6666666666666666,0.7107438016528925,-0.002017491077329734
T2024,Gianluigi Donnarumma,Italy,False,PRESSURED,SHORT,7,1.0,0.6763852127107108,-0.012837044513906656
T2024,Gianluigi Donnarumma,Italy,True,FREE,LONG,3,0.3333333333333333,0.7537059900557684,-0.003252435769005761
T2024,Gianluigi Donnarumma,Italy,True,FREE,MEDIUM,3,1.0,0.7088675938489372,-0.006074688794055086
T2024,Gianluigi Donnarumma,Italy,True,FREE,SHORT,10,1.0,0.705140451234805,-0.006453821147516819
T2024,Giorgi Mamardashvili,Georgia,False,FREE,LONG,23,0.34782608695652173,0.7204122059954746,-0.005585889667843109
T2024,Giorgi Mamardashvili,Georgia,False,FREE,MEDIUM,5,0.8,0.914948168629271,0.0008122647675054748
T2024,Giorgi Mamardashvili,Georgia,False,FREE,SHORT,30,0.9666666666666667,0.9050403571880856,-0.002308688930751392
T2024,Giorgi Mamardashvili,Georgia,False,FREE,VERY_LONG,14,0.2857142857142857,0.7411081128067488,-0.004690438342661551
T2024,Giorgi Mamardashvili,Georgia,False,PRESSURED,LONG,1,0.0,0.63,-0.006673287649971912
T2024,Giorgi Mamardashvili,Georgia,False,PRESSURED,MEDIUM,1,1.0,0.656441717791411,-0.01474213823955344
T2024,Giorgi Mamardashvili,Georgia,False,PRESSURED,SHORT,2,1.0,0.656441717791411,-0.012050692839185057
T2024,Giorgi Mamardashvili,Georgia,False,PRESSURED,VERY_LONG,2,0.0,0.6432208588957056,-0.005790882100777085
T2024,Giorgi Mamardashvili,Georgia,True,FREE,LONG,13,0.3076923076923077,0.7064195068587817,-0.004921338804006298
T2024,Giorgi Mamardashvili,Georgia,True,FREE,MEDIUM,3,1.0,0.6897794492106396,-0.00399718970477217
T2024,Giorgi Mamardashvili,Georgia,True,FREE,SHORT,11,1.0,0.6906453922996634,-0.006875083574986626
T2024,Giorgi Mamardashvili,Georgia,True,FREE,VERY_LONG,17,0.23529411764705882,0.6790814195777933,-0.003675567701865951
T2024,Guillermo Viscarra Bruckner,Bolivia,False,FREE,LONG,14,0.35714285714285715,0.7764508487075957,-0.005016640289296137
T2024,Guillermo Viscarra Bruckner,Bolivia,False,FREE,MEDIUM,4,1.0,0.821735718769617,-0.003991764022027145
T2024,Guillermo Viscarra Bruckner,Bolivia,False,FREE,SHORT,15,1.0,0.8749170702691916,-0.002316379968203814
T2024,Guillermo Viscarra Bruckner,Bolivia,False,FREE,VERY_LONG,9,0.1111111111111111,0.7865302844209839,-0.003547536365446054
T2024,Guillermo Viscarra Bruckner,Bolivia,False,PRESSURED,LONG,3,0.3333333333333333,0.6569146005509642,-0.0054504559342943215
T2024,Guillermo Viscarra Bruckner,Bolivia,False,PRESSURED,MEDIUM,1,0.0,0.63,-0.0044075353684195195
T2024,Guillermo Viscarra Bruckner,Bolivia,False,PRESSURED,SHORT,1,1.0,0.63,-0.002867729824086604
T2024,Guillermo Viscarra Bruckner,Bolivia,False,PRESSURED,VERY_LONG,2,0.5,0.6214017521902377,-0.013587780206780854
T2024,Guillermo Viscarra Bruckner,Bolivia,True,FREE,LONG,4,0.75,0.7408049242424243,-0.00655443391898868
T2024,Guillermo Viscarra Bruckner,Bolivia,True,FREE,MEDIUM,3,1.0,0.7928395061728395,-0.004708622699663472
T2024,Guillermo Viscarra Bruckner,Bolivia,True,FREE,SHORT,9,1.0,0.7655148253081857,-0.004425638142759861
T2024,Guillermo Viscarra Bruckner,Bolivia,True,FREE,VERY_LONG,11,0.2727272727272727,0.7574438306126287,-0.003280670202177166
T2024,Jahmali Waite,Jamaica,False,FREE,LONG,7,0.42857142857142855,0.7518332621066653,-0.004626762707623138
T2024,Jahmali Waite,Jamaica,False,FREE,MEDIUM,10,0.9,0.8208550242387569,-0.004375422933668866
T2024,Jahmali Waite,Jamaica,False,FREE,SHORT,37,1.0,0.8945217994563016,-0.0029123471837723017
T2024,Jahmali Waite,Jamaica,False,FREE,VERY_LONG,4,0.0,0.6654670736871824,-0.006623725873184404
T2024,Jahmali Waite,Jamaica,False,PRESSURED,LONG,12,0.4166666666666667,0.6334144581428015,-0.007880091588100742
T2024,Jahmali Waite,Jamaica,False,PRESSURED,MEDIUM,4,0.5,0.6176397822859971,-0.010012337343397463
T2024,Jahmali Waite,Jamaica,False,PRESSURED,SHORT,6,1.0,0.623275393642824,-0.008372426149785856
T2024,Jahmali Waite,Jamaica,True,FREE,LONG,3,0.6666666666666666,0.6694555368575118,-0.005956502423787167
T2024,Jahmali Waite,Jamaica,True,FREE,MEDIUM,2,1.0,0.7047106236786471,-0.007837793401708875
T2024,Jahmali Waite,Jamaica,True,FREE,SHORT,14,1.0,0.7093635230016203,-0.005869929844180832
T2024,Jahmali Waite,Jamaica,True,FREE,VERY_LONG,12,0.25,0.6672068933330645,-0.006633056176335958
T2024,Jan Oblak,Slovenia,False,FREE,LONG,31,0.6451612903225806,0.7614883066424712,-0.00396169701640865
T2024,Jan Oblak,Slovenia,False,FREE,MEDIUM,11,0.8181818181818182,0.80763829844734,-0.004424379440448233
T2024,Jan Oblak,Slovenia,False,FREE,SHORT,18,1.0,0.8225962984725647,-0.004398440000998248
T2024,Jan Oblak,Slovenia,False,FREE,VERY_LONG,12,0.5,0.7318282450061915,-0.005881176394677272
T2024,Jan Oblak,Slovenia,False,PRESSURED,LONG,7,0.5714285714285714,0.638840553451612,-0.00758489570241448
T2024,Jan Oblak,Slovenia,False,PRESSURED,MEDIUM,2,1.0,0.6336395781075281,-0.013767202089898654
T2024,Jan Oblak,Slovenia,False,PRESSURED,SHORT,2,1.0,0.6032910596373546,-0.00911830228444049
T2024,Jan Oblak,Slovenia,False,PRESSURED,VERY_LONG,1,0.0,0.656441717791411,-0.0037585305779687652
T2024,Jan Oblak,Slovenia,True,FREE,LONG,19,0.42105263157894735,0.6720434050930979,-0.005768321553212059
T2024,Jan Oblak,Slovenia,True,FREE,MEDIUM,9,1.0,0.6973099669820813,-0.005179039040771881
T2024,Jan Oblak,Slovenia,True,FREE,SHORT,9,1.0,0.6918555932651915,-0.006470298615155548
T2024,Jan Oblak,Slovenia,True,FREE,VERY_LONG,7,0.2857142857142857,0.6593464045898384,-0.006044291255241596
T2024,Jindřich Staněk,Czech Republic,False,FREE,LONG,14,0.5,0.7495651631451549,-0.004963875018515722
T2024,Jindřich Staněk,Czech Republic,False,FREE,MEDIUM,9,0.8888888888888888,0.8339530421621277,-0.004688996150438607
T2024,Jindřich Staněk,Czech Republic,False,FREE,SHORT,15,1.0,0.8675230673295106,-0.0030389493906341344
T2024,Jindřich Staněk,Czech Republic,False,FREE,VERY_LONG,3,0.0,0.7506653592940188,-0.0036047689101031907
T2024,Jindřich Staněk,Czech Republic,False,PRESSURED,LONG,6,0.16666666666666666,0.7208175748237382,-0.004712534965339517
T2024,Jindřich Staněk,Czech Republic,False,PRESSURED,SHORT,2,1.0,0.6607906200382689,-0.004469320782890241
T2024,Jindřich Staněk,Czech Republic,False,PRESSURED,VERY_LONG,1,1.0,0.7107438016528925,-0.0007048161178537819
T2024,Jindřich Staněk,Czech Republic,True,FREE,LONG,6,0.5,0.7443938120952164,-0.00352678052512905
T2024,Jindřich Staněk,Czech Republic,True,FREE,MEDIUM,1,1.0,0.7804878048780488,-0.0070062652263455285
T2024,Jindřich Staněk,Czech Republic,True,FREE,SHORT,6,1.0,0.7464323023093655,-0.0051670898398533
T2024,Jindřich Staněk,Czech Republic,True,FREE,VERY_LONG,11,0.6363636363636364,0.7187842483715813,-0.004666123401585207
T2024,Jordan Pickford,England,False,FREE,LONG,35,0.37142857142857144,0.7906059488840997,-0.005137852492004532
T2024,Jordan Pickford,England,False,FREE,MEDIUM,37,0.9459459459459459,0.8324327329182174,-0.003580435299390529
T2024,Jordan Pickford,England,False,FREE,SHORT,110,1.0,0.8498961574536015,-0.003665495561266718
T2024,Jordan Pickford,England,False,FREE,VERY_LONG,21,0.3333333333333333,0.7735007626910706,-0.0037586135650523786
T2024,Jordan Pickford,England,False,PRESSURED,LONG,22,0.36363636363636365,0.6556817523571011,-0.0069132016139496905
T2024,Jordan Pickford,England,False,PRESSURED,MEDIUM,5,1.0,0.6547999118760581,-0.007372350277069872
T2024,Jordan Pickford,England,False,PRESSURED,SHORT,17,1.0,0.6542291376559654,-0.0066862924800806176
T2024,Jordan Pickford,England,False,PRESSURED,VERY_LONG,7,0.14285714285714285,0.6235481938571953,-0.009272005905047773
T2024,Jordan Pickford,England,True,FREE,LONG,16,0.5625,0.6775815390488346,-0.003418533841523669
T2024,Jordan Pickford,England,True,FREE,MEDIUM,3,1.0,0.7533333333333333,-0.0027517253638331164
T2024,Jordan Pickford,England,True,FREE,SHORT,13,1.0,0.7222211247158388,-0.005773473536681367
T2024,Jordan Pickford,England,True,FREE,VERY_LONG,18,0.6111111111111112,0.699281713010849,-0.00414164039532101
T2024,Julio José González Vela-Alvizu,Mexico,False,FREE,LONG,8,0.25,0.7607086341078058,-0.005313080759736079
T2024,Julio José González Vela-Alvizu,Mexico,False,FREE,MEDIUM,9,1.0,0.8480239189649302,-0.004245801608123797
T2024,Julio José González Vela-Alvizu,Mexico,False,FREE,SHORT,58,1.0,0.8166112425671166,-0.0039360696841830994
T2024,Julio José González Vela-Alvizu,Mexico,False,FREE,VERY_LONG,3,0.3333333333333333,0.6291996047430831,-0.0093503239689891
T2024,Julio José González Vela-Alvizu,Mexico,False,PRESSURED,LONG,3,0.0,0.6249381494309748,-0.009001456511151992
T2024,Julio José González Vela-Alvizu,Mexico,False,PRESSURED,SHORT,6,1.0,0.5617232823469512,-0.010096906899409197
T2024,Julio José González Vela-Alvizu,Mexico,True,FREE,LONG,3,1.0,0.6874704491725767,-0.007230123277754993
T2024,Julio José González Vela-Alvizu,Mexico,True,FREE,MEDIUM,1,1.0,0.7,-0.0018873377992865694
T2024,Julio José González Vela-Alvizu,Mexico,True,FREE,SHORT,10,1.0,0.7278054697240744,-0.003592502337419162
T2024,Julio José González Vela-Alvizu,Mexico,True,FREE,VERY_LONG,3,0.3333333333333333,0.676204299301776,-0.004551897227076408
T2024,Kasper Schmeichel,Denmark,False,FREE,LONG,10,0.5,0.6019637752598811,-0.008114153650622841
T2024,Kasper Schmeichel,Denmark,False,FREE,MEDIUM,16,1.0,0.8202336327384963,-0.004410394630442789
T2024,Kasper Schmeichel,Denmark,False,FREE,SHORT,43,1.0,0.8396590202185409,-0.003818156623096599
T2024,Kasper Schmeichel,Denmark,False,FREE,VERY_LONG,8,0.25,0.5991548651444129,-0.009416001381410542
T2024,Kasper Schmeichel,Denmark,False,PRESSURED,LONG,5,0.2,0.6169397427826822,-0.004729559011959398
T2024,Kasper Schmeichel,Denmark,False,PRESSURED,MEDIUM,3,1.0,0.6153723343318799,-0.012481983135594564
T2024,Kasper Schmeichel,Denmark,False,PRESSURED,SHORT,4,1.0,0.6184653188724414,-0.007968815382208611
T2024,Kasper Schmeichel,Denmark,True,FREE,LONG,3,0.6666666666666666,0.6734195619269799,-0.006712676312881301
T2024,Kasper Schmeichel,Denmark,True,FREE,MEDIUM,5,1.0,0.7244434479718633,-0.003781520296119733
T2024,Kasper Schmeichel,Denmark,True,FREE,SHORT,6,1.0,0.6397546183444279,-0.009241755222888058
T2024,Kasper Schmeichel,Denmark,True,FREE,VERY_LONG,9,0.6666666666666666,0.6502326307516663,-0.005721752726128131
T2024,Koen Casteels,Belgium,False,FREE,LONG,4,0.25,0.7676075729752833,-0.00391592684780286
T2024,Koen Casteels,Belgium,False,FREE,MEDIUM,10,1.0,0.8965331832340858,-0.0030809395818406824
T2024,Koen Casteels,Belgium,False,FREE,SHORT,67,0.9850746268656716,0.8259409879208075,-0.004149573407619132
T2024,Koen Casteels,Belgium,False,FREE,VERY_LONG,5,0.6,0.6194860422497831,-0.0075890011038256934
T2024,Koen Casteels,Belgium,False,PRESSURED,LONG,5,0.6,0.6450461330370514,-0.009548354551999785
T2024,Koen Casteels,Belgium,False,PRESSURED,MEDIUM,4,1.0,0.6770153479887021,-0.007262896585375532
T2024,Koen Casteels,Belgium,False,PRESSURED,SHORT,8,1.0,0.6507755203853199,-0.00996543920601075
T2024,Koen Casteels,Belgium,False,PRESSURED,VERY_LONG,5,0.2,0.6473758019416652,-0.007788543262158517
T2024,Koen Casteels,Belgium,True,FREE,LONG,4,0.75,0.6769466729589428,-0.00536404912140268
T2024,Koen Casteels,Belgium,True,FREE,MEDIUM,5,1.0,0.6612038906454231,-0.006461651775968738
T2024,Koen Casteels,Belgium,True,FREE,SHORT,17,1.0,0.7084311518529939,-0.005477729742157172
T2024,Koen Casteels,Belgium,True,FREE,VERY_LONG,9,0.3333333333333333,0.6898734971265491,-0.0032261435441670048
T2024,Manuel Neuer,Germany,False,FREE,LONG,11,0.5454545454545454,0.7928759411047875,-0.0031636748904276136
T2024,Manuel Neuer,Germany,False,FREE,MEDIUM,29,0.9310344827586207,0.8619857328025091,-0.0033543725235777094
T2024,Manuel Neuer,Germany,False,FREE,SHORT,56,1.0,0.8418820268838966,-0.004197154045363752
T2024,Manuel Neuer,Germany,False,PRESSURED,LONG,10,0.2,0.6321933225848386,-0.007853760903982616
T2024,Manuel Neuer,Germany,False,PRESSURED,MEDIUM,7,0.8571428571428571,0.663614572391049,-0.010549482229052396
T2024,Manuel Neuer,Germany,False,PRESSURED,SHORT,11,1.0,0.6505040921634277,-0.010171795194660193
T2024,Manuel Neuer,Germany,False,PRESSURED,VERY_LONG,1,0.0,0.7107438016528925,-0.00292511938858051
T2024,Manuel Neuer,Germany,True,FREE,LONG,3,0.6666666666666666,0.7415216466214248,-0.006011748043179002
T2024,Manuel Neuer,Germany,True,FREE,MEDIUM,4,0.75,0.7804878048780488,-0.002304027989897355
T2024,Manuel Neuer,Germany,True,FREE,SHORT,11,1.0,0.7159431850561232,-0.004315653075295882
T2024,Martin Dúbravka,Slovakia,False,FREE,LONG,28,0.4642857142857143,0.7104364660380476,-0.006748497933061888
T2024,Martin Dúbravka,Slovakia,False,FREE,MEDIUM,12,0.5833333333333334,0.8199659136516598,-0.002160363518376783
T2024,Martin Dúbravka,Slovakia,False,FREE,SHORT,68,0.9705882352941176,0.8423211153377852,-0.0038391919393339588
T2024,Martin Dúbravka,Slovakia,False,FREE,VERY_LONG,8,0.125,0.7050768140553153,-0.005917166740509169
T2024,Martin Dúbravka,Slovakia,False,PRESSURED,LONG,9,0.1111111111111111,0.629750954429216,-0.008356022844342685
T2024,Martin Dúbravka,Slovakia,False,PRESSURED,MEDIUM,4,0.5,0.615628078817734,-0.008100922569003886
T2024,Martin Dúbravka,Slovakia,False,PRESSURED,SHORT,7,1.0,0.6147377483642026,-0.008444098180395878
T2024,Martin Dúbravka,Slovakia,False,PRESSURED,VERY_LONG,1,0.0,0.63,-0.002530993215942679
T2024,Martin Dúbravka,Slovakia,True,FREE,LONG,6,0.5,0.6652204759977992,-0.0075637432567890765
T2024,Martin Dúbravka,Slovakia,True,FREE,SHORT,8,1.0,0.7291575467396261,-0.0038466182522533246
T2024,Martin Dúbravka,Slovakia,True,FREE,VERY_LONG,12,0.3333333333333333,0.657735959393113,-0.00566458596383708
T2024,Matthew Charles Turner,United States,False,FREE,LONG,10,0.3,0.7910332214920998,-0.004898892539853096
T2024,Matthew Charles Turner,United States,False,FREE,MEDIUM,8,0.5,0.8191385673694396,-0.004223747577185696
T2024,Matthew Charles Turner,United States,False,FREE,SHORT,29,1.0,0.8350253796632806,-0.004894738690557948
T2024,Matthew Charles Turner,United States,False,FREE,VERY_LONG,11,0.2727272727272727,0.7208299208403691,-0.0066085278448890375
T2024,Matthew Charles Turner,United States,False,PRESSURED,LONG,4,0.0,0.6461446353642946,-0.010042904622489676
T2024,Matthew Charles Turner,United States,False,PRESSURED,VERY_LONG,5,0.4,0.6337483276532421,-0.007886198778835318
T2024,Matthew Charles Turner,United States,True,FREE,LONG,1,0.0,0.7107438016528925,-0.0055128474929022715
T2024,Matthew Charles Turner,United States,True,FREE,SHORT,10,1.0,0.6952867642698173,-0.00489603718366764
T2024,Matthew Charles Turner,United States,True,FREE,VERY_LONG,10,0.5,0.6876162842445868,-0.0047946569293221275
T2024,Matěj Kovář,Czech Republic,False,FREE,LONG,9,0.4444444444444444,0.6776441057686252,-0.0050975567500051965
T2024,Matěj Kovář,Czech Republic,False,FREE,MEDIUM,2,1.0,0.8536057692307693,-0.0012373526971895385
T2024,Matěj Kovář,Czech Republic,False,FREE,SHORT,1,1.0,0.7711864406779662,-0.00491721554249383
T2024,Matěj Kovář,Czech Republic,False,FREE,VERY_LONG,2,0.5,0.6910119395508058,-0.006138892606638857
T2024,Matěj Kovář,Czech Republic,False,PRESSURED,LONG,1,0.0,0.6108374384236454,-0.004048090353032447
T2024,Matěj Kovář,Czech Republic,True,FREE,MEDIUM,1,1.0,0.6108374384236454,-0.011074444497163143
T2024,Matěj Kovář,Czech Republic,True,FREE,VERY_LONG,1,1.0,0.6108374384236454,-0.010653207799568718
T2024,Maxime Crépeau,Canada,False,FREE,LONG,11,0.5454545454545454,0.7350046129113884,-0.006478829172407634
T2024,Maxime Crépeau,Canada,False,FREE,MEDIUM,17,0.8823529411764706,0.8633341398723651,-0.0030189603713716073
T2024,Maxime Crépeau,Canada,False,FREE,SHORT,52,1.0,0.8634652602254094,-0.0037850578045959303
T2024,Maxime Crépeau,Canada,False,FREE,VERY_LONG,13,0.38461538461538464,0.6412133068744384,-0.00842904562780182
T2024,Maxime Crépeau,Canada,False,PRESSURED,LONG,5,0.4,0.6249979806045901,-0.006895388881987036
T2024,Maxime Crépeau,Canada,False,PRESSURED,MEDIUM,1,0.0,0.6470588235294118,-0.006228197569624404
T2024,Maxime Crépeau,Canada,False,PRESSURED,SHORT,3,1.0,0.626790774048192,-0.010220923471077286
T2024,Maxime Crépeau,Canada,False,PRESSURED,VERY_LONG,1,0.0,0.5957446808510638,-0.016294948799246898
T2024,Maxime Crépeau,Canada,True,FREE,LONG,2,0.0,0.6554187192118226,-0.009255073590851176
T2024,Maxime Crépeau,Canada,True,FREE,MEDIUM,3,1.0,0.6871873587016015,-0.005139608924396984
T2024,Maxime Crépeau,Canada,True,FREE,SHORT,17,1.0,0.7017853096801915,-0.005689960030991127
T2024,Maxime Crépeau,Canada,True,FREE,VERY_LONG,20,0.35,0.6772195639147616,-0.00552969439873593
T2024,Mike Maignan,France,False,FREE,LONG,15,0.6,0.7811131099967825,-0.004164575608987812
T2024,Mike Maignan,France,False,FREE,MEDIUM,18,0.9444444444444444,0.8307197693751567,-0.002870646293063833
T2024,Mike Maignan,France,False,FREE,SHORT,70,1.0,0.8586682874745513,-0.003423992140199641
T2024,Mike Maignan,France,False,FREE,VERY_LONG,4,0.0,0.7436307087308628,-0.005515294053590726
T2024,Mike Maignan,France,False,PRESSURED,LONG,11,0.5454545454545454,0.6416190562146028,-0.0066067353626378285
T2024,Mike Maignan,France,False,PRESSURED,MEDIUM,6,0.6666666666666666,0.6566442556494286,-0.00494284463029339
T2024,Mike Maignan,France,False,PRESSURED,SHORT,14,1.0,0.6652864761552848,-0.009232881393476904
T2024,Mike Maignan,France,False,PRESSURED,VERY_LONG,3,0.3333333333333333,0.6849715244699571,-0.007505738545232707
T2024,Mike Maignan,France,True,FREE,LONG,2,0.5,0.7,-0.0048721385907101004
T2024,Mike Maignan,France,True,FREE,MEDIUM,3,1.0,0.6567164179104478,-0.006650383816207643
T2024,Mike Maignan,France,True,FREE,SHORT,15,0.9333333333333333,0.6910449793005012,-0.0066435375753650695
T2024,Mike Maignan,France,True,FREE,VERY_LONG,2,0.0,0.6517502706604115,-0.006842172676356414
T2024,Orlando Mosquera,Panama,False,FREE,LONG,20,0.5,0.7879863517651733,-0.0031341502298422507
T2024,Orlando Mosquera,Panama,False,FREE,MEDIUM,17,0.8235294117647058,0.8619161348436989,-0.0031428118947960486
T2024,Orlando Mosquera,Panama,False,FREE,SHORT,42,1.0,0.8661426803727421,-0.0026876249261825005
T2024,Orlando Mosquera,Panama,False,FREE,VERY_LONG,15,0.3333333333333333,0.7254387493384359,-0.0038700383924155294
T2024,Orlando Mosquera,Panama,False,PRESSURED,LONG,7,0.2857142857142857,0.6369619571966718,-0.007301194176550975
T2024,Orlando Mosquera,Panama,False,PRESSURED,MEDIUM,2,1.0,0.6108374384236454,-0.012889422115987533
T2024,Orlando Mosquera,Panama,False,PRESSURED,SHORT,1,1.0,0.63,-0.002530993215942679
T2024,Orlando Mosquera,Panama,False,PRESSURED,VERY_LONG,5,0.6,0.63,-0.00844581068439009
T2024,Orlando Mosquera,Panama,True,FREE,LONG,1,1.0,0.7107438016528925,-0.008926498457515537
T2024,Orlando Mosquera,Panama,True,FREE,MEDIUM,2,1.0,0.7107438016528925,-0.008926498457515537
T2024,Orlando Mosquera,Panama,True,FREE,SHORT,3,1.0,0.764769647696477,-0.0011846076565076424
T2024,Orlando Mosquera,Panama,True,FREE,VERY_LONG,2,1.0,0.7220385674931129,-0.004042963537970163
T2024,Patrick Gilmar Sequeira Mejías,Costa Rica,False,FREE,LONG,10,0.4,0.7077632760824318,-0.005246739240369662
T2024,Patrick Gilmar Sequeira Mejías,Costa Rica,False,FREE,MEDIUM,5,0.6,0.9102558066541118,-0.0014021457642253788
T2024,Patrick Gilmar Sequeira Mejías,Costa Rica,False,FREE,SHORT,9,1.0,0.9223792047077308,-0.0008585611299727107
T2024,Patrick Gilmar Sequeira Mejías,Costa Rica,False,FREE,VERY_LONG,12,0.3333333333333333,0.644664703545475,-0.007994718156176904
T2024,Patrick Gilmar Sequeira Mejías,Costa Rica,False,PRESSURED,LONG,3,0.3333333333333333,0.7107438016528925,-0.004469740734607059
T2024,Patrick Gilmar Sequeira Mejías,Costa Rica,False,PRESSURED,MEDIUM,1,0.0,0.7107438016528925,-0.0030324845857025735
T2024,Patrick Gilmar Sequeira Mejías,Costa Rica,False,PRESSURED,VERY_LONG,1,0.0,0.7107438016528925,-0.006232472219780886
T2024,Patrick Gilmar Sequeira Mejías,Costa Rica,True,FREE,LONG,6,0.3333333333333333,0.7389542483660131,-0.0022124878969864235
T2024,Patrick Gilmar Sequeira Mejías,Costa Rica,True,FREE,MEDIUM,4,1.0,0.7751219512195122,-0.005557808351080468
T2024,Patrick Gilmar Sequeira Mejías,Costa Rica,True,FREE,SHORT,5,1.0,0.7363670090416681,-0.0034078722623592517
T2024,Patrick Gilmar Sequeira Mejías,Costa Rica,True,FREE,VERY_LONG,19,0.42105263157894735,0.7005776451678386,-0.0050210605214752475
T2024,Patrick Pentz,Austria,False,FREE,LONG,13,0.6923076923076923,0.7702747279481442,-0.006059934595851257
T2024,Patrick Pentz,Austria,False,FREE,MEDIUM,22,0.9090909090909091,0.7983023275707584,-0.004694225908968162
T2024,Patrick Pentz,Austria,False,FREE,SHORT,72,0.9861111111111112,0.8025421610970804,-0.004856008829362054
T2024,Patrick Pentz,Austria,False,FREE,VERY_LONG,8,0.25,0.6540261517153441,-0.010481672167851406
T2024,Patrick Pentz,Austria,False,PRESSURED,LONG,10,0.5,0.6057145049308058,-0.007588379846775202
T2024,Patrick Pentz,Austria,False,PRESSURED,MEDIUM,1,1.0,0.7107438016528925,-0.01388934255139877
T2024,Patrick Pentz,Austria,False,PRESSURED,SHORT,3,1.0,0.6866809261793588,-0.008498614885216383
T2024,Patrick Pentz,Austria,False,PRESSURED,VERY_LONG,1,0.0,0.7107438016528925,-0.0024704106722071876
T2024,Patrick Pentz,Austria,True,FREE,LONG,2,0.0,0.7107438016528925,-0.002691210866779298
T2024,Patrick Pentz,Austria,True,FREE,SHORT,9,1.0,0.7200312037149841,-0.0062985215428102
T2024,Patrick Pentz,Austria,True,FREE,VERY_LONG,4,0.75,0.6755762605341368,-0.0073116435354368585
T2024,Pedro David Gallese Quiróz,Peru,False,FREE,LONG,25,0.56,0.6969625979955396,-0.006098805495160544
T2024,Pedro David Gallese Quiróz,Peru,False,FREE,MEDIUM,4,0.75,0.8231266726137378,-0.005597833297778565
T2024,Pedro David Gallese Quiróz,Peru,False,FREE,SHORT,11,1.0,0.9259168823212633,-0.002196252157158533
T2024,Pedro David Gallese Quiróz,Peru,False,FREE,VERY_LONG,13,0.3076923076923077,0.587539821870097,-0.009099818547121021
T2024,Pedro David Gallese Quiróz,Peru,False,PRESSURED,LONG,4,0.5,0.6104654209616758,-0.007051504077242017
T2024,Pedro David Gallese Quiróz,Peru,False,PRESSURED,VERY_LONG,1,0.0,0.6108374384236454,-0.004910629102731486
T2024,Pedro David Gallese Quiróz,Peru,True,FREE,LONG,6,0.5,0.6636158630218952,-0.006048050247533076
T2024,Pedro David Gallese Quiróz,Peru,True,FREE,SHORT,7,1.0,0.736825322439938,-0.005032605191106285
T2024,Pedro David Gallese Quiróz,Peru,True,FREE,VERY_LONG,8,0.5,0.6552939141852534,-0.007026177623661394
T2024,Predrag Rajković,Serbia,False,FREE,LONG,13,0.46153846153846156,0.7962655089329757,-0.0024766054718488627
T2024,Predrag Rajković,Serbia,False,FREE,MEDIUM,11,1.0,0.9168915924774221,-0.0032792483375006965
T2024,Predrag Rajković,Serbia,False,FREE,SHORT,33,1.0,0.8581374890438462,-0.003470123669570428
T2024,Predrag Rajković,Serbia,False,FREE,VERY_LONG,6,0.5,0.7593402698805242,-0.004158530959742174
T2024,Predrag Rajković,Serbia,False,PRESSURED,LONG,19,0.3684210526315789,0.5978718103458783,-0.007308484616386408
T2024,Predrag Rajković,Serbia,False,PRESSURED,SHORT,2,1.0,0.5957446808510638,-0.010683265102894642
T2024,Predrag Rajković,Serbia,False,PRESSURED,VERY_LONG,2,0.0,0.6032910596373546,-0.015443917244321726
T2024,Predrag Rajković,Serbia,True,FREE,MEDIUM,2,1.0,0.6251861610722879,-0.007045280674325659
T2024,Predrag Rajković,Serbia,True,FREE,SHORT,9,1.0,0.7032120249675433,-0.003511874650409736
T2024,Predrag Rajković,Serbia,True,FREE,VERY_LONG,6,0.3333333333333333,0.6930628964059197,-0.005053892914507525
T2024,Péter Gulácsi,Hungary,False,FREE,LONG,19,0.5789473684210527,0.8211194204044254,-0.0032506144500119506
T2024,Péter Gulácsi,Hungary,False,FREE,MEDIUM,12,0.75,0.8362865840490753,-0.0026076596841863105
T2024,Péter Gulácsi,Hungary,False,FREE,SHORT,36,1.0,0.8625234554205563,-0.002932270444785633
T2024,Péter Gulácsi,Hungary,False,FREE,VERY_LONG,4,0.25,0.7666098484848485,-0.005115913660437769
T2024,Péter Gulácsi,Hungary,False,PRESSURED,MEDIUM,6,0.6666666666666666,0.6388005840634126,-0.006096454119737323
T2024,Péter Gulácsi,Hungary,False,PRESSURED,SHORT,2,1.0,0.5957446808510638,-0.01043485392712186
T2024,Péter Gulácsi,Hungary,True,FREE,LONG,5,0.6,0.7512878787878788,-0.006031235731056921
T2024,Péter Gulácsi,Hungary,True,FREE,MEDIUM,2,1.0,0.6176397822859971,-0.0032606583180003145
T2024,Péter Gulácsi,Hungary,True,FREE,SHORT,7,1.0,0.7083584632421841,-0.005545401983185104
T2024,Péter Gulácsi,Hungary,True,FREE,VERY_LONG,1,1.0,0.7698863636363638,-0.0060861504967696
T2024,Rafael Enrique Romo Pérez,Venezuela,False,FREE,LONG,8,0.375,0.8341837086368912,-0.0025419197036771245
T2024,Rafael Enrique Romo Pérez,Venezuela,False,FREE,MEDIUM,7,0.7142857142857143,0.8167211258996679,-0.0034905545916274925
T2024,Rafael Enrique Romo Pérez,Venezuela,False,FREE,SHORT,45,1.0,0.8475723641071368,-0.0037531759205090783
T2024,Rafael Enrique Romo Pérez,Venezuela,False,FREE,VERY_LONG,15,0.5333333333333333,0.7233290312743996,-0.005825179438648767
T2024,Rafael Enrique Romo Pérez,Venezuela,False,PRESSURED,LONG,3,0.6666666666666666,0.6511824353444561,-0.004587121504626311
T2024,Rafael Enrique Romo Pérez,Venezuela,False,PRESSURED,MEDIUM,3,0.6666666666666666,0.6808621258938384,-0.006477698472374662
T2024,Rafael Enrique Romo Pérez,Venezuela,False,PRESSURED,SHORT,3,1.0,0.6071631205673759,-0.007969359965325848
T2024,Rafael Enrique Romo Pérez,Venezuela,False,PRESSURED,VERY_LONG,2,0.0,0.6214017521902377,-0.012383113867724676
T2024,Rafael Enrique Romo Pérez,Venezuela,True,FREE,LONG,2,1.0,0.7220385674931129,-0.008752251631016141
T2024,Rafael Enrique Romo Pérez,Venezuela,True,FREE,MEDIUM,6,1.0,0.7487992495309568,-0.002009948325053556
T2024,Rafael Enrique Romo Pérez,Venezuela,True,FREE,SHORT,15,1.0,0.7165564060039966,-0.004161743293517881
T2024,Rafael Enrique Romo Pérez,Venezuela,True,FREE,VERY_LONG,16,0.5625,0.6879778227949225,-0.005752350338994851
T2024,Rodrigo Mario Morínigo Acosta,Paraguay,False,FREE,LONG,9,0.5555555555555556,0.7833440313252908,-0.004673372748038001
T2024,Rodrigo Mario Morínigo Acosta,Paraguay,False,FREE,MEDIUM,9,0.8888888888888888,0.8154509126558881,-0.002781226381826988
T2024,Rodrigo Mario Morínigo Acosta,Paraguay,False,FREE,SHORT,30,1.0,0.8248653908979177,-0.004161897727210516
T2024,Rodrigo Mario Morínigo Acosta,Paraguay,False,FREE,VERY_LONG,4,0.25,0.7815348436896428,-0.003945045167645385
T2024,Rodrigo Mario Morínigo Acosta,Paraguay,False,PRESSURED,LONG,3,0.6666666666666666,0.6533788051029431,-0.00720829365926851
T2024,Rodrigo Mario Morínigo Acosta,Paraguay,False,PRESSURED,SHORT,3,1.0,0.6108374384236454,-0.005364051140925819
T2024,Rodrigo Mario Morínigo Acosta,Paraguay,True,FREE,LONG,5,0.6,0.6759146300089798,-0.005564599306497553
T2024,Rodrigo Mario Morínigo Acosta,Paraguay,True,FREE,MEDIUM,1,1.0,0.7804878048780488,-0.000736615577747964
T2024,Rodrigo Mario Morínigo Acosta,Paraguay,True,FREE,SHORT,1,1.0,0.7804878048780488,-0.000736615577747964
T2024,Rodrigo Mario Morínigo Acosta,Paraguay,True,FREE,VERY_LONG,5,0.6,0.7467564188365421,-0.003867336235912225
T2024,Sergio Rochet Álvarez,Uruguay,False,FREE,LONG,12,0.5,0.8385905560700347,-0.002907970409926151
T2024,Sergio Rochet Álvarez,Uruguay,False,FREE,MEDIUM,14,0.8571428571428571,0.8327585812715173,-0.0036789040371223614
T2024,Sergio Rochet Álvarez,Uruguay,False,FREE,SHORT,45,0.9777777777777777,0.8520834619653008,-0.0028133872683604503
T2024,Sergio Rochet Álvarez,Uruguay,False,FREE,VERY_LONG,13,0.3076923076923077,0.5063688670207576,-0.012307704541224825
T2024,Sergio Rochet Álvarez,Uruguay,False,PRESSURED,LONG,7,0.14285714285714285,0.6454504772731374,-0.00806296606334649
T2024,Sergio Rochet Álvarez,Uruguay,False,PRESSURED,MEDIUM,4,1.0,0.6501859504132231,-0.006877924901871939
T2024,Sergio Rochet Álvarez,Uruguay,False,PRESSURED,SHORT,4,0.75,0.7107438016528925,-0.007134271875086318
T2024,Sergio Rochet Álvarez,Uruguay,False,PRESSURED,VERY_LONG,1,1.0,0.63,-0.002530993215942679
T2024,Sergio Rochet Álvarez,Uruguay,True,FREE,LONG,6,0.6666666666666666,0.7396421845574387,-0.005409005614296237
T2024,Sergio Rochet Álvarez,Uruguay,True,FREE,MEDIUM,5,0.8,0.7244644798387208,-0.004017005333948181
T2024,Sergio Rochet Álvarez,Uruguay,True,FREE,SHORT,17,1.0,0.74172280532912,-0.0039666225232771355
T2024,Sergio Rochet Álvarez,Uruguay,True,FREE,VERY_LONG,6,0.16666666666666666,0.6575738150600863,-0.00756348045075828
T2024,Thomas Strakosha,Albania,False,FREE,LONG,19,0.5263157894736842,0.6737702018881246,-0.007105660883231201
T2024,Thomas Strakosha,Albania,False,FREE,MEDIUM,8,0.625,0.7956695872767404,-0.003918288869995332
T2024,Thomas Strakosha,Albania,False,FREE,SHORT,26,1.0,0.890835582888887,-0.0033709933559142283
T2024,Thomas Strakosha,Albania,False,FREE,VERY_LONG,1,0.0,0.34782608695652173,-0.01680426330987334
T2024,Thomas Strakosha,Albania,False,PRESSURED,LONG,6,0.3333333333333333,0.671222918150539,-0.008019995287344482
T2024,Thomas Strakosha,Albania,False,PRESSURED,MEDIUM,1,0.0,0.7107438016528925,-0.006232472219780886
T2024,Thomas Strakosha,Albania,True,FREE,LONG,12,0.5833333333333334,0.7439720804184785,-0.004908736439274762
T2024,Thomas Strakosha,Albania,True,FREE,MEDIUM,3,1.0,0.7733333333333333,-0.007566847520336368
T2024,Thomas Strakosha,Albania,True,FREE,SHORT,5,1.0,0.7513005998066974,-0.005886131659767069
T2024,Thomas Strakosha,Albania,True,FREE,VERY_LONG,8,0.75,0.7195138253278675,-0.004732144470819401
T2024,Unai Simón Mendibil,Spain,False,FREE,LONG,30,0.4,0.7656469164982646,-0.005425544857538533
T2024,Unai Simón Mendibil,Spain,False,FREE,MEDIUM,27,0.9629629629629629,0.837750690648812,-0.003409889099628363
T2024,Unai Simón Mendibil,Spain,False,FREE,SHORT,107,0.9906542056074766,0.8164196689753714,-0.00448227955934202
T2024,Unai Simón Mendibil,Spain,False,FREE,VERY_LONG,10,0.2,0.6591639683580203,-0.007159806657783506
T2024,Unai Simón Mendibil,Spain,False,PRESSURED,LONG,13,0.38461538461538464,0.7023896349049722,-0.0052859815564587215
T2024,Unai Simón Mendibil,Spain,False,PRESSURED,MEDIUM,7,1.0,0.6797140394463316,-0.009478327448426348
T2024,Unai Simón Mendibil,Spain,False,PRESSURED,SHORT,13,0.9230769230769231,0.6778244064914449,-0.009006717539664073
T2024,Unai Simón Mendibil,Spain,False,PRESSURED,VERY_LONG,2,0.5,0.5395824271422357,-0.01319053658309532
T2024,Unai Simón Mendibil,Spain,True,FREE,LONG,3,0.6666666666666666,0.7107438016528925,-0.0018649933996451812
T2024,Unai Simón Mendibil,Spain,True,FREE,MEDIUM,1,1.0,0.7107438016528925,-0.0026579929137792307
T2024,Unai Simón Mendibil,Spain,True,FREE,SHORT,15,1.0,0.7113659752189265,-0.005806854445586016
T2024,Unai Simón Mendibil,Spain,True,FREE,VERY_LONG,16,0.4375,0.702939126619122,-0.005338757172782395
T2024,Wojciech Szczęsny,Poland,False,FREE,LONG,10,0.2,0.7571278188227341,-0.005383002581552379
T2024,Wojciech Szczęsny,Poland,False,FREE,MEDIUM,10,1.0,0.8035785234185827,-0.0030785188045574867
T2024,Wojciech Szczęsny,Poland,False,FREE,SHORT,17,1.0,0.8433642917882986,-0.003959623439467853
T2024,Wojciech Szczęsny,Poland,False,FREE,VERY_LONG,2,0.5,0.7594746716697937,-0.00635902608556507
T2024,Wojciech Szczęsny,Poland,False,PRESSURED,LONG,8,0.25,0.6788419652447866,-0.005467301773799972
T2024,Wojciech Szczęsny,Poland,False,PRESSURED,MEDIUM,1,1.0,0.7107438016528925,-0.0008074854548566403
T2024,Wojciech Szczęsny,Poland,False,PRESSURED,SHORT,4,1.0,0.6607906200382689,-0.009010672621667784
T2024,Wojciech Szczęsny,Poland,False,PRESSURED,VERY_LONG,1,1.0,0.6108374384236454,-0.014559842760666856
T2024,Wojciech Szczęsny,Poland,True,FREE,LONG,3,1.0,0.6774416805764768,-0.007919426296953786
T2024,Wojciech Szczęsny,Poland,True,FREE,MEDIUM,1,1.0,0.7384615384615385,-3.764741234456607e-05
T2024,Wojciech Szczęsny,Poland,True,FREE,SHORT,4,1.0,0.7122585579283114,-0.005523281865465607
T2024,Wojciech Szczęsny,Poland,True,FREE,VERY_LONG,4,0.0,0.6986888185794831,-0.0033031904700202234
T2024,Yann Sommer,Switzerland,False,FREE,LONG,14,0.42857142857142855,0.7929741435236516,-0.003453511000068859
T2024,Yann Sommer,Switzerland,False,FREE,MEDIUM,22,0.9090909090909091,0.8300676253968866,-0.0038974214423043167
T2024,Yann Sommer,Switzerland,False,FREE,SHORT,77,1.0,0.8435921309527631,-0.003774339187372289
T2024,Yann Sommer,Switzerland,False,FREE,VERY_LONG,3,0.3333333333333333,0.5208263187429855,-0.014288569187640878
T2024,Yann Sommer,Switzerland,False,PRESSURED,LONG,9,0.4444444444444444,0.6634392278686282,-0.006153504672474417
T2024,Yann Sommer,Switzerland,False,PRESSURED,MEDIUM,8,0.875,0.5943592123255583,-0.00812160404233225
T2024,Yann Sommer,Switzerland,False,PRESSURED,SHORT,15,1.0,0.63790861518791,-0.009546982019683707
T2024,Yann Sommer,Switzerland,False,PRESSURED,VERY_LONG,1,0.0,0.7,-0.005327614678257058
T2024,Yann Sommer,Switzerland,True,FREE,LONG,4,0.5,0.6751393426869114,-0.003891306103841762
T2024,Yann Sommer,Switzerland,True,FREE,MEDIUM,2,1.0,0.7751870842572063,-0.003890927716885461
T2024,Yann Sommer,Switzerland,True,FREE,SHORT,6,1.0,0.6963279456987485,-0.004407819001909514
T2024,Yann Sommer,Switzerland,True,FREE,VERY_LONG,5,0.0,0.7107438016528925,-0.002208767567698855
T2024,Łukasz Skorupski,Poland,False,FREE,LONG,2,0.5,0.7116666666666667,-0.0043163087930403795
T2024,Łukasz Skorupski,Poland,False,FREE,MEDIUM,2,1.0,0.36666666666666664,-0.013311205880202605
T2024,Łukasz Skorupski,Poland,False,FREE,SHORT,9,1.0,0.8591422082459819,-0.0012215754842662377
T2024,Łukasz Skorupski,Poland,False,FREE,VERY_LONG,2,0.0,0.8211949685534592,-0.0008917761019955786
T2024,Łukasz Skorupski,Poland,False,PRESSURED,MEDIUM,1,1.0,0.63,-0.011320682836214548
T2024,Łukasz Skorupski,Poland,True,FREE,LONG,1,1.0,0.7333333333333333,-0.003910819087460122
T2024,Łukasz Skorupski,Poland,True,FREE,SHORT,8,1.0,0.7558333333333334,-0.006491383819654109
T2024,Łukasz Skorupski,Poland,True,FREE,VERY_LONG,4,0.25,0.7117647058823529,-0.007956440244173376
WC2018,Abdullah Ibrahim Al Maiouf,Saudi Arabia,False,FREE,LONG,14,0.21428571428571427,0.7321123321123322,-0.003194563179840974
WC2018,Abdullah Ibrahim Al Maiouf,Saudi Arabia,False,FREE,MEDIUM,3,0.6666666666666666,0.8232232232232232,-0.002276790501338054
WC2018,Abdullah Ibrahim Al Maiouf,Saudi Arabia,False,FREE,SHORT,5,1.0,0.8894894894894895,-0.0023746369802897945
WC2018,Abdullah Ibrahim Al Maiouf,Saudi Arabia,False,FREE,VERY_LONG,6,0.16666666666666666,0.7771914771914772,-0.0015670400995647122
WC2018,Abdullah Ibrahim Al Maiouf,Saudi Arabia,False,PRESSURED,SHORT,1,1.0,0.5432098765432098,-0.003787218318990075
WC2018,Abdullah Ibrahim Al Maiouf,Saudi Arabia,False,PRESSURED,VERY_LONG,1,0.0,0.5432098765432098,-0.010315035570883202
WC2018,Abdullah Ibrahim Al Maiouf,Saudi Arabia,True,FREE,LONG,1,1.0,0.5432098765432098,-0.006908161902709461
WC2018,Abdullah Ibrahim Al Maiouf,Saudi Arabia,True,FREE,VERY_LONG,4,0.5,0.6086835899569981,-0.0033026827020024396
WC2018,Alireza Safar Beiranvand,Iran,False,FREE,LONG,14,0.2857142857142857,0.7641161190988619,-0.005180155326727514
WC2018,Alireza Safar Beiranvand,Iran,False,FREE,MEDIUM,3,0.6666666666666666,0.7644444444444444,-4.425086536420132e-06
WC2018,Alireza Safar Beiranvand,Iran,False,FREE,SHORT,8,0.875,0.8490021048603138,-0.0014604835776730976
WC2018,Alireza Safar Beiranvand,Iran,False,FREE,VERY_LONG,6,0.16666666666666666,0.6008947135745727,-0.009993988434789639
WC2018,Alireza Safar Beiranvand,Iran,False,PRESSURED,LONG,1,1.0,0.5873015873015873,-0.013563251821494664
WC2018,Alireza Safar Beiranvand,Iran,False,PRESSURED,SHORT,1,1.0,0.4523809523809524,-0.006988446564891766
WC2018,Alireza Safar Beiranvand,Iran,False,PRESSURED,VERY_LONG,1,0.0,0.4915254237288136,-0.01071487947722322
WC2018,Alireza Safar Beiranvand,Iran,True,FREE,LONG,4,0.75,0.551342555226736,-0.005612218715905948
WC2018,Alireza Safar Beiranvand,Iran,True,FREE,MEDIUM,1,1.0,0.5217391304347826,-0.005830931033384203
WC2018,Alireza Safar Beiranvand,Iran,True,FREE,SHORT,2,1.0,0.6307294453361869,-0.004286433271467088
WC2018,Alireza Safar Beiranvand,Iran,True,FREE,VERY_LONG,17,0.23529411764705882,0.5451622759969459,-0.006166402613450774
WC2018,Alisson Ramsés Becker,Brazil,False,FREE,LONG,3,0.3333333333333333,0.5371233034276512,-0.007540599829919714
WC2018,Alisson Ramsés Becker,Brazil,False,FREE,MEDIUM,7,1.0,0.773452326667101,-0.001326225218888966
WC2018,Alisson Ramsés Becker,Brazil,False,FREE,SHORT,29,1.0,0.7691598900513966,-0.0018369781655658227
WC2018,Alisson Ramsés Becker,Brazil,False,FREE,VERY_LONG,8,0.25,0.4774686288952593,-0.009603124460748737
WC2018,Alisson Ramsés Becker,Brazil,False,PRESSURED,MEDIUM,1,1.0,0.4523809523809524,-0.005090306807657937
WC2018,Alisson Ramsés Becker,Brazil,False,PRESSURED,SHORT,2,1.0,0.444047619047619,-0.009360159455890252
WC2018,Alisson Ramsés Becker,Brazil,False,PRESSURED,VERY_LONG,1,1.0,0.5238095238095238,-0.016352120790535288
WC2018,Alisson Ramsés Becker,Brazil,True,FREE,LONG,6,0.8333333333333334,0.5482913680313207,-0.005863045565447411
WC2018,Alisson Ramsés Becker,Brazil,True,FREE,MEDIUM,2,1.0,0.5173676501360117,-0.005963651063772176
WC2018,Alisson Ramsés Becker,Brazil,True,FREE,SHORT,5,1.0,0.5405696051176277,-0.005899886704213172
WC2018,Alisson Ramsés Becker,Brazil,True,FREE,VERY_LONG,2,0.0,0.48981033091202586,-0.007425923538594432
WC2018,Aymen Mathlouthi,Tunisia,False,FREE,LONG,5,0.4,0.6110476190476191,-0.006490049296855727
WC2018,Aymen Mathlouthi,Tunisia,False,FREE,MEDIUM,1,1.0,0.5892857142857143,-0.006780316871546255
WC2018,Aymen Mathlouthi,Tunisia,False,FREE,SHORT,14,1.0,0.6911013302806616,-0.004641546365103956
WC2018,Aymen Mathlouthi,Tunisia,False,PRESSURED,MEDIUM,1,1.0,0.3076923076923077,-0.011690670930555156
WC2018,Aymen Mathlouthi,Tunisia,False,PRESSURED,SHORT,2,1.0,0.38003663003663,-0.011835301004785722
WC2018,Aymen Mathlouthi,Tunisia,True,FREE,LONG,2,0.5,0.4523809523809524,-0.008433451525383474
WC2018,Aymen Mathlouthi,Tunisia,True,FREE,SHORT,1,1.0,0.5892857142857143,-0.0039341738692369385
WC2018,Aymen Mathlouthi,Tunisia,True,FREE,VERY_LONG,2,0.0,0.5178571428571429,-0.00646556796928965
WC2018,Danijel Subašić,Croatia,False,FREE,LONG,31,0.3870967741935484,0.6397457692669521,-0.005420437057263869
WC2018,Danijel Subašić,Croatia,False,FREE,MEDIUM,20,0.9,0.8175833353934646,-0.0007131081071652407
WC2018,Danijel Subašić,Croatia,False,FREE,SHORT,64,1.0,0.7895672367981315,-0.00096552841671901
WC2018,Danijel Subašić,Croatia,False,FREE,VERY_LONG,6,0.3333333333333333,0.6106636441290492,-0.007514254048982482
WC2018,Danijel Subašić,Croatia,False,PRESSURED,LONG,10,0.4,0.5011507936507936,-0.00789966919579374
WC2018,Danijel Subašić,Croatia,False,PRESSURED,MEDIUM,3,0.3333333333333333,0.5029326861890228,-0.006140799097950893
WC2018,Danijel Subašić,Croatia,False,PRESSURED,SHORT,1,1.0,0.4880952380952381,-0.015437223722159903
WC2018,Danijel Subašić,Croatia,False,PRESSURED,VERY_LONG,1,0.0,0.5,-0.005048386455235343
WC2018,Danijel Subašić,Croatia,True,FREE,LONG,7,0.5714285714285714,0.5391880156317846,-0.006207914413252628
WC2018,Danijel Subašić,Croatia,True,FREE,MEDIUM,3,1.0,0.6060526315789474,-0.005250049484228257
WC2018,Danijel Subašić,Croatia,True,FREE,SHORT,6,1.0,0.5264590202694067,-0.006019852642865441
WC2018,Danijel Subašić,Croatia,True,FREE,VERY_LONG,15,0.2,0.5212431206533368,-0.006498289933083505
WC2018,David Ospina Ramírez,Colombia,False,FREE,LONG,19,0.3684210526315789,0.6204126552168298,-0.006564137279365815
WC2018,David Ospina Ramírez,Colombia,False,FREE,MEDIUM,8,0.625,0.7231917598837108,-0.003114776905549266
WC2018,David Ospina Ramírez,Colombia,False,FREE,SHORT,32,0.96875,0.762087974527014,-0.001738324528011246
WC2018,David Ospina Ramírez,Colombia,False,FREE,VERY_LONG,6,0.3333333333333333,0.644755331651732,-0.00510325566520966
WC2018,David Ospina Ramírez,Colombia,False,PRESSURED,LONG,3,0.3333333333333333,0.48152976966536293,-0.00751778274634727
WC2018,David Ospina Ramírez,Colombia,False,PRESSURED,MEDIUM,1,0.0,0.6,-0.0022285655222182015
WC2018,David Ospina Ramírez,Colombia,True,FREE,LONG,17,0.35294117647058826,0.5466633574307547,-0.0059290373557202
WC2018,David Ospina Ramírez,Colombia,True,FREE,SHORT,2,1.0,0.5252976190476191,-0.006702104785544774
WC2018,David Ospina Ramírez,Colombia,True,FREE,VERY_LONG,6,0.5,0.5235490438974447,-0.006663655525234493
WC2018,David de Gea Quintana,Spain,False,FREE,LONG,4,0.75,0.607233709273183,-0.0048939095781456885
WC2018,David de Gea Quintana,Spain,False,FREE,MEDIUM,6,1.0,0.906547619047619,0.0006780951236213926
WC2018,David de Gea Quintana,Spain,False,FREE,SHORT,32,1.0,0.7942279939397713,-0.0022864175916793273
WC2018,David de Gea Quintana,Spain,False,FREE,VERY_LONG,4,0.25,0.6341228070175439,-0.004806571619390348
WC2018,David de Gea Quintana,Spain,False,PRESSURED,LONG,2,0.0,0.4523809523809524,-0.0063065678560295085
WC2018,David de Gea Quintana,Spain,False,PRESSURED,MEDIUM,1,1.0,0.4523809523809524,-0.0063065678560295085
WC2018,David de Gea Quintana,Spain,False,PRESSURED,SHORT,1,1.0,0.3076923076923077,-0.017466252708911903
WC2018,David de Gea Quintana,Spain,True,FREE,LONG,5,0.4,0.5237458834851821,-0.006053768658283448
WC2018,David de Gea Quintana,Spain,True,FREE,MEDIUM,1,1.0,0.5432098765432098,-0.005557980718769695
WC2018,David de Gea Quintana,Spain,True,FREE,SHORT,4,1.0,0.5478730542136339,-0.004943645199554316
WC2018,David de Gea Quintana,Spain,True,FREE,VERY_LONG,6,0.5,0.5065562456866805,-0.006508303308501589
WC2018,Eiji Kawashima,Japan,False,FREE,LONG,22,0.45454545454545453,0.6334805006387486,-0.004905228886316313
WC2018,Eiji Kawashima,Japan,False,FREE,MEDIUM,1,1.0,0.8,-0.0008532030405130988
WC2018,Eiji Kawashima,Japan,False,FREE,SHORT,30,1.0,0.76137138947648,-0.004055562280832699
WC2018,Eiji Kawashima,Japan,False,FREE,VERY_LONG,9,0.5555555555555556,0.6235332254958763,-0.004799997646252326
WC2018,Eiji Kawashima,Japan,False,PRESSURED,LONG,2,0.5,0.5567604253020766,-0.008881001504348833
WC2018,Eiji Kawashima,Japan,False,PRESSURED,VERY_LONG,2,0.5,0.4915254237288136,-0.012702507452293163
WC2018,Eiji Kawashima,Japan,True,FREE,LONG,11,0.7272727272727273,0.5270433688512784,-0.006267514828107789
WC2018,Eiji Kawashima,Japan,True,FREE,SHORT,1,1.0,0.5432098765432098,-0.005557980718769695
WC2018,Eiji Kawashima,Japan,True,FREE,VERY_LONG,9,0.3333333333333333,0.5367704939268028,-0.005791494527592348
WC2018,Essam Kamal Tawfik El Hadary,Egypt,False,FREE,LONG,3,0.3333333333333333,0.7196947170185352,-0.0030139407419556476
WC2018,Essam Kamal Tawfik El Hadary,Egypt,False,FREE,MEDIUM,1,1.0,0.5964912280701755,-0.0035843319292135035
WC2018,Essam Kamal Tawfik El Hadary,Egypt,False,FREE,SHORT,7,1.0,0.7556887961742882,-0.0023821553007605176
WC2018,Essam Kamal Tawfik El Hadary,Egypt,False,FREE,VERY_LONG,1,0.0,0.5,-0.01435683657329286
WC2018,Essam Kamal Tawfik El Hadary,Egypt,True,FREE,LONG,4,0.75,0.5,-0.0068898566124037195
WC2018,Essam Kamal Tawfik El Hadary,Egypt,True,FREE,MEDIUM,1,1.0,0.5,-0.006172009717878948
WC2018,Essam Kamal Tawfik El Hadary,Egypt,True,FREE,SHORT,1,1.0,0.575,-0.006288046447061253
WC2018,Essam Kamal Tawfik El Hadary,Egypt,True,FREE,VERY_LONG,1,0.0,0.5,-0.007031262439023193
WC2018,Farouk Ben Mustapha,Tunisia,False,FREE,LONG,8,0.375,0.6049846166197685,-0.0072999792185151815
WC2018,Farouk Ben Mustapha,Tunisia,False,FREE,MEDIUM,9,0.7777777777777778,0.8077585751281645,-0.0008586942783805084
WC2018,Farouk Ben Mustapha,Tunisia,False,FREE,SHORT,9,0.8888888888888888,0.7838527697114661,-0.0027201545186514675
WC2018,Farouk Ben Mustapha,Tunisia,False,PRESSURED,LONG,2,0.0,0.5286415711947627,-0.013700201254036372
WC2018,Farouk Ben Mustapha,Tunisia,False,PRESSURED,VERY_LONG,2,0.0,0.5,-0.006156823905098391
WC2018,Farouk Ben Mustapha,Tunisia,True,FREE,LONG,9,0.0,0.5594662221448529,-0.005606696326929096
WC2018,Farouk Ben Mustapha,Tunisia,True,FREE,MEDIUM,4,0.75,0.5725600974853218,-0.005480293224115957
WC2018,Farouk Ben Mustapha,Tunisia,True,FREE,SHORT,1,1.0,0.6535947712418301,-0.004034809754654196
WC2018,Farouk Ben Mustapha,Tunisia,True,FREE,VERY_LONG,3,0.0,0.5455485395664857,-0.0064242889063571606
WC2018,Francis Odinaka Uzoho,Nigeria,False,FREE,LONG,18,0.3888888888888889,0.6755539768543025,-0.005347318253155823
WC2018,Francis Odinaka Uzoho,Nigeria,False,FREE,SHORT,12,1.0,0.8295949795949796,-0.001866827817564325
WC2018,Francis Odinaka Uzoho,Nigeria,False,FREE,VERY_LONG,4,0.0,0.5590480831708902,-0.007459319429354576
WC2018,Francis Odinaka Uzoho,Nigeria,False,PRESSURED,LONG,5,0.2,0.5166948971247913,-0.0076387074898581885
WC2018,Francis Odinaka Uzoho,Nigeria,False,PRESSURED,MEDIUM,1,0.0,0.5432098765432098,-0.003297260943032085
WC2018,Francis Odinaka Uzoho,Nigeria,True,FREE,LONG,11,0.45454545454545453,0.5359419151610674,-0.005902816902863464
WC2018,Francis Odinaka Uzoho,Nigeria,True,FREE,SHORT,1,1.0,0.5,-0.008157963157036846
WC2018,Francis Odinaka Uzoho,Nigeria,True,FREE,VERY_LONG,4,0.75,0.5295524691358025,-0.006585019771258744
WC2018,Francisco Guillermo Ochoa Magaña,Mexico,False,FREE,LONG,21,0.38095238095238093,0.598016489150456,-0.006579243377640089
WC2018,Francisco Guillermo Ochoa Magaña,Mexico,False,FREE,MEDIUM,10,1.0,0.7860798170100244,-0.0019945618293694995
WC2018,Francisco Guillermo Ochoa Magaña,Mexico,False,FREE,SHORT,24,0.9583333333333334,0.7838281927762433,-0.002634408708623269
WC2018,Francisco Guillermo Ochoa Magaña,Mexico,False,FREE,VERY_LONG,3,0.0,0.39873816918647215,-0.010499135035705187
WC2018,Francisco Guillermo Ochoa Magaña,Mexico,False,PRESSURED,LONG,5,0.4,0.49830508474576274,-0.00809378608436391
WC2018,Francisco Guillermo Ochoa Magaña,Mexico,False,PRESSURED,SHORT,1,1.0,0.5,-0.015394888827262287
WC2018,Francisco Guillermo Ochoa Magaña,Mexico,True,FREE,LONG,16,0.6875,0.5274189721400173,-0.006587865963420389
WC2018,Francisco Guillermo Ochoa Magaña,Mexico,True,FREE,MEDIUM,3,1.0,0.5714285714285715,-0.005085981584209567
WC2018,Francisco Guillermo Ochoa Magaña,Mexico,True,FREE,SHORT,1,1.0,0.4915254237288136,-0.007414354562900612
WC2018,Francisco Guillermo Ochoa Magaña,Mexico,True,FREE,VERY_LONG,3,0.0,0.544973544973545,-0.005306861461834213
WC2018,Franco Armani,Argentina,False,FREE,LONG,10,0.4,0.6804149834792538,-0.003874542272037258
WC2018,Franco Armani,Argentina,False,FREE,MEDIUM,3,0.3333333333333333,0.774928774928775,-0.0001969663133589704
WC2018,Franco Armani,Argentina,False,FREE,SHORT,16,0.9375,0.7912803179542651,-0.0024363057620431505
WC2018,Franco Armani,Argentina,False,FREE,VERY_LONG,4,0.5,0.6663265492212861,-0.002375817089809354
WC2018,Franco Armani,Argentina,False,PRESSURED,LONG,1,0.0,0.5,-0.009268440445883213
WC2018,Franco Armani,Argentina,False,PRESSURED,SHORT,1,1.0,0.5432098765432098,-0.0066115692362730474
WC2018,Franco Armani,Argentina,True,FREE,LONG,2,0.5,0.5375,-0.006672745151940694
WC2018,Franco Armani,Argentina,True,FREE,SHORT,2,1.0,0.5432098765432098,-0.005557980718769695
WC2018,Franco Armani,Argentina,True,FREE,VERY_LONG,2,1.0,0.5216049382716049,-0.006857971937903271
WC2018,Hannes Þór Halldórsson,Iceland,False,FREE,LONG,25,0.36,0.7111618401986963,-0.004817148919524262
WC2018,Hannes Þór Halldórsson,Iceland,False,FREE,MEDIUM,7,0.8571428571428571,0.8040816326530612,-0.002860849224936055
WC2018,Hannes Þór Halldórsson,Iceland,False,FREE,SHORT,6,1.0,0.8244321244321244,0.0006502589714503713
WC2018,Hannes Þór Halldórsson,Iceland,False,FREE,VERY_LONG,7,0.0,0.6228316967812767,-0.006535804372079977
WC2018,Hannes Þór Halldórsson,Iceland,False,PRESSURED,LONG,3,0.0,0.5607214779791612,-0.012423833901453378
WC2018,Hannes Þór Halldórsson,Iceland,True,FREE,LONG,14,0.7142857142857143,0.5510563946667354,-0.005208555574169154
WC2018,Hannes Þór Halldórsson,Iceland,True,FREE,SHORT,1,1.0,0.5432098765432098,-0.005557980718769695
WC2018,Hannes Þór Halldórsson,Iceland,True,FREE,VERY_LONG,3,1.0,0.5432098765432098,-0.006109626102595742
WC2018,Hugo Lloris,France,False,FREE,LONG,37,0.5945945945945946,0.6700711614793873,-0.005680387137547321
WC2018,Hugo Lloris,France,False,FREE,MEDIUM,14,0.9285714285714286,0.8178056983967926,-0.0003294977099558156
WC2018,Hugo Lloris,France,False,FREE,SHORT,21,1.0,0.8493827229169626,-0.00021623252413673197
WC2018,Hugo Lloris,France,False,FREE,VERY_LONG,9,0.2222222222222222,0.4669653732250094,-0.009864444897287616
WC2018,Hugo Lloris,France,False,PRESSURED,LONG,9,0.3333333333333333,0.5067165286876523,-0.00952714099954014
WC2018,Hugo Lloris,France,False,PRESSURED,MEDIUM,2,0.5,0.47160493827160493,-0.007169953048203588
WC2018,Hugo Lloris,France,False,PRESSURED,SHORT,3,1.0,0.5596352138174859,-0.006141242633551663
WC2018,Hugo Lloris,France,True,FREE,LONG,19,0.5789473684210527,0.5328930315797197,-0.006640431310675962
WC2018,Hugo Lloris,France,True,FREE,MEDIUM,1,1.0,0.5873015873015873,-0.004422126854561429
WC2018,Hugo Lloris,France,True,FREE,SHORT,4,1.0,0.5684303350970017,-0.0046831281849386295
WC2018,Hugo Lloris,France,True,FREE,VERY_LONG,16,0.25,0.5594798051259818,-0.005921446778953303
WC2018,Hyeon-Woo Jo,South Korea,False,FREE,LONG,16,0.5625,0.6417673364430716,-0.004999177364726441
WC2018,Hyeon-Woo Jo,South Korea,False,FREE,MEDIUM,7,1.0,0.716745377726188,-0.0018940474974639687
WC2018,Hyeon-Woo Jo,South Korea,False,FREE,SHORT,11,1.0,0.7788501643542477,-0.002064681077377646
WC2018,Hyeon-Woo Jo,South Korea,False,FREE,VERY_LONG,5,0.2,0.6010872571473896,-0.008273272329730337
WC2018,Hyeon-Woo Jo,South Korea,False,PRESSURED,LONG,1,1.0,0.46153846153846156,-0.004958611650399873
WC2018,Hyeon-Woo Jo,South Korea,False,PRESSURED,VERY_LONG,1,0.0,0.5873015873015873,-0.008929122216439437
WC2018,Hyeon-Woo Jo,South Korea,True,FREE,LONG,8,0.375,0.5019731158604168,-0.006388051499495576
WC2018,Hyeon-Woo Jo,South Korea,True,FREE,MEDIUM,1,0.0,0.5873015873015873,-0.004379543723607089
WC2018,Hyeon-Woo Jo,South Korea,True,FREE,SHORT,1,1.0,0.6466666666666666,-0.0028488908243392364
WC2018,Hyeon-Woo Jo,South Korea,True,FREE,VERY_LONG,6,0.3333333333333333,0.5387978472127484,-0.005529651408230868
WC2018,Igor Akinfeev,Russia,False,FREE,LONG,20,0.3,0.5847634847606888,-0.006495115395022555
WC2018,Igor Akinfeev,Russia,False,FREE,MEDIUM,10,0.9,0.8974418741279283,2.909361776721655e-05
WC2018,Igor Akinfeev,Russia,False,FREE,SHORT,7,1.0,0.8427618309971251,-0.0026725432484346347
WC2018,Igor Akinfeev,Russia,False,FREE,VERY_LONG,28,0.5357142857142857,0.5867084418319805,-0.005681384612896154
WC2018,Igor Akinfeev,Russia,False,PRESSURED,LONG,7,0.42857142857142855,0.4855774825170183,-0.010709016962145736
WC2018,Igor Akinfeev,Russia,False,PRESSURED,MEDIUM,3,0.3333333333333333,0.4160561660561661,-0.009302483205504988
WC2018,Igor Akinfeev,Russia,False,PRESSURED,SHORT,2,1.0,0.5529878618113913,-0.010237137024199485
WC2018,Igor Akinfeev,Russia,False,PRESSURED,VERY_LONG,2,0.0,0.5335097001763669,-0.004285045987489252
WC2018,Igor Akinfeev,Russia,True,FREE,LONG,1,0.0,0.46153846153846156,-0.00823136356091484
WC2018,Igor Akinfeev,Russia,True,FREE,VERY_LONG,32,0.28125,0.5391238403168002,-0.005877474532688203
WC2018,Jaime Manuel Penedo Cano,Panama,False,FREE,LONG,21,0.47619047619047616,0.6820917963034292,-0.004838355525044055
WC2018,Jaime Manuel Penedo Cano,Panama,False,FREE,MEDIUM,5,0.8,0.8725436555268754,0.0016396595817239385
WC2018,Jaime Manuel Penedo Cano,Panama,False,FREE,SHORT,5,1.0,0.7838607949859805,-0.002348739328001568
WC2018,Jaime Manuel Penedo Cano,Panama,False,FREE,VERY_LONG,4,0.25,0.5988917306052856,-0.008090041783715602
WC2018,Jaime Manuel Penedo Cano,Panama,False,PRESSURED,LONG,1,0.0,0.6535947712418301,-0.004198437425427079
WC2018,Jaime Manuel Penedo Cano,Panama,True,FREE,LONG,15,0.2,0.6057839005681417,-0.004581716205704827
WC2018,Jaime Manuel Penedo Cano,Panama,True,FREE,VERY_LONG,6,0.16666666666666666,0.5810541160240388,-0.0049859063597247275
WC2018,Jordan Pickford,England,False,FREE,LONG,38,0.5526315789473685,0.6974909634133445,-0.0038432123056062737
WC2018,Jordan Pickford,England,False,FREE,MEDIUM,20,0.95,0.75197261424141,-0.0030487643343999767
WC2018,Jordan Pickford,England,False,FREE,SHORT,73,1.0,0.7940424302206586,-0.001887942675748979
WC2018,Jordan Pickford,England,False,FREE,VERY_LONG,30,0.4,0.6894276767533011,-0.004413572652371245
WC2018,Jordan Pickford,England,False,PRESSURED,LONG,14,0.2857142857142857,0.4858944714442662,-0.011402546032713004
WC2018,Jordan Pickford,England,False,PRESSURED,MEDIUM,3,0.6666666666666666,0.4000568141068664,-0.011061223285571103
WC2018,Jordan Pickford,England,False,PRESSURED,SHORT,4,1.0,0.4572981366459627,-0.008539172751080598
WC2018,Jordan Pickford,England,False,PRESSURED,VERY_LONG,4,0.0,0.5461889455584429,-0.007982892028024893
WC2018,Jordan Pickford,England,True,FREE,LONG,2,0.5,0.5811507936507936,-0.005243672174525807
WC2018,Jordan Pickford,England,True,FREE,MEDIUM,4,1.0,0.5759978991596639,-0.005390076985112023
WC2018,Jordan Pickford,England,True,FREE,SHORT,7,1.0,0.5924716553287982,-0.004884720948091582
WC2018,Jordan Pickford,England,True,FREE,VERY_LONG,21,0.5714285714285714,0.5681838834374255,-0.005740491644986101
WC2018,Kasper Schmeichel,Denmark,False,FREE,LONG,30,0.4,0.6107138935848039,-0.005479030801404455
WC2018,Kasper Schmeichel,Denmark,False,FREE,MEDIUM,2,1.0,0.6419956140350878,-0.008728404927836393
WC2018,Kasper Schmeichel,Denmark,False,FREE,SHORT,21,1.0,0.7858480250668988,-0.0025877155072357334
WC2018,Kasper Schmeichel,Denmark,False,FREE,VERY_LONG,30,0.43333333333333335,0.6160711092631839,-0.005797143562053645
WC2018,Kasper Schmeichel,Denmark,False,PRESSURED,LONG,5,0.4,0.4681422605888339,-0.00719307376723057
WC2018,Kasper Schmeichel,Denmark,False,PRESSURED,SHORT,1,1.0,0.46153846153846156,-0.004841047080989206
WC2018,Kasper Schmeichel,Denmark,True,FREE,LONG,3,0.6666666666666666,0.4880952380952381,-0.007814814181370318
WC2018,Kasper Schmeichel,Denmark,True,FREE,SHORT,5,1.0,0.5434241323648104,-0.00639348715632256
WC2018,Kasper Schmeichel,Denmark,True,FREE,VERY_LONG,21,0.42857142857142855,0.516554990516377,-0.006911265810717649
WC2018,Keylor Navas Gamboa,Costa Rica,False,FREE,LONG,20,0.55,0.5965055932154814,-0.006861021789871774
WC2018,Keylor Navas Gamboa,Costa Rica,False,FREE,MEDIUM,13,0.9230769230769231,0.7844512633189947,-0.002136549632736771
WC2018,Keylor Navas Gamboa,Costa Rica,False,FREE,SHORT,13,0.9230769230769231,0.6737418709222239,-0.005241294925757336
WC2018,Keylor Navas Gamboa,Costa Rica,False,FREE,VERY_LONG,11,0.45454545454545453,0.5962821576359136,-0.0070145916403795945
WC2018,Keylor Navas Gamboa,Costa Rica,False,PRESSURED,LONG,4,0.25,0.5150075987841946,-0.005260412857360705
WC2018,Keylor Navas Gamboa,Costa Rica,False,PRESSURED,VERY_LONG,2,0.5,0.531547619047619,-0.005767498635852254
WC2018,Keylor Navas Gamboa,Costa Rica,True,FREE,MEDIUM,1,1.0,0.597918151948363,-0.004709664266365828
WC2018,Keylor Navas Gamboa,Costa Rica,True,FREE,VERY_LONG,7,0.5714285714285714,0.5595835142567666,-0.00580370390872532
WC2018,Khadim N'Diaye,Senegal,False,FREE,LONG,10,0.3,0.5443850108530127,-0.008522437297745059
WC2018,Khadim N'Diaye,Senegal,False,FREE,MEDIUM,3,0.6666666666666666,0.7408032466855996,-0.005101382582782946
WC2018,Khadim N'Diaye,Senegal,False,FREE,SHORT,7,1.0,0.6939594737347546,-0.002946151647679337
WC2018,Khadim N'Diaye,Senegal,False,FREE,VERY_LONG,18,0.2777777777777778,0.6489009427124932,-0.006972775026308587
WC2018,Khadim N'Diaye,Senegal,False,PRESSURED,LONG,3,0.3333333333333333,0.4985302763080541,-0.008775183020104852
WC2018,Khadim N'Diaye,Senegal,False,PRESSURED,MEDIUM,1,0.0,0.5238095238095238,-0.006208614762846813
WC2018,Khadim N'Diaye,Senegal,False,PRESSURED,VERY_LONG,1,0.0,0.4880952380952381,-0.009162408219542967
WC2018,Khadim N'Diaye,Senegal,True,FREE,LONG,2,0.5,0.5432098765432098,-0.006233071310739578
WC2018,Khadim N'Diaye,Senegal,True,FREE,SHORT,1,1.0,0.5625,-0.005902201263213803
WC2018,Khadim N'Diaye,Senegal,True,FREE,VERY_LONG,18,0.4444444444444444,0.5360021066039584,-0.006251779409382436
WC2018,Lovre Kalinić,Croatia,False,FREE,LONG,2,0.5,0.7434640522875817,-0.0037960790461066367
WC2018,Lovre Kalinić,Croatia,False,FREE,MEDIUM,2,0.0,0.6,-0.00736340989114867
WC2018,Lovre Kalinić,Croatia,False,FREE,SHORT,2,1.0,0.8035415716674267,-0.0025672688482788657
WC2018,Lovre Kalinić,Croatia,False,FREE,VERY_LONG,2,0.0,0.6535947712418301,-0.006657338373486765
WC2018,Lovre Kalinić,Croatia,False,PRESSURED,LONG,1,0.0,0.4880952380952381,-0.005882580328371598
WC2018,Lovre Kalinić,Croatia,False,PRESSURED,MEDIUM,1,1.0,0.4880952380952381,-0.00852280015693153
WC2018,Lovre Kalinić,Croatia,True,FREE,LONG,2,0.0,0.49864130434782605,-0.007543722089492482
WC2018,Lovre Kalinić,Croatia,True,FREE,SHORT,1,1.0,0.4880952380952381,-0.007814814181370318
WC2018,Lovre Kalinić,Croatia,True,FREE,VERY_LONG,3,0.0,0.5626984126984127,-0.0060403907120346045
WC2018,Manuel Neuer,Germany,False,FREE,LONG,11,0.45454545454545453,0.7042674948566487,-0.004840556359762719
WC2018,Manuel Neuer,Germany,False,FREE,MEDIUM,14,1.0,0.7846338219962051,-0.0022190381591076992
WC2018,Manuel Neuer,Germany,False,FREE,SHORT,45,1.0,0.7400512703361232,-0.0034681787914847594
WC2018,Manuel Neuer,Germany,False,FREE,VERY_LONG,1,0.0,0.0,-0.022283139679187734
WC2018,Manuel Neuer,Germany,False,PRESSURED,LONG,1,0.0,0.5,-0.012512305276538257
WC2018,Manuel Neuer,Germany,False,PRESSURED,SHORT,2,1.0,0.5483695652173912,-0.006885263453483526
WC2018,Manuel Neuer,Germany,True,FREE,SHORT,4,1.0,0.5822800207039337,-0.004804185031684352
WC2018,Mathew Ryan,Australia,False,FREE,LONG,11,0.6363636363636364,0.7032053102081846,-0.0022937221261785613
WC2018,Mathew Ryan,Australia,False,FREE,MEDIUM,11,0.8181818181818182,0.7486442345090282,-0.0017373028481931748
WC2018,Mathew Ryan,Australia,False,FREE,SHORT,54,1.0,0.7830022287575876,-0.003253475231617157
WC2018,Mathew Ryan,Australia,False,PRESSURED,LONG,9,0.3333333333333333,0.5511608686383156,-0.007419981500529933
WC2018,Mathew Ryan,Australia,False,PRESSURED,MEDIUM,3,0.6666666666666666,0.5342121782799749,-0.0071061118382676714
WC2018,Mathew Ryan,Australia,False,PRESSURED,SHORT,5,1.0,0.5328729859803306,-0.007138481353845737
WC2018,Mathew Ryan,Australia,True,FREE,LONG,5,0.6,0.5225360954174514,-0.006840602729997969
WC2018,Mathew Ryan,Australia,True,FREE,MEDIUM,4,1.0,0.5444862942038083,-0.005335234550736876
WC2018,Mathew Ryan,Australia,True,FREE,SHORT,7,1.0,0.5907723530704638,-0.004864039858876813
WC2018,Mathew Ryan,Australia,True,FREE,VERY_LONG,1,1.0,0.4915254237288136,-0.007414354562900612
WC2018,Mohamed El Sayed Mohamed El Shenawy Gomaa,Egypt,False,FREE,LONG,6,0.16666666666666666,0.609658617512595,-0.006324916606257297
WC2018,Mohamed El Sayed Mohamed El Shenawy Gomaa,Egypt,False,FREE,MEDIUM,3,1.0,0.8398349923773653,0.0004099154346518245
WC2018,Mohamed El Sayed Mohamed El Shenawy Gomaa,Egypt,False,FREE,SHORT,4,1.0,0.5918964076858815,-0.006543616410419341
WC2018,Mohamed El Sayed Mohamed El Shenawy Gomaa,Egypt,False,FREE,VERY_LONG,7,0.2857142857142857,0.6446484881156413,-0.005901236880243727
WC2018,Mohamed El Sayed Mohamed El Shenawy Gomaa,Egypt,False,PRESSURED,LONG,3,0.6666666666666666,0.5221751412429378,-0.007103814850517314
WC2018,Mohamed El Sayed Mohamed El Shenawy Gomaa,Egypt,True,FREE,LONG,4,0.5,0.5831748814131336,-0.004906562895151561
WC2018,Mohamed El Sayed Mohamed El Shenawy Gomaa,Egypt,True,FREE,VERY_LONG,7,0.0,0.5645124716553288,-0.005272796455200889
WC2018,Mohammed Khalil Al Owais,Saudi Arabia,False,FREE,LONG,4,0.5,0.7551515151515151,-0.002243129290023832
WC2018,Mohammed Khalil Al Owais,Saudi Arabia,False,FREE,MEDIUM,3,0.6666666666666666,0.8865248226950354,0.0009948238430192748
WC2018,Mohammed Khalil Al Owais,Saudi Arabia,False,FREE,SHORT,6,0.8333333333333334,0.8234729478707644,-0.0014417264354016086
WC2018,Mohammed Khalil Al Owais,Saudi Arabia,False,FREE,VERY_LONG,4,0.5,0.5969042144821824,-0.005520365126026203
WC2018,Mohammed Khalil Al Owais,Saudi Arabia,False,PRESSURED,MEDIUM,1,0.0,0.5217391304347826,-0.004646401230914177
WC2018,Mohammed Khalil Al Owais,Saudi Arabia,False,PRESSURED,VERY_LONG,1,1.0,0.5217391304347826,-0.006993664354200816
WC2018,Mohammed Khalil Al Owais,Saudi Arabia,True,FREE,LONG,1,1.0,0.6466666666666666,-0.0034072885611745414
WC2018,Mohammed Khalil Al Owais,Saudi Arabia,True,FREE,SHORT,2,1.0,0.6179761904761905,-0.0032629511038353856
WC2018,Mohammed Khalil Al Owais,Saudi Arabia,True,FREE,VERY_LONG,3,0.3333333333333333,0.6275396825396825,-0.0039851930645436505
WC2018,Mouez Hassen,Tunisia,False,FREE,SHORT,3,0.6666666666666666,0.7598697598697598,-0.001335022866334049
WC2018,Mouez Hassen,Tunisia,False,FREE,VERY_LONG,1,0.0,0.6923076923076923,-0.0028373009373619668
WC2018,Mouez Hassen,Tunisia,True,FREE,VERY_LONG,1,1.0,0.5873015873015873,-0.0048048875906370825
WC2018,Munir Mohand Mohamedi,Morocco,False,FREE,LONG,13,0.38461538461538464,0.6596228668095565,-0.004410667358705139
WC2018,Munir Mohand Mohamedi,Morocco,False,FREE,MEDIUM,6,0.8333333333333334,0.6230189255189255,-0.005516857143956573
WC2018,Munir Mohand Mohamedi,Morocco,False,FREE,SHORT,15,1.0,0.8344281489550428,-0.00122943301472273
WC2018,Munir Mohand Mohamedi,Morocco,False,FREE,VERY_LONG,4,0.0,0.6885912698412698,-0.0025215172355987168
WC2018,Munir Mohand Mohamedi,Morocco,False,PRESSURED,LONG,5,0.4,0.4926613457686904,-0.007585862764428913
WC2018,Munir Mohand Mohamedi,Morocco,False,PRESSURED,SHORT,1,1.0,0.5238095238095238,-0.004298854302985806
WC2018,Munir Mohand Mohamedi,Morocco,True,FREE,LONG,6,0.3333333333333333,0.5184726666597846,-0.0060266130364494035
WC2018,Munir Mohand Mohamedi,Morocco,True,FREE,SHORT,1,1.0,0.4915254237288136,-0.006943895012980698
WC2018,Munir Mohand Mohamedi,Morocco,True,FREE,VERY_LONG,4,0.25,0.5840794119336301,-0.004093113828519031
WC2018,Néstor Fernando Muslera Micol,Uruguay,False,FREE,LONG,15,0.6,0.6549802338185792,-0.00455802003076241
WC2018,Néstor Fernando Muslera Micol,Uruguay,False,FREE,MEDIUM,6,1.0,0.6380043035316618,-0.0033432956745413508
WC2018,Néstor Fernando Muslera Micol,Uruguay,False,FREE,SHORT,40,0.975,0.791646044402803,-0.000908637030800619
WC2018,Néstor Fernando Muslera Micol,Uruguay,False,FREE,VERY_LONG,11,0.5454545454545454,0.5410999992914886,-0.007433591659943186
WC2018,Néstor Fernando Muslera Micol,Uruguay,False,PRESSURED,LONG,2,0.0,0.40384615384615385,-0.01261112377316492
WC2018,Néstor Fernando Muslera Micol,Uruguay,False,PRESSURED,MEDIUM,1,0.0,0.5217391304347826,-0.012271344026266989
WC2018,Néstor Fernando Muslera Micol,Uruguay,False,PRESSURED,SHORT,3,0.6666666666666666,0.49070036986674753,-0.00988493132322254
WC2018,Néstor Fernando Muslera Micol,Uruguay,True,FREE,LONG,2,0.5,0.4435817805383023,-0.008384705555892514
WC2018,Néstor Fernando Muslera Micol,Uruguay,True,FREE,MEDIUM,1,1.0,0.5892857142857143,-0.0041234873787336715
WC2018,Néstor Fernando Muslera Micol,Uruguay,True,FREE,SHORT,3,1.0,0.5043243567124408,-0.007207455028816233
WC2018,Néstor Fernando Muslera Micol,Uruguay,True,FREE,VERY_LONG,21,0.3333333333333333,0.5027959966326939,-0.007116968374039588
WC2018,Pedro David Gallese Quiróz,Peru,False,FREE,LONG,14,0.5714285714285714,0.6125813675228269,-0.007108103773156669
WC2018,Pedro David Gallese Quiróz,Peru,False,FREE,MEDIUM,1,0.0,1.0,0.0024381520368694093
WC2018,Pedro David Gallese Quiróz,Peru,False,FREE,SHORT,19,1.0,0.8123405837995579,-0.0026237272944142735
WC2018,Pedro David Gallese Quiróz,Peru,False,FREE,VERY_LONG,9,0.1111111111111111,0.5291318781941118,-0.008618821210553212
WC2018,Pedro David Gallese Quiróz,Peru,False,PRESSURED,LONG,1,0.0,0.575,-0.00773285622364321
WC2018,Pedro David Gallese Quiróz,Peru,False,PRESSURED,MEDIUM,1,1.0,0.46153846153846156,-0.017582985348882325
WC2018,Pedro David Gallese Quiróz,Peru,True,FREE,LONG,10,0.4,0.5617632734318064,-0.006036907411493456
WC2018,Pedro David Gallese Quiróz,Peru,True,FREE,MEDIUM,3,1.0,0.6128296759084907,-0.004517931562038768
WC2018,Pedro David Gallese Quiróz,Peru,True,FREE,VERY_LONG,6,0.16666666666666666,0.5371562144532707,-0.006740279929263113
WC2018,Robin Olsen,Sweden,False,FREE,LONG,17,0.4117647058823529,0.6036726981639537,-0.007086844934383527
WC2018,Robin Olsen,Sweden,False,FREE,MEDIUM,6,1.0,0.6392544748395812,-0.004731035412094373
WC2018,Robin Olsen,Sweden,False,FREE,SHORT,20,1.0,0.7902829202637763,-0.0024473264659815885
WC2018,Robin Olsen,Sweden,False,FREE,VERY_LONG,20,0.3,0.638581149769203,-0.005776716892288006
WC2018,Robin Olsen,Sweden,False,PRESSURED,LONG,9,0.2222222222222222,0.4624338624338625,-0.00852174103257542
WC2018,Robin Olsen,Sweden,False,PRESSURED,SHORT,1,1.0,0.4523809523809524,-0.010826187431507091
WC2018,Robin Olsen,Sweden,False,PRESSURED,VERY_LONG,2,0.0,0.4523809523809524,-0.005182806269159663
WC2018,Robin Olsen,Sweden,True,FREE,LONG,6,0.6666666666666666,0.5085691281343455,-0.006813019589093552
WC2018,Robin Olsen,Sweden,True,FREE,MEDIUM,3,1.0,0.5217391304347826,-0.006397119919630607
WC2018,Robin Olsen,Sweden,True,FREE,SHORT,1,1.0,0.5217391304347826,-0.006680214362753808
WC2018,Robin Olsen,Sweden,True,FREE,VERY_LONG,18,0.3888888888888889,0.5278897028897028,-0.0063623786007629595
WC2018,Rui Pedro dos Santos Patrício,Portugal,False,FREE,LONG,21,0.5238095238095238,0.7354986659416692,-0.0030441376886209846
WC2018,Rui Pedro dos Santos Patrício,Portugal,False,FREE,MEDIUM,6,1.0,0.9195946758153754,0.0028921601996561197
WC2018,Rui Pedro dos Santos Patrício,Portugal,False,FREE,SHORT,20,1.0,0.7951499203977819,-0.0004042135256746164
WC2018,Rui Pedro dos Santos Patrício,Portugal,False,FREE,VERY_LONG,3,0.6666666666666666,0.5379778141480269,-0.0057714602953305135
WC2018,Rui Pedro dos Santos Patrício,Portugal,False,PRESSURED,LONG,6,0.3333333333333333,0.5409547701673612,-0.009635242352898208
WC2018,Rui Pedro dos Santos Patrício,Portugal,False,PRESSURED,MEDIUM,3,1.0,0.5412907268170426,-0.008459595355070975
WC2018,Rui Pedro dos Santos Patrício,Portugal,True,FREE,LONG,8,0.5,0.628451606544451,-0.004042072711239528
WC2018,Rui Pedro dos Santos Patrício,Portugal,True,FREE,SHORT,5,1.0,0.6191773253358115,-0.0036529466081590884
WC2018,Rui Pedro dos Santos Patrício,Portugal,True,FREE,VERY_LONG,3,0.0,0.5739271017048795,-0.004996608373949504
WC2018,Steve Mandanda,France,False,FREE,LONG,6,0.8333333333333334,0.6447047104941842,-0.0043255759374202325
WC2018,Steve Mandanda,France,False,FREE,MEDIUM,3,1.0,0.7385129490392649,-0.004421784582480599
WC2018,Steve Mandanda,France,False,FREE,SHORT,11,1.0,0.8098103072444002,-0.0020578923100552714
WC2018,Steve Mandanda,France,False,FREE,VERY_LONG,1,0.0,0.5,-0.005889364719683175
WC2018,Steve Mandanda,France,False,PRESSURED,LONG,3,0.3333333333333333,0.564327485380117,-0.008004410094299842
WC2018,Steve Mandanda,France,True,FREE,MEDIUM,1,1.0,0.575,-0.006288046447061253
WC2018,Thibaut Courtois,Belgium,False,FREE,LONG,20,0.55,0.6428434931901015,-0.0037319491925171416
WC2018,Thibaut Courtois,Belgium,False,FREE,MEDIUM,23,0.9565217391304348,0.8007672269318552,-0.0019850911362584754
WC2018,Thibaut Courtois,Belgium,False,FREE,SHORT,71,1.0,0.7936728763122743,-0.0014510102117055528
WC2018,Thibaut Courtois,Belgium,False,FREE,VERY_LONG,9,0.3333333333333333,0.6333637386578563,-0.004027248798177041
WC2018,Thibaut Courtois,Belgium,False,PRESSURED,LONG,16,0.25,0.47089754541939977,-0.00958199927508106
WC2018,Thibaut Courtois,Belgium,False,PRESSURED,MEDIUM,3,0.6666666666666666,0.39973924380704046,-0.008617627089082674
WC2018,Thibaut Courtois,Belgium,False,PRESSURED,SHORT,4,1.0,0.45222567287784676,-0.008386814874347146
WC2018,Thibaut Courtois,Belgium,False,PRESSURED,VERY_LONG,5,0.2,0.4814425361439879,-0.01279449100569891
WC2018,Thibaut Courtois,Belgium,True,FREE,LONG,4,0.25,0.5633575464083939,-0.005512510905786439
WC2018,Thibaut Courtois,Belgium,True,FREE,MEDIUM,1,1.0,0.4915254237288136,-0.007414747625176049
WC2018,Thibaut Courtois,Belgium,True,FREE,SHORT,17,1.0,0.5238168214087895,-0.006861229186009685
WC2018,Thibaut Courtois,Belgium,True,FREE,VERY_LONG,15,0.4666666666666667,0.5646636702167777,-0.005626080658099903
WC2018,Vladimir Stojković,Serbia,False,FREE,LONG,17,0.47058823529411764,0.575890478345243,-0.0067688230416076715
WC2018,Vladimir Stojković,Serbia,False,FREE,MEDIUM,7,1.0,0.7682359663020514,-0.0029935315398369527
WC2018,Vladimir Stojković,Serbia,False,FREE,SHORT,17,0.9411764705882353,0.7072980268221577,-0.004001254372760812
WC2018,Vladimir Stojković,Serbia,False,FREE,VERY_LONG,9,0.4444444444444444,0.6313612716901176,-0.008780734390238567
WC2018,Vladimir Stojković,Serbia,False,PRESSURED,LONG,4,0.75,0.49889770723104054,-0.010238941087588408
WC2018,Vladimir Stojković,Serbia,False,PRESSURED,VERY_LONG,1,0.0,0.4880952380952381,-0.005478195352959807
WC2018,Vladimir Stojković,Serbia,True,FREE,LONG,9,0.5555555555555556,0.5482510288065844,-0.005225438696286699
WC2018,Vladimir Stojković,Serbia,True,FREE,VERY_LONG,8,0.5,0.5457368827160494,-0.005737804746824265
WC2018,Wilfredo Daniel Caballero,Argentina,False,FREE,LONG,13,0.15384615384615385,0.6510414399181017,-0.0035267486110318563
WC2018,Wilfredo Daniel Caballero,Argentina,False,FREE,MEDIUM,7,0.7142857142857143,0.7537029386653448,-0.0022605145154362123
WC2018,Wilfredo Daniel Caballero,Argentina,False,FREE,SHORT,25,0.92,0.7836749300359392,-0.002170205434467203
WC2018,Wilfredo Daniel Caballero,Argentina,False,FREE,VERY_LONG,2,0.0,0.7430778731617694,-0.005074054485407821
WC2018,Wilfredo Daniel Caballero,Argentina,False,PRESSURED,LONG,1,0.0,0.575,-0.003350771733096792
WC2018,Wilfredo Daniel Caballero,Argentina,True,FREE,SHORT,1,1.0,0.5470843553783168,-0.005455453105652014
WC2018,Wilfredo Daniel Caballero,Argentina,True,FREE,VERY_LONG,2,0.0,0.5216049382716049,-0.00578499917959422
WC2018,Wojciech Szczęsny,Poland,False,FREE,LONG,7,0.2857142857142857,0.6968574188190393,-0.0025313436368624197
WC2018,Wojciech Szczęsny,Poland,False,FREE,MEDIUM,10,0.9,0.7396308909853813,-0.0041961948893103175
WC2018,Wojciech Szczęsny,Poland,False,FREE,SHORT,12,1.0,0.7902228750399156,-0.0027294166870816435
WC2018,Wojciech Szczęsny,Poland,False,FREE,VERY_LONG,4,0.0,0.5628815628815629,-0.007330765643755809
WC2018,Wojciech Szczęsny,Poland,False,PRESSURED,LONG,1,1.0,0.4915254237288136,-0.004179549448852037
WC2018,Wojciech Szczęsny,Poland,False,PRESSURED,MEDIUM,1,1.0,0.5238095238095238,-0.016352120790535288
WC2018,Wojciech Szczęsny,Poland,False,PRESSURED,SHORT,2,1.0,0.4765319426336376,-0.007836745563811545
WC2018,Wojciech Szczęsny,Poland,True,FREE,LONG,2,1.0,0.5652557319223985,-0.005181434154703389
WC2018,Wojciech Szczęsny,Poland,True,FREE,MEDIUM,2,1.0,0.6086835899569981,-0.003338023811373405
WC2018,Wojciech Szczęsny,Poland,True,FREE,SHORT,1,1.0,0.5873015873015873,-0.0048048875906370825
WC2018,Yann Sommer,Switzerland,False,FREE,LONG,14,0.2857142857142857,0.6046513515151312,-0.005635886145263618
WC2018,Yann Sommer,Switzerland,False,FREE,MEDIUM,12,0.9166666666666666,0.6615696743276162,-0.005103276062898294
WC2018,Yann Sommer,Switzerland,False,FREE,SHORT,42,1.0,0.7576103892803167,-0.0032969097444685482
WC2018,Yann Sommer,Switzerland,False,FREE,VERY_LONG,2,0.0,0.7370786516853932,-0.0024431292421682993
WC2018,Yann Sommer,Switzerland,False,PRESSURED,LONG,6,0.3333333333333333,0.5519656772611855,-0.008002898124473594
WC2018,Yann Sommer,Switzerland,False,PRESSURED,MEDIUM,3,0.6666666666666666,0.5367430922986478,-0.011829955513368975
WC2018,Yann Sommer,Switzerland,False,PRESSURED,SHORT,5,1.0,0.5211640211640212,-0.007578513372017449
WC2018,Yann Sommer,Switzerland,True,FREE,LONG,8,0.625,0.5325068533854765,-0.005440526306021296
WC2018,Yann Sommer,Switzerland,True,FREE,MEDIUM,3,1.0,0.5769685990338164,-0.00448762412488827
WC2018,Yann Sommer,Switzerland,True,FREE,SHORT,15,1.0,0.5587408128830166,-0.004952897601741091
WC2018,Yann Sommer,Switzerland,True,FREE,VERY_LONG,10,0.1,0.5660904238133239,-0.004967620661071844
WC2018,Yasser Abdullah Al Mosailem,Saudi Arabia,False,FREE,LONG,5,1.0,0.6285964912280703,-0.004434787339557343
WC2018,Yasser Abdullah Al Mosailem,Saudi Arabia,False,FREE,SHORT,3,1.0,0.7737378708802006,-0.003625054824517809
WC2018,Yasser Abdullah Al Mosailem,Saudi Arabia,False,FREE,VERY_LONG,1,1.0,0.6875,-0.002061461553740495
WC2018,Yasser Abdullah Al Mosailem,Saudi Arabia,True,FREE,LONG,1,0.0,0.575,-0.006288046447061253
WC2018,Yasser Abdullah Al Mosailem,Saudi Arabia,True,FREE,MEDIUM,1,1.0,0.5,-0.007057443856820136
WC2018,Yasser Abdullah Al Mosailem,Saudi Arabia,True,FREE,SHORT,1,1.0,0.575,-0.005101944307409719
WC2018,Yasser Abdullah Al Mosailem,Saudi Arabia,True,FREE,VERY_LONG,1,1.0,0.5,-0.007057443856820136
WC2018,Łukasz Fabiański,Poland,False,FREE,LONG,2,0.5,0.681710495143331,-0.007647964719960771
WC2018,Łukasz Fabiański,Poland,False,FREE,MEDIUM,3,1.0,0.7008504750230902,-0.0030362909770394
WC2018,Łukasz Fabiański,Poland,False,FREE,SHORT,12,1.0,0.7197097645483281,-0.005353468440736901
WC2018,Łukasz Fabiański,Poland,False,FREE,VERY_LONG,2,0.5,0.5873015873015873,-0.013268286339807912
WC2018,Łukasz Fabiański,Poland,False,PRESSURED,LONG,1,0.0,0.4915254237288136,-0.0050541947970326635
WC2018,Łukasz Fabiański,Poland,False,PRESSURED,VERY_LONG,1,0.0,0.4915254237288136,-0.00406198487944137
WC2018,Łukasz Fabiański,Poland,True,FREE,SHORT,1,1.0,0.5873015873015873,-0.0048048875906370825
WC2018,Łukasz Fabiański,Poland,True,FREE,VERY_LONG,3,0.0,0.49524269782486,-0.007460341431134669
WC2022,Alireza Safar Beiranvand,Iran,False,FREE,LONG,7,0.5714285714285714,0.7683747412008282,-0.0038882119938544375
WC2022,Alireza Safar Beiranvand,Iran,False,FREE,MEDIUM,2,1.0,0.7922705314009661,-0.004931261452140931
WC2022,Alireza Safar Beiranvand,Iran,False,FREE,SHORT,9,1.0,0.8089774557165862,-0.00501101671541858
WC2022,Alireza Safar Beiranvand,Iran,False,FREE,VERY_LONG,2,0.5,0.44549409921453,-0.010930765875159402
WC2022,Alireza Safar Beiranvand,Iran,False,PRESSURED,SHORT,2,1.0,0.642361111111111,-0.008860997679937766
WC2022,Alireza Safar Beiranvand,Iran,True,FREE,LONG,3,0.6666666666666666,0.7498706004140786,-0.007729610371200196
WC2022,Alireza Safar Beiranvand,Iran,True,FREE,SHORT,2,1.0,0.7922705314009661,-0.006455591219093364
WC2022,Alireza Safar Beiranvand,Iran,True,FREE,VERY_LONG,4,0.75,0.7622671942537502,-0.00783051772325377
WC2022,Alisson Ramsés Becker,Brazil,False,FREE,LONG,2,0.5,0.6753041701495309,-0.008199670540539933
WC2022,Alisson Ramsés Becker,Brazil,False,FREE,MEDIUM,6,0.6666666666666666,0.7022073620011765,-0.008466455562602376
WC2022,Alisson Ramsés Becker,Brazil,False,FREE,SHORT,53,0.9622641509433962,0.7933051343372791,-0.004026283876847679
WC2022,Alisson Ramsés Becker,Brazil,False,FREE,VERY_LONG,6,0.3333333333333333,0.29266895761741124,-0.015612624815736616
WC2022,Alisson Ramsés Becker,Brazil,False,PRESSURED,LONG,1,1.0,0.5945945945945945,-0.007943580900722388
WC2022,Alisson Ramsés Becker,Brazil,False,PRESSURED,SHORT,7,1.0,0.6154067110588849,-0.00873062381038998
WC2022,Alisson Ramsés Becker,Brazil,True,FREE,LONG,2,0.5,0.7560137457044673,-0.0082045924057614
WC2022,Alisson Ramsés Becker,Brazil,True,FREE,MEDIUM,1,1.0,0.7763157894736842,-0.006488592029028911
WC2022,Alisson Ramsés Becker,Brazil,True,FREE,SHORT,14,1.0,0.7077369043303602,-0.009623694935595494
WC2022,Alisson Ramsés Becker,Brazil,True,FREE,VERY_LONG,2,0.5,0.6472972972972972,-0.011485924421204333
WC2022,Andries Noppert,Netherlands,False,FREE,LONG,25,0.48,0.7820261479588092,-0.0045750739097891345
WC2022,Andries Noppert,Netherlands,False,FREE,MEDIUM,33,1.0,0.8281768800629283,-0.003637161169012431
WC2022,Andries Noppert,Netherlands,False,FREE,SHORT,76,1.0,0.8717483593282449,-0.0024073698161286784
WC2022,Andries Noppert,Netherlands,False,FREE,VERY_LONG,2,0.5,0.7922705314009661,-0.005802578184855833
WC2022,Andries Noppert,Netherlands,False,PRESSURED,LONG,7,0.14285714285714285,0.6454250057510926,-0.0045339933961790835
WC2022,Andries Noppert,Netherlands,False,PRESSURED,MEDIUM,4,0.75,0.6597222222222221,-0.0033380072214794407
WC2022,Andries Noppert,Netherlands,False,PRESSURED,SHORT,3,1.0,0.6157407407407408,-0.005982694220098343
WC2022,Andries Noppert,Netherlands,True,FREE,LONG,7,0.2857142857142857,0.7481656994009296,-0.006819886030445881
WC2022,Andries Noppert,Netherlands,True,FREE,MEDIUM,7,1.0,0.7438747429726666,-0.007654615291420685
WC2022,Andries Noppert,Netherlands,True,FREE,SHORT,22,1.0,0.7334581286927917,-0.0068042776015777625
WC2022,Andries Noppert,Netherlands,True,FREE,VERY_LONG,4,0.0,0.7469806763285024,-0.006477974756038659
WC2022,André Onana,Cameroon,False,FREE,LONG,9,0.7777777777777778,0.8418483469742305,-0.004022887145346708
WC2022,André Onana,Cameroon,False,FREE,MEDIUM,2,1.0,0.7954125046244913,-0.002820901122930425
WC2022,André Onana,Cameroon,False,FREE,SHORT,29,1.0,0.8735142417359382,-0.0020558449451355478
WC2022,André Onana,Cameroon,False,FREE,VERY_LONG,6,0.16666666666666666,0.8856209150326797,-0.0002461044590562217
WC2022,André Onana,Cameroon,False,PRESSURED,LONG,4,0.25,0.6869565217391305,-0.004425068511155905
WC2022,André Onana,Cameroon,False,PRESSURED,MEDIUM,1,1.0,0.6869565217391305,-0.004949323244802752
WC2022,André Onana,Cameroon,True,FREE,MEDIUM,1,1.0,0.7763157894736842,-0.003994155043632128
WC2022,André Onana,Cameroon,True,FREE,SHORT,6,1.0,0.7703023281474125,-0.004569113488178474
WC2022,André Onana,Cameroon,True,FREE,VERY_LONG,2,0.5,0.7271260596117036,-0.006572472335160453
WC2022,Aymen Dahmen,Tunisia,False,FREE,LONG,23,0.6086956521739131,0.7599776226275259,-0.00456625957184926
WC2022,Aymen Dahmen,Tunisia,False,FREE,MEDIUM,6,0.8333333333333334,0.7906718190060879,-0.0045981542023158855
WC2022,Aymen Dahmen,Tunisia,False,FREE,SHORT,19,1.0,0.8754764405227673,-0.0014087619670223065
WC2022,Aymen Dahmen,Tunisia,False,FREE,VERY_LONG,6,0.16666666666666666,0.601659688923521,-0.007514927622830815
WC2022,Aymen Dahmen,Tunisia,False,PRESSURED,LONG,2,0.0,0.6910973084886128,-0.005048791238779814
WC2022,Aymen Dahmen,Tunisia,False,PRESSURED,MEDIUM,1,1.0,0.6952380952380952,-0.010133193265570401
WC2022,Aymen Dahmen,Tunisia,False,PRESSURED,SHORT,2,1.0,0.5676190476190476,-0.006028205557180276
WC2022,Aymen Dahmen,Tunisia,True,FREE,LONG,7,0.0,0.7372868771013436,-0.00645692622790332
WC2022,Aymen Dahmen,Tunisia,True,FREE,MEDIUM,2,1.0,0.7672955974842768,-0.005482200440727283
WC2022,Aymen Dahmen,Tunisia,True,FREE,SHORT,4,1.0,0.748808931445196,-0.008180335261172029
WC2022,Aymen Dahmen,Tunisia,True,FREE,VERY_LONG,5,0.6,0.7148560975024149,-0.007750351405628755
WC2022,Damián Emiliano Martínez,Argentina,False,FREE,LONG,23,0.391304347826087,0.7596166348736137,-0.004291476039880692
WC2022,Damián Emiliano Martínez,Argentina,False,FREE,MEDIUM,15,0.9333333333333333,0.873792270531401,-0.002863437094611912
WC2022,Damián Emiliano Martínez,Argentina,False,FREE,SHORT,65,1.0,0.8705475016360162,-0.0026204590641380476
WC2022,Damián Emiliano Martínez,Argentina,False,FREE,VERY_LONG,22,0.2727272727272727,0.5902890113625113,-0.00966696344628203
WC2022,Damián Emiliano Martínez,Argentina,False,PRESSURED,LONG,10,0.3,0.623164553573072,-0.006625316366704272
WC2022,Damián Emiliano Martínez,Argentina,False,PRESSURED,MEDIUM,3,0.3333333333333333,0.6718253968253968,-0.004288474346292951
WC2022,Damián Emiliano Martínez,Argentina,False,PRESSURED,SHORT,8,1.0,0.654454365079365,-0.004347851163589384
WC2022,Damián Emiliano Martínez,Argentina,False,PRESSURED,VERY_LONG,2,1.0,0.6952380952380952,-0.007395879819663203
WC2022,Damián Emiliano Martínez,Argentina,True,FREE,LONG,5,0.6,0.7080726460669037,-0.008540859297030771
WC2022,Damián Emiliano Martínez,Argentina,True,FREE,MEDIUM,3,1.0,0.7706045966915532,-0.007879496946516058
WC2022,Damián Emiliano Martínez,Argentina,True,FREE,SHORT,13,1.0,0.7795641130878219,-0.007893505505272014
WC2022,Damián Emiliano Martínez,Argentina,True,FREE,VERY_LONG,16,0.375,0.7115984937305665,-0.008229596207925665
WC2022,Daniel Ward,Wales,False,FREE,LONG,10,0.5,0.7707752403140358,-0.002949560644964858
WC2022,Daniel Ward,Wales,False,FREE,MEDIUM,3,0.6666666666666666,0.7686938655042009,-0.004597194471843103
WC2022,Daniel Ward,Wales,False,FREE,SHORT,9,1.0,0.8171702622365361,-0.004081116879607772
WC2022,Daniel Ward,Wales,False,FREE,VERY_LONG,3,0.3333333333333333,0.7932436546291047,-0.00431260115600262
WC2022,Daniel Ward,Wales,False,PRESSURED,LONG,4,0.25,0.5945945945945945,-0.008654199706482034
WC2022,Daniel Ward,Wales,False,PRESSURED,SHORT,1,1.0,0.5945945945945945,-0.010743620915059426
WC2022,Daniel Ward,Wales,True,FREE,LONG,3,0.6666666666666666,0.7560137457044673,-0.009419461538087313
WC2022,Daniel Ward,Wales,True,FREE,VERY_LONG,6,0.8333333333333334,0.7138857070128548,-0.009141918778055381
WC2022,Devis Rogers Epassy Mboka,Cameroon,False,FREE,LONG,15,0.8666666666666667,0.7639520676544432,-0.004197160436705607
WC2022,Devis Rogers Epassy Mboka,Cameroon,False,FREE,MEDIUM,8,1.0,0.8086964913870289,-0.0021922991243074116
WC2022,Devis Rogers Epassy Mboka,Cameroon,False,FREE,SHORT,18,1.0,0.8762953725704308,-0.002564118193938722
WC2022,Devis Rogers Epassy Mboka,Cameroon,False,FREE,VERY_LONG,7,0.14285714285714285,0.5376596081634708,-0.008381607788231209
WC2022,Devis Rogers Epassy Mboka,Cameroon,False,PRESSURED,LONG,6,0.5,0.5945945945945945,-0.005526227424251843
WC2022,Devis Rogers Epassy Mboka,Cameroon,False,PRESSURED,MEDIUM,2,0.5,0.5945945945945945,-0.004263105214403193
WC2022,Devis Rogers Epassy Mboka,Cameroon,False,PRESSURED,SHORT,2,1.0,0.6597222222222221,-0.006059234824514533
WC2022,Devis Rogers Epassy Mboka,Cameroon,True,FREE,LONG,10,0.8,0.7091158673240698,-0.009379159356312282
WC2022,Devis Rogers Epassy Mboka,Cameroon,True,FREE,MEDIUM,1,1.0,0.5945945945945945,-0.012307150267594803
WC2022,Devis Rogers Epassy Mboka,Cameroon,True,FREE,SHORT,5,1.0,0.7309812726217926,-0.008891953024022377
WC2022,Devis Rogers Epassy Mboka,Cameroon,True,FREE,VERY_LONG,9,0.2222222222222222,0.7033391152993722,-0.008851961294874224
WC2022,Diogo Meireles Costa,Portugal,False,FREE,LONG,20,0.25,0.7312716825826093,-0.0067072731932988
WC2022,Diogo Meireles Costa,Portugal,False,FREE,MEDIUM,12,0.75,0.8208296548200883,-0.004977375379499747
WC2022,Diogo Meireles Costa,Portugal,False,FREE,SHORT,63,0.9682539682539683,0.8624684812420048,-0.002401779612225361
WC2022,Diogo Meireles Costa,Portugal,False,FREE,VERY_LONG,9,0.3333333333333333,0.7840750637756739,-0.004844338976051089
WC2022,Diogo Meireles Costa,Portugal,False,PRESSURED,LONG,8,0.375,0.6227401670800019,-0.007977008186992547
WC2022,Diogo Meireles Costa,Portugal,False,PRESSURED,MEDIUM,6,0.6666666666666666,0.6238425925925926,-0.009215407534957072
WC2022,Diogo Meireles Costa,Portugal,False,PRESSURED,SHORT,4,1.0,0.6637836378612569,-0.011286868378021939
WC2022,Diogo Meireles Costa,Portugal,False,PRESSURED,VERY_LONG,2,0.0,0.6597222222222221,-0.009186912827798386
WC2022,Diogo Meireles Costa,Portugal,True,FREE,LONG,3,0.6666666666666666,0.7059163059163058,-0.01014186517142021
WC2022,Diogo Meireles Costa,Portugal,True,FREE,MEDIUM,3,1.0,0.7264218269653052,-0.006946641113873807
WC2022,Diogo Meireles Costa,Portugal,True,FREE,SHORT,18,1.0,0.7625876215729139,-0.007646480762990636
WC2022,Diogo Meireles Costa,Portugal,True,FREE,VERY_LONG,11,0.2727272727272727,0.7167145876137279,-0.00860958601617866
WC2022,Dominik Livaković,Croatia,False,FREE,LONG,22,0.5909090909090909,0.7133841029234322,-0.007437426800183954
WC2022,Dominik Livaković,Croatia,False,FREE,MEDIUM,20,0.9,0.8449094508687569,-0.003979921485196805
WC2022,Dominik Livaković,Croatia,False,FREE,SHORT,108,1.0,0.8562296236780538,-0.003266422785253445
WC2022,Dominik Livaković,Croatia,False,FREE,VERY_LONG,9,0.5555555555555556,0.5368297359144041,-0.010750548904136134
WC2022,Dominik Livaković,Croatia,False,PRESSURED,LONG,9,0.2222222222222222,0.6356443399921661,-0.006151069204417865
WC2022,Dominik Livaković,Croatia,False,PRESSURED,MEDIUM,2,0.5,0.6407755581668625,-0.004804666497995888
WC2022,Dominik Livaković,Croatia,False,PRESSURED,SHORT,5,1.0,0.6451296184407289,-0.006561597944673282
WC2022,Dominik Livaković,Croatia,False,PRESSURED,VERY_LONG,1,1.0,0.6869565217391305,-0.002389664246274973
WC2022,Dominik Livaković,Croatia,True,FREE,LONG,11,0.8181818181818182,0.6908533869849761,-0.00921516991714265
WC2022,Dominik Livaković,Croatia,True,FREE,MEDIUM,4,1.0,0.7714905821254167,-0.007613264448480435
WC2022,Dominik Livaković,Croatia,True,FREE,SHORT,26,1.0,0.7341325069112936,-0.008390525116989445
WC2022,Dominik Livaković,Croatia,True,FREE,VERY_LONG,8,0.625,0.7062979392807195,-0.007907950977964762
WC2022,Ederson Santana de Moraes,Brazil,False,FREE,LONG,2,1.0,0.8203776899429074,-0.003105444220868732
WC2022,Ederson Santana de Moraes,Brazil,False,FREE,MEDIUM,5,1.0,0.889747718733226,-0.0006042836325166337
WC2022,Ederson Santana de Moraes,Brazil,False,FREE,SHORT,17,0.8823529411764706,0.885309115594708,-0.0025236298118612344
WC2022,Ederson Santana de Moraes,Brazil,False,PRESSURED,SHORT,1,1.0,0.6597222222222221,-0.0036643237328236617
WC2022,Ederson Santana de Moraes,Brazil,True,FREE,SHORT,4,1.0,0.7591334541062802,-0.0066386932462638385
WC2022,Ederson Santana de Moraes,Brazil,True,FREE,VERY_LONG,1,1.0,0.7922705314009661,-0.008129516030289961
WC2022,Edouard Mendy,Senegal,False,FREE,LONG,19,0.631578947368421,0.7917344315615198,-0.003378862651623337
WC2022,Edouard Mendy,Senegal,False,FREE,MEDIUM,16,0.8125,0.8607591769719781,-0.0024776235514998132
WC2022,Edouard Mendy,Senegal,False,FREE,SHORT,39,1.0,0.8500882335628172,-0.00252881326618937
WC2022,Edouard Mendy,Senegal,False,FREE,VERY_LONG,8,0.625,0.6912443442170138,-0.0056110774588169305
WC2022,Edouard Mendy,Senegal,False,PRESSURED,LONG,1,1.0,0.6111111111111112,-0.015522604762820101
WC2022,Edouard Mendy,Senegal,False,PRESSURED,MEDIUM,3,0.3333333333333333,0.6756270640574251,-0.0036716672962478097
WC2022,Edouard Mendy,Senegal,False,PRESSURED,SHORT,2,1.0,0.6111111111111112,-0.006833175915731118
WC2022,Edouard Mendy,Senegal,False,PRESSURED,VERY_LONG,3,0.0,0.6111111111111112,-0.010128462891012189
WC2022,Edouard Mendy,Senegal,True,FREE,LONG,1,0.0,0.7976190476190477,-0.006340411821044117
WC2022,Edouard Mendy,Senegal,True,FREE,MEDIUM,5,1.0,0.7156202132825786,-0.008540598326251954
WC2022,Edouard Mendy,Senegal,True,FREE,SHORT,14,1.0,0.7682467264742306,-0.006704209882497918
WC2022,Edouard Mendy,Senegal,True,FREE,VERY_LONG,5,0.4,0.713691463642243,-0.007686520195344955
WC2022,Francisco Guillermo Ochoa Magaña,Mexico,False,FREE,LONG,8,0.5,0.7587988300562194,-0.0033115897350777567
WC2022,Francisco Guillermo Ochoa Magaña,Mexico,False,FREE,MEDIUM,12,1.0,0.8959475143844582,-0.0009051792890417284
WC2022,Francisco Guillermo Ochoa Magaña,Mexico,False,FREE,SHORT,52,1.0,0.8511686134294045,-0.0021093437456049936
WC2022,Francisco Guillermo Ochoa Magaña,Mexico,False,FREE,VERY_LONG,6,0.16666666666666666,0.6400491471204554,-0.0068718007813276215
WC2022,Francisco Guillermo Ochoa Magaña,Mexico,False,PRESSURED,LONG,3,0.3333333333333333,0.6833994708994707,-0.0066259757010526665
WC2022,Francisco Guillermo Ochoa Magaña,Mexico,True,FREE,LONG,2,1.0,0.7477401129943503,-0.007464065967722586
WC2022,Francisco Guillermo Ochoa Magaña,Mexico,True,FREE,MEDIUM,5,1.0,0.7143202920179395,-0.008656118464384726
WC2022,Francisco Guillermo Ochoa Magaña,Mexico,True,FREE,SHORT,14,1.0,0.7420569088725498,-0.0076182046863881485
WC2022,Francisco Guillermo Ochoa Magaña,Mexico,True,FREE,VERY_LONG,5,0.4,0.7361128364389234,-0.00788724569599206
WC2022,Gregor Kobel,Switzerland,False,FREE,LONG,3,0.0,0.7699652292232383,-0.005241864705421734
WC2022,Gregor Kobel,Switzerland,False,FREE,MEDIUM,3,1.0,0.9375,3.550152172815301e-05
WC2022,Gregor Kobel,Switzerland,False,FREE,SHORT,12,1.0,0.8643600190821115,-0.002903316854639178
WC2022,Gregor Kobel,Switzerland,False,FREE,VERY_LONG,2,0.0,0.7954125046244913,-0.005339138063231054
WC2022,Gregor Kobel,Switzerland,False,PRESSURED,LONG,1,0.0,0.6869565217391305,-0.013815181425773856
WC2022,Gregor Kobel,Switzerland,True,FREE,LONG,2,0.0,0.7316361556064073,-0.007701275859586904
WC2022,Gregor Kobel,Switzerland,True,FREE,SHORT,4,1.0,0.7672955974842768,-0.0061078081710029195
WC2022,Gregor Kobel,Switzerland,True,FREE,VERY_LONG,2,0.5,0.7316361556064073,-0.006414461078814876
WC2022,Hernán Ismael Galíndez,Ecuador,False,FREE,LONG,11,0.36363636363636365,0.7269984034247045,-0.00716401238828036
WC2022,Hernán Ismael Galíndez,Ecuador,False,FREE,MEDIUM,6,0.6666666666666666,0.8243719697047593,-0.003087771275235219
WC2022,Hernán Ismael Galíndez,Ecuador,False,FREE,SHORT,22,1.0,0.8355694564759811,-0.002706249858716058
WC2022,Hernán Ismael Galíndez,Ecuador,False,FREE,VERY_LONG,14,0.21428571428571427,0.7204371169858713,-0.004770117172474747
WC2022,Hernán Ismael Galíndez,Ecuador,False,PRESSURED,LONG,1,1.0,0.5945945945945945,-0.005779605137805311
WC2022,Hernán Ismael Galíndez,Ecuador,False,PRESSURED,MEDIUM,1,0.0,0.5945945945945945,-0.013948602688858617
WC2022,Hernán Ismael Galíndez,Ecuador,True,FREE,LONG,1,1.0,0.5945945945945945,-0.012307150267594803
WC2022,Hernán Ismael Galíndez,Ecuador,True,FREE,MEDIUM,1,1.0,0.7763157894736842,-0.006488592029028911
WC2022,Hernán Ismael Galíndez,Ecuador,True,FREE,SHORT,6,1.0,0.7535291905933826,-0.006462870175910934
WC2022,Hernán Ismael Galíndez,Ecuador,True,FREE,VERY_LONG,13,0.3076923076923077,0.6824546709795618,-0.009411146903316691
WC2022,Hugo Lloris,France,False,FREE,LONG,31,0.5483870967741935,0.7566160301291914,-0.005069155984430155
WC2022,Hugo Lloris,France,False,FREE,MEDIUM,22,0.8181818181818182,0.8555942180827345,-0.0017367129712521426
WC2022,Hugo Lloris,France,False,FREE,SHORT,41,0.975609756097561,0.8569127080677378,-0.0037772737103463024
WC2022,Hugo Lloris,France,False,FREE,VERY_LONG,20,0.3,0.6897758100305049,-0.006091260601472415
WC2022,Hugo Lloris,France,False,PRESSURED,LONG,8,0.125,0.6278905943987465,-0.006402495581205248
WC2022,Hugo Lloris,France,False,PRESSURED,MEDIUM,2,1.0,0.6407755581668625,-0.005216549139414085
WC2022,Hugo Lloris,France,False,PRESSURED,SHORT,1,0.0,0.5945945945945945,-0.013948602688858617
WC2022,Hugo Lloris,France,True,FREE,LONG,25,0.52,0.7214652369322613,-0.00799453138160398
WC2022,Hugo Lloris,France,True,FREE,MEDIUM,6,1.0,0.7793086512536135,-0.007033874510339304
WC2022,Hugo Lloris,France,True,FREE,SHORT,12,1.0,0.731594435411746,-0.008299599500031748
WC2022,Hugo Lloris,France,True,FREE,VERY_LONG,13,0.15384615384615385,0.7456314240937799,-0.007327399816186987
WC2022,Jordan Pickford,England,False,FREE,LONG,16,0.5625,0.7912385562296317,-0.003949216729673455
WC2022,Jordan Pickford,England,False,FREE,MEDIUM,11,0.9090909090909091,0.813554136460468,-0.0026462904364455268
WC2022,Jordan Pickford,England,False,FREE,SHORT,73,1.0,0.8170238535650542,-0.003130277670463141
WC2022,Jordan Pickford,England,False,FREE,VERY_LONG,10,0.2,0.783734127099758,-0.002892889755429718
WC2022,Jordan Pickford,England,False,PRESSURED,LONG,8,0.5,0.6742683242775358,-0.00461993124167063
WC2022,Jordan Pickford,England,False,PRESSURED,MEDIUM,2,1.0,0.5605952940385645,-0.006482944149842304
WC2022,Jordan Pickford,England,False,PRESSURED,SHORT,4,1.0,0.6028528528528528,-0.006894640146342683
WC2022,Jordan Pickford,England,False,PRESSURED,VERY_LONG,1,0.0,0.6228467428960407,-0.00374023342473549
WC2022,Jordan Pickford,England,True,FREE,MEDIUM,2,1.0,0.7271260596117036,-0.007823687795711727
WC2022,Jordan Pickford,England,True,FREE,SHORT,17,1.0,0.7163297245914437,-0.008575474920928694
WC2022,Jordan Pickford,England,True,FREE,VERY_LONG,17,0.6470588235294118,0.7297593185475492,-0.007426988176619311
WC2022,Kasper Schmeichel,Denmark,False,FREE,LONG,9,0.6666666666666666,0.7632570963449153,-0.003298873170131937
WC2022,Kasper Schmeichel,Denmark,False,FREE,MEDIUM,12,1.0,0.723281379934469,-0.007201243947837832
WC2022,Kasper Schmeichel,Denmark,False,FREE,SHORT,37,1.0,0.8756055373363434,-0.002132043285336371
WC2022,Kasper Schmeichel,Denmark,False,FREE,VERY_LONG,7,0.14285714285714285,0.6644852612986655,-0.006836356348660594
WC2022,Kasper Schmeichel,Denmark,False,PRESSURED,LONG,1,1.0,0.6111111111111112,-0.013445152762081972
WC2022,Kasper Schmeichel,Denmark,False,PRESSURED,MEDIUM,2,0.5,0.6111111111111112,-0.0076254595959965085
WC2022,Kasper Schmeichel,Denmark,False,PRESSURED,SHORT,2,1.0,0.6111111111111112,-0.013382111698524355
WC2022,Kasper Schmeichel,Denmark,False,PRESSURED,VERY_LONG,1,0.0,0.6111111111111112,-0.007778692772645073
WC2022,Kasper Schmeichel,Denmark,True,FREE,LONG,1,0.0,0.8304093567251462,-0.005427875890254796
WC2022,Kasper Schmeichel,Denmark,True,FREE,MEDIUM,2,1.0,0.6825431989366415,-0.010424683117147327
WC2022,Kasper Schmeichel,Denmark,True,FREE,SHORT,9,1.0,0.750458841798647,-0.00824636033201259
WC2022,Kasper Schmeichel,Denmark,True,FREE,VERY_LONG,4,0.25,0.7463926722274846,-0.008800821541815659
WC2022,Keylor Navas Gamboa,Costa Rica,False,FREE,LONG,13,0.23076923076923078,0.7425474752655613,-0.0057556140377779995
WC2022,Keylor Navas Gamboa,Costa Rica,False,FREE,MEDIUM,12,0.9166666666666666,0.9078011022736625,-0.0018998047354414147
WC2022,Keylor Navas Gamboa,Costa Rica,False,FREE,SHORT,18,1.0,0.8997283136449779,-0.0015312372252190164
WC2022,Keylor Navas Gamboa,Costa Rica,False,FREE,VERY_LONG,15,0.2,0.6336229661648736,-0.007129607889516859
WC2022,Keylor Navas Gamboa,Costa Rica,False,PRESSURED,LONG,5,0.2,0.64006006006006,-0.009262085527834146
WC2022,Keylor Navas Gamboa,Costa Rica,False,PRESSURED,MEDIUM,3,0.6666666666666666,0.7154966453935526,-0.005614279637487485
WC2022,Keylor Navas Gamboa,Costa Rica,False,PRESSURED,SHORT,2,1.0,0.6449163449163449,-0.009068477781692692
WC2022,Keylor Navas Gamboa,Costa Rica,False,PRESSURED,VERY_LONG,1,0.0,0.5945945945945945,-0.013660300736824945
WC2022,Keylor Navas Gamboa,Costa Rica,True,FREE,LONG,15,0.5333333333333333,0.7515880962799635,-0.008278792610580581
WC2022,Keylor Navas Gamboa,Costa Rica,True,FREE,MEDIUM,1,1.0,0.7704918032786885,-0.007832897134815555
WC2022,Keylor Navas Gamboa,Costa Rica,True,FREE,SHORT,7,1.0,0.8046041417122538,-0.006468536170174217
WC2022,Keylor Navas Gamboa,Costa Rica,True,FREE,VERY_LONG,9,0.2222222222222222,0.7543890724130492,-0.008002729472565088
WC2022,Lawrence Ati-Zigi,Ghana,False,FREE,LONG,17,0.4117647058823529,0.7557797289288052,-0.0028581379065726275
WC2022,Lawrence Ati-Zigi,Ghana,False,FREE,MEDIUM,3,1.0,0.917828759934023,-0.0008232387359016846
WC2022,Lawrence Ati-Zigi,Ghana,False,FREE,SHORT,17,1.0,0.8964130769389442,-0.0016169993001901525
WC2022,Lawrence Ati-Zigi,Ghana,False,FREE,VERY_LONG,5,0.2,0.6792541123085649,-0.006266730435559495
WC2022,Lawrence Ati-Zigi,Ghana,False,PRESSURED,LONG,1,0.0,0.6952380952380952,-0.010133193265570401
WC2022,Lawrence Ati-Zigi,Ghana,False,PRESSURED,SHORT,1,1.0,0.6296296296296297,-0.006729385632665478
WC2022,Lawrence Ati-Zigi,Ghana,False,PRESSURED,VERY_LONG,1,0.0,0.6296296296296297,-0.0012380762531146203
WC2022,Lawrence Ati-Zigi,Ghana,True,FREE,LONG,4,0.25,0.7189079787702115,-0.009244468016680357
WC2022,Lawrence Ati-Zigi,Ghana,True,FREE,SHORT,20,1.0,0.776273006545713,-0.006972083621359436
WC2022,Lawrence Ati-Zigi,Ghana,True,FREE,VERY_LONG,7,0.14285714285714285,0.6911691916104624,-0.008727987181047312
WC2022,Manuel Neuer,Germany,False,FREE,LONG,9,0.6666666666666666,0.8283782082751155,-0.0024154676500148416
WC2022,Manuel Neuer,Germany,False,FREE,MEDIUM,32,0.90625,0.8306155457813851,-0.0038742468354322898
WC2022,Manuel Neuer,Germany,False,FREE,SHORT,60,1.0,0.8547816833014601,-0.0028123257531997158
WC2022,Manuel Neuer,Germany,False,FREE,VERY_LONG,1,0.0,0.8636363636363636,-0.0042777300217316724
WC2022,Manuel Neuer,Germany,False,PRESSURED,LONG,4,0.75,0.6069819819819819,-0.00628828195266761
WC2022,Manuel Neuer,Germany,False,PRESSURED,MEDIUM,3,1.0,0.6111111111111112,-0.007322122232147281
WC2022,Manuel Neuer,Germany,False,PRESSURED,SHORT,1,1.0,0.5588335049652687,-0.007413412783895166
WC2022,Manuel Neuer,Germany,True,FREE,LONG,1,1.0,0.7976190476190477,-0.0061421866674841626
WC2022,Manuel Neuer,Germany,True,FREE,MEDIUM,2,1.0,0.7073170731707317,-0.008236557642335007
WC2022,Manuel Neuer,Germany,True,FREE,SHORT,10,1.0,0.7188215781164711,-0.008830554781869481
WC2022,Mathew Ryan,Australia,False,FREE,LONG,33,0.6060606060606061,0.7650331627255056,-0.0039256870008855665
WC2022,Mathew Ryan,Australia,False,FREE,MEDIUM,16,0.9375,0.8759547760471842,-0.0026294606567327573
WC2022,Mathew Ryan,Australia,False,FREE,SHORT,40,1.0,0.8420839236562753,-0.003383100630839384
WC2022,Mathew Ryan,Australia,False,FREE,VERY_LONG,16,0.4375,0.6779497824265746,-0.0057751218674419935
WC2022,Mathew Ryan,Australia,False,PRESSURED,LONG,10,0.6,0.6580661892486588,-0.007761609093316475
WC2022,Mathew Ryan,Australia,False,PRESSURED,MEDIUM,4,0.25,0.651104209799862,-0.004775900054008582
WC2022,Mathew Ryan,Australia,False,PRESSURED,SHORT,6,1.0,0.6727916778764236,-0.007714679178414161
WC2022,Mathew Ryan,Australia,True,FREE,LONG,9,0.6666666666666666,0.7494512241108238,-0.007770857737684812
WC2022,Mathew Ryan,Australia,True,FREE,MEDIUM,4,1.0,0.7668153428574589,-0.007648302626036002
WC2022,Mathew Ryan,Australia,True,FREE,SHORT,12,1.0,0.7771707535540492,-0.007272985397724752
WC2022,Mathew Ryan,Australia,True,FREE,VERY_LONG,12,0.5,0.729109671004363,-0.007872872624090116
WC2022,Matthew Charles Turner,United States,False,FREE,LONG,15,0.5333333333333333,0.7214864417579421,-0.0057106433566099755
WC2022,Matthew Charles Turner,United States,False,FREE,MEDIUM,13,0.9230769230769231,0.8911383298038863,-0.0013495800496091605
WC2022,Matthew Charles Turner,United States,False,FREE,SHORT,61,0.9836065573770492,0.8455779143893646,-0.0027709114372109875
WC2022,Matthew Charles Turner,United States,False,FREE,VERY_LONG,8,0.5,0.710645473435453,-0.00587540040563038
WC2022,Matthew Charles Turner,United States,False,PRESSURED,LONG,2,1.0,0.6271584084084083,-0.004718557331560186
WC2022,Matthew Charles Turner,United States,False,PRESSURED,MEDIUM,1,1.0,0.6597222222222221,-0.0026478825547809667
WC2022,Matthew Charles Turner,United States,False,PRESSURED,SHORT,4,1.0,0.6218142055098577,-0.007678189230018712
WC2022,Matthew Charles Turner,United States,False,PRESSURED,VERY_LONG,1,0.0,0.5945945945945945,-0.01071211115255943
WC2022,Matthew Charles Turner,United States,True,FREE,LONG,2,0.0,0.7661647675890757,-0.006099373724696764
WC2022,Matthew Charles Turner,United States,True,FREE,MEDIUM,1,1.0,0.7976190476190477,-0.0061421866674841626
WC2022,Matthew Charles Turner,United States,True,FREE,SHORT,7,1.0,0.7199698418642517,-0.008658341998500378
WC2022,Matthew Charles Turner,United States,True,FREE,VERY_LONG,10,0.3,0.7182873818080208,-0.008697319339651531
WC2022,Meshaal Aissa Barsham,Qatar,False,FREE,LONG,14,0.2857142857142857,0.8177775779384101,-0.003128021923655974
WC2022,Meshaal Aissa Barsham,Qatar,False,FREE,MEDIUM,8,0.5,0.8475712105017446,-0.0031805306708360894
WC2022,Meshaal Aissa Barsham,Qatar,False,FREE,SHORT,15,1.0,0.890291566256868,-0.0018833848963256536
WC2022,Meshaal Aissa Barsham,Qatar,False,FREE,VERY_LONG,2,0.5,0.8214546783625731,-0.0055553540356084495
WC2022,Meshaal Aissa Barsham,Qatar,False,PRESSURED,LONG,2,0.5,0.6869565217391305,-0.004001168772090375
WC2022,Meshaal Aissa Barsham,Qatar,False,PRESSURED,MEDIUM,2,1.0,0.6274740869380251,-0.008984117183128592
WC2022,Meshaal Aissa Barsham,Qatar,False,PRESSURED,SHORT,1,1.0,0.6869565217391305,-0.0034776381384447478
WC2022,Meshaal Aissa Barsham,Qatar,True,FREE,LONG,1,1.0,0.8304093567251462,-0.005427875890254796
WC2022,Meshaal Aissa Barsham,Qatar,True,FREE,SHORT,17,1.0,0.7781031012162286,-0.005584872869927843
WC2022,Meshaal Aissa Barsham,Qatar,True,FREE,VERY_LONG,1,0.0,0.7672955974842768,-0.0067334159012785565
WC2022,Milan Borjan,Canada,False,FREE,LONG,18,0.6666666666666666,0.7888737193853959,-0.0038578109697492294
WC2022,Milan Borjan,Canada,False,FREE,MEDIUM,17,0.7647058823529411,0.836811650510338,-0.004668854303016582
WC2022,Milan Borjan,Canada,False,FREE,SHORT,38,0.9736842105263158,0.8928960449826209,-0.0014536612945429046
WC2022,Milan Borjan,Canada,False,FREE,VERY_LONG,2,0.5,0.6133009904992925,-0.011053052730165693
WC2022,Milan Borjan,Canada,False,PRESSURED,LONG,5,0.2,0.5897267267267267,-0.004961157964662651
WC2022,Milan Borjan,Canada,False,PRESSURED,MEDIUM,1,1.0,0.6597222222222221,-0.0036848270789840492
WC2022,Milan Borjan,Canada,True,FREE,LONG,1,1.0,0.7922705314009661,-0.008400647437222157
WC2022,Milan Borjan,Canada,True,FREE,MEDIUM,2,1.0,0.7078679839633447,-0.01049019893583085
WC2022,Milan Borjan,Canada,True,FREE,SHORT,10,1.0,0.7410640286879315,-0.008240938416006186
WC2022,Milan Borjan,Canada,True,FREE,VERY_LONG,2,0.5,0.7639717851329354,-0.008606122380149888
WC2022,Mohammed Khalil Al Owais,Saudi Arabia,False,FREE,LONG,21,0.6190476190476191,0.8141008228578098,-0.0022546210736343127
WC2022,Mohammed Khalil Al Owais,Saudi Arabia,False,FREE,MEDIUM,9,0.8888888888888888,0.8419781344567114,-0.0021236267775098833
WC2022,Mohammed Khalil Al Owais,Saudi Arabia,False,FREE,SHORT,21,1.0,0.9236031391251975,-0.00038657452809743383
WC2022,Mohammed Khalil Al Owais,Saudi Arabia,False,FREE,VERY_LONG,13,0.3076923076923077,0.6762977527153085,-0.006761549872080482
WC2022,Mohammed Khalil Al Owais,Saudi Arabia,False,PRESSURED,MEDIUM,1,1.0,0.7288135593220338,-0.004446976173453805
WC2022,Mohammed Khalil Al Owais,Saudi Arabia,True,FREE,LONG,9,0.6666666666666666,0.792822152552264,-0.007258827684449572
WC2022,Mohammed Khalil Al Owais,Saudi Arabia,True,FREE,MEDIUM,1,0.0,0.7719298245614035,-0.007792783222212463
WC2022,Mohammed Khalil Al Owais,Saudi Arabia,True,FREE,SHORT,8,1.0,0.7793539193974764,-0.007889643965523625
WC2022,Mohammed Khalil Al Owais,Saudi Arabia,True,FREE,VERY_LONG,11,0.5454545454545454,0.7529925535021735,-0.008171113882625383
WC2022,Munir Mohand Mohamedi,Morocco,False,FREE,LONG,4,0.5,0.7311987596108915,-0.008304169159326765
WC2022,Munir Mohand Mohamedi,Morocco,False,FREE,MEDIUM,4,1.0,0.8995041952707856,-0.002737158484498732
WC2022,Munir Mohand Mohamedi,Morocco,False,FREE,SHORT,5,1.0,0.8601486767766875,-0.004392578622488557
WC2022,Munir Mohand Mohamedi,Morocco,False,FREE,VERY_LONG,1,0.0,0.7719298245614035,-0.00386516820226389
WC2022,Munir Mohand Mohamedi,Morocco,True,FREE,SHORT,6,1.0,0.7683034040517653,-0.008280157325987409
WC2022,Munir Mohand Mohamedi,Morocco,True,FREE,VERY_LONG,7,0.14285714285714285,0.7000345901072293,-0.01032830038026754
WC2022,Saad Abdullah Al Sheeb,Qatar,False,FREE,LONG,1,1.0,0.7560137457044673,-0.0018794764111527717
WC2022,Saad Abdullah Al Sheeb,Qatar,False,FREE,MEDIUM,3,0.6666666666666666,0.7689664287602431,-0.003479978446231925
WC2022,Saad Abdullah Al Sheeb,Qatar,False,FREE,SHORT,9,1.0,0.8779745645725028,-0.0015869786383395862
WC2022,Saad Abdullah Al Sheeb,Qatar,False,FREE,VERY_LONG,2,0.5,0.775442770288131,-0.003482063401442759
WC2022,Saad Abdullah Al Sheeb,Qatar,False,PRESSURED,VERY_LONG,1,0.0,0.5945945945945945,-0.004263105214403193
WC2022,Saad Abdullah Al Sheeb,Qatar,True,FREE,MEDIUM,1,1.0,0.7560137457044673,-0.0082045924057614
WC2022,Saad Abdullah Al Sheeb,Qatar,True,FREE,SHORT,4,1.0,0.7560137457044673,-0.00863614693007634
WC2022,Sergio Rochet Álvarez,Uruguay,False,FREE,LONG,18,0.4444444444444444,0.7444743591836205,-0.005758932861575602
WC2022,Sergio Rochet Álvarez,Uruguay,False,FREE,MEDIUM,6,1.0,0.7693135721596819,-0.005686150574061854
WC2022,Sergio Rochet Álvarez,Uruguay,False,FREE,SHORT,19,0.8947368421052632,0.8325141393460074,-0.0037753213896646407
WC2022,Sergio Rochet Álvarez,Uruguay,False,FREE,VERY_LONG,4,0.5,0.6183712121212122,-0.005517987486614584
WC2022,Sergio Rochet Álvarez,Uruguay,False,PRESSURED,LONG,1,1.0,0.6597222222222221,-0.003381647630787867
WC2022,Sergio Rochet Álvarez,Uruguay,False,PRESSURED,SHORT,3,1.0,0.5902777777777778,-0.009725289813127
WC2022,Sergio Rochet Álvarez,Uruguay,True,FREE,LONG,5,0.8,0.6535004516711833,-0.009634898819541046
WC2022,Sergio Rochet Álvarez,Uruguay,True,FREE,MEDIUM,3,1.0,0.7480877616747182,-0.008295423685132886
WC2022,Sergio Rochet Álvarez,Uruguay,True,FREE,SHORT,13,1.0,0.7333103847110564,-0.008349820052546827
WC2022,Sergio Rochet Álvarez,Uruguay,True,FREE,VERY_LONG,4,0.75,0.751610305958132,-0.007091472895941936
WC2022,Seung-Gyu Kim,South Korea,False,FREE,LONG,12,0.75,0.7506613457275035,-0.005163860317754295
WC2022,Seung-Gyu Kim,South Korea,False,FREE,MEDIUM,19,0.7368421052631579,0.8047513021360455,-0.0038615213390633513
WC2022,Seung-Gyu Kim,South Korea,False,FREE,SHORT,48,1.0,0.8756505802935185,-0.0013332420726643443
WC2022,Seung-Gyu Kim,South Korea,False,FREE,VERY_LONG,12,0.25,0.767046530806187,-0.005148459925454196
WC2022,Seung-Gyu Kim,South Korea,False,PRESSURED,LONG,1,1.0,0.6111111111111112,-0.006273865547712386
WC2022,Seung-Gyu Kim,South Korea,False,PRESSURED,MEDIUM,2,1.0,0.6028528528528528,-0.006243677364227856
WC2022,Seung-Gyu Kim,South Korea,False,PRESSURED,SHORT,4,0.75,0.6028528528528528,-0.00823304479409754
WC2022,Seung-Gyu Kim,South Korea,True,FREE,MEDIUM,3,1.0,0.8123856316791099,-0.0068590458092005315
WC2022,Seung-Gyu Kim,South Korea,True,FREE,SHORT,13,1.0,0.7860479505909294,-0.007266765686165674
WC2022,Seung-Gyu Kim,South Korea,True,FREE,VERY_LONG,12,0.4166666666666667,0.7020997013375062,-0.008817776974286299
WC2022,Seyed Hossein Hosseini,Iran,False,FREE,LONG,11,0.36363636363636365,0.7797903850535429,-0.002868264188177069
WC2022,Seyed Hossein Hosseini,Iran,False,FREE,MEDIUM,8,0.875,0.9535035505430243,-0.000657500966636859
WC2022,Seyed Hossein Hosseini,Iran,False,FREE,SHORT,10,1.0,0.9583895636527215,-0.0004533573519481299
WC2022,Seyed Hossein Hosseini,Iran,False,FREE,VERY_LONG,5,0.2,0.6982456140350877,-0.004257965571663052
WC2022,Seyed Hossein Hosseini,Iran,False,PRESSURED,LONG,1,1.0,0.6111111111111112,-0.013445152762081972
WC2022,Seyed Hossein Hosseini,Iran,False,PRESSURED,MEDIUM,2,0.0,0.6111111111111112,-0.00890991457900106
WC2022,Seyed Hossein Hosseini,Iran,True,FREE,LONG,6,0.16666666666666666,0.7790288860571274,-0.006727318025393191
WC2022,Seyed Hossein Hosseini,Iran,True,FREE,VERY_LONG,5,0.4,0.8041771094402673,-0.00603896954275028
WC2022,Shūichi Gonda,Japan,False,FREE,LONG,21,0.38095238095238093,0.7421674956892265,-0.004997677718184621
WC2022,Shūichi Gonda,Japan,False,FREE,MEDIUM,4,1.0,0.8627060074428495,-0.0024217994029502015
WC2022,Shūichi Gonda,Japan,False,FREE,SHORT,39,1.0,0.8642923190398479,-0.00278723167313968
WC2022,Shūichi Gonda,Japan,False,FREE,VERY_LONG,13,0.38461538461538464,0.7031292069498771,-0.006272559068188448
WC2022,Shūichi Gonda,Japan,False,PRESSURED,LONG,3,0.3333333333333333,0.6869565217391305,-0.0027943278989240434
WC2022,Shūichi Gonda,Japan,False,PRESSURED,MEDIUM,2,1.0,0.6733393719806763,-0.00910663511730221
WC2022,Shūichi Gonda,Japan,False,PRESSURED,SHORT,3,1.0,0.6806389463998159,-0.004707974815277255
WC2022,Shūichi Gonda,Japan,True,FREE,LONG,10,0.4,0.7311085475344089,-0.006794937062878745
WC2022,Shūichi Gonda,Japan,True,FREE,MEDIUM,1,1.0,0.7922705314009661,-0.008400647437222157
WC2022,Shūichi Gonda,Japan,True,FREE,SHORT,9,1.0,0.7550911582011737,-0.0076092004034993875
WC2022,Shūichi Gonda,Japan,True,FREE,VERY_LONG,6,0.3333333333333333,0.6605281359179773,-0.009582607047861411
WC2022,Steve Mandanda,France,False,FREE,LONG,5,0.0,0.7771929824561403,-0.00498395809562044
WC2022,Steve Mandanda,France,False,FREE,MEDIUM,2,1.0,0.7718056934789805,-0.005382502853563552
WC2022,Steve Mandanda,France,False,FREE,SHORT,10,1.0,0.9134436396206944,-0.0010261464128691758
WC2022,Steve Mandanda,France,False,FREE,VERY_LONG,3,0.6666666666666666,0.7376659294369391,-0.004461694363359372
WC2022,Steve Mandanda,France,False,PRESSURED,MEDIUM,1,0.0,0.6869565217391305,-0.00279871317398021
WC2022,Steve Mandanda,France,True,FREE,LONG,1,0.0,0.7672955974842768,-0.0067334159012785565
WC2022,Steve Mandanda,France,True,FREE,SHORT,7,1.0,0.7622615809416897,-0.00471950390176204
WC2022,Steve Mandanda,France,True,FREE,VERY_LONG,1,0.0,0.7672955974842768,-0.00423098498017601
WC2022,Thibaut Courtois,Belgium,False,FREE,LONG,10,0.5,0.8200185849690046,-0.003239400064191378
WC2022,Thibaut Courtois,Belgium,False,FREE,MEDIUM,9,1.0,0.850410481057146,-0.0041187744964834554
WC2022,Thibaut Courtois,Belgium,False,FREE,SHORT,56,1.0,0.8604903423416327,-0.0030433527353040226
WC2022,Thibaut Courtois,Belgium,False,FREE,VERY_LONG,2,0.5,0.3961352657004831,-0.013345558412442077
WC2022,Thibaut Courtois,Belgium,False,PRESSURED,LONG,4,0.75,0.6742063492063493,-0.004135421907102466
WC2022,Thibaut Courtois,Belgium,False,PRESSURED,MEDIUM,4,0.75,0.6564484126984127,-0.004008299490884916
WC2022,Thibaut Courtois,Belgium,False,PRESSURED,SHORT,1,1.0,0.6296296296296297,-0.0035907471475025445
WC2022,Thibaut Courtois,Belgium,True,FREE,LONG,2,1.0,0.7971308766298904,-0.005475237946149813
WC2022,Thibaut Courtois,Belgium,True,FREE,MEDIUM,11,1.0,0.775964594990889,-0.0075949293291109115
WC2022,Thibaut Courtois,Belgium,True,FREE,SHORT,17,1.0,0.7708989370810293,-0.006689962274293119
WC2022,Thibaut Courtois,Belgium,True,FREE,VERY_LONG,6,0.5,0.7544442325620815,-0.006654724041287176
WC2022,Unai Simón Mendibil,Spain,False,FREE,LONG,4,0.5,0.687015912015912,-0.006910953458027774
WC2022,Unai Simón Mendibil,Spain,False,FREE,MEDIUM,21,0.8571428571428571,0.7520003588219988,-0.0055172581669530344
WC2022,Unai Simón Mendibil,Spain,False,FREE,SHORT,86,0.9767441860465116,0.7885142493611298,-0.0045625583416335725
WC2022,Unai Simón Mendibil,Spain,False,PRESSURED,LONG,3,1.0,0.5945945945945945,-0.006899886458017819
WC2022,Unai Simón Mendibil,Spain,False,PRESSURED,MEDIUM,5,0.8,0.6459850314231756,-0.006706518329229173
WC2022,Unai Simón Mendibil,Spain,False,PRESSURED,SHORT,17,0.9411764705882353,0.6215031554555507,-0.005865526494250514
WC2022,Unai Simón Mendibil,Spain,True,FREE,LONG,2,1.0,0.7288135593220338,-0.008995520703481431
WC2022,Unai Simón Mendibil,Spain,True,FREE,MEDIUM,3,1.0,0.7734047005556123,-0.008774696574430198
WC2022,Unai Simón Mendibil,Spain,True,FREE,SHORT,17,1.0,0.7396792369069046,-0.009129371059992899
WC2022,Vanja Milinković Savić,Serbia,False,FREE,LONG,15,0.5333333333333333,0.7888221854738682,-0.005298781782515125
WC2022,Vanja Milinković Savić,Serbia,False,FREE,MEDIUM,11,0.9090909090909091,0.8307348377963187,-0.002715011221668774
WC2022,Vanja Milinković Savić,Serbia,False,FREE,SHORT,57,0.9824561403508771,0.8470121652673064,-0.002344975296343266
WC2022,Vanja Milinković Savić,Serbia,False,FREE,VERY_LONG,10,0.4,0.7457143132874565,-0.0058823846264311275
WC2022,Vanja Milinković Savić,Serbia,False,PRESSURED,LONG,6,0.6666666666666666,0.6253819036427731,-0.007806206745341865
WC2022,Vanja Milinković Savić,Serbia,False,PRESSURED,SHORT,5,0.6,0.5945945945945945,-0.004622051122026994
WC2022,Vanja Milinković Savić,Serbia,False,PRESSURED,VERY_LONG,1,1.0,0.5945945945945945,-0.005779605137805311
WC2022,Vanja Milinković Savić,Serbia,True,FREE,LONG,1,1.0,0.7672955974842768,-0.0067334159012785565
WC2022,Vanja Milinković Savić,Serbia,True,FREE,MEDIUM,1,0.0,0.7560137457044673,-0.0082045924057614
WC2022,Vanja Milinković Savić,Serbia,True,FREE,SHORT,5,1.0,0.7237299154824928,-0.00953779689917338
WC2022,Vanja Milinković Savić,Serbia,True,FREE,VERY_LONG,14,0.42857142857142855,0.7557546190561186,-0.0071469880538197325
WC2022,Wayne Hennessey,Wales,False,FREE,LONG,7,0.7142857142857143,0.7810921037725161,-0.0054520351038255125
WC2022,Wayne Hennessey,Wales,False,FREE,MEDIUM,10,0.8,0.8747284878863827,-0.002407159682792193
WC2022,Wayne Hennessey,Wales,False,FREE,SHORT,25,1.0,0.9050129773420992,-0.0021936938192053837
WC2022,Wayne Hennessey,Wales,False,FREE,VERY_LONG,6,0.5,0.7427065218404016,-0.004941494640642015
WC2022,Wayne Hennessey,Wales,False,PRESSURED,LONG,1,0.0,0.5945945945945945,-0.004660009751189026
WC2022,Wayne Hennessey,Wales,True,FREE,LONG,2,1.0,0.7560137457044673,-0.0082045924057614
WC2022,Wayne Hennessey,Wales,True,FREE,MEDIUM,1,1.0,0.7560137457044673,-0.0082045924057614
WC2022,Wayne Hennessey,Wales,True,FREE,SHORT,7,1.0,0.782778562456042,-0.0073562193360683665
WC2022,Wayne Hennessey,Wales,True,FREE,VERY_LONG,6,0.5,0.7339741038194646,-0.008641474941550778
WC2022,Weverton Pereira da Silva,Brazil,False,FREE,LONG,1,1.0,0.5945945945945945,-0.020424179302861577
WC2022,Weverton Pereira da Silva,Brazil,False,FREE,MEDIUM,1,1.0,0.5945945945945945,-0.009878256262337105
WC2022,Weverton Pereira da Silva,Brazil,False,FREE,VERY_LONG,1,1.0,0.5945945945945945,-0.012087317644761399
WC2022,Weverton Pereira da Silva,Brazil,True,FREE,LONG,1,1.0,0.5945945945945945,-0.01334363581151969
WC2022,Weverton Pereira da Silva,Brazil,True,FREE,VERY_LONG,1,0.0,0.5945945945945945,-0.01334363581151969
WC2022,Wojciech Szczęsny,Poland,False,FREE,LONG,54,0.6111111111111112,0.765752175413106,-0.004694732843973612
WC2022,Wojciech Szczęsny,Poland,False,FREE,MEDIUM,10,0.6,0.8664834012406069,-0.001683727662936697
WC2022,Wojciech Szczęsny,Poland,False,FREE,SHORT,32,1.0,0.8447419602848011,-0.0036352842579687656
WC2022,Wojciech Szczęsny,Poland,False,FREE,VERY_LONG,8,0.25,0.6654649903038745,-0.006855391887300329
WC2022,Wojciech Szczęsny,Poland,False,PRESSURED,LONG,2,0.0,0.6733393719806763,-0.004200916749648947
WC2022,Wojciech Szczęsny,Poland,False,PRESSURED,MEDIUM,1,1.0,0.6869565217391305,-0.013815181425773856
WC2022,Wojciech Szczęsny,Poland,False,PRESSURED,SHORT,1,1.0,0.6952380952380952,-0.010133193265570401
WC2022,Wojciech Szczęsny,Poland,True,FREE,LONG,11,0.45454545454545453,0.7503026493120207,-0.007987040739095078
WC2022,Wojciech Szczęsny,Poland,True,FREE,MEDIUM,1,1.0,0.6952380952380952,-0.009932115486924771
WC2022,Wojciech Szczęsny,Poland,True,FREE,SHORT,9,1.0,0.7443738975767692,-0.00890376591470516
WC2022,Wojciech Szczęsny,Poland,True,FREE,VERY_LONG,16,0.5625,0.7373258454456634,-0.007969289238021827
WC2022,Yann Sommer,Switzerland,False,FREE,LONG,9,0.6666666666666666,0.8097869019349413,-0.004005301247379607
WC2022,Yann Sommer,Switzerland,False,FREE,MEDIUM,15,0.8666666666666667,0.8709296045894143,-0.0020667363566162487
WC2022,Yann Sommer,Switzerland,False,FREE,SHORT,61,1.0,0.840057255704708,-0.0030099417945380342
WC2022,Yann Sommer,Switzerland,False,PRESSURED,LONG,2,0.5,0.6869565217391305,-0.003705277335484646
WC2022,Yann Sommer,Switzerland,False,PRESSURED,MEDIUM,4,0.75,0.6665307971014491,-0.003416368713913435
WC2022,Yann Sommer,Switzerland,False,PRESSURED,SHORT,6,1.0,0.6688003220611916,-0.00614312601520724
WC2022,Yann Sommer,Switzerland,True,FREE,LONG,1,1.0,0.7672955974842768,-0.00423098498017601
WC2022,Yann Sommer,Switzerland,True,FREE,MEDIUM,4,1.0,0.7425000689617125,-0.006313978882020109
WC2022,Yann Sommer,Switzerland,True,FREE,SHORT,14,1.0,0.7478970147202845,-0.006016198193589748
WC2022,Yassine Bounou,Morocco,False,FREE,LONG,29,0.4827586206896552,0.7648925907992067,-0.004067428235339538
WC2022,Yassine Bounou,Morocco,False,FREE,MEDIUM,19,0.8421052631578947,0.84616136216498,-0.003486317142846371
WC2022,Yassine Bounou,Morocco,False,FREE,SHORT,72,1.0,0.8351581557709892,-0.0028808255458583885
WC2022,Yassine Bounou,Morocco,False,FREE,VERY_LONG,7,0.42857142857142855,0.635137193049859,-0.006540256579684282
WC2022,Yassine Bounou,Morocco,False,PRESSURED,LONG,10,0.3,0.6612994168502643,-0.005764234006117666
WC2022,Yassine Bounou,Morocco,False,PRESSURED,MEDIUM,6,1.0,0.6401401443553248,-0.004373718918414148
WC2022,Yassine Bounou,Morocco,False,PRESSURED,SHORT,8,0.875,0.6404768607893607,-0.006185642753346191
WC2022,Yassine Bounou,Morocco,False,PRESSURED,VERY_LONG,1,1.0,0.6952380952380952,-0.010005838998926944
WC2022,Yassine Bounou,Morocco,True,FREE,LONG,20,0.55,0.7561228179918196,-0.007763994680763506
WC2022,Yassine Bounou,Morocco,True,FREE,MEDIUM,4,1.0,0.7616546715943721,-0.006685913249692187
WC2022,Yassine Bounou,Morocco,True,FREE,SHORT,18,1.0,0.7662129943489738,-0.007052688360745098
WC2022,Yassine Bounou,Morocco,True,FREE,VERY_LONG,14,0.5714285714285714,0.7782845888286821,-0.007500177002662851
WSL2021,Alexandra MacIver,Everton LFC,False,FREE,LONG,93,0.5806451612903226,0.7912142810644232,-0.004292859356234767
WSL2021,Alexandra MacIver,Everton LFC,False,FREE,MEDIUM,94,0.723404255319149,0.8493386097379476,-0.0028106246897059146
WSL2021,Alexandra MacIver,Everton LFC,False,FREE,SHORT,424,0.9834905660377359,0.8726957313762062,-0.0018826194600517312
WSL2021,Alexandra MacIver,Everton LFC,False,FREE,VERY_LONG,29,0.3448275862068966,0.7917972288502214,-0.0030798731867010863
WSL2021,Alexandra MacIver,Everton LFC,False,PRESSURED,LONG,18,0.5,0.6058856857273298,-0.008602257127645403
WSL2021,Alexandra MacIver,Everton LFC,False,PRESSURED,MEDIUM,17,0.35294117647058826,0.6041016971016623,-0.007108059943451169
WSL2021,Alexandra MacIver,Everton LFC,False,PRESSURED,SHORT,8,0.875,0.7077937623547276,-0.006140225796422023
WSL2021,Alexandra MacIver,Everton LFC,False,PRESSURED,VERY_LONG,1,0.0,0.6907216494845362,-0.01330627216851347
WSL2021,Alexandra MacIver,Everton LFC,True,FREE,LONG,36,0.5555555555555556,0.7194784668057228,-0.0016780992370856937
WSL2021,Alexandra MacIver,Everton LFC,True,FREE,MEDIUM,6,0.6666666666666666,0.7587409919707189,-0.001088819326785088
WSL2021,Alexandra MacIver,Everton LFC,True,FREE,SHORT,97,0.9896907216494846,0.7429954099540574,-0.0015930504655286021
WSL2021,Alexandra MacIver,Everton LFC,True,FREE,VERY_LONG,4,0.25,0.7051206366622893,-0.002060019574772061
WSL2021,Ann-Katrin Berger,Chelsea FCW,False,FREE,LONG,86,0.5697674418604651,0.7614189362353735,-0.004007294961593454
WSL2021,Ann-Katrin Berger,Chelsea FCW,False,FREE,MEDIUM,115,0.8521739130434782,0.8460280726383844,-0.0021693601657586828
WSL2021,Ann-Katrin Berger,Chelsea FCW,False,FREE,SHORT,261,0.9923371647509579,0.88988679148385,-0.0013565167739450444
WSL2021,Ann-Katrin Berger,Chelsea FCW,False,FREE,VERY_LONG,14,0.6428571428571429,0.6993934784403485,-0.0045590383495989545
WSL2021,Ann-Katrin Berger,Chelsea FCW,False,PRESSURED,LONG,18,0.2222222222222222,0.6057324922909113,-0.008170094513743426
WSL2021,Ann-Katrin Berger,Chelsea FCW,False,PRESSURED,MEDIUM,19,0.3157894736842105,0.6051840538894476,-0.007923807935193114
WSL2021,Ann-Katrin Berger,Chelsea FCW,False,PRESSURED,SHORT,19,0.9473684210526315,0.6579244432889192,-0.006606255870215129
WSL2021,Ann-Katrin Berger,Chelsea FCW,False,PRESSURED,VERY_LONG,1,0.0,0.6943396226415094,-0.0061202317126487485
WSL2021,Ann-Katrin Berger,Chelsea FCW,True,FREE,LONG,21,0.7142857142857143,0.7357297827793378,-0.0016644634579897459
WSL2021,Ann-Katrin Berger,Chelsea FCW,True,FREE,MEDIUM,16,1.0,0.7652233967366102,-0.0006158803808773887
WSL2021,Ann-Katrin Berger,Chelsea FCW,True,FREE,SHORT,53,1.0,0.78961782014796,-0.0003509315094786907
WSL2021,Ann-Katrin Berger,Chelsea FCW,True,FREE,VERY_LONG,6,0.0,0.7516008497309042,-0.0010168581108042222
WSL2021,Aurora Watten Mikalsen,Tottenham Hotspur Women,False,FREE,LONG,17,0.5882352941176471,0.8020309558526766,-0.00338214737434221
WSL2021,Aurora Watten Mikalsen,Tottenham Hotspur Women,False,FREE,MEDIUM,30,0.6666666666666666,0.8720697077151232,-0.002503632029024516
WSL2021,Aurora Watten Mikalsen,Tottenham Hotspur Women,False,FREE,SHORT,57,1.0,0.915237664113049,-0.0020439738065578298
WSL2021,Aurora Watten Mikalsen,Tottenham Hotspur Women,False,FREE,VERY_LONG,6,0.3333333333333333,0.5874631088869223,-0.008798930358598417
WSL2021,Aurora Watten Mikalsen,Tottenham Hotspur Women,False,PRESSURED,LONG,2,0.5,0.6930922827846735,-0.009165924749658223
WSL2021,Aurora Watten Mikalsen,Tottenham Hotspur Women,False,PRESSURED,MEDIUM,3,0.3333333333333333,0.7068678980151599,-0.007327964138091947
WSL2021,Aurora Watten Mikalsen,Tottenham Hotspur Women,False,PRESSURED,SHORT,3,0.6666666666666666,0.7760424003669856,-0.007434615714359503
WSL2021,Aurora Watten Mikalsen,Tottenham Hotspur Women,True,FREE,LONG,13,0.5384615384615384,0.82678691245674,-0.0007372649098992805
WSL2021,Aurora Watten Mikalsen,Tottenham Hotspur Women,True,FREE,MEDIUM,12,0.8333333333333334,0.8149972790856205,-0.0012513420881660245
WSL2021,Aurora Watten Mikalsen,Tottenham Hotspur Women,True,FREE,SHORT,29,1.0,0.79682264577722,-0.0012080167180748807
WSL2021,Aurora Watten Mikalsen,Tottenham Hotspur Women,True,FREE,VERY_LONG,2,0.0,0.7286941580756015,-0.0015603588344993717
WSL2021,Benedicte Håland,Bristol City WFC,False,FREE,LONG,3,0.0,0.813629693260317,-0.0027001615689254826
WSL2021,Benedicte Håland,Bristol City WFC,False,FREE,MEDIUM,3,1.0,0.8810676347989781,-0.0033795373604707264
WSL2021,Benedicte Håland,Bristol City WFC,False,FREE,SHORT,18,1.0,0.8017483789036217,-0.003020841513722463
WSL2021,Benedicte Håland,Bristol City WFC,False,PRESSURED,LONG,1,0.0,0.7841726618705036,-0.0076310043587571545
WSL2021,Benedicte Håland,Bristol City WFC,False,PRESSURED,MEDIUM,2,0.5,0.4804878048780488,-0.011983236816835564
WSL2021,Benedicte Håland,Bristol City WFC,True,FREE,LONG,3,0.0,0.7477817745803357,-0.0007338287196208796
WSL2021,Benedicte Håland,Bristol City WFC,True,FREE,MEDIUM,2,1.0,0.6725741358133006,-0.0022141287620755885
WSL2021,Benedicte Håland,Bristol City WFC,True,FREE,SHORT,5,1.0,0.7215114061501378,-0.0025456336275097606
WSL2021,Carly Mitchell Telford,Chelsea FCW,False,FREE,LONG,4,0.5,0.8044907252850143,-0.003513201885342444
WSL2021,Carly Mitchell Telford,Chelsea FCW,False,FREE,MEDIUM,15,1.0,0.8738240837770043,-0.0016615595348255493
WSL2021,Carly Mitchell Telford,Chelsea FCW,False,FREE,SHORT,48,1.0,0.8812190893211005,-0.0016747207687712472
WSL2021,Carly Mitchell Telford,Chelsea FCW,False,PRESSURED,LONG,2,0.0,0.7608452485166812,-0.0010640625851357868
WSL2021,Carly Mitchell Telford,Chelsea FCW,False,PRESSURED,MEDIUM,3,1.0,0.5963365539452496,-0.005775953366556983
WSL2021,Carly Mitchell Telford,Chelsea FCW,False,PRESSURED,SHORT,3,1.0,0.7202768861654184,-0.004020959717799539
WSL2021,Carly Mitchell Telford,Chelsea FCW,True,FREE,MEDIUM,4,0.75,0.8267376378924631,0.001283803780624451
WSL2021,Carly Mitchell Telford,Chelsea FCW,True,FREE,SHORT,7,1.0,0.7888972431675654,-0.0001912076558828306
WSL2021,Cecilie Fiskerstrand,Brighton & Hove Albion WFC,False,FREE,LONG,41,0.5121951219512195,0.6972052399333155,-0.004931464094274274
WSL2021,Cecilie Fiskerstrand,Brighton & Hove Albion WFC,False,FREE,MEDIUM,84,0.6309523809523809,0.8107728178621013,-0.0032151788886964927
WSL2021,Cecilie Fiskerstrand,Brighton & Hove Albion WFC,False,FREE,SHORT,83,0.9759036144578314,0.8423477272273999,-0.0029658891584442445
WSL2021,Cecilie Fiskerstrand,Brighton & Hove Albion WFC,False,FREE,VERY_LONG,5,0.6,0.6500447840913759,-0.004630165010202017
WSL2021,Cecilie Fiskerstrand,Brighton & Hove Albion WFC,False,PRESSURED,LONG,1,0.0,0.5,-0.01650299292460957
WSL2021,Cecilie Fiskerstrand,Brighton & Hove Albion WFC,False,PRESSURED,MEDIUM,8,0.25,0.6003216628254333,-0.007215431168031471
WSL2021,Cecilie Fiskerstrand,Brighton & Hove Albion WFC,False,PRESSURED,SHORT,1,1.0,0.47619047619047616,-0.011475983323831526
WSL2021,Cecilie Fiskerstrand,Brighton & Hove Albion WFC,True,FREE,LONG,28,0.4642857142857143,0.730087524946779,-0.0014810688095349734
WSL2021,Cecilie Fiskerstrand,Brighton & Hove Albion WFC,True,FREE,MEDIUM,10,0.9,0.7008763828620992,-0.0023210050633077454
WSL2021,Cecilie Fiskerstrand,Brighton & Hove Albion WFC,True,FREE,SHORT,33,1.0,0.7211513323121058,-0.0019491414120401682
WSL2021,Cecilie Fiskerstrand,Brighton & Hove Albion WFC,True,FREE,VERY_LONG,1,0.0,0.7518796992481203,-0.0010884507289376979
WSL2021,Courtney Brosnan,West Ham United LFC,False,FREE,LONG,83,0.5662650602409639,0.6951609010326427,-0.00552952434604397
WSL2021,Courtney Brosnan,West Ham United LFC,False,FREE,MEDIUM,26,0.9615384615384616,0.875238727604468,-0.002420425198758116
WSL2021,Courtney Brosnan,West Ham United LFC,False,FREE,SHORT,30,1.0,0.8790835747035093,-0.002737626917216564
WSL2021,Courtney Brosnan,West Ham United LFC,False,FREE,VERY_LONG,7,0.5714285714285714,0.5277200236087279,-0.009242992102495785
WSL2021,Courtney Brosnan,West Ham United LFC,False,PRESSURED,LONG,5,0.6,0.6766652458084683,-0.0101341128677018
WSL2021,Courtney Brosnan,West Ham United LFC,False,PRESSURED,MEDIUM,4,0.75,0.579864940610137,-0.0070888027381313425
WSL2021,Courtney Brosnan,West Ham United LFC,False,PRESSURED,SHORT,3,1.0,0.6705882352941176,-0.00841145992920306
WSL2021,Courtney Brosnan,West Ham United LFC,True,FREE,LONG,38,0.5789473684210527,0.7457079490971327,-0.000723020023469458
WSL2021,Courtney Brosnan,West Ham United LFC,True,FREE,MEDIUM,3,0.3333333333333333,0.6855909336211549,-0.0018084475201631577
WSL2021,Courtney Brosnan,West Ham United LFC,True,FREE,SHORT,3,1.0,0.7940212150433944,-0.0007991343125616649
WSL2021,Courtney Brosnan,West Ham United LFC,True,FREE,VERY_LONG,3,0.0,0.7136640859590132,-0.001399364460891224
WSL2021,Ellie Roebuck,Manchester City WFC,False,FREE,LONG,30,0.5333333333333333,0.7790160136272566,-0.0033307726964639794
WSL2021,Ellie Roebuck,Manchester City WFC,False,FREE,MEDIUM,99,0.9191919191919192,0.8390642781516975,-0.002468673850032559
WSL2021,Ellie Roebuck,Manchester City WFC,False,FREE,SHORT,518,0.9980694980694981,0.8478655198411522,-0.00226893798189905
WSL2021,Ellie Roebuck,Manchester City WFC,False,FREE,VERY_LONG,5,0.4,0.6582878608612922,-0.006155845684576541
WSL2021,Ellie Roebuck,Manchester City WFC,False,PRESSURED,LONG,4,0.25,0.6310567043304003,-0.010596233308400062
WSL2021,Ellie Roebuck,Manchester City WFC,False,PRESSURED,MEDIUM,12,0.5,0.6478128451415361,-0.006428554785935278
WSL2021,Ellie Roebuck,Manchester City WFC,False,PRESSURED,SHORT,36,0.9722222222222222,0.6238542634690892,-0.0067645029053621875
WSL2021,Ellie Roebuck,Manchester City WFC,True,FREE,LONG,8,0.5,0.7134485310898753,-0.0016453858955277716
WSL2021,Ellie Roebuck,Manchester City WFC,True,FREE,MEDIUM,10,0.8,0.7522114743346023,-0.0008145552668211899
WSL2021,Ellie Roebuck,Manchester City WFC,True,FREE,SHORT,86,1.0,0.7433661149816413,-0.0012926041748314062
WSL2021,Ellie Roebuck,Manchester City WFC,True,FREE,VERY_LONG,1,0.0,0.6705882352941176,-0.002240218658376047
WSL2021,Grace Moloney,Reading WFC,False,FREE,LONG,153,0.49673202614379086,0.6902723958156374,-0.005420920904826194
WSL2021,Grace Moloney,Reading WFC,False,FREE,MEDIUM,134,0.7388059701492538,0.8333024551641961,-0.0025386091674821005
WSL2021,Grace Moloney,Reading WFC,False,FREE,SHORT,356,0.9915730337078652,0.8501274031558895,-0.0025587562197887177
WSL2021,Grace Moloney,Reading WFC,False,FREE,VERY_LONG,13,0.3076923076923077,0.6762688545402802,-0.0064359380191003224
WSL2021,Grace Moloney,Reading WFC,False,PRESSURED,LONG,13,0.46153846153846156,0.598427593902045,-0.007099116034760961
WSL2021,Grace Moloney,Reading WFC,False,PRESSURED,MEDIUM,15,0.6,0.5860021718929006,-0.010789327601900267
WSL2021,Grace Moloney,Reading WFC,False,PRESSURED,SHORT,31,0.9354838709677419,0.6136904794789344,-0.007724661883618775
WSL2021,Grace Moloney,Reading WFC,False,PRESSURED,VERY_LONG,1,1.0,0.6111111111111112,-0.003927601752120685
WSL2021,Grace Moloney,Reading WFC,True,FREE,LONG,54,0.48148148148148145,0.7076385532327875,-0.002280606369874318
WSL2021,Grace Moloney,Reading WFC,True,FREE,MEDIUM,16,0.6875,0.6768578965902351,-0.0030397879142902476
WSL2021,Grace Moloney,Reading WFC,True,FREE,SHORT,126,1.0,0.7316858182691127,-0.0018204586285195973
WSL2021,Grace Moloney,Reading WFC,True,FREE,VERY_LONG,1,0.0,0.6907216494845362,-0.0022123314625862936
WSL2021,Hannah Hampton,Birmingham City WFC,False,FREE,LONG,174,0.39080459770114945,0.747637574157789,-0.004637335909965097
WSL2021,Hannah Hampton,Birmingham City WFC,False,FREE,MEDIUM,69,0.7101449275362319,0.826386534362063,-0.003367602071764385
WSL2021,Hannah Hampton,Birmingham City WFC,False,FREE,SHORT,205,0.9804878048780488,0.8755047970870069,-0.0017613890619075127
WSL2021,Hannah Hampton,Birmingham City WFC,False,FREE,VERY_LONG,63,0.30158730158730157,0.6311469299783626,-0.0072677575356579075
WSL2021,Hannah Hampton,Birmingham City WFC,False,PRESSURED,LONG,33,0.6060606060606061,0.6260972002495243,-0.00875625657216748
WSL2021,Hannah Hampton,Birmingham City WFC,False,PRESSURED,MEDIUM,19,0.5789473684210527,0.6409765770608106,-0.006604310579862571
WSL2021,Hannah Hampton,Birmingham City WFC,False,PRESSURED,SHORT,19,0.8947368421052632,0.616426725910607,-0.008173668514452788
WSL2021,Hannah Hampton,Birmingham City WFC,False,PRESSURED,VERY_LONG,10,0.4,0.562914963231933,-0.010295000430849835
WSL2021,Hannah Hampton,Birmingham City WFC,True,FREE,LONG,147,0.4489795918367347,0.7186197291789549,-0.0019020756623487273
WSL2021,Hannah Hampton,Birmingham City WFC,True,FREE,MEDIUM,9,0.5555555555555556,0.7921698594578156,-0.0005046219193037744
WSL2021,Hannah Hampton,Birmingham City WFC,True,FREE,SHORT,68,1.0,0.7779049360908372,-0.0009000296384809806
WSL2021,Hannah Hampton,Birmingham City WFC,True,FREE,VERY_LONG,39,0.2564102564102564,0.7042574341382389,-0.0021962767200757916
WSL2021,Karen Bardsley,Manchester City WFC,False,FREE,LONG,1,1.0,0.9142857142857143,-0.0013650753059028275
WSL2021,Karen Bardsley,Manchester City WFC,False,FREE,MEDIUM,2,1.0,0.9124087591240876,0.00018034151239262257
WSL2021,Karen Bardsley,Manchester City WFC,False,FREE,SHORT,20,1.0,0.942411276113768,-0.0006231164238331658
WSL2021,Karen Bardsley,Manchester City WFC,True,FREE,MEDIUM,1,1.0,0.9124087591240876,7.027013626764375e-05
WSL2021,Karen Bardsley,Manchester City WFC,True,FREE,SHORT,2,1.0,0.8703834840396557,0.0023698171818330336
WSL2021,Karima Benameur,Manchester City WFC,False,FREE,LONG,1,0.0,0.8461538461538461,-0.00571425242321766
WSL2021,Karima Benameur,Manchester City WFC,False,FREE,MEDIUM,4,1.0,0.8855421686746987,-0.0009464571079993375
WSL2021,Karima Benameur,Manchester City WFC,False,FREE,SHORT,17,1.0,0.858082962368841,-0.0014189846408512584
WSL2021,Karima Benameur,Manchester City WFC,False,PRESSURED,SHORT,7,1.0,0.6526482152494025,-0.005471784948947435
WSL2021,Karima Benameur,Manchester City WFC,True,FREE,SHORT,2,1.0,0.7155963302752294,-0.0009449052437373795
WSL2021,Karima Benameur,Manchester City WFC,True,FREE,VERY_LONG,1,1.0,0.7155963302752294,-0.00207514685051665
WSL2021,Lisa Weiß,Aston Villa,False,FREE,LONG,140,0.44285714285714284,0.5991207001172462,-0.007756799094016975
WSL2021,Lisa Weiß,Aston Villa,False,FREE,MEDIUM,98,0.6224489795918368,0.7682929578753155,-0.003717865909364671
WSL2021,Lisa Weiß,Aston Villa,False,FREE,SHORT,175,0.9542857142857143,0.8490108915886787,-0.002070264944451796
WSL2021,Lisa Weiß,Aston Villa,False,FREE,VERY_LONG,30,0.16666666666666666,0.535522709761271,-0.009123645258235513
WSL2021,Lisa Weiß,Aston Villa,False,PRESSURED,LONG,8,0.75,0.6827538441546829,-0.0049696507231084775
WSL2021,Lisa Weiß,Aston Villa,False,PRESSURED,MEDIUM,14,0.35714285714285715,0.5665312063873065,-0.009189091813096226
WSL2021,Lisa Weiß,Aston Villa,False,PRESSURED,SHORT,2,0.5,0.6824639289678135,-0.009112456366623991
WSL2021,Lisa Weiß,Aston Villa,False,PRESSURED,VERY_LONG,1,0.0,0.5555555555555556,-0.008152990724082182
WSL2021,Lisa Weiß,Aston Villa,True,FREE,LONG,119,0.3949579831932773,0.7146723303625936,-0.0017849785853988516
WSL2021,Lisa Weiß,Aston Villa,True,FREE,MEDIUM,32,0.78125,0.6943936671154096,-0.002700830096243244
WSL2021,Lisa Weiß,Aston Villa,True,FREE,SHORT,64,1.0,0.7451045709898809,-0.0018652708527062457
WSL2021,Lisa Weiß,Aston Villa,True,FREE,VERY_LONG,5,0.4,0.73541239436076,-0.0010843656337271442
WSL2021,Lisa Weiß,Aston Villa W,False,FREE,LONG,2,0.0,0.7937043795620438,-0.003316982947491988
WSL2021,Lisa Weiß,Aston Villa W,False,FREE,MEDIUM,9,0.5555555555555556,0.8470607639619875,-0.0016552741496560581
WSL2021,Lisa Weiß,Aston Villa W,False,FREE,SHORT,6,0.8333333333333334,0.8054596351218152,-0.00482690826346206
WSL2021,Lisa Weiß,Aston Villa W,False,FREE,VERY_LONG,1,0.0,0.7841726618705036,-0.004313704276038964
WSL2021,Lisa Weiß,Aston Villa W,False,PRESSURED,MEDIUM,2,0.5,0.5420863309352518,-0.01202116518202014
WSL2021,Lisa Weiß,Aston Villa W,True,FREE,LONG,5,0.4,0.695864186699421,-0.0022596692558752877
WSL2021,Lisa Weiß,Aston Villa W,True,FREE,MEDIUM,6,0.6666666666666666,0.6617429500156701,-0.003978872465074772
WSL2021,Lydia Grace Yilkari Williams,Arsenal WFC,False,FREE,LONG,14,0.5,0.7759211863094481,-0.003692514111935867
WSL2021,Lydia Grace Yilkari Williams,Arsenal WFC,False,FREE,MEDIUM,60,0.8666666666666667,0.8450433924752799,-0.0023677266237827153
WSL2021,Lydia Grace Yilkari Williams,Arsenal WFC,False,FREE,SHORT,219,0.9954337899543378,0.8807221545471555,-0.0015404951787649282
WSL2021,Lydia Grace Yilkari Williams,Arsenal WFC,False,FREE,VERY_LONG,1,0.0,0.8463687150837989,-0.00139614150746015
WSL2021,Lydia Grace Yilkari Williams,Arsenal WFC,False,PRESSURED,LONG,2,1.0,0.5916666666666667,-0.010193164020799558
WSL2021,Lydia Grace Yilkari Williams,Arsenal WFC,False,PRESSURED,MEDIUM,7,0.7142857142857143,0.6919129372744743,-0.007602491875751171
WSL2021,Lydia Grace Yilkari Williams,Arsenal WFC,False,PRESSURED,SHORT,8,1.0,0.6587158586685472,-0.00792171499679284
WSL2021,Lydia Grace Yilkari Williams,Arsenal WFC,True,FREE,LONG,6,0.8333333333333334,0.7144512871630299,-0.001921337818068568
WSL2021,Lydia Grace Yilkari Williams,Arsenal WFC,True,FREE,MEDIUM,11,0.7272727272727273,0.7270094343690446,-0.001677740919788611
WSL2021,Lydia Grace Yilkari Williams,Arsenal WFC,True,FREE,SHORT,39,1.0,0.7638845478553257,-0.001027377551389413
WSL2021,Mackenzie Arnold,West Ham United LFC,False,FREE,LONG,171,0.5146198830409356,0.7178399584440016,-0.005325893612608561
WSL2021,Mackenzie Arnold,West Ham United LFC,False,FREE,MEDIUM,161,0.7329192546583851,0.8157394461115294,-0.0033228779129932558
WSL2021,Mackenzie Arnold,West Ham United LFC,False,FREE,SHORT,276,0.9710144927536232,0.8473873045252854,-0.002716322089739199
WSL2021,Mackenzie Arnold,West Ham United LFC,False,FREE,VERY_LONG,23,0.43478260869565216,0.6679045431086185,-0.006491566903188668
WSL2021,Mackenzie Arnold,West Ham United LFC,False,PRESSURED,LONG,16,0.3125,0.6171753834421951,-0.0075627970412084754
WSL2021,Mackenzie Arnold,West Ham United LFC,False,PRESSURED,MEDIUM,13,0.5384615384615384,0.5910966840114866,-0.01063357940288906
WSL2021,Mackenzie Arnold,West Ham United LFC,False,PRESSURED,SHORT,12,0.75,0.5716614411332979,-0.009895968263577509
WSL2021,Mackenzie Arnold,West Ham United LFC,False,PRESSURED,VERY_LONG,2,0.5,0.6471698113207547,-0.0026367204327357495
WSL2021,Mackenzie Arnold,West Ham United LFC,True,FREE,LONG,70,0.6,0.696032383627701,-0.0023627591712133455
WSL2021,Mackenzie Arnold,West Ham United LFC,True,FREE,MEDIUM,20,0.7,0.7011601521799409,-0.002362356050966076
WSL2021,Mackenzie Arnold,West Ham United LFC,True,FREE,SHORT,45,1.0,0.734027533714957,-0.0017123351826426032
WSL2021,Mackenzie Arnold,West Ham United LFC,True,FREE,VERY_LONG,3,0.0,0.6406485609073308,-0.004393077964369084
WSL2021,Manuela Zinsberger,Arsenal WFC,False,FREE,LONG,44,0.5,0.8325450943699478,-0.0025053690514677345
WSL2021,Manuela Zinsberger,Arsenal WFC,False,FREE,MEDIUM,91,0.8461538461538461,0.8793132249121236,-0.0018853577316353157
WSL2021,Manuela Zinsberger,Arsenal WFC,False,FREE,SHORT,381,0.994750656167979,0.8948263098158104,-0.0016988326873500796
WSL2021,Manuela Zinsberger,Arsenal WFC,False,FREE,VERY_LONG,2,0.0,0.6850124378109452,-0.005284269009398907
WSL2021,Manuela Zinsberger,Arsenal WFC,False,PRESSURED,LONG,11,0.18181818181818182,0.688299663374125,-0.005150190037024913
WSL2021,Manuela Zinsberger,Arsenal WFC,False,PRESSURED,MEDIUM,20,0.55,0.6909533765630409,-0.006837382922465836
WSL2021,Manuela Zinsberger,Arsenal WFC,False,PRESSURED,SHORT,25,0.92,0.7055470984271065,-0.005971016687743628
WSL2021,Manuela Zinsberger,Arsenal WFC,True,FREE,LONG,18,0.4444444444444444,0.783495683063542,-0.00028816988043083816
WSL2021,Manuela Zinsberger,Arsenal WFC,True,FREE,MEDIUM,20,0.65,0.787779013860354,-0.00043968734179066816
WSL2021,Manuela Zinsberger,Arsenal WFC,True,FREE,SHORT,53,1.0,0.7912606138800841,-0.00019128400390893
WSL2021,Manuela Zinsberger,Arsenal WFC,True,FREE,VERY_LONG,2,0.0,0.8235750776319744,0.0015138645186777995
WSL2021,Mary Alexandra Earps,Manchester United,False,FREE,LONG,55,0.5636363636363636,0.7726329524801259,-0.003999439868665029
WSL2021,Mary Alexandra Earps,Manchester United,False,FREE,MEDIUM,63,0.7301587301587301,0.8330074445173213,-0.0025152355782454053
WSL2021,Mary Alexandra Earps,Manchester United,False,FREE,SHORT,173,0.9942196531791907,0.8642905552582276,-0.002428786751545202
WSL2021,Mary Alexandra Earps,Manchester United,False,FREE,VERY_LONG,6,0.16666666666666666,0.8118607989067791,-0.0026582263053830046
WSL2021,Mary Alexandra Earps,Manchester United,False,PRESSURED,LONG,4,0.75,0.6539606056078491,-0.007025112214712086
WSL2021,Mary Alexandra Earps,Manchester United,False,PRESSURED,MEDIUM,7,0.14285714285714285,0.6673680311032028,-0.007398461582597364
WSL2021,Mary Alexandra Earps,Manchester United,False,PRESSURED,SHORT,7,0.7142857142857143,0.7088469863699591,-0.0054794780014749645
WSL2021,Mary Alexandra Earps,Manchester United,True,FREE,LONG,31,0.6129032258064516,0.7350039461683313,-0.0013533471540988272
WSL2021,Mary Alexandra Earps,Manchester United,True,FREE,MEDIUM,8,1.0,0.7693787031200363,-0.0009389391531848583
WSL2021,Mary Alexandra Earps,Manchester United,True,FREE,SHORT,34,1.0,0.8141584596987654,-0.0003325344001682463
WSL2021,Mary Alexandra Earps,Manchester United,True,FREE,VERY_LONG,3,0.3333333333333333,0.7550335570469798,-0.0018159447721675147
WSL2021,Mary Alexandra Earps,Manchester United W,False,FREE,LONG,42,0.5476190476190477,0.8202211292450876,-0.002823901758674224
WSL2021,Mary Alexandra Earps,Manchester United W,False,FREE,MEDIUM,55,0.8545454545454545,0.8503146122745404,-0.0026146660103538665
WSL2021,Mary Alexandra Earps,Manchester United W,False,FREE,SHORT,197,0.9746192893401016,0.8904542266213717,-0.0017253393861388236
WSL2021,Mary Alexandra Earps,Manchester United W,False,FREE,VERY_LONG,8,0.25,0.7740686220772433,-0.002939028338491053
WSL2021,Mary Alexandra Earps,Manchester United W,False,PRESSURED,LONG,10,0.5,0.633413952444478,-0.009557623139098454
WSL2021,Mary Alexandra Earps,Manchester United W,False,PRESSURED,MEDIUM,12,0.5833333333333334,0.6547600201779736,-0.005361398653577452
WSL2021,Mary Alexandra Earps,Manchester United W,False,PRESSURED,SHORT,13,1.0,0.6909956435517591,-0.006553088125724421
WSL2021,Mary Alexandra Earps,Manchester United W,False,PRESSURED,VERY_LONG,1,0.0,0.6705882352941176,-0.005799675805549086
WSL2021,Mary Alexandra Earps,Manchester United W,True,FREE,LONG,16,0.5625,0.7339822080560084,-0.0012317733195560461
WSL2021,Mary Alexandra Earps,Manchester United W,True,FREE,MEDIUM,5,0.8,0.7489887847671033,-0.0016071804789576567
WSL2021,Mary Alexandra Earps,Manchester United W,True,FREE,SHORT,43,1.0,0.7882750817172057,-0.0006416253279658833
WSL2021,Mary Alexandra Earps,Manchester United W,True,FREE,VERY_LONG,2,0.5,0.71501677852349,-0.0022841119523969397
WSL2021,Megan Walsh,Brighton & Hove Albion WFC,False,FREE,LONG,106,0.5188679245283019,0.6976693162758836,-0.005504922449008266
WSL2021,Megan Walsh,Brighton & Hove Albion WFC,False,FREE,MEDIUM,115,0.7304347826086957,0.8113028483003215,-0.0031327537451096323
WSL2021,Megan Walsh,Brighton & Hove Albion WFC,False,FREE,SHORT,159,0.9685534591194969,0.8676171764017071,-0.002351258203990968
WSL2021,Megan Walsh,Brighton & Hove Albion WFC,False,FREE,VERY_LONG,14,0.14285714285714285,0.48253172017561824,-0.010640396308162273
WSL2021,Megan Walsh,Brighton & Hove Albion WFC,False,PRESSURED,LONG,10,0.1,0.46660409692332216,-0.01410794160587272
WSL2021,Megan Walsh,Brighton & Hove Albion WFC,False,PRESSURED,MEDIUM,28,0.42857142857142855,0.5629690721855499,-0.010317164185211666
WSL2021,Megan Walsh,Brighton & Hove Albion WFC,False,PRESSURED,SHORT,18,0.7222222222222222,0.5986132882342636,-0.009416474740168723
WSL2021,Megan Walsh,Brighton & Hove Albion WFC,False,PRESSURED,VERY_LONG,1,0.0,0.6943396226415094,-0.0061202317126487485
WSL2021,Megan Walsh,Brighton & Hove Albion WFC,True,FREE,LONG,66,0.6060606060606061,0.7040573704559481,-0.0023815483025267773
WSL2021,Megan Walsh,Brighton & Hove Albion WFC,True,FREE,MEDIUM,21,0.8571428571428571,0.7270188624324737,-0.0013510683945969328
WSL2021,Megan Walsh,Brighton & Hove Albion WFC,True,FREE,SHORT,55,1.0,0.7607660214554302,-0.0011837364690732931
WSL2021,Megan Walsh,Brighton & Hove Albion WFC,True,FREE,VERY_LONG,3,0.3333333333333333,0.6657652255601527,-0.002933655847013593
WSL2021,Rebecca Leigh Spencer,Tottenham Hotspur Women,False,FREE,LONG,106,0.42452830188679247,0.766603545651787,-0.0037939575270915875
WSL2021,Rebecca Leigh Spencer,Tottenham Hotspur Women,False,FREE,MEDIUM,83,0.7951807228915663,0.8156318568761998,-0.0029108322449962636
WSL2021,Rebecca Leigh Spencer,Tottenham Hotspur Women,False,FREE,SHORT,260,0.9846153846153847,0.8313556728493344,-0.002150319745538471
WSL2021,Rebecca Leigh Spencer,Tottenham Hotspur Women,False,FREE,VERY_LONG,8,0.25,0.7619348557765548,-0.00276623063253755
WSL2021,Rebecca Leigh Spencer,Tottenham Hotspur Women,False,PRESSURED,LONG,16,0.4375,0.5741595421141817,-0.009867327290506996
WSL2021,Rebecca Leigh Spencer,Tottenham Hotspur Women,False,PRESSURED,MEDIUM,12,0.8333333333333334,0.5856612943925437,-0.006862865538597542
WSL2021,Rebecca Leigh Spencer,Tottenham Hotspur Women,False,PRESSURED,SHORT,8,1.0,0.5023439764116489,-0.011400205017540778
WSL2021,Rebecca Leigh Spencer,Tottenham Hotspur Women,False,PRESSURED,VERY_LONG,2,0.5,0.5538847117794485,-0.010843921974758284
WSL2021,Rebecca Leigh Spencer,Tottenham Hotspur Women,True,FREE,LONG,45,0.5777777777777777,0.7375366630573675,-0.0016163450916828553
WSL2021,Rebecca Leigh Spencer,Tottenham Hotspur Women,True,FREE,MEDIUM,23,0.6521739130434783,0.710845428788849,-0.0020177127447558577
WSL2021,Rebecca Leigh Spencer,Tottenham Hotspur Women,True,FREE,SHORT,80,1.0,0.7356474152095176,-0.001784359922505194
WSL2021,Rebecca Leigh Spencer,Tottenham Hotspur Women,True,FREE,VERY_LONG,4,0.25,0.6843672231024265,-0.0025120098894301423
WSL2021,Sian Rogers,Aston Villa,False,FREE,LONG,6,0.3333333333333333,0.7700207502512725,-0.0023239668380208496
WSL2021,Sian Rogers,Aston Villa,False,FREE,MEDIUM,10,0.7,0.8538207057659448,-0.0013138061323719366
WSL2021,Sian Rogers,Aston Villa,False,FREE,SHORT,12,0.9166666666666666,0.7763539592398653,-0.002917873267720176
WSL2021,Sian Rogers,Aston Villa,False,FREE,VERY_LONG,1,0.0,0.7550335570469798,-0.004014041111865197
WSL2021,Sian Rogers,Aston Villa,False,PRESSURED,LONG,6,0.5,0.5356682769726248,-0.012843406331027984
WSL2021,Sian Rogers,Aston Villa,False,PRESSURED,SHORT,1,0.0,0.5416666666666666,-0.013908877344133546
WSL2021,Sian Rogers,Aston Villa,True,FREE,LONG,4,0.75,0.7449056512012451,-0.0022647764938808
WSL2021,Sian Rogers,Aston Villa,True,FREE,MEDIUM,1,0.0,0.7550335570469798,-0.0006098394630788357
WSL2021,Sian Rogers,Aston Villa,True,FREE,SHORT,10,0.9,0.7537202079201555,-0.0020809654532364342
WSL2021,Sophie Baggaley,Bristol City WFC,False,FREE,LONG,229,0.49344978165938863,0.7241962613015939,-0.00496776372003109
WSL2021,Sophie Baggaley,Bristol City WFC,False,FREE,MEDIUM,93,0.6989247311827957,0.82024998935602,-0.0035184509868348393
WSL2021,Sophie Baggaley,Bristol City WFC,False,FREE,SHORT,133,0.9924812030075187,0.8393950642235283,-0.003469077591709315
WSL2021,Sophie Baggaley,Bristol City WFC,False,FREE,VERY_LONG,50,0.4,0.6357441525482289,-0.0068577757255775616
WSL2021,Sophie Baggaley,Bristol City WFC,False,PRESSURED,LONG,30,0.43333333333333335,0.5463369049745245,-0.009608985953302717
WSL2021,Sophie Baggaley,Bristol City WFC,False,PRESSURED,MEDIUM,20,0.5,0.544649935224105,-0.010047064687971834
WSL2021,Sophie Baggaley,Bristol City WFC,False,PRESSURED,SHORT,11,0.7272727272727273,0.565738108057658,-0.0093916015870478
WSL2021,Sophie Baggaley,Bristol City WFC,False,PRESSURED,VERY_LONG,5,0.0,0.48821753091480496,-0.011824432552990084
WSL2021,Sophie Baggaley,Bristol City WFC,True,FREE,LONG,173,0.43352601156069365,0.7095674909156121,-0.0021912606066303605
WSL2021,Sophie Baggaley,Bristol City WFC,True,FREE,MEDIUM,14,0.7142857142857143,0.7049109489531621,-0.002281602796933163
WSL2021,Sophie Baggaley,Bristol City WFC,True,FREE,SHORT,48,1.0,0.7239865245276991,-0.001838633910043994
WSL2021,Sophie Baggaley,Bristol City WFC,True,FREE,VERY_LONG,16,0.0625,0.7298276905355703,-0.0016706630035872058
WSL2021,Tinja-Riikka Tellervo Korpela,Everton LFC,False,FREE,LONG,10,0.6,0.7105257323897931,-0.004284691919288891
WSL2021,Tinja-Riikka Tellervo Korpela,Everton LFC,False,FREE,MEDIUM,23,0.9130434782608695,0.8687431590985588,-0.0018731507377098525
WSL2021,Tinja-Riikka Tellervo Korpela,Everton LFC,False,FREE,SHORT,158,0.9936708860759493,0.8843654812977847,-0.0020756449071945775
WSL2021,Tinja-Riikka Tellervo Korpela,Everton LFC,False,PRESSURED,LONG,2,0.5,0.6749786871270247,-0.0027484580518563027
WSL2021,Tinja-Riikka Tellervo Korpela,Everton LFC,False,PRESSURED,MEDIUM,6,0.5,0.6005032206119163,-0.006842030399841635
WSL2021,Tinja-Riikka Tellervo Korpela,Everton LFC,False,PRESSURED,SHORT,8,0.875,0.6904582279609636,-0.0072443152429626356
WSL2021,Tinja-Riikka Tellervo Korpela,Everton LFC,True,FREE,SHORT,27,1.0,0.7629087701111805,-0.0008346425543064017
WSL2021,Zecira Musovic,Chelsea FCW,False,FREE,LONG,12,0.25,0.7434266879840442,-0.0036573163401891376
WSL2021,Zecira Musovic,Chelsea FCW,False,FREE,MEDIUM,11,0.7272727272727273,0.8385781566812004,-0.00248070658089685
WSL2021,Zecira Musovic,Chelsea FCW,False,FREE,SHORT,15,1.0,0.8913498242736858,-0.0008665465423958463
WSL2021,Zecira Musovic,Chelsea FCW,False,FREE,VERY_LONG,2,0.5,0.6022088353413655,-0.009816951691306572
WSL2021,Zecira Musovic,Chelsea FCW,False,PRESSURED,LONG,1,0.0,0.6705882352941176,-0.005799675805549086
WSL2021,Zecira Musovic,Chelsea FCW,False,PRESSURED,MEDIUM,1,0.0,0.6705882352941176,-0.0019717492855629935
WSL2021,Zecira Musovic,Chelsea FCW,False,PRESSURED,VERY_LONG,1,0.0,0.6705882352941176,-0.005799675805549086
WSL2021,Zecira Musovic,Chelsea FCW,True,FREE,LONG,8,0.5,0.7155963302752294,-0.0016513062479744235
WSL2021,Zecira Musovic,Chelsea FCW,True,FREE,MEDIUM,3,1.0,0.7528556969346442,-0.0005954911699981662
WSL2021,Zecira Musovic,Chelsea FCW,True,FREE,SHORT,2,1.0,0.7518796992481203,-0.00038882247396368605
WSL2021,Zecira Musovic,Chelsea FCW,True,FREE,VERY_LONG,1,1.0,0.7155963302752294,-0.00207514685051665
