cohort,keeper,team,goal_kick,pressure,choice_bin,choice_length_source,choice_observable_n,all_action_n,coverage,frequency,retention,xR,value
PL1516,Adam Federici,AFC Bournemouth,False,FREE,LONG,provider_target_geometry,87,93,0.9354838709677419,0.22988505747126436,0.65,0.6435455207217002,-0.0055784765519002865
PL1516,Adam Federici,AFC Bournemouth,False,FREE,MEDIUM,provider_target_geometry,87,93,0.9354838709677419,0.1839080459770115,0.875,0.7100429285192481,-0.004286808580986545
PL1516,Adam Federici,AFC Bournemouth,False,FREE,SHORT,provider_target_geometry,87,93,0.9354838709677419,0.5747126436781609,1.0,0.7853620528147416,-0.0029364176001003828
PL1516,Adam Federici,AFC Bournemouth,False,FREE,VERY_LONG,provider_target_geometry,87,93,0.9354838709677419,0.011494252873563218,0.0,0.6071428571428571,-0.005917087417647397
PL1516,Adam Federici,AFC Bournemouth,False,PRESSURED,LONG,provider_target_geometry,6,8,0.75,0.8333333333333334,0.2,0.5175633023894122,-0.00940551760790172
PL1516,Adam Federici,AFC Bournemouth,False,PRESSURED,MEDIUM,provider_target_geometry,6,8,0.75,0.16666666666666666,1.0,0.5269461077844312,-0.0041141885432705305
PL1516,Adam Federici,AFC Bournemouth,True,FREE,LONG,provider_target_geometry,25,29,0.8620689655172413,0.76,0.7368421052631579,0.6379158013438243,-0.0032166781158193556
PL1516,Adam Federici,AFC Bournemouth,True,FREE,MEDIUM,provider_target_geometry,25,29,0.8620689655172413,0.04,1.0,0.5770392749244712,-0.00387296300674645
PL1516,Adam Federici,AFC Bournemouth,True,FREE,SHORT,provider_target_geometry,25,29,0.8620689655172413,0.12,1.0,0.6203150807915808,-0.004778232198186016
PL1516,Adam Federici,AFC Bournemouth,True,FREE,VERY_LONG,provider_target_geometry,25,29,0.8620689655172413,0.08,0.5,0.6172282866635026,-0.0029275909358116177
PL1516,Adrián San Miguel del Castillo,West Ham United,False,FREE,LONG,provider_target_geometry,535,632,0.8465189873417721,0.4,0.5560747663551402,0.6422984110795728,-0.005834890961891048
PL1516,Adrián San Miguel del Castillo,West Ham United,False,FREE,MEDIUM,provider_target_geometry,535,632,0.8465189873417721,0.17757009345794392,0.9473684210526315,0.8185253489866181,-0.0027221590440705433
PL1516,Adrián San Miguel del Castillo,West Ham United,False,FREE,SHORT,provider_target_geometry,535,632,0.8465189873417721,0.31962616822429907,1.0,0.8203379781848953,-0.002584078365748718
PL1516,Adrián San Miguel del Castillo,West Ham United,False,FREE,VERY_LONG,provider_target_geometry,535,632,0.8465189873417721,0.102803738317757,0.5818181818181818,0.6069183480678387,-0.0054982189017893385
PL1516,Adrián San Miguel del Castillo,West Ham United,False,PRESSURED,LONG,provider_target_geometry,56,69,0.8115942028985508,0.6607142857142857,0.5405405405405406,0.49921825021568106,-0.008414458054606846
PL1516,Adrián San Miguel del Castillo,West Ham United,False,PRESSURED,MEDIUM,provider_target_geometry,56,69,0.8115942028985508,0.17857142857142858,0.9,0.508743651908192,-0.007676854840278735
PL1516,Adrián San Miguel del Castillo,West Ham United,False,PRESSURED,SHORT,provider_target_geometry,56,69,0.8115942028985508,0.03571428571428571,1.0,0.5094223046030275,-0.008597903309015505
PL1516,Adrián San Miguel del Castillo,West Ham United,False,PRESSURED,VERY_LONG,provider_target_geometry,56,69,0.8115942028985508,0.125,0.2857142857142857,0.49808643435486094,-0.007242429401417607
PL1516,Adrián San Miguel del Castillo,West Ham United,True,FREE,LONG,provider_target_geometry,237,288,0.8229166666666666,0.5527426160337553,0.7175572519083969,0.5957349116147818,-0.003900020512658443
PL1516,Adrián San Miguel del Castillo,West Ham United,True,FREE,MEDIUM,provider_target_geometry,237,288,0.8229166666666666,0.08860759493670886,1.0,0.6009811011852518,-0.004066155327269459
PL1516,Adrián San Miguel del Castillo,West Ham United,True,FREE,SHORT,provider_target_geometry,237,288,0.8229166666666666,0.15611814345991562,1.0,0.6118652994018131,-0.003878295143927639
PL1516,Adrián San Miguel del Castillo,West Ham United,True,FREE,VERY_LONG,provider_target_geometry,237,288,0.8229166666666666,0.20253164556962025,0.6666666666666666,0.5878390733324567,-0.0040648136796815545
PL1516,Alex McCarthy,Crystal Palace,False,FREE,LONG,provider_target_geometry,105,141,0.7446808510638298,0.4666666666666667,0.6938775510204082,0.6473574853873791,-0.005478561589557583
PL1516,Alex McCarthy,Crystal Palace,False,FREE,MEDIUM,provider_target_geometry,105,141,0.7446808510638298,0.09523809523809523,0.9,0.7575800022766335,-0.004148948475789132
PL1516,Alex McCarthy,Crystal Palace,False,FREE,SHORT,provider_target_geometry,105,141,0.7446808510638298,0.18095238095238095,1.0,0.7400598801074227,-0.003915830572294839
PL1516,Alex McCarthy,Crystal Palace,False,FREE,VERY_LONG,provider_target_geometry,105,141,0.7446808510638298,0.2571428571428571,0.48148148148148145,0.5837804688151473,-0.0066830437788571164
PL1516,Alex McCarthy,Crystal Palace,False,PRESSURED,LONG,provider_target_geometry,3,9,0.3333333333333333,0.6666666666666666,1.0,0.5128205128205128,-0.00983573762212266
PL1516,Alex McCarthy,Crystal Palace,False,PRESSURED,MEDIUM,provider_target_geometry,3,9,0.3333333333333333,0.3333333333333333,0.0,0.5128205128205128,-0.008396217747872203
PL1516,Alex McCarthy,Crystal Palace,True,FREE,LONG,provider_target_geometry,45,70,0.6428571428571429,0.37777777777777777,0.6470588235294118,0.5857935418757982,-0.0040075963609818716
PL1516,Alex McCarthy,Crystal Palace,True,FREE,MEDIUM,provider_target_geometry,45,70,0.6428571428571429,0.08888888888888889,1.0,0.6037891848528083,-0.0033578870488001024
PL1516,Alex McCarthy,Crystal Palace,True,FREE,SHORT,provider_target_geometry,45,70,0.6428571428571429,0.06666666666666667,1.0,0.5950648408105579,-0.004503971373875222
PL1516,Alex McCarthy,Crystal Palace,True,FREE,VERY_LONG,provider_target_geometry,45,70,0.6428571428571429,0.4666666666666667,0.8095238095238095,0.5799068690964267,-0.004278872888887703
PL1516,Artur Boruc,AFC Bournemouth,False,FREE,LONG,provider_target_geometry,536,615,0.8715447154471545,0.27425373134328357,0.5850340136054422,0.6856896994293028,-0.004477855469476487
PL1516,Artur Boruc,AFC Bournemouth,False,FREE,MEDIUM,provider_target_geometry,536,615,0.8715447154471545,0.21082089552238806,0.9646017699115044,0.7996780552980725,-0.003169049543451393
PL1516,Artur Boruc,AFC Bournemouth,False,FREE,SHORT,provider_target_geometry,536,615,0.8715447154471545,0.42350746268656714,0.986784140969163,0.799489763735152,-0.0029078570849318543
PL1516,Artur Boruc,AFC Bournemouth,False,FREE,VERY_LONG,provider_target_geometry,536,615,0.8715447154471545,0.0914179104477612,0.42857142857142855,0.6123455201581761,-0.005189583260248431
PL1516,Artur Boruc,AFC Bournemouth,False,PRESSURED,LONG,provider_target_geometry,24,28,0.8571428571428571,0.7916666666666666,0.42105263157894735,0.510568514279221,-0.0074119492290592335
PL1516,Artur Boruc,AFC Bournemouth,False,PRESSURED,MEDIUM,provider_target_geometry,24,28,0.8571428571428571,0.08333333333333333,1.0,0.45990162532078704,-0.009527210397006766
PL1516,Artur Boruc,AFC Bournemouth,False,PRESSURED,SHORT,provider_target_geometry,24,28,0.8571428571428571,0.125,1.0,0.49567200917286763,-0.005737461718019813
PL1516,Artur Boruc,AFC Bournemouth,True,FREE,LONG,provider_target_geometry,212,264,0.803030303030303,0.4528301886792453,0.6666666666666666,0.6057566192275182,-0.004057207132189033
PL1516,Artur Boruc,AFC Bournemouth,True,FREE,MEDIUM,provider_target_geometry,212,264,0.803030303030303,0.1792452830188679,0.9473684210526315,0.6319673618848487,-0.0034511023471526098
PL1516,Artur Boruc,AFC Bournemouth,True,FREE,SHORT,provider_target_geometry,212,264,0.803030303030303,0.25,1.0,0.6311609804097931,-0.003483104783833322
PL1516,Artur Boruc,AFC Bournemouth,True,FREE,VERY_LONG,provider_target_geometry,212,264,0.803030303030303,0.1179245283018868,0.48,0.584670383247418,-0.004417044787112207
PL1516,Asmir Begović,Chelsea,False,FREE,LONG,provider_target_geometry,242,278,0.8705035971223022,0.30578512396694213,0.5135135135135135,0.6306027033207917,-0.005507875432475384
PL1516,Asmir Begović,Chelsea,False,FREE,MEDIUM,provider_target_geometry,242,278,0.8705035971223022,0.15702479338842976,0.8947368421052632,0.8058718227337776,-0.003197864449674976
PL1516,Asmir Begović,Chelsea,False,FREE,SHORT,provider_target_geometry,242,278,0.8705035971223022,0.4132231404958678,1.0,0.7977160332156812,-0.0031002930402732015
PL1516,Asmir Begović,Chelsea,False,FREE,VERY_LONG,provider_target_geometry,242,278,0.8705035971223022,0.12396694214876033,0.3,0.602755039969115,-0.005846741594285544
PL1516,Asmir Begović,Chelsea,False,PRESSURED,LONG,provider_target_geometry,16,24,0.6666666666666666,0.75,0.3333333333333333,0.5029142633929887,-0.008987515720314771
PL1516,Asmir Begović,Chelsea,False,PRESSURED,MEDIUM,provider_target_geometry,16,24,0.6666666666666666,0.125,0.5,0.5237369890835237,-0.008664745275187527
PL1516,Asmir Begović,Chelsea,False,PRESSURED,SHORT,provider_target_geometry,16,24,0.6666666666666666,0.0625,0.0,0.5346534653465346,-0.004421382992462114
PL1516,Asmir Begović,Chelsea,False,PRESSURED,VERY_LONG,provider_target_geometry,16,24,0.6666666666666666,0.0625,0.0,0.5060240963855422,-0.01082315709910095
PL1516,Asmir Begović,Chelsea,True,FREE,LONG,provider_target_geometry,82,106,0.7735849056603774,0.25609756097560976,0.5714285714285714,0.5853128072129486,-0.004509764254921496
PL1516,Asmir Begović,Chelsea,True,FREE,MEDIUM,provider_target_geometry,82,106,0.7735849056603774,0.17073170731707318,1.0,0.6039520543217358,-0.0037368065486546092
PL1516,Asmir Begović,Chelsea,True,FREE,SHORT,provider_target_geometry,82,106,0.7735849056603774,0.15853658536585366,1.0,0.6110359626885383,-0.0028958993696338664
PL1516,Asmir Begović,Chelsea,True,FREE,VERY_LONG,provider_target_geometry,82,106,0.7735849056603774,0.4146341463414634,0.4117647058823529,0.6005073925726979,-0.0037008301748843557
PL1516,Ben Foster,West Bromwich Albion,False,FREE,LONG,provider_target_geometry,223,253,0.8814229249011858,0.5067264573991032,0.6902654867256637,0.6781483169902893,-0.004949980318666208
PL1516,Ben Foster,West Bromwich Albion,False,FREE,MEDIUM,provider_target_geometry,223,253,0.8814229249011858,0.08968609865470852,0.9,0.8652845827825804,-0.0016901886590847375
PL1516,Ben Foster,West Bromwich Albion,False,FREE,SHORT,provider_target_geometry,223,253,0.8814229249011858,0.20179372197309417,1.0,0.8440332327765957,-0.0022524578140044353
PL1516,Ben Foster,West Bromwich Albion,False,FREE,VERY_LONG,provider_target_geometry,223,253,0.8814229249011858,0.20179372197309417,0.6888888888888889,0.630807456963545,-0.005786061332562912
PL1516,Ben Foster,West Bromwich Albion,False,PRESSURED,LONG,provider_target_geometry,10,12,0.8333333333333334,0.9,0.8888888888888888,0.4991749337953467,-0.007444808936581632
PL1516,Ben Foster,West Bromwich Albion,False,PRESSURED,VERY_LONG,provider_target_geometry,10,12,0.8333333333333334,0.1,0.0,0.5269461077844312,-0.006647166804136965
PL1516,Ben Foster,West Bromwich Albion,True,FREE,LONG,provider_target_geometry,120,141,0.851063829787234,0.4666666666666667,0.6785714285714286,0.6286534509230556,-0.0034252900454813558
PL1516,Ben Foster,West Bromwich Albion,True,FREE,MEDIUM,provider_target_geometry,120,141,0.851063829787234,0.016666666666666666,1.0,0.6108371977328856,-0.0034642233196751034
PL1516,Ben Foster,West Bromwich Albion,True,FREE,VERY_LONG,provider_target_geometry,120,141,0.851063829787234,0.5166666666666667,0.6451612903225806,0.6225790678051937,-0.0035650279120577754
PL1516,Bradley Guzan,Aston Villa,False,FREE,LONG,provider_target_geometry,486,561,0.8663101604278075,0.4794238683127572,0.5836909871244635,0.6896476660904727,-0.004607476900591159
PL1516,Bradley Guzan,Aston Villa,False,FREE,MEDIUM,provider_target_geometry,486,561,0.8663101604278075,0.15432098765432098,0.9866666666666667,0.8342622499084058,-0.0019412379370877765
PL1516,Bradley Guzan,Aston Villa,False,FREE,SHORT,provider_target_geometry,486,561,0.8663101604278075,0.2736625514403292,0.9924812030075187,0.833886134966286,-0.0025841959450730134
PL1516,Bradley Guzan,Aston Villa,False,FREE,VERY_LONG,provider_target_geometry,486,561,0.8663101604278075,0.09259259259259259,0.5111111111111111,0.6265661555174706,-0.005402839371108795
PL1516,Bradley Guzan,Aston Villa,False,PRESSURED,LONG,provider_target_geometry,41,49,0.8367346938775511,0.7073170731707317,0.4827586206896552,0.5229503083796676,-0.009335861377806343
PL1516,Bradley Guzan,Aston Villa,False,PRESSURED,MEDIUM,provider_target_geometry,41,49,0.8367346938775511,0.17073170731707318,0.8571428571428571,0.5239703297225942,-0.008615195446188427
PL1516,Bradley Guzan,Aston Villa,False,PRESSURED,SHORT,provider_target_geometry,41,49,0.8367346938775511,0.0975609756097561,1.0,0.5312735081328219,-0.004497092840269018
PL1516,Bradley Guzan,Aston Villa,False,PRESSURED,VERY_LONG,provider_target_geometry,41,49,0.8367346938775511,0.024390243902439025,0.0,0.5128205128205128,-0.006473815801619713
PL1516,Bradley Guzan,Aston Villa,True,FREE,LONG,provider_target_geometry,178,224,0.7946428571428571,0.7359550561797753,0.7022900763358778,0.6457292734522871,-0.0033136589715944504
PL1516,Bradley Guzan,Aston Villa,True,FREE,MEDIUM,provider_target_geometry,178,224,0.7946428571428571,0.05056179775280899,1.0,0.6471033347670296,-0.0030364644670133846
PL1516,Bradley Guzan,Aston Villa,True,FREE,SHORT,provider_target_geometry,178,224,0.7946428571428571,0.07865168539325842,1.0,0.6122668576952542,-0.0035460504591578743
PL1516,Bradley Guzan,Aston Villa,True,FREE,VERY_LONG,provider_target_geometry,178,224,0.7946428571428571,0.1348314606741573,0.7083333333333334,0.6394332483193024,-0.0034865848202828907
PL1516,Carl Jenkinson,West Ham United,False,FREE,VERY_LONG,provider_target_geometry,1,1,1.0,1.0,1.0,0.591324200913242,-0.0013581098557674531
PL1516,Carl Jenkinson,West Ham United,True,FREE,LONG,provider_target_geometry,1,1,1.0,1.0,1.0,0.591324200913242,-0.005003882106131557
PL1516,Costel Fane Pantilimon,Sunderland,False,FREE,LONG,provider_target_geometry,302,382,0.7905759162303665,0.45364238410596025,0.5255474452554745,0.6575040925449853,-0.005002119839519329
PL1516,Costel Fane Pantilimon,Sunderland,False,FREE,MEDIUM,provider_target_geometry,302,382,0.7905759162303665,0.1423841059602649,0.9534883720930233,0.7653517158742666,-0.0035461833726792564
PL1516,Costel Fane Pantilimon,Sunderland,False,FREE,SHORT,provider_target_geometry,302,382,0.7905759162303665,0.28807947019867547,1.0,0.815870836061772,-0.0025418400044422674
PL1516,Costel Fane Pantilimon,Sunderland,False,FREE,VERY_LONG,provider_target_geometry,302,382,0.7905759162303665,0.11589403973509933,0.4,0.5754559844521783,-0.006544971445020342
PL1516,Costel Fane Pantilimon,Sunderland,False,PRESSURED,LONG,provider_target_geometry,18,27,0.6666666666666666,0.5555555555555556,0.4,0.5116230360590348,-0.007942403872568336
PL1516,Costel Fane Pantilimon,Sunderland,False,PRESSURED,MEDIUM,provider_target_geometry,18,27,0.6666666666666666,0.3333333333333333,0.5,0.5319699026105041,-0.006266812701981532
PL1516,Costel Fane Pantilimon,Sunderland,False,PRESSURED,SHORT,provider_target_geometry,18,27,0.6666666666666666,0.1111111111111111,1.0,0.48533528051600344,-0.005559888894181169
PL1516,Costel Fane Pantilimon,Sunderland,True,FREE,LONG,provider_target_geometry,127,150,0.8466666666666667,0.7322834645669292,0.5913978494623656,0.6036757240594809,-0.0035964161795962292
PL1516,Costel Fane Pantilimon,Sunderland,True,FREE,MEDIUM,provider_target_geometry,127,150,0.8466666666666667,0.06299212598425197,1.0,0.6113715950200651,-0.003927642570346505
PL1516,Costel Fane Pantilimon,Sunderland,True,FREE,SHORT,provider_target_geometry,127,150,0.8466666666666667,0.08661417322834646,1.0,0.6255025882751972,-0.0036189533808480747
PL1516,Costel Fane Pantilimon,Sunderland,True,FREE,VERY_LONG,provider_target_geometry,127,150,0.8466666666666667,0.11811023622047244,0.6,0.6072154413894825,-0.0036867030905313293
PL1516,Danny Ward,Liverpool,False,FREE,LONG,provider_target_geometry,43,46,0.9347826086956522,0.3953488372093023,0.35294117647058826,0.6214226441678592,-0.005608466304129426
PL1516,Danny Ward,Liverpool,False,FREE,MEDIUM,provider_target_geometry,43,46,0.9347826086956522,0.09302325581395349,1.0,0.8266227484035918,-0.0032144199279108684
PL1516,Danny Ward,Liverpool,False,FREE,SHORT,provider_target_geometry,43,46,0.9347826086956522,0.46511627906976744,1.0,0.7946338715969745,-0.002697233180308585
PL1516,Danny Ward,Liverpool,False,FREE,VERY_LONG,provider_target_geometry,43,46,0.9347826086956522,0.046511627906976744,0.5,0.6038557326434744,-0.007551178318627207
PL1516,Danny Ward,Liverpool,True,FREE,LONG,provider_target_geometry,10,11,0.9090909090909091,0.2,0.0,0.5779891829244737,-0.003510437887571634
PL1516,Danny Ward,Liverpool,True,FREE,MEDIUM,provider_target_geometry,10,11,0.9090909090909091,0.2,1.0,0.6447048082775411,-0.0014639566926989813
PL1516,Danny Ward,Liverpool,True,FREE,SHORT,provider_target_geometry,10,11,0.9090909090909091,0.2,1.0,0.6603773584905659,-0.001076840081607285
PL1516,Danny Ward,Liverpool,True,FREE,VERY_LONG,provider_target_geometry,10,11,0.9090909090909091,0.4,0.25,0.6562031262335202,-0.002542937673646623
PL1516,Darren Randolph,West Ham United,False,FREE,LONG,provider_target_geometry,118,135,0.8740740740740741,0.3813559322033898,0.7333333333333333,0.6407407315357826,-0.005791296755743255
PL1516,Darren Randolph,West Ham United,False,FREE,MEDIUM,provider_target_geometry,118,135,0.8740740740740741,0.09322033898305085,1.0,0.8860768151617954,-0.002446174733686915
PL1516,Darren Randolph,West Ham United,False,FREE,SHORT,provider_target_geometry,118,135,0.8740740740740741,0.2542372881355932,1.0,0.8261643571919605,-0.002635666779211002
PL1516,Darren Randolph,West Ham United,False,FREE,VERY_LONG,provider_target_geometry,118,135,0.8740740740740741,0.2711864406779661,0.59375,0.625478372265648,-0.006093813308430063
PL1516,Darren Randolph,West Ham United,False,PRESSURED,LONG,provider_target_geometry,8,10,0.8,0.5,0.25,0.5045037996845226,-0.007191630239826727
PL1516,Darren Randolph,West Ham United,False,PRESSURED,MEDIUM,provider_target_geometry,8,10,0.8,0.125,0.0,0.5269461077844312,-0.0041141885432705305
PL1516,Darren Randolph,West Ham United,False,PRESSURED,VERY_LONG,provider_target_geometry,8,10,0.8,0.375,0.3333333333333333,0.49951155975252365,-0.006694796824136475
PL1516,Darren Randolph,West Ham United,True,FREE,LONG,provider_target_geometry,30,46,0.6521739130434783,0.23333333333333334,0.7142857142857143,0.6091504201612986,-0.003938285778445109
PL1516,Darren Randolph,West Ham United,True,FREE,MEDIUM,provider_target_geometry,30,46,0.6521739130434783,0.1,1.0,0.6807653575025178,-0.0029576469987498927
PL1516,Darren Randolph,West Ham United,True,FREE,SHORT,provider_target_geometry,30,46,0.6521739130434783,0.1,1.0,0.6289456301638351,-0.0023038938123664515
PL1516,Darren Randolph,West Ham United,True,FREE,VERY_LONG,provider_target_geometry,30,46,0.6521739130434783,0.5666666666666667,0.6470588235294118,0.5684597514956237,-0.004576974774616709
PL1516,David Ospina Ramírez,Arsenal,False,FREE,LONG,provider_target_geometry,77,92,0.8369565217391305,0.36363636363636365,0.75,0.5541304270523016,-0.007329146992128796
PL1516,David Ospina Ramírez,Arsenal,False,FREE,MEDIUM,provider_target_geometry,77,92,0.8369565217391305,0.22077922077922077,1.0,0.7807575674143102,-0.0035872686181112087
PL1516,David Ospina Ramírez,Arsenal,False,FREE,SHORT,provider_target_geometry,77,92,0.8369565217391305,0.2987012987012987,1.0,0.7243389866615486,-0.004698418160247767
PL1516,David Ospina Ramírez,Arsenal,False,FREE,VERY_LONG,provider_target_geometry,77,92,0.8369565217391305,0.11688311688311688,0.7777777777777778,0.5067851123106917,-0.007043756398848457
PL1516,David Ospina Ramírez,Arsenal,False,PRESSURED,LONG,provider_target_geometry,4,5,0.8,0.75,0.0,0.38442570139987114,-0.01406495805604896
PL1516,David Ospina Ramírez,Arsenal,False,PRESSURED,MEDIUM,provider_target_geometry,4,5,0.8,0.25,1.0,0.0,-0.01743534860747737
PL1516,David Ospina Ramírez,Arsenal,True,FREE,LONG,provider_target_geometry,25,29,0.8620689655172413,0.8,0.85,0.5639592223133252,-0.004923494560642522
PL1516,David Ospina Ramírez,Arsenal,True,FREE,MEDIUM,provider_target_geometry,25,29,0.8620689655172413,0.04,1.0,0.5269461077844312,-0.006869469345661653
PL1516,David Ospina Ramírez,Arsenal,True,FREE,SHORT,provider_target_geometry,25,29,0.8620689655172413,0.08,1.0,0.6290322580645161,-0.0018510733037906775
PL1516,David Ospina Ramírez,Arsenal,True,FREE,VERY_LONG,provider_target_geometry,25,29,0.8620689655172413,0.08,1.0,0.5494503018833921,-0.006235581337670033
PL1516,David de Gea Quintana,Manchester United,False,FREE,LONG,provider_target_geometry,531,602,0.8820598006644518,0.3709981167608286,0.6040609137055838,0.6302354317828482,-0.005963984572437204
PL1516,David de Gea Quintana,Manchester United,False,FREE,MEDIUM,provider_target_geometry,531,602,0.8820598006644518,0.1638418079096045,0.9540229885057471,0.766097034116307,-0.003392440749419696
PL1516,David de Gea Quintana,Manchester United,False,FREE,SHORT,provider_target_geometry,531,602,0.8820598006644518,0.3747645951035782,1.0,0.7402968726629359,-0.0038902228407035858
PL1516,David de Gea Quintana,Manchester United,False,FREE,VERY_LONG,provider_target_geometry,531,602,0.8820598006644518,0.0903954802259887,0.5625,0.5634301217158842,-0.006568916289547692
PL1516,David de Gea Quintana,Manchester United,False,PRESSURED,LONG,provider_target_geometry,51,63,0.8095238095238095,0.5098039215686274,0.46153846153846156,0.47145619565018093,-0.008669530673367136
PL1516,David de Gea Quintana,Manchester United,False,PRESSURED,MEDIUM,provider_target_geometry,51,63,0.8095238095238095,0.17647058823529413,0.7777777777777778,0.47625811935887913,-0.006672072619494039
PL1516,David de Gea Quintana,Manchester United,False,PRESSURED,SHORT,provider_target_geometry,51,63,0.8095238095238095,0.21568627450980393,0.9090909090909091,0.5011189581570737,-0.0069999450826809285
PL1516,David de Gea Quintana,Manchester United,False,PRESSURED,VERY_LONG,provider_target_geometry,51,63,0.8095238095238095,0.09803921568627451,0.6,0.41772362431900956,-0.011772876428206059
PL1516,David de Gea Quintana,Manchester United,True,FREE,LONG,provider_target_geometry,243,286,0.8496503496503497,0.551440329218107,0.7014925373134329,0.5807885871682614,-0.004682958130316354
PL1516,David de Gea Quintana,Manchester United,True,FREE,MEDIUM,provider_target_geometry,243,286,0.8496503496503497,0.1111111111111111,0.9629629629629629,0.5883873426382855,-0.004437342330142267
PL1516,David de Gea Quintana,Manchester United,True,FREE,SHORT,provider_target_geometry,243,286,0.8496503496503497,0.1728395061728395,1.0,0.5910997583379903,-0.004571443381351965
PL1516,David de Gea Quintana,Manchester United,True,FREE,VERY_LONG,provider_target_geometry,243,286,0.8496503496503497,0.1646090534979424,0.7,0.5881369931514673,-0.004541333889931068
PL1516,Declan Rudd,Norwich City,False,FREE,LONG,provider_target_geometry,162,218,0.7431192660550459,0.4567901234567901,0.4864864864864865,0.6444275849934024,-0.005594454856423509
PL1516,Declan Rudd,Norwich City,False,FREE,MEDIUM,provider_target_geometry,162,218,0.7431192660550459,0.14814814814814814,0.875,0.8360494902100184,-0.002558089763344996
PL1516,Declan Rudd,Norwich City,False,FREE,SHORT,provider_target_geometry,162,218,0.7431192660550459,0.2654320987654321,1.0,0.8440430387460449,-0.0024260691330726535
PL1516,Declan Rudd,Norwich City,False,FREE,VERY_LONG,provider_target_geometry,162,218,0.7431192660550459,0.12962962962962962,0.5714285714285714,0.644053722982219,-0.005100602614519789
PL1516,Declan Rudd,Norwich City,False,PRESSURED,LONG,provider_target_geometry,12,15,0.8,0.75,0.6666666666666666,0.49222114550502005,-0.005383158389527575
PL1516,Declan Rudd,Norwich City,False,PRESSURED,MEDIUM,provider_target_geometry,12,15,0.8,0.08333333333333333,1.0,0.5269461077844312,-0.009032694549922886
PL1516,Declan Rudd,Norwich City,False,PRESSURED,SHORT,provider_target_geometry,12,15,0.8,0.16666666666666666,1.0,0.4957962862154479,-0.013720748825709677
PL1516,Declan Rudd,Norwich City,True,FREE,LONG,provider_target_geometry,76,95,0.8,0.40789473684210525,0.6774193548387096,0.6148444730698159,-0.003338432139666639
PL1516,Declan Rudd,Norwich City,True,FREE,MEDIUM,provider_target_geometry,76,95,0.8,0.07894736842105263,0.8333333333333334,0.6379529910860661,-0.002506471042606069
PL1516,Declan Rudd,Norwich City,True,FREE,SHORT,provider_target_geometry,76,95,0.8,0.05263157894736842,1.0,0.6402483020638838,-0.0038177278792398176
PL1516,Declan Rudd,Norwich City,True,FREE,VERY_LONG,provider_target_geometry,76,95,0.8,0.4605263157894737,0.42857142857142855,0.595935983489502,-0.0038358803079183625
PL1516,Fraser Forster,Southampton,False,FREE,LONG,provider_target_geometry,276,312,0.8846153846153846,0.47101449275362317,0.6230769230769231,0.6215300341851737,-0.006401688462124294
PL1516,Fraser Forster,Southampton,False,FREE,MEDIUM,provider_target_geometry,276,312,0.8846153846153846,0.10507246376811594,0.896551724137931,0.7052942032130155,-0.0052793626045228035
PL1516,Fraser Forster,Southampton,False,FREE,SHORT,provider_target_geometry,276,312,0.8846153846153846,0.1956521739130435,0.9629629629629629,0.7453130672306949,-0.0039054991231196328
PL1516,Fraser Forster,Southampton,False,FREE,VERY_LONG,provider_target_geometry,276,312,0.8846153846153846,0.22826086956521738,0.49206349206349204,0.5876907768995255,-0.0065905543878195276
PL1516,Fraser Forster,Southampton,False,PRESSURED,LONG,provider_target_geometry,18,28,0.6428571428571429,0.6111111111111112,0.5454545454545454,0.5123366388317,-0.010252585980524916
PL1516,Fraser Forster,Southampton,False,PRESSURED,MEDIUM,provider_target_geometry,18,28,0.6428571428571429,0.16666666666666666,0.6666666666666666,0.5273758145045274,-0.005588446720070632
PL1516,Fraser Forster,Southampton,False,PRESSURED,SHORT,provider_target_geometry,18,28,0.6428571428571429,0.1111111111111111,1.0,0.5203387808660385,-0.006610427187688096
PL1516,Fraser Forster,Southampton,False,PRESSURED,VERY_LONG,provider_target_geometry,18,28,0.6428571428571429,0.1111111111111111,0.5,0.5237369890835237,-0.007447380681014153
PL1516,Fraser Forster,Southampton,True,FREE,LONG,provider_target_geometry,117,143,0.8181818181818182,0.39316239316239315,0.7391304347826086,0.5894118059368587,-0.004244755265902908
PL1516,Fraser Forster,Southampton,True,FREE,MEDIUM,provider_target_geometry,117,143,0.8181818181818182,0.042735042735042736,1.0,0.5868284185894777,-0.004369671474462482
PL1516,Fraser Forster,Southampton,True,FREE,SHORT,provider_target_geometry,117,143,0.8181818181818182,0.10256410256410256,1.0,0.6044749549983452,-0.003440741404125322
PL1516,Fraser Forster,Southampton,True,FREE,VERY_LONG,provider_target_geometry,117,143,0.8181818181818182,0.46153846153846156,0.7222222222222222,0.5640243928109367,-0.0047549458171435455
PL1516,Giedrius Arlauskis,Watford,False,FREE,LONG,provider_target_geometry,3,5,0.6,0.3333333333333333,1.0,0.5861456483126111,-0.005516304539589753
PL1516,Giedrius Arlauskis,Watford,False,FREE,SHORT,provider_target_geometry,3,5,0.6,0.3333333333333333,1.0,0.9634146341463414,0.0031668504848073385
PL1516,Giedrius Arlauskis,Watford,False,FREE,VERY_LONG,provider_target_geometry,3,5,0.6,0.3333333333333333,1.0,0.38095238095238093,-0.01377710392233946
PL1516,Giedrius Arlauskis,Watford,False,PRESSURED,VERY_LONG,provider_target_geometry,1,1,1.0,1.0,1.0,0.39285714285714285,-0.012895011406747797
PL1516,Glyn Oliver Myhill,West Bromwich Albion,False,FREE,LONG,provider_target_geometry,343,426,0.8051643192488263,0.48104956268221577,0.6424242424242425,0.6309811905471158,-0.0055067094708738966
PL1516,Glyn Oliver Myhill,West Bromwich Albion,False,FREE,MEDIUM,provider_target_geometry,343,426,0.8051643192488263,0.08746355685131195,0.9333333333333333,0.8320111427717355,-0.002364799068653269
PL1516,Glyn Oliver Myhill,West Bromwich Albion,False,FREE,SHORT,provider_target_geometry,343,426,0.8051643192488263,0.21282798833819241,0.9726027397260274,0.827582251106055,-0.002830297097618343
PL1516,Glyn Oliver Myhill,West Bromwich Albion,False,FREE,VERY_LONG,provider_target_geometry,343,426,0.8051643192488263,0.21865889212827988,0.6666666666666666,0.5746449431166817,-0.00654375956603918
PL1516,Glyn Oliver Myhill,West Bromwich Albion,False,PRESSURED,LONG,provider_target_geometry,18,24,0.75,1.0,0.5555555555555556,0.49765053020986827,-0.006737049899847409
PL1516,Glyn Oliver Myhill,West Bromwich Albion,True,FREE,LONG,provider_target_geometry,135,204,0.6617647058823529,0.43703703703703706,0.6779661016949152,0.5953703960582747,-0.00381938093137025
PL1516,Glyn Oliver Myhill,West Bromwich Albion,True,FREE,MEDIUM,provider_target_geometry,135,204,0.6617647058823529,0.014814814814814815,1.0,0.596852970795569,-0.004329675505808858
PL1516,Glyn Oliver Myhill,West Bromwich Albion,True,FREE,SHORT,provider_target_geometry,135,204,0.6617647058823529,0.06666666666666667,1.0,0.5979035580796541,-0.0037535133374283045
PL1516,Glyn Oliver Myhill,West Bromwich Albion,True,FREE,VERY_LONG,provider_target_geometry,135,204,0.6617647058823529,0.48148148148148145,0.5230769230769231,0.5983633620367662,-0.003880131963956145
PL1516,Heurelho da Silva Gomes,Watford,False,FREE,LONG,provider_target_geometry,618,717,0.8619246861924686,0.41423948220064727,0.625,0.6745777486649922,-0.0048614571131969896
PL1516,Heurelho da Silva Gomes,Watford,False,FREE,MEDIUM,provider_target_geometry,618,717,0.8619246861924686,0.14563106796116504,0.9333333333333333,0.8637183809872003,-0.0018470664254146203
PL1516,Heurelho da Silva Gomes,Watford,False,FREE,SHORT,provider_target_geometry,618,717,0.8619246861924686,0.2459546925566343,1.0,0.8070394446894187,-0.0030664761758788903
PL1516,Heurelho da Silva Gomes,Watford,False,FREE,VERY_LONG,provider_target_geometry,618,717,0.8619246861924686,0.1941747572815534,0.6,0.6223231954314073,-0.005704591579519554
PL1516,Heurelho da Silva Gomes,Watford,False,PRESSURED,LONG,provider_target_geometry,22,31,0.7096774193548387,0.7727272727272727,0.5882352941176471,0.5100614145903662,-0.006875798981946093
PL1516,Heurelho da Silva Gomes,Watford,False,PRESSURED,MEDIUM,provider_target_geometry,22,31,0.7096774193548387,0.18181818181818182,0.75,0.46999081900444784,-0.007044179641262975
PL1516,Heurelho da Silva Gomes,Watford,False,PRESSURED,SHORT,provider_target_geometry,22,31,0.7096774193548387,0.045454545454545456,1.0,0.5269461077844312,-0.011659646825722155
PL1516,Heurelho da Silva Gomes,Watford,True,FREE,LONG,provider_target_geometry,296,370,0.8,0.40540540540540543,0.7416666666666667,0.5907593952683565,-0.004694729303421972
PL1516,Heurelho da Silva Gomes,Watford,True,FREE,MEDIUM,provider_target_geometry,296,370,0.8,0.02702702702702703,1.0,0.6129910753437633,-0.004024566924814059
PL1516,Heurelho da Silva Gomes,Watford,True,FREE,SHORT,provider_target_geometry,296,370,0.8,0.04391891891891892,1.0,0.6212683117384847,-0.0037497889725446243
PL1516,Heurelho da Silva Gomes,Watford,True,FREE,VERY_LONG,provider_target_geometry,296,370,0.8,0.5236486486486487,0.6258064516129033,0.5956542387131323,-0.004208109065643061
PL1516,Hugo Lloris,Tottenham Hotspur,False,FREE,LONG,provider_target_geometry,798,880,0.9068181818181819,0.24937343358395989,0.628140703517588,0.6543167930429231,-0.005637210873912119
PL1516,Hugo Lloris,Tottenham Hotspur,False,FREE,MEDIUM,provider_target_geometry,798,880,0.9068181818181819,0.22055137844611528,0.9147727272727273,0.7491717921776785,-0.0042799437599335445
PL1516,Hugo Lloris,Tottenham Hotspur,False,FREE,SHORT,provider_target_geometry,798,880,0.9068181818181819,0.43734335839599,0.9856733524355301,0.7613120269306585,-0.004044648145473237
PL1516,Hugo Lloris,Tottenham Hotspur,False,FREE,VERY_LONG,provider_target_geometry,798,880,0.9068181818181819,0.09273182957393483,0.4864864864864865,0.5895081464785698,-0.00646259590354028
PL1516,Hugo Lloris,Tottenham Hotspur,False,PRESSURED,LONG,provider_target_geometry,73,84,0.8690476190476191,0.3561643835616438,0.5384615384615384,0.5040804855284294,-0.007282778567680559
PL1516,Hugo Lloris,Tottenham Hotspur,False,PRESSURED,MEDIUM,provider_target_geometry,73,84,0.8690476190476191,0.2602739726027397,0.7368421052631579,0.5093918410731658,-0.007681657950111542
PL1516,Hugo Lloris,Tottenham Hotspur,False,PRESSURED,SHORT,provider_target_geometry,73,84,0.8690476190476191,0.3561643835616438,0.9615384615384616,0.5008663781413522,-0.007187254653313509
PL1516,Hugo Lloris,Tottenham Hotspur,False,PRESSURED,VERY_LONG,provider_target_geometry,73,84,0.8690476190476191,0.0273972602739726,0.5,0.5237369890835237,-0.0036105024249983163
PL1516,Hugo Lloris,Tottenham Hotspur,True,FREE,LONG,provider_target_geometry,187,244,0.7663934426229508,0.26737967914438504,0.66,0.598219411522812,-0.0045615762199238095
PL1516,Hugo Lloris,Tottenham Hotspur,True,FREE,MEDIUM,provider_target_geometry,187,244,0.7663934426229508,0.1657754010695187,0.967741935483871,0.5964252335523466,-0.0042420941878464095
PL1516,Hugo Lloris,Tottenham Hotspur,True,FREE,SHORT,provider_target_geometry,187,244,0.7663934426229508,0.3582887700534759,1.0,0.6086992587446727,-0.004188233223764927
PL1516,Hugo Lloris,Tottenham Hotspur,True,FREE,VERY_LONG,provider_target_geometry,187,244,0.7663934426229508,0.20855614973262032,0.46153846153846156,0.6047236250834762,-0.004062202282606013
PL1516,Jack Butland,Stoke City,False,FREE,LONG,provider_target_geometry,559,683,0.8184480234260615,0.3434704830053667,0.5520833333333334,0.6375218118526517,-0.005621861979472598
PL1516,Jack Butland,Stoke City,False,FREE,MEDIUM,provider_target_geometry,559,683,0.8184480234260615,0.10196779964221825,0.9649122807017544,0.7496696112345402,-0.0038255238227196454
PL1516,Jack Butland,Stoke City,False,FREE,SHORT,provider_target_geometry,559,683,0.8184480234260615,0.3667262969588551,1.0,0.812266580169897,-0.0027259980338755325
PL1516,Jack Butland,Stoke City,False,FREE,VERY_LONG,provider_target_geometry,559,683,0.8184480234260615,0.18783542039355994,0.5047619047619047,0.5865065069129565,-0.006156217512422968
PL1516,Jack Butland,Stoke City,False,PRESSURED,LONG,provider_target_geometry,31,41,0.7560975609756098,0.6129032258064516,0.5263157894736842,0.49354188676267946,-0.008250952010547307
PL1516,Jack Butland,Stoke City,False,PRESSURED,MEDIUM,provider_target_geometry,31,41,0.7560975609756098,0.06451612903225806,0.5,0.455996117940677,-0.007470000078854378
PL1516,Jack Butland,Stoke City,False,PRESSURED,SHORT,provider_target_geometry,31,41,0.7560975609756098,0.12903225806451613,1.0,0.4798081418116998,-0.007693872948995161
PL1516,Jack Butland,Stoke City,False,PRESSURED,VERY_LONG,provider_target_geometry,31,41,0.7560975609756098,0.1935483870967742,0.3333333333333333,0.48912980335768697,-0.008266078223818486
PL1516,Jack Butland,Stoke City,True,FREE,LONG,provider_target_geometry,230,282,0.8156028368794326,0.4260869565217391,0.5714285714285714,0.6040213301204402,-0.0038383356777788834
PL1516,Jack Butland,Stoke City,True,FREE,MEDIUM,provider_target_geometry,230,282,0.8156028368794326,0.043478260869565216,1.0,0.6120876168187531,-0.004106180738861636
PL1516,Jack Butland,Stoke City,True,FREE,SHORT,provider_target_geometry,230,282,0.8156028368794326,0.1826086956521739,1.0,0.6235897142305933,-0.003954240817519074
PL1516,Jack Butland,Stoke City,True,FREE,VERY_LONG,provider_target_geometry,230,282,0.8156028368794326,0.34782608695652173,0.575,0.5876901664474591,-0.004327529210068289
PL1516,Jakob Haugaard,Stoke City,False,FREE,LONG,provider_target_geometry,79,94,0.8404255319148937,0.35443037974683544,0.8571428571428571,0.6660879627234252,-0.005070009070611252
PL1516,Jakob Haugaard,Stoke City,False,FREE,MEDIUM,provider_target_geometry,79,94,0.8404255319148937,0.12658227848101267,1.0,0.7843361181198081,-0.0035930183273430367
PL1516,Jakob Haugaard,Stoke City,False,FREE,SHORT,provider_target_geometry,79,94,0.8404255319148937,0.22784810126582278,1.0,0.8580188963364209,-0.002207479800873602
PL1516,Jakob Haugaard,Stoke City,False,FREE,VERY_LONG,provider_target_geometry,79,94,0.8404255319148937,0.2911392405063291,0.6086956521739131,0.6021857768734875,-0.005350758684745752
PL1516,Jakob Haugaard,Stoke City,False,PRESSURED,LONG,provider_target_geometry,7,8,0.875,0.5714285714285714,0.5,0.43885059596041787,-0.009786854468813229
PL1516,Jakob Haugaard,Stoke City,False,PRESSURED,VERY_LONG,provider_target_geometry,7,8,0.875,0.42857142857142855,0.6666666666666666,0.49824999080555593,-0.005925645866299556
PL1516,Jakob Haugaard,Stoke City,True,FREE,LONG,provider_target_geometry,32,39,0.8205128205128205,0.25,0.75,0.6332158193544608,-0.003498246981706147
PL1516,Jakob Haugaard,Stoke City,True,FREE,MEDIUM,provider_target_geometry,32,39,0.8205128205128205,0.125,1.0,0.6077863942419317,-0.003862535614578131
PL1516,Jakob Haugaard,Stoke City,True,FREE,SHORT,provider_target_geometry,32,39,0.8205128205128205,0.03125,1.0,0.664440734557596,-0.0024002947653302452
PL1516,Jakob Haugaard,Stoke City,True,FREE,VERY_LONG,provider_target_geometry,32,39,0.8205128205128205,0.59375,0.7368421052631579,0.6305149540990304,-0.003684559827196322
PL1516,Joe Hart,Manchester City,False,FREE,LONG,provider_target_geometry,522,584,0.8938356164383562,0.3524904214559387,0.5760869565217391,0.646153923297344,-0.005398512619107849
PL1516,Joe Hart,Manchester City,False,FREE,MEDIUM,provider_target_geometry,522,584,0.8938356164383562,0.11877394636015326,0.9354838709677419,0.8052217978235798,-0.003084623325683918
PL1516,Joe Hart,Manchester City,False,FREE,SHORT,provider_target_geometry,522,584,0.8938356164383562,0.41762452107279696,0.9908256880733946,0.7785004932400472,-0.003375290806732956
PL1516,Joe Hart,Manchester City,False,FREE,VERY_LONG,provider_target_geometry,522,584,0.8938356164383562,0.1111111111111111,0.5,0.5842242371887779,-0.006850925505610856
PL1516,Joe Hart,Manchester City,False,PRESSURED,LONG,provider_target_geometry,26,40,0.65,0.6538461538461539,0.23529411764705882,0.48922373510789907,-0.007524091122531988
PL1516,Joe Hart,Manchester City,False,PRESSURED,MEDIUM,provider_target_geometry,26,40,0.65,0.15384615384615385,0.75,0.5174191233428181,-0.006761196260339364
PL1516,Joe Hart,Manchester City,False,PRESSURED,SHORT,provider_target_geometry,26,40,0.65,0.15384615384615385,1.0,0.44413776103916947,-0.008678372349203222
PL1516,Joe Hart,Manchester City,False,PRESSURED,VERY_LONG,provider_target_geometry,26,40,0.65,0.038461538461538464,1.0,0.5,-0.0057005587560711385
PL1516,Joe Hart,Manchester City,True,FREE,LONG,provider_target_geometry,183,219,0.8356164383561644,0.4371584699453552,0.6875,0.5897370399705772,-0.004264982372219233
PL1516,Joe Hart,Manchester City,True,FREE,MEDIUM,provider_target_geometry,183,219,0.8356164383561644,0.07650273224043716,1.0,0.6052291068582576,-0.003934064404994436
PL1516,Joe Hart,Manchester City,True,FREE,SHORT,provider_target_geometry,183,219,0.8356164383561644,0.1912568306010929,1.0,0.6173735359662769,-0.003610255604860266
PL1516,Joe Hart,Manchester City,True,FREE,VERY_LONG,provider_target_geometry,183,219,0.8356164383561644,0.29508196721311475,0.5740740740740741,0.5690722741510936,-0.004668891540555066
PL1516,Joel Robles Blázquez,Everton,False,FREE,LONG,provider_target_geometry,269,309,0.8705501618122977,0.35315985130111527,0.5157894736842106,0.6306428771516659,-0.0057696987618915205
PL1516,Joel Robles Blázquez,Everton,False,FREE,MEDIUM,provider_target_geometry,269,309,0.8705501618122977,0.137546468401487,0.8378378378378378,0.7957417680785948,-0.002773294200163126
PL1516,Joel Robles Blázquez,Everton,False,FREE,SHORT,provider_target_geometry,269,309,0.8705501618122977,0.34572490706319703,1.0,0.7819711901382097,-0.0032749284910328696
PL1516,Joel Robles Blázquez,Everton,False,FREE,VERY_LONG,provider_target_geometry,269,309,0.8705501618122977,0.16356877323420074,0.38636363636363635,0.5845894874884003,-0.006433236689992522
PL1516,Joel Robles Blázquez,Everton,False,PRESSURED,LONG,provider_target_geometry,22,30,0.7333333333333333,0.5909090909090909,0.6153846153846154,0.43239213216807,-0.00930961929436656
PL1516,Joel Robles Blázquez,Everton,False,PRESSURED,MEDIUM,provider_target_geometry,22,30,0.7333333333333333,0.09090909090909091,1.0,0.4523619427811045,-0.007295957863570368
PL1516,Joel Robles Blázquez,Everton,False,PRESSURED,SHORT,provider_target_geometry,22,30,0.7333333333333333,0.22727272727272727,1.0,0.5692805596881783,-0.00682809548532777
PL1516,Joel Robles Blázquez,Everton,False,PRESSURED,VERY_LONG,provider_target_geometry,22,30,0.7333333333333333,0.09090909090909091,0.0,0.5094223046030275,-0.006288666001861409
PL1516,Joel Robles Blázquez,Everton,True,FREE,LONG,provider_target_geometry,108,134,0.8059701492537313,0.3333333333333333,0.6111111111111112,0.6098296404108986,-0.003662801352663007
PL1516,Joel Robles Blázquez,Everton,True,FREE,MEDIUM,provider_target_geometry,108,134,0.8059701492537313,0.06481481481481481,1.0,0.6131004888029287,-0.003420064012625334
PL1516,Joel Robles Blázquez,Everton,True,FREE,SHORT,provider_target_geometry,108,134,0.8059701492537313,0.25,1.0,0.6078317021171704,-0.0040233893905581505
PL1516,Joel Robles Blázquez,Everton,True,FREE,VERY_LONG,provider_target_geometry,108,134,0.8059701492537313,0.35185185185185186,0.47368421052631576,0.6065997978627067,-0.003860827558908267
PL1516,John Ruddy,Norwich City,False,FREE,LONG,provider_target_geometry,545,619,0.8804523424878837,0.3834862385321101,0.6076555023923444,0.6349748217215836,-0.005675474712710391
PL1516,John Ruddy,Norwich City,False,FREE,MEDIUM,provider_target_geometry,545,619,0.8804523424878837,0.2018348623853211,0.9636363636363636,0.809142116303397,-0.0028829701982685417
PL1516,John Ruddy,Norwich City,False,FREE,SHORT,provider_target_geometry,545,619,0.8804523424878837,0.27155963302752295,0.9797297297297297,0.7729780563241966,-0.003563199880314325
PL1516,John Ruddy,Norwich City,False,FREE,VERY_LONG,provider_target_geometry,545,619,0.8804523424878837,0.14311926605504588,0.46153846153846156,0.6039453627052194,-0.005840109625355005
PL1516,John Ruddy,Norwich City,False,PRESSURED,LONG,provider_target_geometry,22,31,0.7096774193548387,0.5909090909090909,0.46153846153846156,0.46831851545420106,-0.008253575319892289
PL1516,John Ruddy,Norwich City,False,PRESSURED,MEDIUM,provider_target_geometry,22,31,0.7096774193548387,0.2727272727272727,0.8333333333333334,0.4809174457830167,-0.008299122468513585
PL1516,John Ruddy,Norwich City,False,PRESSURED,SHORT,provider_target_geometry,22,31,0.7096774193548387,0.13636363636363635,1.0,0.4074054953249584,-0.01415234327760244
PL1516,John Ruddy,Norwich City,True,FREE,LONG,provider_target_geometry,205,250,0.82,0.5414634146341464,0.6576576576576577,0.5887299733606605,-0.004499364406735904
PL1516,John Ruddy,Norwich City,True,FREE,MEDIUM,provider_target_geometry,205,250,0.82,0.08780487804878048,1.0,0.6072850582812963,-0.003839193748711081
PL1516,John Ruddy,Norwich City,True,FREE,SHORT,provider_target_geometry,205,250,0.82,0.1024390243902439,1.0,0.6178217123965427,-0.003657377959031659
PL1516,John Ruddy,Norwich City,True,FREE,VERY_LONG,provider_target_geometry,205,250,0.82,0.2682926829268293,0.509090909090909,0.5937201476134778,-0.004480096316831398
PL1516,Jordan Pickford,Sunderland,False,FREE,LONG,provider_target_geometry,40,51,0.7843137254901961,0.325,0.6153846153846154,0.6407926411168601,-0.005805963086527239
PL1516,Jordan Pickford,Sunderland,False,FREE,MEDIUM,provider_target_geometry,40,51,0.7843137254901961,0.1,1.0,0.841639640552684,-0.0039776937030665625
PL1516,Jordan Pickford,Sunderland,False,FREE,SHORT,provider_target_geometry,40,51,0.7843137254901961,0.125,1.0,0.9769841428309955,-0.0005486009327098432
PL1516,Jordan Pickford,Sunderland,False,FREE,VERY_LONG,provider_target_geometry,40,51,0.7843137254901961,0.45,0.6111111111111112,0.6103405037070856,-0.005836412954261962
PL1516,Jordan Pickford,Sunderland,False,PRESSURED,LONG,provider_target_geometry,2,5,0.4,0.5,1.0,0.5269461077844312,-0.005094875585248816
PL1516,Jordan Pickford,Sunderland,False,PRESSURED,VERY_LONG,provider_target_geometry,2,5,0.4,0.5,0.0,0.5269461077844312,-0.006198838533785496
PL1516,Jordan Pickford,Sunderland,True,FREE,LONG,provider_target_geometry,20,22,0.9090909090909091,0.1,0.5,0.5906760514424748,-0.003988022046473607
PL1516,Jordan Pickford,Sunderland,True,FREE,VERY_LONG,provider_target_geometry,20,22,0.9090909090909091,0.9,0.6111111111111112,0.6145747472068095,-0.0041356472623326
PL1516,Julián Speroni,Crystal Palace,False,FREE,LONG,provider_target_geometry,33,41,0.8048780487804879,0.6060606060606061,0.6,0.649506011311342,-0.005207876996029882
PL1516,Julián Speroni,Crystal Palace,False,FREE,MEDIUM,provider_target_geometry,33,41,0.8048780487804879,0.06060606060606061,1.0,0.6347680097680097,-0.005363395489512218
PL1516,Julián Speroni,Crystal Palace,False,FREE,SHORT,provider_target_geometry,33,41,0.8048780487804879,0.2727272727272727,1.0,0.7978144452978465,-0.0035957747853190922
PL1516,Julián Speroni,Crystal Palace,False,FREE,VERY_LONG,provider_target_geometry,33,41,0.8048780487804879,0.06060606060606061,1.0,0.5397337901950447,-0.006614529712046552
PL1516,Julián Speroni,Crystal Palace,False,PRESSURED,LONG,provider_target_geometry,2,2,1.0,0.5,1.0,0.4723247232472324,-0.005652691521965941
PL1516,Julián Speroni,Crystal Palace,False,PRESSURED,SHORT,provider_target_geometry,2,2,1.0,0.5,1.0,0.5581395348837209,-0.010671136927423129
PL1516,Julián Speroni,Crystal Palace,True,FREE,LONG,provider_target_geometry,17,25,0.68,0.47058823529411764,0.875,0.6134923917181981,-0.0034329536970270887
PL1516,Julián Speroni,Crystal Palace,True,FREE,MEDIUM,provider_target_geometry,17,25,0.68,0.11764705882352941,1.0,0.6271412680756396,-0.003095871433366444
PL1516,Julián Speroni,Crystal Palace,True,FREE,SHORT,provider_target_geometry,17,25,0.68,0.35294117647058826,1.0,0.6288738445273175,-0.0031671490776453495
PL1516,Julián Speroni,Crystal Palace,True,FREE,VERY_LONG,provider_target_geometry,17,25,0.68,0.058823529411764705,0.0,0.6129032258064516,-0.003104125331278096
PL1516,Karl Darlow,Newcastle United,False,FREE,LONG,provider_target_geometry,131,160,0.81875,0.48091603053435117,0.5714285714285714,0.6431610226053417,-0.004881002097748735
PL1516,Karl Darlow,Newcastle United,False,FREE,MEDIUM,provider_target_geometry,131,160,0.81875,0.16030534351145037,0.8095238095238095,0.7091430938047953,-0.005124157303830192
PL1516,Karl Darlow,Newcastle United,False,FREE,SHORT,provider_target_geometry,131,160,0.81875,0.19083969465648856,1.0,0.8798218853023431,-0.0012569083495498068
PL1516,Karl Darlow,Newcastle United,False,FREE,VERY_LONG,provider_target_geometry,131,160,0.81875,0.16793893129770993,0.7272727272727273,0.650282257823568,-0.00501534536374129
PL1516,Karl Darlow,Newcastle United,False,PRESSURED,LONG,provider_target_geometry,7,10,0.7,0.5714285714285714,0.75,0.5182787509520183,-0.011139458059682415
PL1516,Karl Darlow,Newcastle United,False,PRESSURED,MEDIUM,provider_target_geometry,7,10,0.7,0.14285714285714285,1.0,0.5861456483126111,-0.0038854167219336145
PL1516,Karl Darlow,Newcastle United,False,PRESSURED,VERY_LONG,provider_target_geometry,7,10,0.7,0.2857142857142857,0.0,0.5237369890835237,-0.009199533834388478
PL1516,Karl Darlow,Newcastle United,True,FREE,LONG,provider_target_geometry,60,75,0.8,0.6,0.5833333333333334,0.5940018378468848,-0.003888736264062583
PL1516,Karl Darlow,Newcastle United,True,FREE,MEDIUM,provider_target_geometry,60,75,0.8,0.1,1.0,0.6071797751301499,-0.0029367050309444614
PL1516,Karl Darlow,Newcastle United,True,FREE,SHORT,provider_target_geometry,60,75,0.8,0.06666666666666667,1.0,0.6129621631466226,-0.0035567013454740355
PL1516,Karl Darlow,Newcastle United,True,FREE,VERY_LONG,provider_target_geometry,60,75,0.8,0.23333333333333334,0.6428571428571429,0.6087823473155108,-0.003593155476316165
PL1516,Kasper Schmeichel,Leicester City,False,FREE,LONG,provider_target_geometry,642,842,0.7624703087885986,0.4797507788161994,0.6071428571428571,0.644121291056937,-0.005280672243369429
PL1516,Kasper Schmeichel,Leicester City,False,FREE,MEDIUM,provider_target_geometry,642,842,0.7624703087885986,0.13707165109034267,0.9431818181818182,0.7705030611140183,-0.0031816515492488332
PL1516,Kasper Schmeichel,Leicester City,False,FREE,SHORT,provider_target_geometry,642,842,0.7624703087885986,0.12149532710280374,1.0,0.7675233342204756,-0.003301728828151255
PL1516,Kasper Schmeichel,Leicester City,False,FREE,VERY_LONG,provider_target_geometry,642,842,0.7624703087885986,0.2616822429906542,0.4880952380952381,0.6023698709711619,-0.006080601666486711
PL1516,Kasper Schmeichel,Leicester City,False,PRESSURED,LONG,provider_target_geometry,37,47,0.7872340425531915,0.7567567567567568,0.6428571428571429,0.48587192611848834,-0.008559037263666473
PL1516,Kasper Schmeichel,Leicester City,False,PRESSURED,MEDIUM,provider_target_geometry,37,47,0.7872340425531915,0.08108108108108109,0.6666666666666666,0.6347494678873447,-0.00849550135704237
PL1516,Kasper Schmeichel,Leicester City,False,PRESSURED,SHORT,provider_target_geometry,37,47,0.7872340425531915,0.08108108108108109,1.0,0.49932191629608597,-0.008792154014546643
PL1516,Kasper Schmeichel,Leicester City,False,PRESSURED,VERY_LONG,provider_target_geometry,37,47,0.7872340425531915,0.08108108108108109,0.6666666666666666,0.5109900680566578,-0.005514105407753658
PL1516,Kasper Schmeichel,Leicester City,True,FREE,LONG,provider_target_geometry,235,326,0.7208588957055214,0.1829787234042553,0.6046511627906976,0.5849877592000059,-0.0037561546106128388
PL1516,Kasper Schmeichel,Leicester City,True,FREE,MEDIUM,provider_target_geometry,235,326,0.7208588957055214,0.03404255319148936,1.0,0.5906983769459718,-0.005030922971038302
PL1516,Kasper Schmeichel,Leicester City,True,FREE,SHORT,provider_target_geometry,235,326,0.7208588957055214,0.02127659574468085,1.0,0.5780542320210763,-0.004365165302986644
PL1516,Kasper Schmeichel,Leicester City,True,FREE,VERY_LONG,provider_target_geometry,235,326,0.7208588957055214,0.7617021276595745,0.5586592178770949,0.575189987579849,-0.004229483365059373
PL1516,Kelvin Davis,Southampton,False,FREE,LONG,provider_target_geometry,10,12,0.8333333333333334,0.1,1.0,0.45161290322580644,-0.00816667478085759
PL1516,Kelvin Davis,Southampton,False,FREE,MEDIUM,provider_target_geometry,10,12,0.8333333333333334,0.3,1.0,0.8268545869307533,-0.0024784744240057667
PL1516,Kelvin Davis,Southampton,False,FREE,SHORT,provider_target_geometry,10,12,0.8333333333333334,0.6,1.0,0.7195029427824907,-0.004066220696844876
PL1516,Kelvin Davis,Southampton,False,PRESSURED,SHORT,provider_target_geometry,2,3,0.6666666666666666,1.0,0.5,0.4619688132365194,-0.007143069327091996
PL1516,Kelvin Davis,Southampton,True,FREE,LONG,provider_target_geometry,3,14,0.21428571428571427,0.3333333333333333,1.0,0.6071428571428571,-0.0032472799925517062
PL1516,Kelvin Davis,Southampton,True,FREE,SHORT,provider_target_geometry,3,14,0.21428571428571427,0.3333333333333333,1.0,0.5581395348837209,-0.005812585492433948
PL1516,Kelvin Davis,Southampton,True,FREE,VERY_LONG,provider_target_geometry,3,14,0.21428571428571427,0.3333333333333333,1.0,0.5581395348837209,-0.004465093366828132
PL1516,Kristoffer Nordfeldt,Swansea City,False,FREE,LONG,provider_target_geometry,13,13,1.0,0.15384615384615385,0.5,0.6548117154811716,-0.005121265369632312
PL1516,Kristoffer Nordfeldt,Swansea City,False,FREE,MEDIUM,provider_target_geometry,13,13,1.0,0.38461538461538464,1.0,0.759331965549894,-0.001597111641141484
PL1516,Kristoffer Nordfeldt,Swansea City,False,FREE,SHORT,provider_target_geometry,13,13,1.0,0.38461538461538464,1.0,0.676406487201455,-0.004724506436894369
PL1516,Kristoffer Nordfeldt,Swansea City,False,FREE,VERY_LONG,provider_target_geometry,13,13,1.0,0.07692307692307693,1.0,0.6548117154811716,-0.004078697034417647
PL1516,Kristoffer Nordfeldt,Swansea City,False,PRESSURED,LONG,provider_target_geometry,4,4,1.0,0.5,0.5,0.5164851020849868,-0.008842978540533116
PL1516,Kristoffer Nordfeldt,Swansea City,False,PRESSURED,MEDIUM,provider_target_geometry,4,4,1.0,0.5,1.0,0.5269461077844312,-0.010294250141458563
PL1516,Kristoffer Nordfeldt,Swansea City,True,FREE,LONG,provider_target_geometry,11,12,0.9166666666666666,0.5454545454545454,1.0,0.6418643896396112,-0.0024818301713890657
PL1516,Kristoffer Nordfeldt,Swansea City,True,FREE,SHORT,provider_target_geometry,11,12,0.9166666666666666,0.18181818181818182,1.0,0.6289023162134944,-0.0025303040666543384
PL1516,Kristoffer Nordfeldt,Swansea City,True,FREE,VERY_LONG,provider_target_geometry,11,12,0.9166666666666666,0.2727272727272727,0.6666666666666666,0.5770392749244712,-0.005021344572196586
PL1516,Maarten Stekelenburg,Southampton,False,FREE,LONG,provider_target_geometry,268,310,0.864516129032258,0.3246268656716418,0.6091954022988506,0.6281308176366971,-0.006048012078740254
PL1516,Maarten Stekelenburg,Southampton,False,FREE,MEDIUM,provider_target_geometry,268,310,0.864516129032258,0.07835820895522388,0.9523809523809523,0.8023671037061113,-0.0028981307809409418
PL1516,Maarten Stekelenburg,Southampton,False,FREE,SHORT,provider_target_geometry,268,310,0.864516129032258,0.47761194029850745,1.0,0.7542162010435625,-0.003879195642285143
PL1516,Maarten Stekelenburg,Southampton,False,FREE,VERY_LONG,provider_target_geometry,268,310,0.864516129032258,0.11940298507462686,0.375,0.5856038123806211,-0.00595000773972407
PL1516,Maarten Stekelenburg,Southampton,False,PRESSURED,LONG,provider_target_geometry,21,29,0.7241379310344828,0.6190476190476191,0.46153846153846156,0.45640163599559247,-0.010123636133007723
PL1516,Maarten Stekelenburg,Southampton,False,PRESSURED,MEDIUM,provider_target_geometry,21,29,0.7241379310344828,0.09523809523809523,0.5,0.5127523079330308,-0.008653584946558619
PL1516,Maarten Stekelenburg,Southampton,False,PRESSURED,SHORT,provider_target_geometry,21,29,0.7241379310344828,0.14285714285714285,1.0,0.4772233311155467,-0.008386941624394321
PL1516,Maarten Stekelenburg,Southampton,False,PRESSURED,VERY_LONG,provider_target_geometry,21,29,0.7241379310344828,0.14285714285714285,0.0,0.44387081970974585,-0.007793948006040219
PL1516,Maarten Stekelenburg,Southampton,True,FREE,LONG,provider_target_geometry,110,125,0.88,0.3090909090909091,0.7058823529411765,0.5848467017973991,-0.0047547713337807345
PL1516,Maarten Stekelenburg,Southampton,True,FREE,MEDIUM,provider_target_geometry,110,125,0.88,0.08181818181818182,1.0,0.5756174339959659,-0.004510953071077139
PL1516,Maarten Stekelenburg,Southampton,True,FREE,SHORT,provider_target_geometry,110,125,0.88,0.2,1.0,0.5851810300018324,-0.004681963281783802
PL1516,Maarten Stekelenburg,Southampton,True,FREE,VERY_LONG,provider_target_geometry,110,125,0.88,0.4090909090909091,0.6,0.5914634758751274,-0.004225456428640004
PL1516,Mark Bunn,Aston Villa,False,FREE,LONG,provider_target_geometry,131,166,0.7891566265060241,0.549618320610687,0.6805555555555556,0.6487836316260372,-0.004873356376968977
PL1516,Mark Bunn,Aston Villa,False,FREE,MEDIUM,provider_target_geometry,131,166,0.7891566265060241,0.11450381679389313,0.9333333333333333,0.8158935924911196,-0.0024368840135346884
PL1516,Mark Bunn,Aston Villa,False,FREE,SHORT,provider_target_geometry,131,166,0.7891566265060241,0.22900763358778625,1.0,0.8490497744603307,-0.0016832190112496732
PL1516,Mark Bunn,Aston Villa,False,FREE,VERY_LONG,provider_target_geometry,131,166,0.7891566265060241,0.10687022900763359,0.35714285714285715,0.6062878946738781,-0.005518445147766458
PL1516,Mark Bunn,Aston Villa,False,PRESSURED,LONG,provider_target_geometry,3,5,0.6,0.3333333333333333,0.0,0.4647887323943662,-0.006335430131680972
PL1516,Mark Bunn,Aston Villa,False,PRESSURED,MEDIUM,provider_target_geometry,3,5,0.6,0.6666666666666666,1.0,0.5127523079330308,-0.01411597628480367
PL1516,Mark Bunn,Aston Villa,True,FREE,LONG,provider_target_geometry,76,98,0.7755102040816326,0.8289473684210527,0.6190476190476191,0.6060655328779725,-0.003935242300221701
PL1516,Mark Bunn,Aston Villa,True,FREE,MEDIUM,provider_target_geometry,76,98,0.7755102040816326,0.039473684210526314,1.0,0.6047003248599245,-0.0033290652926085454
PL1516,Mark Bunn,Aston Villa,True,FREE,SHORT,provider_target_geometry,76,98,0.7755102040816326,0.02631578947368421,1.0,0.6038836349671164,-0.0037886590891125288
PL1516,Mark Bunn,Aston Villa,True,FREE,VERY_LONG,provider_target_geometry,76,98,0.7755102040816326,0.10526315789473684,0.375,0.5817012960048382,-0.00477995925726441
PL1516,Michel Vorm,Tottenham Hotspur,False,FREE,LONG,provider_target_geometry,39,39,1.0,0.05128205128205128,0.0,0.6531968591413658,-0.004275423680502457
PL1516,Michel Vorm,Tottenham Hotspur,False,FREE,MEDIUM,provider_target_geometry,39,39,1.0,0.23076923076923078,1.0,0.6920290332303217,-0.004438820690388982
PL1516,Michel Vorm,Tottenham Hotspur,False,FREE,SHORT,provider_target_geometry,39,39,1.0,0.717948717948718,1.0,0.732822572388194,-0.004049113962939161
PL1516,Michel Vorm,Tottenham Hotspur,False,PRESSURED,LONG,provider_target_geometry,3,3,1.0,0.6666666666666666,1.0,0.40939597315436244,-0.007731440632801751
PL1516,Michel Vorm,Tottenham Hotspur,False,PRESSURED,SHORT,provider_target_geometry,3,3,1.0,0.3333333333333333,1.0,0.40939597315436244,-0.006682013852632794
PL1516,Michel Vorm,Tottenham Hotspur,True,FREE,LONG,provider_target_geometry,7,7,1.0,0.2857142857142857,1.0,0.664440734557596,-0.003831071076570393
PL1516,Michel Vorm,Tottenham Hotspur,True,FREE,MEDIUM,provider_target_geometry,7,7,1.0,0.2857142857142857,1.0,0.6531968591413658,-0.002026847953505575
PL1516,Michel Vorm,Tottenham Hotspur,True,FREE,SHORT,provider_target_geometry,7,7,1.0,0.42857142857142855,1.0,0.6419529837251357,-0.0036785666999371983
PL1516,Paulo Dino Gazzaniga,Southampton,False,FREE,LONG,provider_target_geometry,34,45,0.7555555555555555,0.35294117647058826,0.75,0.6799881492645289,-0.00460962272401012
PL1516,Paulo Dino Gazzaniga,Southampton,False,FREE,MEDIUM,provider_target_geometry,34,45,0.7555555555555555,0.17647058823529413,1.0,0.8468716908177621,-0.0017955889497187738
PL1516,Paulo Dino Gazzaniga,Southampton,False,FREE,SHORT,provider_target_geometry,34,45,0.7555555555555555,0.3235294117647059,1.0,0.780868037122243,-0.0033488990753030383
PL1516,Paulo Dino Gazzaniga,Southampton,False,FREE,VERY_LONG,provider_target_geometry,34,45,0.7555555555555555,0.14705882352941177,0.4,0.683177136382539,-0.004167061431296655
PL1516,Paulo Dino Gazzaniga,Southampton,False,PRESSURED,SHORT,provider_target_geometry,1,1,1.0,1.0,1.0,0.5346534653465346,-0.004421382992462114
PL1516,Paulo Dino Gazzaniga,Southampton,True,FREE,LONG,provider_target_geometry,14,18,0.7777777777777778,0.2857142857142857,1.0,0.6531968591413658,-0.0025451083934163233
PL1516,Paulo Dino Gazzaniga,Southampton,True,FREE,SHORT,provider_target_geometry,14,18,0.7777777777777778,0.07142857142857142,1.0,0.6419529837251357,-0.0022965388601752026
PL1516,Paulo Dino Gazzaniga,Southampton,True,FREE,VERY_LONG,provider_target_geometry,14,18,0.7777777777777778,0.6428571428571429,0.8888888888888888,0.640221635589246,-0.0032595150666075217
PL1516,Petr Čech,Arsenal,False,FREE,LONG,provider_target_geometry,659,723,0.9114799446749654,0.330804248861912,0.6192660550458715,0.6507669514824059,-0.005569927507759526
PL1516,Petr Čech,Arsenal,False,FREE,MEDIUM,provider_target_geometry,659,723,0.9114799446749654,0.15629742033383914,0.9611650485436893,0.7951820416742374,-0.00285900715162771
PL1516,Petr Čech,Arsenal,False,FREE,SHORT,provider_target_geometry,659,723,0.9114799446749654,0.38088012139605465,1.0,0.8140746782890448,-0.002852579854221077
PL1516,Petr Čech,Arsenal,False,FREE,VERY_LONG,provider_target_geometry,659,723,0.9114799446749654,0.13201820940819423,0.5747126436781609,0.6131461551688604,-0.006401031077746156
PL1516,Petr Čech,Arsenal,False,PRESSURED,LONG,provider_target_geometry,40,53,0.7547169811320755,0.65,0.6538461538461539,0.49872954996953295,-0.007100981648179698
PL1516,Petr Čech,Arsenal,False,PRESSURED,MEDIUM,provider_target_geometry,40,53,0.7547169811320755,0.125,1.0,0.4912613275844432,-0.0061853656466294964
PL1516,Petr Čech,Arsenal,False,PRESSURED,SHORT,provider_target_geometry,40,53,0.7547169811320755,0.175,1.0,0.5283029651004665,-0.008415261324936595
PL1516,Petr Čech,Arsenal,False,PRESSURED,VERY_LONG,provider_target_geometry,40,53,0.7547169811320755,0.05,0.5,0.47940560486685946,-0.013184849504125754
PL1516,Petr Čech,Arsenal,True,FREE,LONG,provider_target_geometry,202,249,0.8112449799196787,0.39603960396039606,0.7625,0.6053192171269064,-0.004103890033780195
PL1516,Petr Čech,Arsenal,True,FREE,MEDIUM,provider_target_geometry,202,249,0.8112449799196787,0.054455445544554455,1.0,0.6270011705824877,-0.0032166695881892427
PL1516,Petr Čech,Arsenal,True,FREE,SHORT,provider_target_geometry,202,249,0.8112449799196787,0.10891089108910891,1.0,0.6292817071391364,-0.003633685221662503
PL1516,Petr Čech,Arsenal,True,FREE,VERY_LONG,provider_target_geometry,202,249,0.8112449799196787,0.4405940594059406,0.5955056179775281,0.6068529565104274,-0.004351775039354756
PL1516,Rob Elliot,Newcastle United,False,FREE,LONG,provider_target_geometry,406,454,0.8942731277533039,0.5394088669950738,0.593607305936073,0.6702730747664601,-0.005121545197813074
PL1516,Rob Elliot,Newcastle United,False,FREE,MEDIUM,provider_target_geometry,406,454,0.8942731277533039,0.11822660098522167,0.9375,0.7723328229703906,-0.00314647203346913
PL1516,Rob Elliot,Newcastle United,False,FREE,SHORT,provider_target_geometry,406,454,0.8942731277533039,0.2044334975369458,1.0,0.8460237465909409,-0.002059133178115067
PL1516,Rob Elliot,Newcastle United,False,FREE,VERY_LONG,provider_target_geometry,406,454,0.8942731277533039,0.13793103448275862,0.5892857142857143,0.6170641129336873,-0.005557820241389117
PL1516,Rob Elliot,Newcastle United,False,PRESSURED,LONG,provider_target_geometry,29,33,0.8787878787878788,0.6896551724137931,0.4,0.5290667030056925,-0.00641766953494721
PL1516,Rob Elliot,Newcastle United,False,PRESSURED,MEDIUM,provider_target_geometry,29,33,0.8787878787878788,0.13793103448275862,0.5,0.5179847835265242,-0.009156417710323777
PL1516,Rob Elliot,Newcastle United,False,PRESSURED,SHORT,provider_target_geometry,29,33,0.8787878787878788,0.10344827586206896,1.0,0.6578121288593426,-0.0017352915526024516
PL1516,Rob Elliot,Newcastle United,False,PRESSURED,VERY_LONG,provider_target_geometry,29,33,0.8787878787878788,0.06896551724137931,0.0,0.519883310302472,-0.006117799281015546
PL1516,Rob Elliot,Newcastle United,True,FREE,LONG,provider_target_geometry,168,198,0.8484848484848485,0.6309523809523809,0.7264150943396226,0.6244170194709776,-0.003480805631491418
PL1516,Rob Elliot,Newcastle United,True,FREE,MEDIUM,provider_target_geometry,168,198,0.8484848484848485,0.08928571428571429,1.0,0.6450648738041853,-0.0033884278738813708
PL1516,Rob Elliot,Newcastle United,True,FREE,SHORT,provider_target_geometry,168,198,0.8484848484848485,0.07738095238095238,1.0,0.640924202999659,-0.003266191879928115
PL1516,Rob Elliot,Newcastle United,True,FREE,VERY_LONG,provider_target_geometry,168,198,0.8484848484848485,0.20238095238095238,0.5882352941176471,0.6403761241550622,-0.0032208953443663476
PL1516,Ryan Allsop,AFC Bournemouth,False,FREE,LONG,provider_target_geometry,8,8,1.0,0.125,0.0,0.6623931623931624,-0.004726601511173143
PL1516,Ryan Allsop,AFC Bournemouth,False,FREE,MEDIUM,provider_target_geometry,8,8,1.0,0.25,1.0,0.8240462558811859,-0.0008293324892083652
PL1516,Ryan Allsop,AFC Bournemouth,False,FREE,SHORT,provider_target_geometry,8,8,1.0,0.625,1.0,0.7299145299145298,-0.004673370230018548
PL1516,Ryan Allsop,AFC Bournemouth,True,FREE,SHORT,provider_target_geometry,2,2,1.0,0.5,1.0,0.6267806267806267,-0.0027592490305004217
PL1516,Ryan Allsop,AFC Bournemouth,True,FREE,VERY_LONG,provider_target_geometry,2,2,1.0,0.5,1.0,0.6413793103448276,-0.00378404953457428
PL1516,Sergio Germán Romero,Manchester United,False,FREE,LONG,provider_target_geometry,93,106,0.8773584905660378,0.23655913978494625,0.5454545454545454,0.6221478049505654,-0.006054823079991035
PL1516,Sergio Germán Romero,Manchester United,False,FREE,MEDIUM,provider_target_geometry,93,106,0.8773584905660378,0.23655913978494625,0.9545454545454546,0.7831616049422714,-0.003157224913462087
PL1516,Sergio Germán Romero,Manchester United,False,FREE,SHORT,provider_target_geometry,93,106,0.8773584905660378,0.46236559139784944,0.9767441860465116,0.7380641654032053,-0.0043419838656531045
PL1516,Sergio Germán Romero,Manchester United,False,FREE,VERY_LONG,provider_target_geometry,93,106,0.8773584905660378,0.06451612903225806,0.3333333333333333,0.5708502592581147,-0.006106054696652135
PL1516,Sergio Germán Romero,Manchester United,False,PRESSURED,LONG,provider_target_geometry,13,16,0.8125,0.38461538461538464,0.6,0.498372484733631,-0.008034824041807031
PL1516,Sergio Germán Romero,Manchester United,False,PRESSURED,MEDIUM,provider_target_geometry,13,16,0.8125,0.38461538461538464,0.4,0.4895598419712604,-0.0067859519642608414
PL1516,Sergio Germán Romero,Manchester United,False,PRESSURED,SHORT,provider_target_geometry,13,16,0.8125,0.15384615384615385,1.0,0.4449254449254449,-0.005159011192557428
PL1516,Sergio Germán Romero,Manchester United,False,PRESSURED,VERY_LONG,provider_target_geometry,13,16,0.8125,0.07692307692307693,1.0,0.375,-0.012486888124686072
PL1516,Sergio Germán Romero,Manchester United,True,FREE,LONG,provider_target_geometry,12,17,0.7058823529411765,0.25,0.3333333333333333,0.6190436300340876,-0.004789646155485106
PL1516,Sergio Germán Romero,Manchester United,True,FREE,MEDIUM,provider_target_geometry,12,17,0.7058823529411765,0.08333333333333333,1.0,0.6303501945525292,-0.0020016526203922224
PL1516,Sergio Germán Romero,Manchester United,True,FREE,SHORT,provider_target_geometry,12,17,0.7058823529411765,0.5,1.0,0.5921040340399407,-0.004663993158358638
PL1516,Sergio Germán Romero,Manchester United,True,FREE,VERY_LONG,provider_target_geometry,12,17,0.7058823529411765,0.16666666666666666,0.5,0.5689462619892262,-0.006117857567074052
PL1516,Shay Given,Stoke City,False,FREE,LONG,provider_target_geometry,37,41,0.9024390243902439,0.5675675675675675,0.8095238095238095,0.6730898162747875,-0.0052539887862112725
PL1516,Shay Given,Stoke City,False,FREE,MEDIUM,provider_target_geometry,37,41,0.9024390243902439,0.13513513513513514,0.6,0.7331632384950343,-0.002609722106276256
PL1516,Shay Given,Stoke City,False,FREE,SHORT,provider_target_geometry,37,41,0.9024390243902439,0.1891891891891892,1.0,0.9102101410944375,-0.0010197023879628387
PL1516,Shay Given,Stoke City,False,FREE,VERY_LONG,provider_target_geometry,37,41,0.9024390243902439,0.10810810810810811,0.75,0.5802859718854444,-0.0068957008796238315
PL1516,Shay Given,Stoke City,False,PRESSURED,MEDIUM,provider_target_geometry,1,2,0.5,1.0,1.0,0.5,-0.00451500611640397
PL1516,Shay Given,Stoke City,True,FREE,LONG,provider_target_geometry,19,22,0.8636363636363636,0.631578947368421,0.75,0.655173035760548,-0.003146542559337854
PL1516,Shay Given,Stoke City,True,FREE,SHORT,provider_target_geometry,19,22,0.8636363636363636,0.2631578947368421,1.0,0.6318615052676703,-0.003400579168883014
PL1516,Shay Given,Stoke City,True,FREE,VERY_LONG,provider_target_geometry,19,22,0.8636363636363636,0.10526315789473684,1.0,0.6935775008734133,-0.001719380289551116
PL1516,Simon Mignolet,Liverpool,False,FREE,LONG,provider_target_geometry,575,649,0.8859784283513097,0.2852173913043478,0.6097560975609756,0.6206434989846071,-0.006003858768586794
PL1516,Simon Mignolet,Liverpool,False,FREE,MEDIUM,provider_target_geometry,575,649,0.8859784283513097,0.12869565217391304,0.918918918918919,0.7541017060280278,-0.0038342894487507617
PL1516,Simon Mignolet,Liverpool,False,FREE,SHORT,provider_target_geometry,575,649,0.8859784283513097,0.52,1.0,0.7500498277637468,-0.0038102416143129363
PL1516,Simon Mignolet,Liverpool,False,FREE,VERY_LONG,provider_target_geometry,575,649,0.8859784283513097,0.06608695652173913,0.5526315789473685,0.5660300777301718,-0.006717159259779041
PL1516,Simon Mignolet,Liverpool,False,PRESSURED,LONG,provider_target_geometry,36,49,0.7346938775510204,0.4722222222222222,0.7058823529411765,0.49296776812408194,-0.009161048365251608
PL1516,Simon Mignolet,Liverpool,False,PRESSURED,MEDIUM,provider_target_geometry,36,49,0.7346938775510204,0.3333333333333333,0.75,0.492180184923004,-0.008019149415171215
PL1516,Simon Mignolet,Liverpool,False,PRESSURED,SHORT,provider_target_geometry,36,49,0.7346938775510204,0.16666666666666666,1.0,0.5026318777262492,-0.009897546629012785
PL1516,Simon Mignolet,Liverpool,False,PRESSURED,VERY_LONG,provider_target_geometry,36,49,0.7346938775510204,0.027777777777777776,0.0,0.4723247232472324,-0.005648321482023739
PL1516,Simon Mignolet,Liverpool,True,FREE,LONG,provider_target_geometry,206,231,0.8917748917748918,0.39805825242718446,0.6463414634146342,0.5814563405130795,-0.004666131652576256
PL1516,Simon Mignolet,Liverpool,True,FREE,MEDIUM,provider_target_geometry,206,231,0.8917748917748918,0.06796116504854369,1.0,0.6024707666223434,-0.004116454668510896
PL1516,Simon Mignolet,Liverpool,True,FREE,SHORT,provider_target_geometry,206,231,0.8917748917748918,0.2912621359223301,1.0,0.590712161086723,-0.004502330336550323
PL1516,Simon Mignolet,Liverpool,True,FREE,VERY_LONG,provider_target_geometry,206,231,0.8917748917748918,0.24271844660194175,0.66,0.5759456446140218,-0.004397008629507994
PL1516,Thibaut Courtois,Chelsea,False,FREE,LONG,provider_target_geometry,386,441,0.8752834467120182,0.33419689119170987,0.5736434108527132,0.6767933654428363,-0.005115763509925407
PL1516,Thibaut Courtois,Chelsea,False,FREE,MEDIUM,provider_target_geometry,386,441,0.8752834467120182,0.12176165803108809,0.8936170212765957,0.7706450319371004,-0.0034427959119630587
PL1516,Thibaut Courtois,Chelsea,False,FREE,SHORT,provider_target_geometry,386,441,0.8752834467120182,0.40932642487046633,1.0,0.8267806403531724,-0.0025899365041815365
PL1516,Thibaut Courtois,Chelsea,False,FREE,VERY_LONG,provider_target_geometry,386,441,0.8752834467120182,0.13471502590673576,0.4807692307692308,0.6257790517346997,-0.0059652461354530485
PL1516,Thibaut Courtois,Chelsea,False,PRESSURED,LONG,provider_target_geometry,18,24,0.75,0.5555555555555556,0.3,0.4986380135395253,-0.009154058261934663
PL1516,Thibaut Courtois,Chelsea,False,PRESSURED,MEDIUM,provider_target_geometry,18,24,0.75,0.2222222222222222,0.75,0.45752874367792185,-0.009057168924205786
PL1516,Thibaut Courtois,Chelsea,False,PRESSURED,SHORT,provider_target_geometry,18,24,0.75,0.1111111111111111,1.0,0.4228705566733736,-0.007011010821091686
PL1516,Thibaut Courtois,Chelsea,False,PRESSURED,VERY_LONG,provider_target_geometry,18,24,0.75,0.1111111111111111,0.5,0.4381972333779563,-0.007447398552174897
PL1516,Thibaut Courtois,Chelsea,True,FREE,LONG,provider_target_geometry,140,167,0.8383233532934131,0.44285714285714284,0.5967741935483871,0.6054204849248291,-0.0038152346374174615
PL1516,Thibaut Courtois,Chelsea,True,FREE,MEDIUM,provider_target_geometry,140,167,0.8383233532934131,0.12142857142857143,0.9411764705882353,0.60205527201984,-0.004278754683419779
PL1516,Thibaut Courtois,Chelsea,True,FREE,SHORT,provider_target_geometry,140,167,0.8383233532934131,0.24285714285714285,1.0,0.6126569136297879,-0.003962299519653052
PL1516,Thibaut Courtois,Chelsea,True,FREE,VERY_LONG,provider_target_geometry,140,167,0.8383233532934131,0.19285714285714287,0.48148148148148145,0.5991111080998649,-0.004338510192390572
PL1516,Tim Howard,Everton,False,FREE,LONG,provider_target_geometry,483,529,0.9130434782608695,0.2670807453416149,0.5968992248062015,0.6567904620266689,-0.005348298169881438
PL1516,Tim Howard,Everton,False,FREE,MEDIUM,provider_target_geometry,483,529,0.9130434782608695,0.12629399585921325,0.9180327868852459,0.8303693777897915,-0.0024489817185217267
PL1516,Tim Howard,Everton,False,FREE,SHORT,provider_target_geometry,483,529,0.9130434782608695,0.5652173913043478,1.0,0.8145188196877605,-0.0027640611259925354
PL1516,Tim Howard,Everton,False,FREE,VERY_LONG,provider_target_geometry,483,529,0.9130434782608695,0.041407867494824016,0.6,0.626114226314132,-0.006850701124952695
PL1516,Tim Howard,Everton,False,PRESSURED,LONG,provider_target_geometry,31,39,0.7948717948717948,0.7741935483870968,0.375,0.45906150329743806,-0.00932422411540929
PL1516,Tim Howard,Everton,False,PRESSURED,MEDIUM,provider_target_geometry,31,39,0.7948717948717948,0.0967741935483871,1.0,0.4903318487617761,-0.007775237070431855
PL1516,Tim Howard,Everton,False,PRESSURED,SHORT,provider_target_geometry,31,39,0.7948717948717948,0.06451612903225806,1.0,0.47202471925044853,-0.005585904998261908
PL1516,Tim Howard,Everton,False,PRESSURED,VERY_LONG,provider_target_geometry,31,39,0.7948717948717948,0.06451612903225806,1.0,0.5307997865654829,-0.005022801928875406
PL1516,Tim Howard,Everton,True,FREE,LONG,provider_target_geometry,185,232,0.7974137931034483,0.372972972972973,0.6231884057971014,0.5831056448534634,-0.0042407208541411084
PL1516,Tim Howard,Everton,True,FREE,MEDIUM,provider_target_geometry,185,232,0.7974137931034483,0.12972972972972974,1.0,0.6056371324561187,-0.00397796171448395
PL1516,Tim Howard,Everton,True,FREE,SHORT,provider_target_geometry,185,232,0.7974137931034483,0.2972972972972973,1.0,0.607623813262013,-0.003767040444479248
PL1516,Tim Howard,Everton,True,FREE,VERY_LONG,provider_target_geometry,185,232,0.7974137931034483,0.2,0.6756756756756757,0.5899283988138332,-0.004297516927436937
PL1516,Timothy Michael Krul,Newcastle United,False,FREE,LONG,provider_target_geometry,165,194,0.8505154639175257,0.3575757575757576,0.5423728813559322,0.7064655574775712,-0.004135724361804966
PL1516,Timothy Michael Krul,Newcastle United,False,FREE,MEDIUM,provider_target_geometry,165,194,0.8505154639175257,0.20606060606060606,0.9411764705882353,0.7805044817413288,-0.0035387282291483497
PL1516,Timothy Michael Krul,Newcastle United,False,FREE,SHORT,provider_target_geometry,165,194,0.8505154639175257,0.3333333333333333,1.0,0.7863897588463784,-0.003272315446716755
PL1516,Timothy Michael Krul,Newcastle United,False,FREE,VERY_LONG,provider_target_geometry,165,194,0.8505154639175257,0.10303030303030303,0.5882352941176471,0.6037343479469568,-0.005603230847994724
PL1516,Timothy Michael Krul,Newcastle United,False,PRESSURED,LONG,provider_target_geometry,8,14,0.5714285714285714,0.25,0.5,0.5269461077844312,-0.007801826055679918
PL1516,Timothy Michael Krul,Newcastle United,False,PRESSURED,MEDIUM,provider_target_geometry,8,14,0.5714285714285714,0.625,0.8,0.5184707508060802,-0.0061110127734649005
PL1516,Timothy Michael Krul,Newcastle United,False,PRESSURED,SHORT,provider_target_geometry,8,14,0.5714285714285714,0.125,1.0,0.5861456483126111,-0.004923607150063031
PL1516,Timothy Michael Krul,Newcastle United,True,FREE,LONG,provider_target_geometry,51,70,0.7285714285714285,0.5098039215686274,0.6923076923076923,0.6400420493351399,-0.0028916390272416092
PL1516,Timothy Michael Krul,Newcastle United,True,FREE,MEDIUM,provider_target_geometry,51,70,0.7285714285714285,0.11764705882352941,1.0,0.6262480305907531,-0.0029566491579072532
PL1516,Timothy Michael Krul,Newcastle United,True,FREE,SHORT,provider_target_geometry,51,70,0.7285714285714285,0.1568627450980392,1.0,0.6592196274603463,-0.0023101680757034787
PL1516,Timothy Michael Krul,Newcastle United,True,FREE,VERY_LONG,provider_target_geometry,51,70,0.7285714285714285,0.21568627450980393,0.8181818181818182,0.6316321444869615,-0.0035908061658906807
PL1516,Vito Mannone,Sunderland,False,FREE,LONG,provider_target_geometry,396,439,0.9020501138952164,0.5050505050505051,0.58,0.6407095448790188,-0.005346147768133585
PL1516,Vito Mannone,Sunderland,False,FREE,MEDIUM,provider_target_geometry,396,439,0.9020501138952164,0.11868686868686869,0.8936170212765957,0.8050822883254908,-0.0027395503155755877
PL1516,Vito Mannone,Sunderland,False,FREE,SHORT,provider_target_geometry,396,439,0.9020501138952164,0.1919191919191919,1.0,0.7740159393735602,-0.002944807101701159
PL1516,Vito Mannone,Sunderland,False,FREE,VERY_LONG,provider_target_geometry,396,439,0.9020501138952164,0.18434343434343434,0.4794520547945205,0.5793627834771731,-0.005805334459257306
PL1516,Vito Mannone,Sunderland,False,PRESSURED,LONG,provider_target_geometry,18,22,0.8181818181818182,0.6666666666666666,0.25,0.5009759169181217,-0.008026106991223796
PL1516,Vito Mannone,Sunderland,False,PRESSURED,SHORT,provider_target_geometry,18,22,0.8181818181818182,0.16666666666666666,1.0,0.486270403244573,-0.007298706600576084
PL1516,Vito Mannone,Sunderland,False,PRESSURED,VERY_LONG,provider_target_geometry,18,22,0.8181818181818182,0.16666666666666666,1.0,0.4670670719607048,-0.008407488022291425
PL1516,Vito Mannone,Sunderland,True,FREE,LONG,provider_target_geometry,132,165,0.8,0.3333333333333333,0.4772727272727273,0.5819936736627533,-0.004189825550551887
PL1516,Vito Mannone,Sunderland,True,FREE,MEDIUM,provider_target_geometry,132,165,0.8,0.045454545454545456,1.0,0.6318684107097351,-0.0032100757933724217
PL1516,Vito Mannone,Sunderland,True,FREE,SHORT,provider_target_geometry,132,165,0.8,0.06818181818181818,1.0,0.5716241113955226,-0.004395844177956333
PL1516,Vito Mannone,Sunderland,True,FREE,VERY_LONG,provider_target_geometry,132,165,0.8,0.553030303030303,0.4794520547945205,0.6021767678370787,-0.0037781660776395817
PL1516,Wayne Hennessey,Crystal Palace,False,FREE,LONG,provider_target_geometry,455,571,0.7968476357267951,0.29010989010989013,0.5984848484848485,0.6686820245589782,-0.004951963535591684
PL1516,Wayne Hennessey,Crystal Palace,False,FREE,MEDIUM,provider_target_geometry,455,571,0.7968476357267951,0.14945054945054945,0.9264705882352942,0.8030188376437946,-0.0027590984153839037
PL1516,Wayne Hennessey,Crystal Palace,False,FREE,SHORT,provider_target_geometry,455,571,0.7968476357267951,0.2967032967032967,1.0,0.8166859462990993,-0.0029844593661995833
PL1516,Wayne Hennessey,Crystal Palace,False,FREE,VERY_LONG,provider_target_geometry,455,571,0.7968476357267951,0.26373626373626374,0.6166666666666667,0.6237136035272096,-0.005509301630827236
PL1516,Wayne Hennessey,Crystal Palace,False,PRESSURED,LONG,provider_target_geometry,38,45,0.8444444444444444,0.631578947368421,0.4166666666666667,0.4966373296554938,-0.007597827487580959
PL1516,Wayne Hennessey,Crystal Palace,False,PRESSURED,MEDIUM,provider_target_geometry,38,45,0.8444444444444444,0.07894736842105263,1.0,0.4910149657716123,-0.00921439300489227
PL1516,Wayne Hennessey,Crystal Palace,False,PRESSURED,SHORT,provider_target_geometry,38,45,0.8444444444444444,0.10526315789473684,1.0,0.5295539407031189,-0.008724805485885756
PL1516,Wayne Hennessey,Crystal Palace,False,PRESSURED,VERY_LONG,provider_target_geometry,38,45,0.8444444444444444,0.18421052631578946,0.5714285714285714,0.48951796695099686,-0.008638679715510753
PL1516,Wayne Hennessey,Crystal Palace,True,FREE,LONG,provider_target_geometry,177,245,0.7224489795918367,0.21468926553672316,0.6052631578947368,0.6181079418052254,-0.003423999725963291
PL1516,Wayne Hennessey,Crystal Palace,True,FREE,MEDIUM,provider_target_geometry,177,245,0.7224489795918367,0.07909604519774012,1.0,0.6137290105534854,-0.0040420522611533186
PL1516,Wayne Hennessey,Crystal Palace,True,FREE,SHORT,provider_target_geometry,177,245,0.7224489795918367,0.07909604519774012,1.0,0.6043746489545064,-0.0043936978859516656
PL1516,Wayne Hennessey,Crystal Palace,True,FREE,VERY_LONG,provider_target_geometry,177,245,0.7224489795918367,0.6271186440677966,0.6666666666666666,0.6031424028882962,-0.0038885718955185586
PL1516,Wilfredo Daniel Caballero,Manchester City,False,FREE,LONG,provider_target_geometry,51,62,0.8225806451612904,0.37254901960784315,0.7368421052631579,0.6161967509457545,-0.006113587684792449
PL1516,Wilfredo Daniel Caballero,Manchester City,False,FREE,MEDIUM,provider_target_geometry,51,62,0.8225806451612904,0.11764705882352941,1.0,0.6756680743970818,-0.005204785726949948
PL1516,Wilfredo Daniel Caballero,Manchester City,False,FREE,SHORT,provider_target_geometry,51,62,0.8225806451612904,0.4117647058823529,1.0,0.6724939406086569,-0.006006693440294831
PL1516,Wilfredo Daniel Caballero,Manchester City,False,FREE,VERY_LONG,provider_target_geometry,51,62,0.8225806451612904,0.09803921568627451,0.6,0.5673325888881958,-0.006405999983672192
PL1516,Wilfredo Daniel Caballero,Manchester City,False,PRESSURED,LONG,provider_target_geometry,5,7,0.7142857142857143,0.8,0.25,0.4562504548633195,-0.009910601854087906
PL1516,Wilfredo Daniel Caballero,Manchester City,False,PRESSURED,MEDIUM,provider_target_geometry,5,7,0.7142857142857143,0.2,0.0,0.5194805194805194,-0.007536287465864234
PL1516,Wilfredo Daniel Caballero,Manchester City,True,FREE,LONG,provider_target_geometry,14,22,0.6363636363636364,0.5714285714285714,0.625,0.5576926146202514,-0.005047162434050833
PL1516,Wilfredo Daniel Caballero,Manchester City,True,FREE,MEDIUM,provider_target_geometry,14,22,0.6363636363636364,0.07142857142857142,1.0,0.6166666666666667,-0.0021565070571374616
PL1516,Wilfredo Daniel Caballero,Manchester City,True,FREE,SHORT,provider_target_geometry,14,22,0.6363636363636364,0.14285714285714285,1.0,0.6354926208948259,-0.00207380608198294
PL1516,Wilfredo Daniel Caballero,Manchester City,True,FREE,VERY_LONG,provider_target_geometry,14,22,0.6363636363636364,0.21428571428571427,0.6666666666666666,0.5320879319153957,-0.004826449730834436
PL1516,Ádám Bogdán,Liverpool,False,FREE,LONG,provider_target_geometry,22,30,0.7333333333333333,0.3181818181818182,0.7142857142857143,0.6545516042820864,-0.005526756808093458
PL1516,Ádám Bogdán,Liverpool,False,FREE,MEDIUM,provider_target_geometry,22,30,0.7333333333333333,0.09090909090909091,1.0,0.8403826787512588,-0.005077413154059324
PL1516,Ádám Bogdán,Liverpool,False,FREE,SHORT,provider_target_geometry,22,30,0.7333333333333333,0.45454545454545453,1.0,0.8859313122466007,-0.0025937229917213757
PL1516,Ádám Bogdán,Liverpool,False,FREE,VERY_LONG,provider_target_geometry,22,30,0.7333333333333333,0.13636363636363635,0.6666666666666666,0.7769084455953038,-0.0024585610923320775
PL1516,Ádám Bogdán,Liverpool,False,PRESSURED,LONG,provider_target_geometry,1,1,1.0,1.0,1.0,0.5128205128205128,-0.0079342365028099
PL1516,Ádám Bogdán,Liverpool,True,FREE,LONG,provider_target_geometry,9,17,0.5294117647058824,0.3333333333333333,0.6666666666666666,0.6103233884636216,-0.004253387228761393
PL1516,Ádám Bogdán,Liverpool,True,FREE,MEDIUM,provider_target_geometry,9,17,0.5294117647058824,0.1111111111111111,1.0,0.6548117154811716,-0.0018595472869796098
PL1516,Ádám Bogdán,Liverpool,True,FREE,SHORT,provider_target_geometry,9,17,0.5294117647058824,0.4444444444444444,1.0,0.5964823850636463,-0.005135560363277144
PL1516,Ádám Bogdán,Liverpool,True,FREE,VERY_LONG,provider_target_geometry,9,17,0.5294117647058824,0.1111111111111111,1.0,0.6768916155419223,-0.0008288484610273188
PL1516,Łukasz Fabiański,Swansea City,False,FREE,LONG,provider_target_geometry,744,827,0.8996372430471584,0.3077956989247312,0.6244541484716157,0.6363740497007322,-0.005883686822716091
PL1516,Łukasz Fabiański,Swansea City,False,FREE,MEDIUM,provider_target_geometry,744,827,0.8996372430471584,0.1639784946236559,0.9262295081967213,0.7842792665047926,-0.0031238317702047625
PL1516,Łukasz Fabiański,Swansea City,False,FREE,SHORT,provider_target_geometry,744,827,0.8996372430471584,0.4583333333333333,0.9970674486803519,0.7779111786919224,-0.003501471431925323
PL1516,Łukasz Fabiański,Swansea City,False,FREE,VERY_LONG,provider_target_geometry,744,827,0.8996372430471584,0.06989247311827956,0.5961538461538461,0.5805835575260905,-0.00642573339335479
PL1516,Łukasz Fabiański,Swansea City,False,PRESSURED,LONG,provider_target_geometry,64,76,0.8421052631578947,0.609375,0.46153846153846156,0.5046489691230925,-0.008378597620068226
PL1516,Łukasz Fabiański,Swansea City,False,PRESSURED,MEDIUM,provider_target_geometry,64,76,0.8421052631578947,0.171875,0.6363636363636364,0.4829785871766218,-0.008887480738292293
PL1516,Łukasz Fabiański,Swansea City,False,PRESSURED,SHORT,provider_target_geometry,64,76,0.8421052631578947,0.1875,0.8333333333333334,0.5025566533642266,-0.007605394982431952
PL1516,Łukasz Fabiański,Swansea City,False,PRESSURED,VERY_LONG,provider_target_geometry,64,76,0.8421052631578947,0.03125,0.0,0.4754983388704319,-0.008749790782810131
PL1516,Łukasz Fabiański,Swansea City,True,FREE,LONG,provider_target_geometry,241,299,0.8060200668896321,0.5269709543568465,0.6692913385826772,0.586948158007446,-0.003852298343185671
PL1516,Łukasz Fabiański,Swansea City,True,FREE,MEDIUM,provider_target_geometry,241,299,0.8060200668896321,0.08298755186721991,1.0,0.6105512417918998,-0.0034946657557084412
PL1516,Łukasz Fabiański,Swansea City,True,FREE,SHORT,provider_target_geometry,241,299,0.8060200668896321,0.1991701244813278,1.0,0.6135684479960924,-0.0037234310929349485
PL1516,Łukasz Fabiański,Swansea City,True,FREE,VERY_LONG,provider_target_geometry,241,299,0.8060200668896321,0.1908713692946058,0.3695652173913043,0.5780190173626429,-0.0043569836308892974
T2024,Alexander Domínguez Carabalí,Ecuador,False,FREE,LONG,provider_target_geometry,49,65,0.7538461538461538,0.08163265306122448,1.0,0.7607957949488033,-0.005607655344552798
T2024,Alexander Domínguez Carabalí,Ecuador,False,FREE,MEDIUM,provider_target_geometry,49,65,0.7538461538461538,0.16326530612244897,1.0,0.8299661436625341,-0.003968297620385898
T2024,Alexander Domínguez Carabalí,Ecuador,False,FREE,SHORT,provider_target_geometry,49,65,0.7538461538461538,0.5510204081632653,1.0,0.8211666143558629,-0.0048719477513766585
T2024,Alexander Domínguez Carabalí,Ecuador,False,FREE,VERY_LONG,provider_target_geometry,49,65,0.7538461538461538,0.20408163265306123,0.4,0.6000499846477255,-0.009900950961443703
T2024,Alexander Domínguez Carabalí,Ecuador,False,PRESSURED,LONG,provider_target_geometry,9,14,0.6428571428571429,0.2222222222222222,0.0,0.656441717791411,-0.009112237998521146
T2024,Alexander Domínguez Carabalí,Ecuador,False,PRESSURED,MEDIUM,provider_target_geometry,9,14,0.6428571428571429,0.3333333333333333,1.0,0.668906801055078,-0.010851982588501938
T2024,Alexander Domínguez Carabalí,Ecuador,False,PRESSURED,SHORT,provider_target_geometry,9,14,0.6428571428571429,0.2222222222222222,1.0,0.6751393426869114,-0.006687827033675645
T2024,Alexander Domínguez Carabalí,Ecuador,False,PRESSURED,VERY_LONG,provider_target_geometry,9,14,0.6428571428571429,0.2222222222222222,0.5,0.7107438016528925,-0.013547891115562608
T2024,Alexander Domínguez Carabalí,Ecuador,True,FREE,LONG,provider_target_geometry,24,25,0.96,0.125,0.6666666666666666,0.7159826748137964,-0.0027669871311111604
T2024,Alexander Domínguez Carabalí,Ecuador,True,FREE,MEDIUM,provider_target_geometry,24,25,0.96,0.041666666666666664,1.0,0.7,-0.0018873377992865694
T2024,Alexander Domínguez Carabalí,Ecuador,True,FREE,SHORT,provider_target_geometry,24,25,0.96,0.4166666666666667,1.0,0.7153052239656004,-0.005199680199995661
T2024,Alexander Domínguez Carabalí,Ecuador,True,FREE,VERY_LONG,provider_target_geometry,24,25,0.96,0.4166666666666667,0.3,0.7017028636365985,-0.003951437331547928
T2024,Alisson Ramsés Becker,Brazil,False,FREE,LONG,provider_target_geometry,87,90,0.9666666666666667,0.04597701149425287,0.5,0.817078965758211,-0.004811208307852869
T2024,Alisson Ramsés Becker,Brazil,False,FREE,MEDIUM,provider_target_geometry,87,90,0.9666666666666667,0.1839080459770115,0.9375,0.8613527932131908,-0.0023004692947334758
T2024,Alisson Ramsés Becker,Brazil,False,FREE,SHORT,provider_target_geometry,87,90,0.9666666666666667,0.735632183908046,1.0,0.8228676136547602,-0.003873399315291768
T2024,Alisson Ramsés Becker,Brazil,False,FREE,VERY_LONG,provider_target_geometry,87,90,0.9666666666666667,0.034482758620689655,1.0,0.7658034894398531,-0.003004689893109834
T2024,Alisson Ramsés Becker,Brazil,False,PRESSURED,MEDIUM,provider_target_geometry,16,19,0.8421052631578947,0.25,1.0,0.658715362177929,-0.007850209786013515
T2024,Alisson Ramsés Becker,Brazil,False,PRESSURED,SHORT,provider_target_geometry,16,19,0.8421052631578947,0.6875,1.0,0.6553914442608988,-0.008755329572831354
T2024,Alisson Ramsés Becker,Brazil,False,PRESSURED,VERY_LONG,provider_target_geometry,16,19,0.8421052631578947,0.0625,1.0,0.63,-0.0041971029110462275
T2024,Alisson Ramsés Becker,Brazil,True,FREE,LONG,provider_target_geometry,23,24,0.9583333333333334,0.043478260869565216,1.0,0.7384615384615385,-0.002530285694261984
T2024,Alisson Ramsés Becker,Brazil,True,FREE,MEDIUM,provider_target_geometry,23,24,0.9583333333333334,0.043478260869565216,1.0,0.7107438016528925,-0.008926498457515537
T2024,Alisson Ramsés Becker,Brazil,True,FREE,SHORT,provider_target_geometry,23,24,0.9583333333333334,0.782608695652174,1.0,0.7258275021164561,-0.006398887980695918
T2024,Alisson Ramsés Becker,Brazil,True,FREE,VERY_LONG,provider_target_geometry,23,24,0.9583333333333334,0.13043478260869565,0.6666666666666666,0.7659510357815442,-0.005768051748917401
T2024,Altay Bayındır,Turkey,False,FREE,LONG,provider_target_geometry,24,24,1.0,0.125,0.6666666666666666,0.8252410901467506,-0.0006085625032687978
T2024,Altay Bayındır,Turkey,False,FREE,MEDIUM,provider_target_geometry,24,24,1.0,0.20833333333333334,1.0,0.8321666666666667,-0.001538423076031572
T2024,Altay Bayındır,Turkey,False,FREE,SHORT,provider_target_geometry,24,24,1.0,0.5416666666666666,1.0,0.8557353652636673,-0.0024807488192605397
T2024,Altay Bayındır,Turkey,False,FREE,VERY_LONG,provider_target_geometry,24,24,1.0,0.125,0.3333333333333333,0.8438155136268345,-0.0022202516647193507
T2024,Altay Bayındır,Turkey,False,PRESSURED,LONG,provider_target_geometry,8,8,1.0,0.125,0.0,0.6470588235294118,-0.012168083056850753
T2024,Altay Bayındır,Turkey,False,PRESSURED,MEDIUM,provider_target_geometry,8,8,1.0,0.25,0.5,0.6385294117647059,-0.00717380982963944
T2024,Altay Bayındır,Turkey,False,PRESSURED,SHORT,provider_target_geometry,8,8,1.0,0.5,1.0,0.6385294117647059,-0.007376831660026579
T2024,Altay Bayındır,Turkey,False,PRESSURED,VERY_LONG,provider_target_geometry,8,8,1.0,0.125,0.0,0.6470588235294118,-0.008208109352947253
T2024,Altay Bayındır,Turkey,True,FREE,SHORT,provider_target_geometry,3,3,1.0,1.0,1.0,0.7445751633986929,-0.005842807338805769
T2024,Anatolii Trubin,Ukraine,False,FREE,LONG,provider_target_geometry,49,50,0.98,0.1836734693877551,0.5555555555555556,0.7817987193662499,-0.004314387885143606
T2024,Anatolii Trubin,Ukraine,False,FREE,MEDIUM,provider_target_geometry,49,50,0.98,0.08163265306122448,0.75,0.8222784918979145,-0.004492945483849795
T2024,Anatolii Trubin,Ukraine,False,FREE,SHORT,provider_target_geometry,49,50,0.98,0.7346938775510204,1.0,0.8397723314662344,-0.00403039914935538
T2024,Anatolii Trubin,Ukraine,False,PRESSURED,LONG,provider_target_geometry,5,7,0.7142857142857143,0.2,0.0,0.656441717791411,-0.012324607495927908
T2024,Anatolii Trubin,Ukraine,False,PRESSURED,SHORT,provider_target_geometry,5,7,0.7142857142857143,0.8,1.0,0.6109189400861506,-0.012746206307821063
T2024,Anatolii Trubin,Ukraine,True,FREE,LONG,provider_target_geometry,12,13,0.9230769230769231,0.3333333333333333,0.25,0.6480569757859298,-0.007116214719878448
T2024,Anatolii Trubin,Ukraine,True,FREE,MEDIUM,provider_target_geometry,12,13,0.9230769230769231,0.3333333333333333,1.0,0.6718164644900331,-0.008528625190019304
T2024,Anatolii Trubin,Ukraine,True,FREE,SHORT,provider_target_geometry,12,13,0.9230769230769231,0.25,1.0,0.7146646952982126,-0.0027430437640317447
T2024,Anatolii Trubin,Ukraine,True,FREE,VERY_LONG,provider_target_geometry,12,13,0.9230769230769231,0.08333333333333333,1.0,0.6395348837209304,-0.009389011596054181
T2024,Andriy Lunin,Ukraine,False,FREE,MEDIUM,provider_target_geometry,16,17,0.9411764705882353,0.0625,1.0,1.0,-0.0005494358249250632
T2024,Andriy Lunin,Ukraine,False,FREE,SHORT,provider_target_geometry,16,17,0.9411764705882353,0.9375,1.0,0.8749853249475891,-0.0019177163373545034
T2024,Andriy Lunin,Ukraine,False,PRESSURED,MEDIUM,provider_target_geometry,2,2,1.0,0.5,1.0,0.63,-0.008648180574846991
T2024,Andriy Lunin,Ukraine,False,PRESSURED,SHORT,provider_target_geometry,2,2,1.0,0.5,1.0,0.7333333333333333,-0.00028935323267221136
T2024,Andriy Lunin,Ukraine,True,FREE,SHORT,provider_target_geometry,4,4,1.0,1.0,1.0,0.7783333333333333,-0.0035990308557726997
T2024,Angus Gunn,Scotland,False,FREE,LONG,provider_target_geometry,69,72,0.9583333333333334,0.391304347826087,0.5925925925925926,0.7621401187151803,-0.003942671660129316
T2024,Angus Gunn,Scotland,False,FREE,MEDIUM,provider_target_geometry,69,72,0.9583333333333334,0.028985507246376812,1.0,0.8854307116104869,-0.003110817633576572
T2024,Angus Gunn,Scotland,False,FREE,SHORT,provider_target_geometry,69,72,0.9583333333333334,0.4782608695652174,1.0,0.8679088595399521,-0.0029731297869532926
T2024,Angus Gunn,Scotland,False,FREE,VERY_LONG,provider_target_geometry,69,72,0.9583333333333334,0.10144927536231885,0.7142857142857143,0.7259691176218172,-0.006132253556551287
T2024,Angus Gunn,Scotland,False,PRESSURED,LONG,provider_target_geometry,19,21,0.9047619047619048,0.7368421052631579,0.5714285714285714,0.6358050345323683,-0.0088053078665176
T2024,Angus Gunn,Scotland,False,PRESSURED,MEDIUM,provider_target_geometry,19,21,0.9047619047619048,0.10526315789473684,0.5,0.6128723404255318,-0.0063768281247323835
T2024,Angus Gunn,Scotland,False,PRESSURED,SHORT,provider_target_geometry,19,21,0.9047619047619048,0.15789473684210525,1.0,0.6388645690834474,-0.010790924282589152
T2024,Angus Gunn,Scotland,True,FREE,LONG,provider_target_geometry,17,22,0.7727272727272727,0.17647058823529413,0.6666666666666666,0.6596337998526781,-0.004934956034882627
T2024,Angus Gunn,Scotland,True,FREE,SHORT,provider_target_geometry,17,22,0.7727272727272727,0.11764705882352941,1.0,0.6816666666666666,-0.0024818851633685115
T2024,Angus Gunn,Scotland,True,FREE,VERY_LONG,provider_target_geometry,17,22,0.7727272727272727,0.7058823529411765,0.5833333333333334,0.6771154902227083,-0.0035137928354718718
T2024,Bart Verbruggen,Netherlands,False,FREE,LONG,provider_target_geometry,162,164,0.9878048780487805,0.2037037037037037,0.6060606060606061,0.7257390040898629,-0.006043711122888361
T2024,Bart Verbruggen,Netherlands,False,FREE,MEDIUM,provider_target_geometry,162,164,0.9878048780487805,0.11728395061728394,0.9473684210526315,0.7906568721630493,-0.004365412000641497
T2024,Bart Verbruggen,Netherlands,False,FREE,SHORT,provider_target_geometry,162,164,0.9878048780487805,0.6419753086419753,1.0,0.8049174783343324,-0.00472845749366329
T2024,Bart Verbruggen,Netherlands,False,FREE,VERY_LONG,provider_target_geometry,162,164,0.9878048780487805,0.037037037037037035,0.6666666666666666,0.7643691562452268,-0.007418522341061323
T2024,Bart Verbruggen,Netherlands,False,PRESSURED,LONG,provider_target_geometry,21,22,0.9545454545454546,0.19047619047619047,0.75,0.6173312883435582,-0.00626574026252962
T2024,Bart Verbruggen,Netherlands,False,PRESSURED,MEDIUM,provider_target_geometry,21,22,0.9545454545454546,0.2857142857142857,0.8333333333333334,0.676180944786826,-0.007831352968347692
T2024,Bart Verbruggen,Netherlands,False,PRESSURED,SHORT,provider_target_geometry,21,22,0.9545454545454546,0.47619047619047616,1.0,0.6482457781508437,-0.007758103936182488
T2024,Bart Verbruggen,Netherlands,False,PRESSURED,VERY_LONG,provider_target_geometry,21,22,0.9545454545454546,0.047619047619047616,1.0,0.6108374384236454,-0.012710385471251286
T2024,Bart Verbruggen,Netherlands,True,FREE,LONG,provider_target_geometry,21,22,0.9545454545454546,0.14285714285714285,0.6666666666666666,0.71279065337409,-0.004705649036560578
T2024,Bart Verbruggen,Netherlands,True,FREE,MEDIUM,provider_target_geometry,21,22,0.9545454545454546,0.047619047619047616,1.0,0.6108374384236454,-0.009006749536441039
T2024,Bart Verbruggen,Netherlands,True,FREE,SHORT,provider_target_geometry,21,22,0.9545454545454546,0.5714285714285714,1.0,0.7173084381260315,-0.005139096807935853
T2024,Bart Verbruggen,Netherlands,True,FREE,VERY_LONG,provider_target_geometry,21,22,0.9545454545454546,0.23809523809523808,0.8,0.6507999837153442,-0.005748308182659078
T2024,Camilo Andrés Vargas Gil,Colombia,False,FREE,LONG,provider_target_geometry,115,131,0.8778625954198473,0.1391304347826087,0.75,0.590307196512664,-0.009518877306540188
T2024,Camilo Andrés Vargas Gil,Colombia,False,FREE,MEDIUM,provider_target_geometry,115,131,0.8778625954198473,0.10434782608695652,1.0,0.8230657211618996,-0.0038827919435660673
T2024,Camilo Andrés Vargas Gil,Colombia,False,FREE,SHORT,provider_target_geometry,115,131,0.8778625954198473,0.6347826086956522,1.0,0.8225949365097319,-0.00433695520967671
T2024,Camilo Andrés Vargas Gil,Colombia,False,FREE,VERY_LONG,provider_target_geometry,115,131,0.8778625954198473,0.12173913043478261,0.2857142857142857,0.7138709110877716,-0.0068512810470201324
T2024,Camilo Andrés Vargas Gil,Colombia,False,PRESSURED,LONG,provider_target_geometry,13,23,0.5652173913043478,0.6153846153846154,0.5,0.6496074879835914,-0.009235707170051906
T2024,Camilo Andrés Vargas Gil,Colombia,False,PRESSURED,MEDIUM,provider_target_geometry,13,23,0.5652173913043478,0.07692307692307693,1.0,0.7107438016528925,-0.012470272103655236
T2024,Camilo Andrés Vargas Gil,Colombia,False,PRESSURED,SHORT,provider_target_geometry,13,23,0.5652173913043478,0.23076923076923078,1.0,0.6774416805764768,-0.011762872249180378
T2024,Camilo Andrés Vargas Gil,Colombia,False,PRESSURED,VERY_LONG,provider_target_geometry,13,23,0.5652173913043478,0.07692307692307693,1.0,0.6108374384236454,-0.0094943098410549
T2024,Camilo Andrés Vargas Gil,Colombia,True,FREE,LONG,provider_target_geometry,48,59,0.8135593220338984,0.041666666666666664,1.0,0.7711864406779662,-0.00202203376014321
T2024,Camilo Andrés Vargas Gil,Colombia,True,FREE,MEDIUM,provider_target_geometry,48,59,0.8135593220338984,0.0625,1.0,0.7432656051270298,-0.005889730955705594
T2024,Camilo Andrés Vargas Gil,Colombia,True,FREE,SHORT,provider_target_geometry,48,59,0.8135593220338984,0.4375,1.0,0.7220999795392464,-0.005031271326124279
T2024,Camilo Andrés Vargas Gil,Colombia,True,FREE,VERY_LONG,provider_target_geometry,48,59,0.8135593220338984,0.4583333333333333,0.5909090909090909,0.6965230803898191,-0.007592444679417468
T2024,Claudio Andrés Bravo Muñoz,Chile,False,FREE,LONG,provider_target_geometry,50,54,0.9259259259259259,0.14,0.42857142857142855,0.7943926651608801,-0.0023214272683831985
T2024,Claudio Andrés Bravo Muñoz,Chile,False,FREE,MEDIUM,provider_target_geometry,50,54,0.9259259259259259,0.3,0.9333333333333333,0.8628688898234819,-0.0028771945133481964
T2024,Claudio Andrés Bravo Muñoz,Chile,False,FREE,SHORT,provider_target_geometry,50,54,0.9259259259259259,0.34,1.0,0.8227697484334875,-0.0033328998274245888
T2024,Claudio Andrés Bravo Muñoz,Chile,False,FREE,VERY_LONG,provider_target_geometry,50,54,0.9259259259259259,0.22,0.36363636363636365,0.7397239897344381,-0.004732340858770456
T2024,Claudio Andrés Bravo Muñoz,Chile,False,PRESSURED,LONG,provider_target_geometry,7,7,1.0,0.2857142857142857,1.0,0.7107438016528925,-0.013547891115562608
T2024,Claudio Andrés Bravo Muñoz,Chile,False,PRESSURED,MEDIUM,provider_target_geometry,7,7,1.0,0.5714285714285714,0.5,0.6448693755073988,-0.009908983595372744
T2024,Claudio Andrés Bravo Muñoz,Chile,False,PRESSURED,SHORT,provider_target_geometry,7,7,1.0,0.14285714285714285,1.0,0.7107438016528925,-0.013547891115562608
T2024,Claudio Andrés Bravo Muñoz,Chile,True,FREE,LONG,provider_target_geometry,12,16,0.75,0.16666666666666666,1.0,0.7594746716697937,-0.004025462041764622
T2024,Claudio Andrés Bravo Muñoz,Chile,True,FREE,MEDIUM,provider_target_geometry,12,16,0.75,0.08333333333333333,1.0,0.6108374384236454,-0.010653207799568718
T2024,Claudio Andrés Bravo Muñoz,Chile,True,FREE,SHORT,provider_target_geometry,12,16,0.75,0.5,1.0,0.7445910420561854,-0.005886497380453278
T2024,Claudio Andrés Bravo Muñoz,Chile,True,FREE,VERY_LONG,provider_target_geometry,12,16,0.75,0.25,0.3333333333333333,0.6866809261793588,-0.0037199988299572106
T2024,Damián Emiliano Martínez,Argentina,False,FREE,LONG,provider_target_geometry,146,156,0.9358974358974359,0.06164383561643835,0.2222222222222222,0.7884714440211398,-0.004782400466554803
T2024,Damián Emiliano Martínez,Argentina,False,FREE,MEDIUM,provider_target_geometry,146,156,0.9358974358974359,0.0821917808219178,1.0,0.900758536591765,-0.003638424198190252
T2024,Damián Emiliano Martínez,Argentina,False,FREE,SHORT,provider_target_geometry,146,156,0.9358974358974359,0.7465753424657534,1.0,0.8436735272466146,-0.004027742905178941
T2024,Damián Emiliano Martínez,Argentina,False,FREE,VERY_LONG,provider_target_geometry,146,156,0.9358974358974359,0.1095890410958904,0.75,0.5063763949657445,-0.010777483256750493
T2024,Damián Emiliano Martínez,Argentina,False,PRESSURED,LONG,provider_target_geometry,25,27,0.9259259259259259,0.12,0.3333333333333333,0.6477193785672863,-0.009270705304733588
T2024,Damián Emiliano Martínez,Argentina,False,PRESSURED,MEDIUM,provider_target_geometry,25,27,0.9259259259259259,0.16,0.75,0.6412674585563243,-0.008913688971502976
T2024,Damián Emiliano Martínez,Argentina,False,PRESSURED,SHORT,provider_target_geometry,25,27,0.9259259259259259,0.68,1.0,0.6443419806116972,-0.007568269464116628
T2024,Damián Emiliano Martínez,Argentina,False,PRESSURED,VERY_LONG,provider_target_geometry,25,27,0.9259259259259259,0.04,1.0,0.656441717791411,-0.004230631614039423
T2024,Damián Emiliano Martínez,Argentina,True,FREE,LONG,provider_target_geometry,32,34,0.9411764705882353,0.03125,0.0,0.7559055118110236,0.00038924418443403094
T2024,Damián Emiliano Martínez,Argentina,True,FREE,MEDIUM,provider_target_geometry,32,34,0.9411764705882353,0.09375,1.0,0.7222222222222222,-0.005628204858834651
T2024,Damián Emiliano Martínez,Argentina,True,FREE,SHORT,provider_target_geometry,32,34,0.9411764705882353,0.46875,1.0,0.7160047678856114,-0.004742148414312877
T2024,Damián Emiliano Martínez,Argentina,True,FREE,VERY_LONG,provider_target_geometry,32,34,0.9411764705882353,0.40625,0.5384615384615384,0.6594854644785961,-0.007660878553096948
T2024,David Raya Martin,Spain,False,FREE,LONG,provider_target_geometry,33,33,1.0,0.09090909090909091,0.3333333333333333,0.7933333333333333,-0.0028051486931408207
T2024,David Raya Martin,Spain,False,FREE,MEDIUM,provider_target_geometry,33,33,1.0,0.21212121212121213,1.0,0.9042857142857142,-0.0033510669560621576
T2024,David Raya Martin,Spain,False,FREE,SHORT,provider_target_geometry,33,33,1.0,0.6363636363636364,1.0,0.8454657082958971,-0.0027489306798609307
T2024,David Raya Martin,Spain,False,FREE,VERY_LONG,provider_target_geometry,33,33,1.0,0.06060606060606061,0.5,0.36666666666666664,-0.016864680426748043
T2024,David Raya Martin,Spain,False,PRESSURED,SHORT,provider_target_geometry,2,3,0.6666666666666666,1.0,1.0,0.6385294117647059,-0.012070327398318287
T2024,David Raya Martin,Spain,True,FREE,LONG,provider_target_geometry,3,4,0.75,0.3333333333333333,1.0,0.6470588235294118,-0.0107589322801999
T2024,David Raya Martin,Spain,True,FREE,SHORT,provider_target_geometry,3,4,0.75,0.3333333333333333,1.0,0.7933333333333333,0.0004995170207045168
T2024,David Raya Martin,Spain,True,FREE,VERY_LONG,provider_target_geometry,3,4,0.75,0.3333333333333333,1.0,0.63,-0.011190161121982706
T2024,Dayne Tristan St. Clair,Canada,False,FREE,LONG,provider_target_geometry,15,18,0.8333333333333334,0.13333333333333333,0.5,0.6012121212121212,-0.007616204854985704
T2024,Dayne Tristan St. Clair,Canada,False,FREE,SHORT,provider_target_geometry,15,18,0.8333333333333334,0.8666666666666667,1.0,0.8765856313497824,-0.0031106676886203466
T2024,Dayne Tristan St. Clair,Canada,False,PRESSURED,LONG,provider_target_geometry,4,5,0.8,0.5,0.0,0.6385294117647059,-0.008419712983859098
T2024,Dayne Tristan St. Clair,Canada,False,PRESSURED,SHORT,provider_target_geometry,4,5,0.8,0.5,1.0,0.6901960784313725,-0.007843561125078238
T2024,Dayne Tristan St. Clair,Canada,True,FREE,LONG,provider_target_geometry,1,2,0.5,1.0,0.0,0.7333333333333333,-0.0008200908340212751
T2024,Diogo Meireles Costa,Portugal,False,FREE,LONG,provider_target_geometry,103,103,1.0,0.02912621359223301,0.6666666666666666,0.7928395061728395,-0.003738059390752904
T2024,Diogo Meireles Costa,Portugal,False,FREE,MEDIUM,provider_target_geometry,103,103,1.0,0.22330097087378642,0.8695652173913043,0.8541462174088401,-0.0033555547885141617
T2024,Diogo Meireles Costa,Portugal,False,FREE,SHORT,provider_target_geometry,103,103,1.0,0.7087378640776699,1.0,0.8586806306208163,-0.0029334522785469113
T2024,Diogo Meireles Costa,Portugal,False,FREE,VERY_LONG,provider_target_geometry,103,103,1.0,0.038834951456310676,0.25,0.7668834812774207,-0.004166919431858776
T2024,Diogo Meireles Costa,Portugal,False,PRESSURED,LONG,provider_target_geometry,18,20,0.9,0.2777777777777778,0.4,0.5963948689347462,-0.007150461518433468
T2024,Diogo Meireles Costa,Portugal,False,PRESSURED,MEDIUM,provider_target_geometry,18,20,0.9,0.2222222222222222,1.0,0.6501859504132231,-0.010443778269775349
T2024,Diogo Meireles Costa,Portugal,False,PRESSURED,SHORT,provider_target_geometry,18,20,0.9,0.5,1.0,0.641782396809409,-0.0091942947447544
T2024,Diogo Meireles Costa,Portugal,True,FREE,MEDIUM,provider_target_geometry,29,30,0.9666666666666667,0.3448275862068966,1.0,0.7038006790622742,-0.007219040551065431
T2024,Diogo Meireles Costa,Portugal,True,FREE,SHORT,provider_target_geometry,29,30,0.9666666666666667,0.6206896551724138,1.0,0.6877403805047282,-0.00660348554352052
T2024,Diogo Meireles Costa,Portugal,True,FREE,VERY_LONG,provider_target_geometry,29,30,0.9666666666666667,0.034482758620689655,0.0,0.7804878048780488,-0.000736615577747964
T2024,Dominik Livaković,Croatia,False,FREE,LONG,provider_target_geometry,52,58,0.896551724137931,0.11538461538461539,0.5,0.7343738581917889,-0.008117034403913658
T2024,Dominik Livaković,Croatia,False,FREE,MEDIUM,provider_target_geometry,52,58,0.896551724137931,0.07692307692307693,1.0,0.8943203193203193,-0.0028173673679118
T2024,Dominik Livaković,Croatia,False,FREE,SHORT,provider_target_geometry,52,58,0.896551724137931,0.7307692307692307,1.0,0.8754793875883058,-0.0028633421464323203
T2024,Dominik Livaković,Croatia,False,FREE,VERY_LONG,provider_target_geometry,52,58,0.896551724137931,0.07692307692307693,0.75,0.7454243468146028,-0.0042538792694667895
T2024,Dominik Livaković,Croatia,False,PRESSURED,LONG,provider_target_geometry,12,16,0.75,0.5833333333333334,0.2857142857142857,0.6564417177914111,-0.005231109485196865
T2024,Dominik Livaković,Croatia,False,PRESSURED,MEDIUM,provider_target_geometry,12,16,0.75,0.16666666666666666,1.0,0.656441717791411,-0.009186689842961636
T2024,Dominik Livaković,Croatia,False,PRESSURED,SHORT,provider_target_geometry,12,16,0.75,0.25,1.0,0.656441717791411,-0.005877789861058014
T2024,Dominik Livaković,Croatia,True,FREE,LONG,provider_target_geometry,13,15,0.8666666666666667,0.07692307692307693,1.0,0.7559055118110236,-0.0023117351227042076
T2024,Dominik Livaković,Croatia,True,FREE,MEDIUM,provider_target_geometry,13,15,0.8666666666666667,0.15384615384615385,1.0,0.7,-0.0048721385907101004
T2024,Dominik Livaković,Croatia,True,FREE,SHORT,provider_target_geometry,13,15,0.8666666666666667,0.6153846153846154,1.0,0.7362707106588483,-0.0032544401493862646
T2024,Dominik Livaković,Croatia,True,FREE,VERY_LONG,provider_target_geometry,13,15,0.8666666666666667,0.15384615384615385,1.0,0.6869165110696185,-0.006785932923027983
T2024,Ethan Horvath,United States,False,FREE,LONG,provider_target_geometry,8,12,0.6666666666666666,0.125,0.0,0.7107438016528925,-0.004246316525620443
T2024,Ethan Horvath,United States,False,FREE,MEDIUM,provider_target_geometry,8,12,0.6666666666666666,0.125,1.0,0.7804878048780488,-0.008118420498966251
T2024,Ethan Horvath,United States,False,FREE,VERY_LONG,provider_target_geometry,8,12,0.6666666666666666,0.75,0.16666666666666666,0.7476332678845612,-0.0017793576289711216
T2024,Ethan Horvath,United States,False,PRESSURED,LONG,provider_target_geometry,1,2,0.5,1.0,1.0,0.7107438016528925,-0.013547891115562608
T2024,Ethan Horvath,United States,True,FREE,VERY_LONG,provider_target_geometry,2,6,0.3333333333333333,1.0,0.0,0.7107438016528925,-0.002724428819779365
T2024,Fehmi Mert Günok,Turkey,False,FREE,LONG,provider_target_geometry,73,76,0.9605263157894737,0.1232876712328767,0.4444444444444444,0.7264258503535999,-0.005621065779163004
T2024,Fehmi Mert Günok,Turkey,False,FREE,MEDIUM,provider_target_geometry,73,76,0.9605263157894737,0.2191780821917808,1.0,0.9150773636174097,-0.003578075981570838
T2024,Fehmi Mert Günok,Turkey,False,FREE,SHORT,provider_target_geometry,73,76,0.9605263157894737,0.4246575342465753,1.0,0.8095644401108927,-0.005133628441772975
T2024,Fehmi Mert Günok,Turkey,False,FREE,VERY_LONG,provider_target_geometry,73,76,0.9605263157894737,0.2328767123287671,0.23529411764705882,0.7782134230415425,-0.0049005095289426336
T2024,Fehmi Mert Günok,Turkey,False,PRESSURED,LONG,provider_target_geometry,21,21,1.0,0.5238095238095238,0.36363636363636365,0.6101486503712505,-0.009219402064722208
T2024,Fehmi Mert Günok,Turkey,False,PRESSURED,MEDIUM,provider_target_geometry,21,21,1.0,0.09523809523809523,1.0,0.7015257469802925,-0.011895399832487833
T2024,Fehmi Mert Günok,Turkey,False,PRESSURED,SHORT,provider_target_geometry,21,21,1.0,0.19047619047619047,1.0,0.6721916898802103,-0.00920843617040892
T2024,Fehmi Mert Günok,Turkey,False,PRESSURED,VERY_LONG,provider_target_geometry,21,21,1.0,0.19047619047619047,0.5,0.6675826625439103,-0.005471236141439935
T2024,Fehmi Mert Günok,Turkey,True,FREE,LONG,provider_target_geometry,30,30,1.0,0.36666666666666664,0.2727272727272727,0.6792409896432078,-0.005739927273647999
T2024,Fehmi Mert Günok,Turkey,True,FREE,MEDIUM,provider_target_geometry,30,30,1.0,0.16666666666666666,1.0,0.6974456735595639,-0.0043598287699198185
T2024,Fehmi Mert Günok,Turkey,True,FREE,SHORT,provider_target_geometry,30,30,1.0,0.26666666666666666,1.0,0.705292255837494,-0.004475136652033765
T2024,Fehmi Mert Günok,Turkey,True,FREE,VERY_LONG,provider_target_geometry,30,30,1.0,0.2,0.5,0.6487268229354028,-0.007655682266595261
T2024,Florin Constantin Niţă,Romania,False,FREE,LONG,provider_target_geometry,82,89,0.9213483146067416,0.45121951219512196,0.5405405405405406,0.6921248322734737,-0.005987616865069162
T2024,Florin Constantin Niţă,Romania,False,FREE,MEDIUM,provider_target_geometry,82,89,0.9213483146067416,0.10975609756097561,1.0,0.8916496934428986,-0.001413561397730049
T2024,Florin Constantin Niţă,Romania,False,FREE,SHORT,provider_target_geometry,82,89,0.9213483146067416,0.3902439024390244,1.0,0.810244152528671,-0.003560797047284277
T2024,Florin Constantin Niţă,Romania,False,FREE,VERY_LONG,provider_target_geometry,82,89,0.9213483146067416,0.04878048780487805,0.5,0.3911299435028249,-0.01357926858675821
T2024,Florin Constantin Niţă,Romania,False,PRESSURED,LONG,provider_target_geometry,8,11,0.7272727272727273,0.5,0.75,0.656441717791411,-0.011360031355351154
T2024,Florin Constantin Niţă,Romania,False,PRESSURED,MEDIUM,provider_target_geometry,8,11,0.7272727272727273,0.25,0.5,0.6432208588957056,-0.010336207102212834
T2024,Florin Constantin Niţă,Romania,False,PRESSURED,SHORT,provider_target_geometry,8,11,0.7272727272727273,0.125,1.0,0.63,-0.0033445269009752324
T2024,Florin Constantin Niţă,Romania,False,PRESSURED,VERY_LONG,provider_target_geometry,8,11,0.7272727272727273,0.125,1.0,0.656441717791411,-0.014465945419073527
T2024,Florin Constantin Niţă,Romania,True,FREE,LONG,provider_target_geometry,38,46,0.8260869565217391,0.631578947368421,0.5416666666666666,0.7094764462002722,-0.006150044422009618
T2024,Florin Constantin Niţă,Romania,True,FREE,MEDIUM,provider_target_geometry,38,46,0.8260869565217391,0.07894736842105263,1.0,0.6868708298494632,-0.008755450991795666
T2024,Florin Constantin Niţă,Romania,True,FREE,SHORT,provider_target_geometry,38,46,0.8260869565217391,0.18421052631578946,1.0,0.679926449062542,-0.007595945235788692
T2024,Florin Constantin Niţă,Romania,True,FREE,VERY_LONG,provider_target_geometry,38,46,0.8260869565217391,0.10526315789473684,0.5,0.6679905199455903,-0.008053260446005527
T2024,Gabriel Arias Arroyo,Chile,False,FREE,LONG,provider_target_geometry,24,34,0.7058823529411765,0.041666666666666664,1.0,0.5957446808510638,-0.006278202723815612
T2024,Gabriel Arias Arroyo,Chile,False,FREE,SHORT,provider_target_geometry,24,34,0.7058823529411765,0.75,1.0,0.8177748408396861,-0.004817876311272208
T2024,Gabriel Arias Arroyo,Chile,False,FREE,VERY_LONG,provider_target_geometry,24,34,0.7058823529411765,0.20833333333333334,1.0,0.7911210073710075,-0.003926207732923464
T2024,Gabriel Arias Arroyo,Chile,False,PRESSURED,SHORT,provider_target_geometry,1,2,0.5,1.0,1.0,0.5957446808510638,-0.007515815653220608
T2024,Gabriel Arias Arroyo,Chile,True,FREE,SHORT,provider_target_geometry,5,8,0.625,0.8,1.0,0.6872390327695561,-0.002214463610118192
T2024,Gabriel Arias Arroyo,Chile,True,FREE,VERY_LONG,provider_target_geometry,5,8,0.625,0.2,1.0,0.6395348837209304,-0.0019614066723767087
T2024,Gianluigi Donnarumma,Italy,False,FREE,LONG,provider_target_geometry,67,68,0.9852941176470589,0.14925373134328357,0.4,0.7772675739294874,-0.004222778203098082
T2024,Gianluigi Donnarumma,Italy,False,FREE,MEDIUM,provider_target_geometry,67,68,0.9852941176470589,0.11940298507462686,1.0,0.8010388583610843,-0.00437769653188403
T2024,Gianluigi Donnarumma,Italy,False,FREE,SHORT,provider_target_geometry,67,68,0.9852941176470589,0.7014925373134329,1.0,0.8392242003453373,-0.003825315146267399
T2024,Gianluigi Donnarumma,Italy,False,FREE,VERY_LONG,provider_target_geometry,67,68,0.9852941176470589,0.029850746268656716,0.5,0.7414478501935349,-0.0073314346657884655
T2024,Gianluigi Donnarumma,Italy,False,PRESSURED,LONG,provider_target_geometry,16,16,1.0,0.375,0.5,0.6706587812203471,-0.006998172381904842
T2024,Gianluigi Donnarumma,Italy,False,PRESSURED,MEDIUM,provider_target_geometry,16,16,1.0,0.1875,0.6666666666666666,0.7107438016528925,-0.002017491077329734
T2024,Gianluigi Donnarumma,Italy,False,PRESSURED,SHORT,provider_target_geometry,16,16,1.0,0.4375,1.0,0.6763852127107108,-0.012837044513906654
T2024,Gianluigi Donnarumma,Italy,True,FREE,LONG,provider_target_geometry,16,16,1.0,0.1875,0.3333333333333333,0.7537059900557684,-0.003252435769005761
T2024,Gianluigi Donnarumma,Italy,True,FREE,MEDIUM,provider_target_geometry,16,16,1.0,0.1875,1.0,0.7088675938489372,-0.006074688794055087
T2024,Gianluigi Donnarumma,Italy,True,FREE,SHORT,provider_target_geometry,16,16,1.0,0.625,1.0,0.705140451234805,-0.006453821147516819
T2024,Giorgi Mamardashvili,Georgia,False,FREE,LONG,provider_target_geometry,61,72,0.8472222222222222,0.32786885245901637,0.4,0.7202696268134582,-0.0053637069389716905
T2024,Giorgi Mamardashvili,Georgia,False,FREE,MEDIUM,provider_target_geometry,61,72,0.8472222222222222,0.06557377049180328,1.0,0.9547088328338328,0.0014786255432828604
T2024,Giorgi Mamardashvili,Georgia,False,FREE,SHORT,provider_target_geometry,61,72,0.8472222222222222,0.47540983606557374,1.0,0.9021969212290545,-0.002485901522357759
T2024,Giorgi Mamardashvili,Georgia,False,FREE,VERY_LONG,provider_target_geometry,61,72,0.8472222222222222,0.13114754098360656,0.5,0.7872139470332551,-0.0035394310368032523
T2024,Giorgi Mamardashvili,Georgia,False,PRESSURED,LONG,provider_target_geometry,5,6,0.8333333333333334,0.2,0.0,0.63,-0.006673287649971912
T2024,Giorgi Mamardashvili,Georgia,False,PRESSURED,MEDIUM,provider_target_geometry,5,6,0.8333333333333334,0.2,1.0,0.656441717791411,-0.01474213823955344
T2024,Giorgi Mamardashvili,Georgia,False,PRESSURED,SHORT,provider_target_geometry,5,6,0.8333333333333334,0.4,1.0,0.656441717791411,-0.012050692839185057
T2024,Giorgi Mamardashvili,Georgia,False,PRESSURED,VERY_LONG,provider_target_geometry,5,6,0.8333333333333334,0.2,0.0,0.656441717791411,-0.00370698334642304
T2024,Giorgi Mamardashvili,Georgia,True,FREE,LONG,provider_target_geometry,36,44,0.8181818181818182,0.3611111111111111,0.3076923076923077,0.7012687898555625,-0.005160097451086396
T2024,Giorgi Mamardashvili,Georgia,True,FREE,MEDIUM,provider_target_geometry,36,44,0.8181818181818182,0.08333333333333333,1.0,0.6897794492106398,-0.00399718970477217
T2024,Giorgi Mamardashvili,Georgia,True,FREE,SHORT,provider_target_geometry,36,44,0.8181818181818182,0.3055555555555556,1.0,0.6906453922996634,-0.006875083574986626
T2024,Giorgi Mamardashvili,Georgia,True,FREE,VERY_LONG,provider_target_geometry,36,44,0.8181818181818182,0.25,0.4444444444444444,0.6825562329933591,-0.002407282621946483
T2024,Guillermo Viscarra Bruckner,Bolivia,False,FREE,LONG,provider_target_geometry,41,42,0.9761904761904762,0.36585365853658536,0.3333333333333333,0.7760132163695137,-0.0051060936526114275
T2024,Guillermo Viscarra Bruckner,Bolivia,False,FREE,MEDIUM,provider_target_geometry,41,42,0.9761904761904762,0.0975609756097561,1.0,0.8217357187696172,-0.003991764022027144
T2024,Guillermo Viscarra Bruckner,Bolivia,False,FREE,SHORT,provider_target_geometry,41,42,0.9761904761904762,0.36585365853658536,1.0,0.8749170702691917,-0.002316379968203814
T2024,Guillermo Viscarra Bruckner,Bolivia,False,FREE,VERY_LONG,provider_target_geometry,41,42,0.9761904761904762,0.17073170731707318,0.14285714285714285,0.7880419433656998,-0.003447148992374606
T2024,Guillermo Viscarra Bruckner,Bolivia,False,PRESSURED,LONG,provider_target_geometry,5,7,0.7142857142857143,0.6,0.3333333333333333,0.6626008750607681,-0.00823366206708503
T2024,Guillermo Viscarra Bruckner,Bolivia,False,PRESSURED,SHORT,provider_target_geometry,5,7,0.7142857142857143,0.2,1.0,0.63,-0.002867729824086604
T2024,Guillermo Viscarra Bruckner,Bolivia,False,PRESSURED,VERY_LONG,provider_target_geometry,5,7,0.7142857142857143,0.2,1.0,0.5957446808510638,-0.016294948799246898
T2024,Guillermo Viscarra Bruckner,Bolivia,True,FREE,LONG,provider_target_geometry,26,27,0.9629629629629629,0.23076923076923078,0.6666666666666666,0.7560500157400564,-0.004557660239577218
T2024,Guillermo Viscarra Bruckner,Bolivia,True,FREE,MEDIUM,provider_target_geometry,26,27,0.9629629629629629,0.11538461538461539,1.0,0.7928395061728395,-0.004708622699663472
T2024,Guillermo Viscarra Bruckner,Bolivia,True,FREE,SHORT,provider_target_geometry,26,27,0.9629629629629629,0.34615384615384615,1.0,0.7655148253081857,-0.004425638142759861
T2024,Guillermo Viscarra Bruckner,Bolivia,True,FREE,VERY_LONG,provider_target_geometry,26,27,0.9629629629629629,0.3076923076923077,0.25,0.7531835507418676,-0.0032976427072404363
T2024,Jahmali Waite,Jamaica,False,FREE,LONG,provider_target_geometry,54,58,0.9310344827586207,0.1111111111111111,0.5,0.7511545538226055,-0.004906233952045472
T2024,Jahmali Waite,Jamaica,False,FREE,MEDIUM,provider_target_geometry,54,58,0.9310344827586207,0.2037037037037037,0.8181818181818182,0.8149505231089628,-0.004245833143434344
T2024,Jahmali Waite,Jamaica,False,FREE,SHORT,provider_target_geometry,54,58,0.9310344827586207,0.6851851851851852,1.0,0.8945217994563016,-0.0029123471837723012
T2024,Jahmali Waite,Jamaica,False,PRESSURED,LONG,provider_target_geometry,17,22,0.7727272727272727,0.5294117647058824,0.5555555555555556,0.6343308350256863,-0.00737681316665894
T2024,Jahmali Waite,Jamaica,False,PRESSURED,MEDIUM,provider_target_geometry,17,22,0.7727272727272727,0.11764705882352941,1.0,0.6176397822859971,-0.005743857356161343
T2024,Jahmali Waite,Jamaica,False,PRESSURED,SHORT,provider_target_geometry,17,22,0.7727272727272727,0.35294117647058826,1.0,0.623275393642824,-0.008372426149785858
T2024,Jahmali Waite,Jamaica,True,FREE,LONG,provider_target_geometry,26,31,0.8387096774193549,0.11538461538461539,0.6666666666666666,0.6637283587943393,-0.005488981274879315
T2024,Jahmali Waite,Jamaica,True,FREE,MEDIUM,provider_target_geometry,26,31,0.8387096774193549,0.07692307692307693,1.0,0.7047106236786471,-0.007837793401708875
T2024,Jahmali Waite,Jamaica,True,FREE,SHORT,provider_target_geometry,26,31,0.8387096774193549,0.5384615384615384,1.0,0.7093635230016203,-0.005869929844180832
T2024,Jahmali Waite,Jamaica,True,FREE,VERY_LONG,provider_target_geometry,26,31,0.8387096774193549,0.2692307692307692,0.42857142857142855,0.6617103652889941,-0.005947435654485582
T2024,Jan Oblak,Slovenia,False,FREE,LONG,provider_target_geometry,65,72,0.9027777777777778,0.4307692307692308,0.75,0.7717926874542933,-0.003346412353420044
T2024,Jan Oblak,Slovenia,False,FREE,MEDIUM,provider_target_geometry,65,72,0.9027777777777778,0.16923076923076924,0.8181818181818182,0.80763829844734,-0.004424379440448233
T2024,Jan Oblak,Slovenia,False,FREE,SHORT,provider_target_geometry,65,72,0.9027777777777778,0.27692307692307694,1.0,0.8225962984725647,-0.004398440000998248
T2024,Jan Oblak,Slovenia,False,FREE,VERY_LONG,provider_target_geometry,65,72,0.9027777777777778,0.12307692307692308,0.625,0.7408771552651168,-0.006041543053647026
T2024,Jan Oblak,Slovenia,False,PRESSURED,LONG,provider_target_geometry,12,12,1.0,0.5833333333333334,0.5714285714285714,0.64535545050415,-0.007372670591210715
T2024,Jan Oblak,Slovenia,False,PRESSURED,MEDIUM,provider_target_geometry,12,12,1.0,0.25,0.6666666666666666,0.6260388648795673,-0.010926170178730809
T2024,Jan Oblak,Slovenia,False,PRESSURED,SHORT,provider_target_geometry,12,12,1.0,0.16666666666666666,1.0,0.6032910596373546,-0.00911830228444049
T2024,Jan Oblak,Slovenia,True,FREE,LONG,provider_target_geometry,40,44,0.9090909090909091,0.35,0.5714285714285714,0.6807952748330351,-0.006146907801552783
T2024,Jan Oblak,Slovenia,True,FREE,MEDIUM,provider_target_geometry,40,44,0.9090909090909091,0.225,1.0,0.6973099669820813,-0.005179039040771881
T2024,Jan Oblak,Slovenia,True,FREE,SHORT,provider_target_geometry,40,44,0.9090909090909091,0.225,1.0,0.6918555932651915,-0.006470298615155549
T2024,Jan Oblak,Slovenia,True,FREE,VERY_LONG,provider_target_geometry,40,44,0.9090909090909091,0.2,0.25,0.6409169519764881,-0.006211675988258278
T2024,Jindřich Staněk,Czech Republic,False,FREE,LONG,provider_target_geometry,39,41,0.9512195121951219,0.3333333333333333,0.5384615384615384,0.7786720966865335,-0.004155974056552736
T2024,Jindřich Staněk,Czech Republic,False,FREE,MEDIUM,provider_target_geometry,39,41,0.9512195121951219,0.23076923076923078,0.8888888888888888,0.8352980185748548,-0.00498463822349095
T2024,Jindřich Staněk,Czech Republic,False,FREE,SHORT,provider_target_geometry,39,41,0.9512195121951219,0.38461538461538464,1.0,0.8675230673295105,-0.003038949390634134
T2024,Jindřich Staněk,Czech Republic,False,FREE,VERY_LONG,provider_target_geometry,39,41,0.9512195121951219,0.05128205128205128,0.0,0.5599173553719008,-0.007659219904714948
T2024,Jindřich Staněk,Czech Republic,False,PRESSURED,LONG,provider_target_geometry,9,9,1.0,0.6666666666666666,0.3333333333333333,0.7208175748237381,-0.0037912589483516655
T2024,Jindřich Staněk,Czech Republic,False,PRESSURED,MEDIUM,provider_target_geometry,9,9,1.0,0.1111111111111111,0.0,0.7107438016528925,-0.006232472219780886
T2024,Jindřich Staněk,Czech Republic,False,PRESSURED,SHORT,provider_target_geometry,9,9,1.0,0.2222222222222222,1.0,0.6607906200382689,-0.004469320782890241
T2024,Jindřich Staněk,Czech Republic,True,FREE,LONG,provider_target_geometry,23,24,0.9583333333333334,0.34782608695652173,0.375,0.7423947962196299,-0.00395857188325496
T2024,Jindřich Staněk,Czech Republic,True,FREE,MEDIUM,provider_target_geometry,23,24,0.9583333333333334,0.043478260869565216,1.0,0.7804878048780488,-0.0070062652263455285
T2024,Jindřich Staněk,Czech Republic,True,FREE,SHORT,provider_target_geometry,23,24,0.9583333333333334,0.2608695652173913,1.0,0.7464323023093655,-0.0051670898398533
T2024,Jindřich Staněk,Czech Republic,True,FREE,VERY_LONG,provider_target_geometry,23,24,0.9583333333333334,0.34782608695652173,0.75,0.7153859291560951,-0.005084167867849385
T2024,Jordan Pickford,England,False,FREE,LONG,provider_target_geometry,190,203,0.9359605911330049,0.1631578947368421,0.41935483870967744,0.7809003720870547,-0.005321892800297241
T2024,Jordan Pickford,England,False,FREE,MEDIUM,provider_target_geometry,190,203,0.9359605911330049,0.18421052631578946,1.0,0.8458036693498269,-0.0031312649284165796
T2024,Jordan Pickford,England,False,FREE,SHORT,provider_target_geometry,190,203,0.9359605911330049,0.5789473684210527,1.0,0.8498961574536015,-0.0036654955612667184
T2024,Jordan Pickford,England,False,FREE,VERY_LONG,provider_target_geometry,190,203,0.9359605911330049,0.07368421052631578,0.5,0.7710823725961806,-0.003956246510891019
T2024,Jordan Pickford,England,False,PRESSURED,LONG,provider_target_geometry,50,51,0.9803921568627451,0.52,0.3076923076923077,0.6527852442753168,-0.0071913900960514
T2024,Jordan Pickford,England,False,PRESSURED,MEDIUM,provider_target_geometry,50,51,0.9803921568627451,0.1,1.0,0.654799911876058,-0.007372350277069872
T2024,Jordan Pickford,England,False,PRESSURED,SHORT,provider_target_geometry,50,51,0.9803921568627451,0.34,1.0,0.6542291376559654,-0.0066862924800806176
T2024,Jordan Pickford,England,False,PRESSURED,VERY_LONG,provider_target_geometry,50,51,0.9803921568627451,0.04,0.5,0.6108374384236454,-0.012427890898136718
T2024,Jordan Pickford,England,True,FREE,LONG,provider_target_geometry,43,50,0.86,0.27906976744186046,0.75,0.6822937831738923,-0.0028828208218182106
T2024,Jordan Pickford,England,True,FREE,MEDIUM,provider_target_geometry,43,50,0.86,0.06976744186046512,1.0,0.7533333333333333,-0.0027517253638331164
T2024,Jordan Pickford,England,True,FREE,SHORT,provider_target_geometry,43,50,0.86,0.3023255813953488,1.0,0.7222211247158388,-0.005773473536681368
T2024,Jordan Pickford,England,True,FREE,VERY_LONG,provider_target_geometry,43,50,0.86,0.3488372093023256,0.6666666666666666,0.6908337262887337,-0.004173459886960095
T2024,Julio José González Vela-Alvizu,Mexico,False,FREE,LONG,provider_target_geometry,78,78,1.0,0.08974358974358974,0.2857142857142857,0.7480874955841231,-0.00591468600146129
T2024,Julio José González Vela-Alvizu,Mexico,False,FREE,MEDIUM,provider_target_geometry,78,78,1.0,0.11538461538461539,1.0,0.8480239189649301,-0.004245801608123797
T2024,Julio José González Vela-Alvizu,Mexico,False,FREE,SHORT,provider_target_geometry,78,78,1.0,0.7435897435897436,1.0,0.8166112425671166,-0.0039360696841830994
T2024,Julio José González Vela-Alvizu,Mexico,False,FREE,VERY_LONG,provider_target_geometry,78,78,1.0,0.05128205128205128,0.25,0.6841638545007085,-0.007288203993656725
T2024,Julio José González Vela-Alvizu,Mexico,False,PRESSURED,LONG,provider_target_geometry,7,9,0.7777777777777778,0.14285714285714285,0.0,0.5957446808510638,-0.004791962459945676
T2024,Julio José González Vela-Alvizu,Mexico,False,PRESSURED,SHORT,provider_target_geometry,7,9,0.7777777777777778,0.8571428571428571,1.0,0.5617232823469512,-0.010096906899409197
T2024,Julio José González Vela-Alvizu,Mexico,True,FREE,LONG,provider_target_geometry,15,17,0.8823529411764706,0.2,1.0,0.6874704491725768,-0.007230123277754993
T2024,Julio José González Vela-Alvizu,Mexico,True,FREE,MEDIUM,provider_target_geometry,15,17,0.8823529411764706,0.06666666666666667,1.0,0.7,-0.0018873377992865694
T2024,Julio José González Vela-Alvizu,Mexico,True,FREE,SHORT,provider_target_geometry,15,17,0.8823529411764706,0.6666666666666666,1.0,0.7278054697240746,-0.003592502337419162
T2024,Julio José González Vela-Alvizu,Mexico,True,FREE,VERY_LONG,provider_target_geometry,15,17,0.8823529411764706,0.06666666666666667,1.0,0.7933333333333333,0.0004995170207045168
T2024,Kasper Schmeichel,Denmark,False,FREE,LONG,provider_target_geometry,72,77,0.935064935064935,0.1388888888888889,0.6,0.5952694905403284,-0.009084684597201515
T2024,Kasper Schmeichel,Denmark,False,FREE,MEDIUM,provider_target_geometry,72,77,0.935064935064935,0.2222222222222222,1.0,0.8202336327384963,-0.00441039463044279
T2024,Kasper Schmeichel,Denmark,False,FREE,SHORT,provider_target_geometry,72,77,0.935064935064935,0.5972222222222222,1.0,0.8396590202185409,-0.003818156623096599
T2024,Kasper Schmeichel,Denmark,False,FREE,VERY_LONG,provider_target_geometry,72,77,0.935064935064935,0.041666666666666664,0.3333333333333333,0.611111111111111,-0.008998722155903686
T2024,Kasper Schmeichel,Denmark,False,PRESSURED,LONG,provider_target_geometry,11,12,0.9166666666666666,0.2727272727272727,0.3333333333333333,0.6260388648795673,-0.004522150085751059
T2024,Kasper Schmeichel,Denmark,False,PRESSURED,MEDIUM,provider_target_geometry,11,12,0.9166666666666666,0.36363636363636365,0.75,0.6104654209616758,-0.010942544497343406
T2024,Kasper Schmeichel,Denmark,False,PRESSURED,SHORT,provider_target_geometry,11,12,0.9166666666666666,0.36363636363636365,1.0,0.6184653188724414,-0.007968815382208611
T2024,Kasper Schmeichel,Denmark,True,FREE,LONG,provider_target_geometry,21,23,0.9130434782608695,0.09523809523809523,1.0,0.6903619010300046,-0.00537450867129486
T2024,Kasper Schmeichel,Denmark,True,FREE,MEDIUM,provider_target_geometry,21,23,0.9130434782608695,0.23809523809523808,1.0,0.7244434479718634,-0.003781520296119733
T2024,Kasper Schmeichel,Denmark,True,FREE,SHORT,provider_target_geometry,21,23,0.9130434782608695,0.2857142857142857,1.0,0.6397546183444279,-0.009241755222888058
T2024,Kasper Schmeichel,Denmark,True,FREE,VERY_LONG,provider_target_geometry,21,23,0.9130434782608695,0.38095238095238093,0.75,0.6551570297926689,-0.005105320841948057
T2024,Koen Casteels,Belgium,False,FREE,LONG,provider_target_geometry,83,86,0.9651162790697675,0.03614457831325301,0.3333333333333333,0.748161085612272,-0.00561720433030114
T2024,Koen Casteels,Belgium,False,FREE,MEDIUM,provider_target_geometry,83,86,0.9651162790697675,0.12048192771084337,1.0,0.8965331832340857,-0.003080939581840682
T2024,Koen Casteels,Belgium,False,FREE,SHORT,provider_target_geometry,83,86,0.9651162790697675,0.7951807228915663,1.0,0.8270021314982283,-0.004233663964522302
T2024,Koen Casteels,Belgium,False,FREE,VERY_LONG,provider_target_geometry,83,86,0.9651162790697675,0.04819277108433735,0.75,0.7459520925998595,-0.0024102215082333544
T2024,Koen Casteels,Belgium,False,PRESSURED,LONG,provider_target_geometry,21,22,0.9545454545454546,0.2857142857142857,0.5,0.6393446839348171,-0.008583148163325468
T2024,Koen Casteels,Belgium,False,PRESSURED,MEDIUM,provider_target_geometry,21,22,0.9545454545454546,0.19047619047619047,1.0,0.6770153479887021,-0.007262896585375532
T2024,Koen Casteels,Belgium,False,PRESSURED,SHORT,provider_target_geometry,21,22,0.9545454545454546,0.38095238095238093,1.0,0.6507755203853198,-0.00996543920601075
T2024,Koen Casteels,Belgium,False,PRESSURED,VERY_LONG,provider_target_geometry,21,22,0.9545454545454546,0.14285714285714285,0.3333333333333333,0.6565332844977566,-0.007866152061904072
T2024,Koen Casteels,Belgium,True,FREE,LONG,provider_target_geometry,34,35,0.9714285714285714,0.08823529411764706,1.0,0.6837816580147869,-0.005763183334969519
T2024,Koen Casteels,Belgium,True,FREE,MEDIUM,provider_target_geometry,34,35,0.9714285714285714,0.14705882352941177,1.0,0.6612038906454231,-0.006461651775968738
T2024,Koen Casteels,Belgium,True,FREE,SHORT,provider_target_geometry,34,35,0.9714285714285714,0.5,1.0,0.7084311518529939,-0.005477729742157172
T2024,Koen Casteels,Belgium,True,FREE,VERY_LONG,provider_target_geometry,34,35,0.9714285714285714,0.2647058823529412,0.3333333333333333,0.6898734971265491,-0.0032261435441670048
T2024,Manuel Neuer,Germany,False,FREE,LONG,provider_target_geometry,94,96,0.9791666666666666,0.0851063829787234,0.75,0.7700824677995708,-0.003958528966543597
T2024,Manuel Neuer,Germany,False,FREE,MEDIUM,provider_target_geometry,94,96,0.9791666666666666,0.3191489361702128,0.9,0.859269135205027,-0.003401085534360335
T2024,Manuel Neuer,Germany,False,FREE,SHORT,provider_target_geometry,94,96,0.9791666666666666,0.5957446808510638,1.0,0.8418820268838966,-0.004197154045363752
T2024,Manuel Neuer,Germany,False,PRESSURED,LONG,provider_target_geometry,29,29,1.0,0.3793103448275862,0.18181818181818182,0.6393342752273891,-0.007405702584400608
T2024,Manuel Neuer,Germany,False,PRESSURED,MEDIUM,provider_target_geometry,29,29,1.0,0.2413793103448276,0.8571428571428571,0.663614572391049,-0.010549482229052396
T2024,Manuel Neuer,Germany,False,PRESSURED,SHORT,provider_target_geometry,29,29,1.0,0.3793103448275862,1.0,0.6505040921634277,-0.010171795194660195
T2024,Manuel Neuer,Germany,True,FREE,LONG,provider_target_geometry,16,18,0.8888888888888888,0.125,1.0,0.756910569105691,-0.00765540765487882
T2024,Manuel Neuer,Germany,True,FREE,MEDIUM,provider_target_geometry,16,18,0.8888888888888888,0.1875,1.0,0.7804878048780489,-0.0028264987939471526
T2024,Manuel Neuer,Germany,True,FREE,SHORT,provider_target_geometry,16,18,0.8888888888888888,0.6875,1.0,0.7159431850561231,-0.004315653075295882
T2024,Martin Dúbravka,Slovakia,False,FREE,LONG,provider_target_geometry,107,116,0.9224137931034483,0.2336448598130841,0.52,0.7086745534652156,-0.007003144553700448
T2024,Martin Dúbravka,Slovakia,False,FREE,MEDIUM,provider_target_geometry,107,116,0.9224137931034483,0.11214953271028037,0.5833333333333334,0.8227486073923452,-0.0024891934200907254
T2024,Martin Dúbravka,Slovakia,False,FREE,SHORT,provider_target_geometry,107,116,0.9224137931034483,0.6261682242990654,0.9850746268656716,0.8439477986512846,-0.0038015218605489663
T2024,Martin Dúbravka,Slovakia,False,FREE,VERY_LONG,provider_target_geometry,107,116,0.9224137931034483,0.028037383177570093,0.3333333333333333,0.7733333333333333,-0.0031066016700183816
T2024,Martin Dúbravka,Slovakia,False,PRESSURED,LONG,provider_target_geometry,21,21,1.0,0.42857142857142855,0.1111111111111111,0.629750954429216,-0.008356022844342684
T2024,Martin Dúbravka,Slovakia,False,PRESSURED,MEDIUM,provider_target_geometry,21,21,1.0,0.19047619047619047,0.5,0.615628078817734,-0.008100922569003886
T2024,Martin Dúbravka,Slovakia,False,PRESSURED,SHORT,provider_target_geometry,21,21,1.0,0.3333333333333333,1.0,0.6147377483642026,-0.008444098180395878
T2024,Martin Dúbravka,Slovakia,False,PRESSURED,VERY_LONG,provider_target_geometry,21,21,1.0,0.047619047619047616,0.0,0.63,-0.002530993215942679
T2024,Martin Dúbravka,Slovakia,True,FREE,LONG,provider_target_geometry,23,26,0.8846153846153846,0.2608695652173913,0.5,0.6445325398063735,-0.008280538598102655
T2024,Martin Dúbravka,Slovakia,True,FREE,SHORT,provider_target_geometry,23,26,0.8846153846153846,0.34782608695652173,1.0,0.7291575467396261,-0.0038466182522533246
T2024,Martin Dúbravka,Slovakia,True,FREE,VERY_LONG,provider_target_geometry,23,26,0.8846153846153846,0.391304347826087,0.4444444444444444,0.6661555963381521,-0.005319273751214687
T2024,Matthew Charles Turner,United States,False,FREE,LONG,provider_target_geometry,44,58,0.7586206896551724,0.1590909090909091,0.42857142857142855,0.7811272447877552,-0.00535011767493012
T2024,Matthew Charles Turner,United States,False,FREE,MEDIUM,provider_target_geometry,44,58,0.7586206896551724,0.11363636363636363,0.8,0.8441724841164013,-0.00477169197521677
T2024,Matthew Charles Turner,United States,False,FREE,SHORT,provider_target_geometry,44,58,0.7586206896551724,0.6590909090909091,1.0,0.8350253796632806,-0.004894738690557948
T2024,Matthew Charles Turner,United States,False,FREE,VERY_LONG,provider_target_geometry,44,58,0.7586206896551724,0.06818181818181818,0.3333333333333333,0.7344454647484949,-0.006275547055093526
T2024,Matthew Charles Turner,United States,False,PRESSURED,LONG,provider_target_geometry,7,9,0.7777777777777778,0.5714285714285714,0.0,0.6314238952536825,-0.00783747570077576
T2024,Matthew Charles Turner,United States,False,PRESSURED,VERY_LONG,provider_target_geometry,7,9,0.7777777777777778,0.42857142857142855,0.6666666666666666,0.6590840921880275,-0.007955229460430951
T2024,Matthew Charles Turner,United States,True,FREE,LONG,provider_target_geometry,17,21,0.8095238095238095,0.17647058823529413,0.3333333333333333,0.6925013683634372,-0.006463963811293383
T2024,Matthew Charles Turner,United States,True,FREE,SHORT,provider_target_geometry,17,21,0.8095238095238095,0.5882352941176471,1.0,0.6952867642698172,-0.00489603718366764
T2024,Matthew Charles Turner,United States,True,FREE,VERY_LONG,provider_target_geometry,17,21,0.8095238095238095,0.23529411764705882,0.75,0.6461446353642946,-0.004108207795699696
T2024,Matěj Kovář,Czech Republic,False,FREE,LONG,provider_target_geometry,8,14,0.5714285714285714,0.5,0.75,0.68783081709579,-0.00443713493456474
T2024,Matěj Kovář,Czech Republic,False,FREE,MEDIUM,provider_target_geometry,8,14,0.5714285714285714,0.25,1.0,0.8536057692307693,-0.0012373526971895385
T2024,Matěj Kovář,Czech Republic,False,FREE,SHORT,provider_target_geometry,8,14,0.5714285714285714,0.125,1.0,0.7711864406779662,-0.00491721554249383
T2024,Matěj Kovář,Czech Republic,False,FREE,VERY_LONG,provider_target_geometry,8,14,0.5714285714285714,0.125,1.0,0.7711864406779662,-0.00491721554249383
T2024,Matěj Kovář,Czech Republic,True,FREE,MEDIUM,provider_target_geometry,2,2,1.0,0.5,1.0,0.6108374384236454,-0.011074444497163143
T2024,Matěj Kovář,Czech Republic,True,FREE,VERY_LONG,provider_target_geometry,2,2,1.0,0.5,1.0,0.6108374384236454,-0.010653207799568718
T2024,Maxime Crépeau,Canada,False,FREE,LONG,provider_target_geometry,84,93,0.9032258064516129,0.11904761904761904,0.6,0.731646445543051,-0.006473398736037065
T2024,Maxime Crépeau,Canada,False,FREE,MEDIUM,provider_target_geometry,84,93,0.9032258064516129,0.17857142857142858,0.9333333333333333,0.8714013333647813,-0.0027202133484926882
T2024,Maxime Crépeau,Canada,False,FREE,SHORT,provider_target_geometry,84,93,0.9032258064516129,0.6309523809523809,1.0,0.8642613945109392,-0.003795989984991924
T2024,Maxime Crépeau,Canada,False,FREE,VERY_LONG,provider_target_geometry,84,93,0.9032258064516129,0.07142857142857142,0.8333333333333334,0.7307151337757958,-0.006653798053044076
T2024,Maxime Crépeau,Canada,False,PRESSURED,LONG,provider_target_geometry,8,10,0.8,0.375,0.6666666666666666,0.6273954662141582,-0.0076685306563793075
T2024,Maxime Crépeau,Canada,False,PRESSURED,MEDIUM,provider_target_geometry,8,10,0.8,0.25,0.0,0.6470588235294118,-0.005034268465646776
T2024,Maxime Crépeau,Canada,False,PRESSURED,SHORT,provider_target_geometry,8,10,0.8,0.375,1.0,0.626790774048192,-0.010220923471077286
T2024,Maxime Crépeau,Canada,True,FREE,LONG,provider_target_geometry,33,42,0.7857142857142857,0.030303030303030304,0.0,0.7,-0.007856939382133632
T2024,Maxime Crépeau,Canada,True,FREE,MEDIUM,provider_target_geometry,33,42,0.7857142857142857,0.09090909090909091,1.0,0.6871873587016015,-0.005139608924396984
T2024,Maxime Crépeau,Canada,True,FREE,SHORT,provider_target_geometry,33,42,0.7857142857142857,0.5151515151515151,1.0,0.7017853096801915,-0.005689960030991127
T2024,Maxime Crépeau,Canada,True,FREE,VERY_LONG,provider_target_geometry,33,42,0.7857142857142857,0.36363636363636365,0.5833333333333334,0.6687640178911276,-0.006263852025193316
T2024,Mike Maignan,France,False,FREE,LONG,provider_target_geometry,106,107,0.9906542056074766,0.14150943396226415,0.6,0.7810487461263684,-0.0042647572029503155
T2024,Mike Maignan,France,False,FREE,MEDIUM,provider_target_geometry,106,107,0.9906542056074766,0.16981132075471697,0.9444444444444444,0.8307197693751567,-0.002870646293063833
T2024,Mike Maignan,France,False,FREE,SHORT,provider_target_geometry,106,107,0.9906542056074766,0.660377358490566,1.0,0.8586682874745512,-0.0034239921401996412
T2024,Mike Maignan,France,False,FREE,VERY_LONG,provider_target_geometry,106,107,0.9906542056074766,0.02830188679245283,0.0,0.7344454647484949,-0.0048114825276715945
T2024,Mike Maignan,France,False,PRESSURED,LONG,provider_target_geometry,33,34,0.9705882352941176,0.36363636363636365,0.5,0.6414453751734636,-0.006493283762005734
T2024,Mike Maignan,France,False,PRESSURED,MEDIUM,provider_target_geometry,33,34,0.9705882352941176,0.12121212121212122,1.0,0.6473967121306872,-0.0059267338772134625
T2024,Mike Maignan,France,False,PRESSURED,SHORT,provider_target_geometry,33,34,0.9705882352941176,0.42424242424242425,1.0,0.6652864761552848,-0.009232881393476904
T2024,Mike Maignan,France,False,PRESSURED,VERY_LONG,provider_target_geometry,33,34,0.9705882352941176,0.09090909090909091,0.3333333333333333,0.6849715244699571,-0.007505738545232707
T2024,Mike Maignan,France,True,FREE,LONG,provider_target_geometry,20,22,0.9090909090909091,0.05,1.0,0.7,-0.0018873377992865694
T2024,Mike Maignan,France,True,FREE,MEDIUM,provider_target_geometry,20,22,0.9090909090909091,0.15,1.0,0.6567164179104478,-0.006650383816207643
T2024,Mike Maignan,France,True,FREE,SHORT,provider_target_geometry,20,22,0.9090909090909091,0.7,1.0,0.684656206044962,-0.0066176284574378935
T2024,Mike Maignan,France,True,FREE,VERY_LONG,provider_target_geometry,20,22,0.9090909090909091,0.1,0.0,0.6517502706604115,-0.006842172676356414
T2024,Orlando Mosquera,Panama,False,FREE,LONG,provider_target_geometry,89,94,0.9468085106382979,0.2247191011235955,0.5,0.7912001882431607,-0.003165428932415128
T2024,Orlando Mosquera,Panama,False,FREE,MEDIUM,provider_target_geometry,89,94,0.9468085106382979,0.16853932584269662,0.9333333333333333,0.8710605083784143,-0.003043578822287267
T2024,Orlando Mosquera,Panama,False,FREE,SHORT,provider_target_geometry,89,94,0.9468085106382979,0.47191011235955055,1.0,0.8661426803727423,-0.0026876249261825005
T2024,Orlando Mosquera,Panama,False,FREE,VERY_LONG,provider_target_geometry,89,94,0.9468085106382979,0.1348314606741573,0.4166666666666667,0.7745762144508226,-0.002881162384855237
T2024,Orlando Mosquera,Panama,False,PRESSURED,LONG,provider_target_geometry,12,15,0.8,0.5,0.5,0.6264556167294505,-0.008380881089435901
T2024,Orlando Mosquera,Panama,False,PRESSURED,MEDIUM,provider_target_geometry,12,15,0.8,0.16666666666666666,1.0,0.6108374384236454,-0.012889422115987533
T2024,Orlando Mosquera,Panama,False,PRESSURED,SHORT,provider_target_geometry,12,15,0.8,0.08333333333333333,1.0,0.63,-0.002530993215942679
T2024,Orlando Mosquera,Panama,False,PRESSURED,VERY_LONG,provider_target_geometry,12,15,0.8,0.25,0.6666666666666666,0.63,-0.008310897424085488
T2024,Orlando Mosquera,Panama,True,FREE,LONG,provider_target_geometry,8,8,1.0,0.125,1.0,0.7107438016528925,-0.008926498457515537
T2024,Orlando Mosquera,Panama,True,FREE,MEDIUM,provider_target_geometry,8,8,1.0,0.25,1.0,0.7107438016528925,-0.008926498457515537
T2024,Orlando Mosquera,Panama,True,FREE,SHORT,provider_target_geometry,8,8,1.0,0.375,1.0,0.7647696476964768,-0.0011846076565076424
T2024,Orlando Mosquera,Panama,True,FREE,VERY_LONG,provider_target_geometry,8,8,1.0,0.25,1.0,0.7220385674931129,-0.004042963537970163
T2024,Patrick Gilmar Sequeira Mejías,Costa Rica,False,FREE,LONG,provider_target_geometry,31,36,0.8611111111111112,0.25806451612903225,0.5,0.7466391233516274,-0.004030622373943323
T2024,Patrick Gilmar Sequeira Mejías,Costa Rica,False,FREE,MEDIUM,provider_target_geometry,31,36,0.8611111111111112,0.12903225806451613,0.75,0.9450231481481481,-0.0011043226294996066
T2024,Patrick Gilmar Sequeira Mejías,Costa Rica,False,FREE,SHORT,provider_target_geometry,31,36,0.8611111111111112,0.2903225806451613,1.0,0.9223792047077308,-0.0008585611299727107
T2024,Patrick Gilmar Sequeira Mejías,Costa Rica,False,FREE,VERY_LONG,provider_target_geometry,31,36,0.8611111111111112,0.3225806451612903,0.4,0.6172197409275142,-0.008804934167112961
T2024,Patrick Gilmar Sequeira Mejías,Costa Rica,False,PRESSURED,LONG,provider_target_geometry,2,5,0.4,1.0,0.5,0.7107438016528925,-0.0007561507863552111
T2024,Patrick Gilmar Sequeira Mejías,Costa Rica,True,FREE,LONG,provider_target_geometry,30,34,0.8823529411764706,0.16666666666666666,0.4,0.7108235294117646,-0.0031866925215898825
T2024,Patrick Gilmar Sequeira Mejías,Costa Rica,True,FREE,MEDIUM,provider_target_geometry,30,34,0.8823529411764706,0.13333333333333333,1.0,0.7751219512195122,-0.005557808351080468
T2024,Patrick Gilmar Sequeira Mejías,Costa Rica,True,FREE,SHORT,provider_target_geometry,30,34,0.8823529411764706,0.16666666666666666,1.0,0.7363670090416681,-0.0034078722623592517
T2024,Patrick Gilmar Sequeira Mejías,Costa Rica,True,FREE,VERY_LONG,provider_target_geometry,30,34,0.8823529411764706,0.5333333333333333,0.5,0.6973007496490218,-0.005286768103272305
T2024,Patrick Pentz,Austria,False,FREE,LONG,provider_target_geometry,108,115,0.9391304347826087,0.1111111111111111,0.75,0.7701987518873256,-0.005946576587681167
T2024,Patrick Pentz,Austria,False,FREE,MEDIUM,provider_target_geometry,108,115,0.9391304347826087,0.19444444444444445,0.9523809523809523,0.8011518889569116,-0.004622850288714862
T2024,Patrick Pentz,Austria,False,FREE,SHORT,provider_target_geometry,108,115,0.9391304347826087,0.6574074074074074,1.0,0.8029837909621383,-0.004849607951695765
T2024,Patrick Pentz,Austria,False,FREE,VERY_LONG,provider_target_geometry,108,115,0.9391304347826087,0.037037037037037035,0.5,0.7731867624675863,-0.008694922017428594
T2024,Patrick Pentz,Austria,False,PRESSURED,LONG,provider_target_geometry,13,15,0.8666666666666667,0.6153846153846154,0.5,0.6182884513605518,-0.00689760199679062
T2024,Patrick Pentz,Austria,False,PRESSURED,MEDIUM,provider_target_geometry,13,15,0.8666666666666667,0.15384615384615385,1.0,0.7107438016528925,-0.007499155378364896
T2024,Patrick Pentz,Austria,False,PRESSURED,SHORT,provider_target_geometry,13,15,0.8666666666666667,0.23076923076923078,1.0,0.6866809261793588,-0.008498614885216384
T2024,Patrick Pentz,Austria,True,FREE,LONG,provider_target_geometry,15,15,1.0,0.13333333333333333,0.0,0.7107438016528925,-0.002691210866779298
T2024,Patrick Pentz,Austria,True,FREE,SHORT,provider_target_geometry,15,15,1.0,0.6,1.0,0.7200312037149841,-0.006298521542810199
T2024,Patrick Pentz,Austria,True,FREE,VERY_LONG,provider_target_geometry,15,15,1.0,0.26666666666666666,0.75,0.6755762605341368,-0.0073116435354368585
T2024,Pedro David Gallese Quiróz,Peru,False,FREE,LONG,provider_target_geometry,51,53,0.9622641509433962,0.5294117647058824,0.5555555555555556,0.6791928616441045,-0.006517313979612149
T2024,Pedro David Gallese Quiróz,Peru,False,FREE,MEDIUM,provider_target_geometry,51,53,0.9622641509433962,0.0784313725490196,0.75,0.8231266726137378,-0.005597833297778566
T2024,Pedro David Gallese Quiróz,Peru,False,FREE,SHORT,provider_target_geometry,51,53,0.9622641509433962,0.21568627450980393,1.0,0.9259168823212633,-0.002196252157158533
T2024,Pedro David Gallese Quiróz,Peru,False,FREE,VERY_LONG,provider_target_geometry,51,53,0.9622641509433962,0.17647058823529413,0.3333333333333333,0.6144013340060044,-0.008556452381284892
T2024,Pedro David Gallese Quiróz,Peru,False,PRESSURED,LONG,provider_target_geometry,4,5,0.8,1.0,0.5,0.6104654209616759,-0.007051504077242017
T2024,Pedro David Gallese Quiróz,Peru,True,FREE,LONG,provider_target_geometry,18,21,0.8571428571428571,0.3333333333333333,0.3333333333333333,0.6683987705714428,-0.006620757912791091
T2024,Pedro David Gallese Quiróz,Peru,True,FREE,SHORT,provider_target_geometry,18,21,0.8571428571428571,0.3888888888888889,1.0,0.736825322439938,-0.005032605191106286
T2024,Pedro David Gallese Quiróz,Peru,True,FREE,VERY_LONG,provider_target_geometry,18,21,0.8571428571428571,0.2777777777777778,0.8,0.6704888215233042,-0.007404119553726271
T2024,Predrag Rajković,Serbia,False,FREE,LONG,provider_target_geometry,59,63,0.9365079365079365,0.1864406779661017,0.5454545454545454,0.7850563005951248,-0.0030603122077578417
T2024,Predrag Rajković,Serbia,False,FREE,MEDIUM,provider_target_geometry,59,63,0.9365079365079365,0.1864406779661017,1.0,0.9168915924774221,-0.003279248337500697
T2024,Predrag Rajković,Serbia,False,FREE,SHORT,provider_target_geometry,59,63,0.9365079365079365,0.559322033898305,1.0,0.8581374890438462,-0.0034701236695704276
T2024,Predrag Rajković,Serbia,False,FREE,VERY_LONG,provider_target_geometry,59,63,0.9365079365079365,0.06779661016949153,0.75,0.7100523274252089,-0.004847597220148963
T2024,Predrag Rajković,Serbia,False,PRESSURED,LONG,provider_target_geometry,22,23,0.9565217391304348,0.8181818181818182,0.3888888888888889,0.5979899842067015,-0.0073319857280669904
T2024,Predrag Rajković,Serbia,False,PRESSURED,MEDIUM,provider_target_geometry,22,23,0.9565217391304348,0.09090909090909091,0.0,0.6032910596373546,-0.01073917514776625
T2024,Predrag Rajković,Serbia,False,PRESSURED,SHORT,provider_target_geometry,22,23,0.9565217391304348,0.09090909090909091,1.0,0.5957446808510638,-0.010683265102894642
T2024,Predrag Rajković,Serbia,True,FREE,MEDIUM,provider_target_geometry,15,17,0.8823529411764706,0.13333333333333333,1.0,0.6251861610722879,-0.007045280674325659
T2024,Predrag Rajković,Serbia,True,FREE,SHORT,provider_target_geometry,15,17,0.8823529411764706,0.6,1.0,0.7032120249675434,-0.0035118746504097364
T2024,Predrag Rajković,Serbia,True,FREE,VERY_LONG,provider_target_geometry,15,17,0.8823529411764706,0.26666666666666666,0.5,0.6721227536997888,-0.005587467297747245
T2024,Péter Gulácsi,Hungary,False,FREE,LONG,provider_target_geometry,68,71,0.9577464788732394,0.27941176470588236,0.5789473684210527,0.8211194204044253,-0.0032506144500119515
T2024,Péter Gulácsi,Hungary,False,FREE,MEDIUM,provider_target_geometry,68,71,0.9577464788732394,0.16176470588235295,0.8181818181818182,0.8581540297943492,-0.001966178960603811
T2024,Péter Gulácsi,Hungary,False,FREE,SHORT,provider_target_geometry,68,71,0.9577464788732394,0.5294117647058824,1.0,0.8625234554205564,-0.002932270444785632
T2024,Péter Gulácsi,Hungary,False,FREE,VERY_LONG,provider_target_geometry,68,71,0.9577464788732394,0.029411764705882353,0.5,0.7633333333333333,-0.004114676076103807
T2024,Péter Gulácsi,Hungary,False,PRESSURED,MEDIUM,provider_target_geometry,8,8,1.0,0.75,0.6666666666666666,0.6388005840634126,-0.006096454119737323
T2024,Péter Gulácsi,Hungary,False,PRESSURED,SHORT,provider_target_geometry,8,8,1.0,0.25,1.0,0.5957446808510638,-0.01043485392712186
T2024,Péter Gulácsi,Hungary,True,FREE,LONG,provider_target_geometry,15,15,1.0,0.3333333333333333,0.6,0.7512878787878788,-0.006031235731056921
T2024,Péter Gulácsi,Hungary,True,FREE,MEDIUM,provider_target_geometry,15,15,1.0,0.13333333333333333,1.0,0.6176397822859971,-0.0032606583180003145
T2024,Péter Gulácsi,Hungary,True,FREE,SHORT,provider_target_geometry,15,15,1.0,0.4666666666666667,1.0,0.7083584632421843,-0.005545401983185103
T2024,Péter Gulácsi,Hungary,True,FREE,VERY_LONG,provider_target_geometry,15,15,1.0,0.06666666666666667,1.0,0.7698863636363638,-0.0060861504967696
T2024,Rafael Enrique Romo Pérez,Venezuela,False,FREE,LONG,provider_target_geometry,72,75,0.96,0.1527777777777778,0.36363636363636365,0.8101458442775555,-0.0031673508172991418
T2024,Rafael Enrique Romo Pérez,Venezuela,False,FREE,MEDIUM,provider_target_geometry,72,75,0.96,0.08333333333333333,0.8333333333333334,0.8206190913273904,-0.003498698537568469
T2024,Rafael Enrique Romo Pérez,Venezuela,False,FREE,SHORT,provider_target_geometry,72,75,0.96,0.625,1.0,0.847572364107137,-0.0037531759205090783
T2024,Rafael Enrique Romo Pérez,Venezuela,False,FREE,VERY_LONG,provider_target_geometry,72,75,0.96,0.1388888888888889,0.7,0.7059805901663063,-0.006461905660855413
T2024,Rafael Enrique Romo Pérez,Venezuela,False,PRESSURED,LONG,provider_target_geometry,11,11,1.0,0.36363636363636365,0.5,0.637322996721108,-0.0069117451587533685
T2024,Rafael Enrique Romo Pérez,Venezuela,False,PRESSURED,MEDIUM,provider_target_geometry,11,11,1.0,0.2727272727272727,0.6666666666666666,0.6808621258938384,-0.006477698472374663
T2024,Rafael Enrique Romo Pérez,Venezuela,False,PRESSURED,SHORT,provider_target_geometry,11,11,1.0,0.2727272727272727,1.0,0.6071631205673759,-0.007969359965325848
T2024,Rafael Enrique Romo Pérez,Venezuela,False,PRESSURED,VERY_LONG,provider_target_geometry,11,11,1.0,0.09090909090909091,0.0,0.6470588235294118,-0.01088061161431481
T2024,Rafael Enrique Romo Pérez,Venezuela,True,FREE,LONG,provider_target_geometry,35,39,0.8974358974358975,0.05714285714285714,1.0,0.7220385674931129,-0.008752251631016141
T2024,Rafael Enrique Romo Pérez,Venezuela,True,FREE,MEDIUM,provider_target_geometry,35,39,0.8974358974358975,0.17142857142857143,1.0,0.7487992495309569,-0.0020099483250535562
T2024,Rafael Enrique Romo Pérez,Venezuela,True,FREE,SHORT,provider_target_geometry,35,39,0.8974358974358975,0.42857142857142855,1.0,0.7165564060039965,-0.004161743293517881
T2024,Rafael Enrique Romo Pérez,Venezuela,True,FREE,VERY_LONG,provider_target_geometry,35,39,0.8974358974358975,0.34285714285714286,0.6666666666666666,0.6918732697092002,-0.006338904467929577
T2024,Rodrigo Mario Morínigo Acosta,Paraguay,False,FREE,LONG,provider_target_geometry,49,52,0.9423076923076923,0.1836734693877551,0.5555555555555556,0.7858763517304621,-0.0050109310961212235
T2024,Rodrigo Mario Morínigo Acosta,Paraguay,False,FREE,MEDIUM,provider_target_geometry,49,52,0.9423076923076923,0.16326530612244897,1.0,0.8285393015312625,-0.002285455748174343
T2024,Rodrigo Mario Morínigo Acosta,Paraguay,False,FREE,SHORT,provider_target_geometry,49,52,0.9423076923076923,0.6122448979591837,1.0,0.8248653908979175,-0.004161897727210516
T2024,Rodrigo Mario Morínigo Acosta,Paraguay,False,FREE,VERY_LONG,provider_target_geometry,49,52,0.9423076923076923,0.04081632653061224,0.5,0.7758371227780074,-0.0033210131410865186
T2024,Rodrigo Mario Morínigo Acosta,Paraguay,False,PRESSURED,LONG,provider_target_geometry,6,6,1.0,0.5,0.6666666666666666,0.6533788051029431,-0.00720829365926851
T2024,Rodrigo Mario Morínigo Acosta,Paraguay,False,PRESSURED,SHORT,provider_target_geometry,6,6,1.0,0.5,1.0,0.6108374384236454,-0.005364051140925819
T2024,Rodrigo Mario Morínigo Acosta,Paraguay,True,FREE,LONG,provider_target_geometry,7,12,0.5833333333333334,0.5714285714285714,0.75,0.6497713362917125,-0.0067715952386849495
T2024,Rodrigo Mario Morínigo Acosta,Paraguay,True,FREE,SHORT,provider_target_geometry,7,12,0.5833333333333334,0.14285714285714285,1.0,0.7804878048780488,-0.000736615577747964
T2024,Rodrigo Mario Morínigo Acosta,Paraguay,True,FREE,VERY_LONG,provider_target_geometry,7,12,0.5833333333333334,0.2857142857142857,1.0,0.7296296296296296,-0.005550938576253944
T2024,Sergio Rochet Álvarez,Uruguay,False,FREE,LONG,provider_target_geometry,70,84,0.8333333333333334,0.1,0.7142857142857143,0.8481779658025335,-0.004359492089741893
T2024,Sergio Rochet Álvarez,Uruguay,False,FREE,MEDIUM,provider_target_geometry,70,84,0.8333333333333334,0.17142857142857143,1.0,0.8637739003723258,-0.0031636892545004337
T2024,Sergio Rochet Álvarez,Uruguay,False,FREE,SHORT,provider_target_geometry,70,84,0.8333333333333334,0.6285714285714286,1.0,0.8537106359900108,-0.0024769997430092784
T2024,Sergio Rochet Álvarez,Uruguay,False,FREE,VERY_LONG,provider_target_geometry,70,84,0.8333333333333334,0.1,0.42857142857142855,0.39517189652782875,-0.015950468301346426
T2024,Sergio Rochet Álvarez,Uruguay,False,PRESSURED,LONG,provider_target_geometry,11,16,0.6875,0.36363636363636365,0.25,0.6510426929392447,-0.004827517564792973
T2024,Sergio Rochet Álvarez,Uruguay,False,PRESSURED,MEDIUM,provider_target_geometry,11,16,0.6875,0.2727272727272727,1.0,0.63,-0.007850613348201805
T2024,Sergio Rochet Álvarez,Uruguay,False,PRESSURED,SHORT,provider_target_geometry,11,16,0.6875,0.2727272727272727,0.6666666666666666,0.7107438016528925,-0.009243200681829543
T2024,Sergio Rochet Álvarez,Uruguay,False,PRESSURED,VERY_LONG,provider_target_geometry,11,16,0.6875,0.09090909090909091,1.0,0.63,-0.002530993215942679
T2024,Sergio Rochet Álvarez,Uruguay,True,FREE,LONG,provider_target_geometry,30,34,0.8823529411764706,0.2,0.6666666666666666,0.7189542483660131,-0.006125800955609818
T2024,Sergio Rochet Álvarez,Uruguay,True,FREE,MEDIUM,provider_target_geometry,30,34,0.8823529411764706,0.13333333333333333,1.0,0.730580599798401,-0.004523156361760276
T2024,Sergio Rochet Álvarez,Uruguay,True,FREE,SHORT,provider_target_geometry,30,34,0.8823529411764706,0.5666666666666667,1.0,0.7417228053291199,-0.003966622523277135
T2024,Sergio Rochet Álvarez,Uruguay,True,FREE,VERY_LONG,provider_target_geometry,30,34,0.8823529411764706,0.1,0.3333333333333333,0.635686274509804,-0.008603477769145216
T2024,Thomas Strakosha,Albania,False,FREE,LONG,provider_target_geometry,52,54,0.9629629629629629,0.36538461538461536,0.5263157894736842,0.6744462823331395,-0.0073678675176709965
T2024,Thomas Strakosha,Albania,False,FREE,MEDIUM,provider_target_geometry,52,54,0.9629629629629629,0.11538461538461539,0.8333333333333334,0.7965717953813329,-0.0038989811037754593
T2024,Thomas Strakosha,Albania,False,FREE,SHORT,provider_target_geometry,52,54,0.9629629629629629,0.5,1.0,0.8908355828888868,-0.0033709933559142283
T2024,Thomas Strakosha,Albania,False,FREE,VERY_LONG,provider_target_geometry,52,54,0.9629629629629629,0.019230769230769232,0.0,0.34782608695652173,-0.014889310652436274
T2024,Thomas Strakosha,Albania,False,PRESSURED,LONG,provider_target_geometry,5,7,0.7142857142857143,1.0,0.4,0.6760557370747646,-0.007982372474223927
T2024,Thomas Strakosha,Albania,True,FREE,LONG,provider_target_geometry,25,28,0.8928571428571429,0.36,0.7777777777777778,0.7512737127371273,-0.003794445190398297
T2024,Thomas Strakosha,Albania,True,FREE,MEDIUM,provider_target_geometry,25,28,0.8928571428571429,0.12,1.0,0.7733333333333333,-0.007566847520336368
T2024,Thomas Strakosha,Albania,True,FREE,SHORT,provider_target_geometry,25,28,0.8928571428571429,0.2,1.0,0.7513005998066975,-0.005886131659767069
T2024,Thomas Strakosha,Albania,True,FREE,VERY_LONG,provider_target_geometry,25,28,0.8928571428571429,0.32,0.625,0.7032198903384383,-0.005145002108229974
T2024,Unai Simón Mendibil,Spain,False,FREE,LONG,provider_target_geometry,165,174,0.9482758620689655,0.1393939393939394,0.5217391304347826,0.7647675786515794,-0.005974147453884752
T2024,Unai Simón Mendibil,Spain,False,FREE,MEDIUM,provider_target_geometry,165,174,0.9482758620689655,0.18181818181818182,0.9,0.8307535013921136,-0.0037813029355274782
T2024,Unai Simón Mendibil,Spain,False,FREE,SHORT,provider_target_geometry,165,174,0.9482758620689655,0.6303030303030303,1.0,0.818252509613344,-0.0044559992819741346
T2024,Unai Simón Mendibil,Spain,False,FREE,VERY_LONG,provider_target_geometry,165,174,0.9482758620689655,0.048484848484848485,0.25,0.6273199107636951,-0.007695861932057924
T2024,Unai Simón Mendibil,Spain,False,PRESSURED,LONG,provider_target_geometry,31,35,0.8857142857142857,0.3548387096774194,0.5454545454545454,0.669750445585231,-0.00681758868933174
T2024,Unai Simón Mendibil,Spain,False,PRESSURED,MEDIUM,provider_target_geometry,31,35,0.8857142857142857,0.22580645161290322,1.0,0.6797140394463316,-0.00947832744842635
T2024,Unai Simón Mendibil,Spain,False,PRESSURED,SHORT,provider_target_geometry,31,35,0.8857142857142857,0.41935483870967744,0.9230769230769231,0.6778244064914449,-0.009006717539664075
T2024,Unai Simón Mendibil,Spain,True,FREE,LONG,provider_target_geometry,30,35,0.8571428571428571,0.1,0.6666666666666666,0.7107438016528925,-0.0018649933996451812
T2024,Unai Simón Mendibil,Spain,True,FREE,MEDIUM,provider_target_geometry,30,35,0.8571428571428571,0.03333333333333333,1.0,0.7107438016528925,-0.0026579929137792307
T2024,Unai Simón Mendibil,Spain,True,FREE,SHORT,provider_target_geometry,30,35,0.8571428571428571,0.5,1.0,0.7113659752189265,-0.0058068544455860144
T2024,Unai Simón Mendibil,Spain,True,FREE,VERY_LONG,provider_target_geometry,30,35,0.8571428571428571,0.36666666666666664,0.6363636363636364,0.6909975893396265,-0.00537705402929997
T2024,Wojciech Szczęsny,Poland,False,FREE,LONG,provider_target_geometry,39,39,1.0,0.23076923076923078,0.2222222222222222,0.7565992346388285,-0.0055243898806190996
T2024,Wojciech Szczęsny,Poland,False,FREE,MEDIUM,provider_target_geometry,39,39,1.0,0.3076923076923077,0.8333333333333334,0.7981798429618133,-0.0033950490741833546
T2024,Wojciech Szczęsny,Poland,False,FREE,SHORT,provider_target_geometry,39,39,1.0,0.4358974358974359,1.0,0.8433642917882986,-0.003959623439467853
T2024,Wojciech Szczęsny,Poland,False,FREE,VERY_LONG,provider_target_geometry,39,39,1.0,0.02564102564102564,1.0,0.7384615384615385,-0.006873168216456638
T2024,Wojciech Szczęsny,Poland,False,PRESSURED,LONG,provider_target_geometry,13,14,0.9285714285714286,0.5384615384615384,0.2857142857142857,0.6703248833566792,-0.005618937773010297
T2024,Wojciech Szczęsny,Poland,False,PRESSURED,MEDIUM,provider_target_geometry,13,14,0.9285714285714286,0.07692307692307693,1.0,0.7107438016528925,-0.0008074854548566403
T2024,Wojciech Szczęsny,Poland,False,PRESSURED,SHORT,provider_target_geometry,13,14,0.9285714285714286,0.3076923076923077,1.0,0.6607906200382689,-0.009010672621667784
T2024,Wojciech Szczęsny,Poland,False,PRESSURED,VERY_LONG,provider_target_geometry,13,14,0.9285714285714286,0.07692307692307693,1.0,0.6108374384236454,-0.014559842760666856
T2024,Wojciech Szczęsny,Poland,True,FREE,LONG,provider_target_geometry,11,12,0.9166666666666666,0.18181818181818182,1.0,0.7107438016528925,-0.008926498457515537
T2024,Wojciech Szczęsny,Poland,True,FREE,MEDIUM,provider_target_geometry,11,12,0.9166666666666666,0.09090909090909091,1.0,0.7384615384615385,-3.764741234456607e-05
T2024,Wojciech Szczęsny,Poland,True,FREE,SHORT,provider_target_geometry,11,12,0.9166666666666666,0.36363636363636365,1.0,0.7122585579283114,-0.005523281865465607
T2024,Wojciech Szczęsny,Poland,True,FREE,VERY_LONG,provider_target_geometry,11,12,0.9166666666666666,0.36363636363636365,0.0,0.6986888185794831,-0.0033031904700202234
T2024,Yann Sommer,Switzerland,False,FREE,LONG,provider_target_geometry,114,116,0.9827586206896551,0.13157894736842105,0.4,0.7914349581978323,-0.003801509830416475
T2024,Yann Sommer,Switzerland,False,FREE,MEDIUM,provider_target_geometry,114,116,0.9827586206896551,0.18421052631578946,0.9523809523809523,0.8242431812547883,-0.004224050138559879
T2024,Yann Sommer,Switzerland,False,FREE,SHORT,provider_target_geometry,114,116,0.9827586206896551,0.6754385964912281,1.0,0.8435921309527631,-0.003774339187372289
T2024,Yann Sommer,Switzerland,False,FREE,VERY_LONG,provider_target_geometry,114,116,0.9827586206896551,0.008771929824561403,1.0,0.0,-0.027793229464423606
T2024,Yann Sommer,Switzerland,False,PRESSURED,LONG,provider_target_geometry,31,33,0.9393939393939394,0.2903225806451613,0.4444444444444444,0.662245472129418,-0.005336491341184895
T2024,Yann Sommer,Switzerland,False,PRESSURED,MEDIUM,provider_target_geometry,31,33,0.9393939393939394,0.22580645161290322,1.0,0.5941612882504861,-0.007414850394401126
T2024,Yann Sommer,Switzerland,False,PRESSURED,SHORT,provider_target_geometry,31,33,0.9393939393939394,0.4838709677419355,1.0,0.6379086151879101,-0.009546982019683707
T2024,Yann Sommer,Switzerland,True,FREE,LONG,provider_target_geometry,16,17,0.9411764705882353,0.5,0.25,0.6929415721699019,-0.002985579179260245
T2024,Yann Sommer,Switzerland,True,FREE,MEDIUM,provider_target_geometry,16,17,0.9411764705882353,0.125,1.0,0.7751870842572063,-0.003890927716885461
T2024,Yann Sommer,Switzerland,True,FREE,SHORT,provider_target_geometry,16,17,0.9411764705882353,0.375,1.0,0.6963279456987485,-0.004407819001909513
T2024,Łukasz Skorupski,Poland,False,FREE,LONG,provider_target_geometry,15,15,1.0,0.2,0.3333333333333333,0.7388888888888889,-0.0032890263803606393
T2024,Łukasz Skorupski,Poland,False,FREE,MEDIUM,provider_target_geometry,15,15,1.0,0.13333333333333333,1.0,0.36666666666666664,-0.013311205880202605
T2024,Łukasz Skorupski,Poland,False,FREE,SHORT,provider_target_geometry,15,15,1.0,0.6,1.0,0.8591422082459819,-0.0012215754842662377
T2024,Łukasz Skorupski,Poland,False,FREE,VERY_LONG,provider_target_geometry,15,15,1.0,0.06666666666666667,0.0,0.8490566037735849,-0.0005490906489899966
T2024,Łukasz Skorupski,Poland,False,PRESSURED,MEDIUM,provider_target_geometry,1,1,1.0,1.0,1.0,0.63,-0.011320682836214548
T2024,Łukasz Skorupski,Poland,True,FREE,LONG,provider_target_geometry,13,13,1.0,0.07692307692307693,1.0,0.7333333333333333,-0.003910819087460122
T2024,Łukasz Skorupski,Poland,True,FREE,SHORT,provider_target_geometry,13,13,1.0,0.6153846153846154,1.0,0.7558333333333334,-0.006491383819654109
T2024,Łukasz Skorupski,Poland,True,FREE,VERY_LONG,provider_target_geometry,13,13,1.0,0.3076923076923077,0.25,0.7117647058823529,-0.007956440244173376
WC2018,Abdullah Ibrahim Al Maiouf,Saudi Arabia,False,FREE,LONG,provider_target_geometry,25,28,0.8928571428571429,0.48,0.25,0.7413105413105415,-0.0034631441007933923
WC2018,Abdullah Ibrahim Al Maiouf,Saudi Arabia,False,FREE,MEDIUM,provider_target_geometry,25,28,0.8928571428571429,0.12,0.6666666666666666,0.8232232232232232,-0.002276790501338054
WC2018,Abdullah Ibrahim Al Maiouf,Saudi Arabia,False,FREE,SHORT,provider_target_geometry,25,28,0.8928571428571429,0.2,1.0,0.8894894894894895,-0.0023746369802897945
WC2018,Abdullah Ibrahim Al Maiouf,Saudi Arabia,False,FREE,VERY_LONG,provider_target_geometry,25,28,0.8928571428571429,0.2,0.2,0.7524588324588326,-0.002237423413746023
WC2018,Abdullah Ibrahim Al Maiouf,Saudi Arabia,False,PRESSURED,SHORT,provider_target_geometry,1,2,0.5,1.0,1.0,0.5432098765432098,-0.003787218318990075
WC2018,Abdullah Ibrahim Al Maiouf,Saudi Arabia,True,FREE,LONG,provider_target_geometry,5,5,1.0,0.4,0.5,0.6086835899569981,-0.004500486402173019
WC2018,Abdullah Ibrahim Al Maiouf,Saudi Arabia,True,FREE,VERY_LONG,provider_target_geometry,5,5,1.0,0.6,0.6666666666666666,0.5868590188190687,-0.003705973302124394
WC2018,Alireza Safar Beiranvand,Iran,False,FREE,LONG,provider_target_geometry,28,31,0.9032258064516129,0.4642857142857143,0.3076923076923077,0.7777172369294214,-0.005081200618636719
WC2018,Alireza Safar Beiranvand,Iran,False,FREE,MEDIUM,provider_target_geometry,28,31,0.9032258064516129,0.07142857142857142,1.0,0.6466666666666666,-0.0016059126853156624
WC2018,Alireza Safar Beiranvand,Iran,False,FREE,SHORT,provider_target_geometry,28,31,0.9032258064516129,0.25,1.0,0.8274309769832159,-0.0023638859153182964
WC2018,Alireza Safar Beiranvand,Iran,False,FREE,VERY_LONG,provider_target_geometry,28,31,0.9032258064516129,0.21428571428571427,0.16666666666666666,0.6552018296794416,-0.008828454966112839
WC2018,Alireza Safar Beiranvand,Iran,False,PRESSURED,LONG,provider_target_geometry,2,3,0.6666666666666666,0.5,1.0,0.5873015873015873,-0.013563251821494664
WC2018,Alireza Safar Beiranvand,Iran,False,PRESSURED,SHORT,provider_target_geometry,2,3,0.6666666666666666,0.5,1.0,0.4523809523809524,-0.006988446564891766
WC2018,Alireza Safar Beiranvand,Iran,True,FREE,LONG,provider_target_geometry,23,24,0.9583333333333334,0.21739130434782608,0.6,0.5497160194900308,-0.005477354646604418
WC2018,Alireza Safar Beiranvand,Iran,True,FREE,MEDIUM,provider_target_geometry,23,24,0.9583333333333334,0.043478260869565216,1.0,0.5217391304347826,-0.005830931033384203
WC2018,Alireza Safar Beiranvand,Iran,True,FREE,SHORT,provider_target_geometry,23,24,0.9583333333333334,0.08695652173913043,1.0,0.6307294453361869,-0.004286433271467088
WC2018,Alireza Safar Beiranvand,Iran,True,FREE,VERY_LONG,provider_target_geometry,23,24,0.9583333333333334,0.6521739130434783,0.26666666666666666,0.5424831485402187,-0.006367426822377187
WC2018,Alisson Ramsés Becker,Brazil,False,FREE,LONG,provider_target_geometry,47,47,1.0,0.0851063829787234,0.25,0.5434674775707384,-0.008192656498800435
WC2018,Alisson Ramsés Becker,Brazil,False,FREE,MEDIUM,provider_target_geometry,47,47,1.0,0.14893617021276595,1.0,0.773452326667101,-0.001326225218888966
WC2018,Alisson Ramsés Becker,Brazil,False,FREE,SHORT,provider_target_geometry,47,47,1.0,0.6170212765957447,1.0,0.7691598900513968,-0.001836978165565823
WC2018,Alisson Ramsés Becker,Brazil,False,FREE,VERY_LONG,provider_target_geometry,47,47,1.0,0.14893617021276595,0.2857142857142857,0.4653212901660107,-0.009525167025792472
WC2018,Alisson Ramsés Becker,Brazil,False,PRESSURED,MEDIUM,provider_target_geometry,4,4,1.0,0.25,1.0,0.4523809523809524,-0.005090306807657937
WC2018,Alisson Ramsés Becker,Brazil,False,PRESSURED,SHORT,provider_target_geometry,4,4,1.0,0.5,1.0,0.444047619047619,-0.009360159455890252
WC2018,Alisson Ramsés Becker,Brazil,False,PRESSURED,VERY_LONG,provider_target_geometry,4,4,1.0,0.25,1.0,0.5238095238095238,-0.016352120790535288
WC2018,Alisson Ramsés Becker,Brazil,True,FREE,LONG,provider_target_geometry,15,15,1.0,0.4,0.8333333333333334,0.5482913680313207,-0.005863045565447411
WC2018,Alisson Ramsés Becker,Brazil,True,FREE,MEDIUM,provider_target_geometry,15,15,1.0,0.13333333333333333,1.0,0.5173676501360117,-0.005963651063772176
WC2018,Alisson Ramsés Becker,Brazil,True,FREE,SHORT,provider_target_geometry,15,15,1.0,0.3333333333333333,1.0,0.5405696051176277,-0.005899886704213172
WC2018,Alisson Ramsés Becker,Brazil,True,FREE,VERY_LONG,provider_target_geometry,15,15,1.0,0.13333333333333333,0.0,0.48981033091202586,-0.007425923538594432
WC2018,Aymen Mathlouthi,Tunisia,False,FREE,LONG,provider_target_geometry,19,20,0.95,0.21052631578947367,0.5,0.6164880952380952,-0.0070827634458370675
WC2018,Aymen Mathlouthi,Tunisia,False,FREE,MEDIUM,provider_target_geometry,19,20,0.95,0.05263157894736842,1.0,0.5892857142857143,-0.006780316871546255
WC2018,Aymen Mathlouthi,Tunisia,False,FREE,SHORT,provider_target_geometry,19,20,0.95,0.7368421052631579,1.0,0.6911013302806615,-0.004641546365103956
WC2018,Aymen Mathlouthi,Tunisia,False,PRESSURED,MEDIUM,provider_target_geometry,3,3,1.0,0.3333333333333333,1.0,0.3076923076923077,-0.011690670930555156
WC2018,Aymen Mathlouthi,Tunisia,False,PRESSURED,SHORT,provider_target_geometry,3,3,1.0,0.6666666666666666,1.0,0.38003663003663,-0.011835301004785722
WC2018,Aymen Mathlouthi,Tunisia,True,FREE,LONG,provider_target_geometry,5,5,1.0,0.6,0.3333333333333333,0.49603174603174605,-0.007478119486344419
WC2018,Aymen Mathlouthi,Tunisia,True,FREE,SHORT,provider_target_geometry,5,5,1.0,0.2,1.0,0.5892857142857143,-0.0039341738692369385
WC2018,Aymen Mathlouthi,Tunisia,True,FREE,VERY_LONG,provider_target_geometry,5,5,1.0,0.2,0.0,0.4523809523809524,-0.007363680530312989
WC2018,Danijel Subašić,Croatia,False,FREE,LONG,provider_target_geometry,106,121,0.8760330578512396,0.18867924528301888,0.6,0.6647759900625112,-0.00469636303254972
WC2018,Danijel Subašić,Croatia,False,FREE,MEDIUM,provider_target_geometry,106,121,0.8760330578512396,0.16981132075471697,1.0,0.8367989440879765,-0.0004301730734157975
WC2018,Danijel Subašić,Croatia,False,FREE,SHORT,provider_target_geometry,106,121,0.8760330578512396,0.6037735849056604,1.0,0.7895672367981316,-0.0009655284167190098
WC2018,Danijel Subašić,Croatia,False,FREE,VERY_LONG,provider_target_geometry,106,121,0.8760330578512396,0.03773584905660377,0.5,0.6043287995269071,-0.006647791271947862
WC2018,Danijel Subašić,Croatia,False,PRESSURED,LONG,provider_target_geometry,12,15,0.8,0.75,0.4444444444444444,0.4982363315696649,-0.007210742696077703
WC2018,Danijel Subašić,Croatia,False,PRESSURED,MEDIUM,provider_target_geometry,12,15,0.8,0.16666666666666666,0.5,0.4642857142857143,-0.00731775221459795
WC2018,Danijel Subašić,Croatia,False,PRESSURED,SHORT,provider_target_geometry,12,15,0.8,0.08333333333333333,1.0,0.4880952380952381,-0.015437223722159903
WC2018,Danijel Subašić,Croatia,True,FREE,LONG,provider_target_geometry,25,31,0.8064516129032258,0.36,0.4444444444444444,0.521220308454351,-0.006733890741331358
WC2018,Danijel Subašić,Croatia,True,FREE,MEDIUM,provider_target_geometry,25,31,0.8064516129032258,0.12,1.0,0.6060526315789473,-0.005250049484228257
WC2018,Danijel Subašić,Croatia,True,FREE,SHORT,provider_target_geometry,25,31,0.8064516129032258,0.24,1.0,0.5264590202694067,-0.006019852642865441
WC2018,Danijel Subašić,Croatia,True,FREE,VERY_LONG,provider_target_geometry,25,31,0.8064516129032258,0.28,0.42857142857142855,0.5250404401899915,-0.006445193908268722
WC2018,David Ospina Ramírez,Colombia,False,FREE,LONG,provider_target_geometry,59,65,0.9076923076923077,0.3220338983050847,0.42105263157894735,0.634476559123509,-0.006190972443872584
WC2018,David Ospina Ramírez,Colombia,False,FREE,MEDIUM,provider_target_geometry,59,65,0.9076923076923077,0.1016949152542373,0.8333333333333334,0.7663720819613498,-0.002274352370568756
WC2018,David Ospina Ramírez,Colombia,False,FREE,SHORT,provider_target_geometry,59,65,0.9076923076923077,0.5423728813559322,0.96875,0.762087974527014,-0.0017383245280112457
WC2018,David Ospina Ramírez,Colombia,False,FREE,VERY_LONG,provider_target_geometry,59,65,0.9076923076923077,0.03389830508474576,0.0,0.5376984126984127,-0.006945296261103587
WC2018,David Ospina Ramírez,Colombia,False,PRESSURED,LONG,provider_target_geometry,3,4,0.75,1.0,0.3333333333333333,0.48152976966536293,-0.00751778274634727
WC2018,David Ospina Ramírez,Colombia,True,FREE,LONG,provider_target_geometry,20,25,0.8,0.65,0.46153846153846156,0.5412628234658213,-0.0061638922156194275
WC2018,David Ospina Ramírez,Colombia,True,FREE,SHORT,provider_target_geometry,20,25,0.8,0.1,1.0,0.5252976190476191,-0.006702104785544774
WC2018,David Ospina Ramírez,Colombia,True,FREE,VERY_LONG,provider_target_geometry,20,25,0.8,0.25,0.6,0.5306398050578861,-0.006433423794007328
WC2018,David de Gea Quintana,Spain,False,FREE,LONG,provider_target_geometry,44,46,0.9565217391304348,0.06818181818181818,1.0,0.6132163742690059,-0.005152148537217463
WC2018,David de Gea Quintana,Spain,False,FREE,MEDIUM,provider_target_geometry,44,46,0.9565217391304348,0.13636363636363635,1.0,0.906547619047619,0.0006780951236213927
WC2018,David de Gea Quintana,Spain,False,FREE,SHORT,provider_target_geometry,44,46,0.9565217391304348,0.7045454545454546,1.0,0.7956547034216995,-0.0021625270268772903
WC2018,David de Gea Quintana,Spain,False,FREE,VERY_LONG,provider_target_geometry,44,46,0.9565217391304348,0.09090909090909091,0.25,0.6341228070175438,-0.004806571619390349
WC2018,David de Gea Quintana,Spain,False,PRESSURED,LONG,provider_target_geometry,3,4,0.75,0.3333333333333333,0.0,0.4523809523809524,-0.0063065678560295085
WC2018,David de Gea Quintana,Spain,False,PRESSURED,MEDIUM,provider_target_geometry,3,4,0.75,0.3333333333333333,1.0,0.4523809523809524,-0.0063065678560295085
WC2018,David de Gea Quintana,Spain,False,PRESSURED,SHORT,provider_target_geometry,3,4,0.75,0.3333333333333333,1.0,0.3076923076923077,-0.017466252708911903
WC2018,David de Gea Quintana,Spain,True,FREE,LONG,provider_target_geometry,15,16,0.9375,0.26666666666666666,0.5,0.5386257763975155,-0.005800473170469242
WC2018,David de Gea Quintana,Spain,True,FREE,MEDIUM,provider_target_geometry,15,16,0.9375,0.06666666666666667,1.0,0.5432098765432098,-0.005557980718769695
WC2018,David de Gea Quintana,Spain,True,FREE,SHORT,provider_target_geometry,15,16,0.9375,0.26666666666666666,1.0,0.547873054213634,-0.004943645199554316
WC2018,David de Gea Quintana,Spain,True,FREE,VERY_LONG,provider_target_geometry,15,16,0.9375,0.4,0.5,0.5065562456866806,-0.006508303308501589
WC2018,Eiji Kawashima,Japan,False,FREE,LONG,provider_target_geometry,59,62,0.9516129032258065,0.3559322033898305,0.47619047619047616,0.6493949329352723,-0.004498348227469204
WC2018,Eiji Kawashima,Japan,False,FREE,MEDIUM,provider_target_geometry,59,62,0.9516129032258065,0.01694915254237288,1.0,0.8,-0.0008532030405130988
WC2018,Eiji Kawashima,Japan,False,FREE,SHORT,provider_target_geometry,59,62,0.9516129032258065,0.5084745762711864,1.0,0.7613713894764802,-0.004055562280832698
WC2018,Eiji Kawashima,Japan,False,FREE,VERY_LONG,provider_target_geometry,59,62,0.9516129032258065,0.11864406779661017,0.7142857142857143,0.6069111484537465,-0.005567674026049732
WC2018,Eiji Kawashima,Japan,False,PRESSURED,LONG,provider_target_geometry,2,4,0.5,0.5,1.0,0.5432098765432098,-0.013946435108062613
WC2018,Eiji Kawashima,Japan,False,PRESSURED,VERY_LONG,provider_target_geometry,2,4,0.5,0.5,1.0,0.4915254237288136,-0.009328496462142023
WC2018,Eiji Kawashima,Japan,True,FREE,LONG,provider_target_geometry,18,21,0.8571428571428571,0.5,0.7777777777777778,0.5349362455451596,-0.005963572966081309
WC2018,Eiji Kawashima,Japan,True,FREE,SHORT,provider_target_geometry,18,21,0.8571428571428571,0.05555555555555555,1.0,0.5432098765432098,-0.005557980718769695
WC2018,Eiji Kawashima,Japan,True,FREE,VERY_LONG,provider_target_geometry,18,21,0.8571428571428571,0.4444444444444444,0.375,0.5304541072549547,-0.005962665486721213
WC2018,Essam Kamal Tawfik El Hadary,Egypt,False,FREE,LONG,provider_target_geometry,12,12,1.0,0.25,0.3333333333333333,0.7196947170185352,-0.003013940741955647
WC2018,Essam Kamal Tawfik El Hadary,Egypt,False,FREE,MEDIUM,provider_target_geometry,12,12,1.0,0.08333333333333333,1.0,0.5964912280701755,-0.0035843319292135035
WC2018,Essam Kamal Tawfik El Hadary,Egypt,False,FREE,SHORT,provider_target_geometry,12,12,1.0,0.5833333333333334,1.0,0.7556887961742882,-0.0023821553007605176
WC2018,Essam Kamal Tawfik El Hadary,Egypt,False,FREE,VERY_LONG,provider_target_geometry,12,12,1.0,0.08333333333333333,0.0,0.5,-0.01435683657329286
WC2018,Essam Kamal Tawfik El Hadary,Egypt,True,FREE,LONG,provider_target_geometry,6,7,0.8571428571428571,0.6666666666666666,0.75,0.5,-0.0068898566124037195
WC2018,Essam Kamal Tawfik El Hadary,Egypt,True,FREE,MEDIUM,provider_target_geometry,6,7,0.8571428571428571,0.16666666666666666,1.0,0.5,-0.006172009717878948
WC2018,Essam Kamal Tawfik El Hadary,Egypt,True,FREE,SHORT,provider_target_geometry,6,7,0.8571428571428571,0.16666666666666666,1.0,0.575,-0.006288046447061253
WC2018,Farouk Ben Mustapha,Tunisia,False,FREE,LONG,provider_target_geometry,22,26,0.8461538461538461,0.2727272727272727,0.5,0.6093993152816682,-0.008110707756759932
WC2018,Farouk Ben Mustapha,Tunisia,False,FREE,MEDIUM,provider_target_geometry,22,26,0.8461538461538461,0.36363636363636365,0.875,0.858728397019185,0.0007528492029417252
WC2018,Farouk Ben Mustapha,Tunisia,False,FREE,SHORT,provider_target_geometry,22,26,0.8461538461538461,0.36363636363636365,1.0,0.8084216675127011,-0.002437733546081566
WC2018,Farouk Ben Mustapha,Tunisia,False,PRESSURED,LONG,provider_target_geometry,2,4,0.5,1.0,0.0,0.5286415711947627,-0.013700201254036372
WC2018,Farouk Ben Mustapha,Tunisia,True,FREE,LONG,provider_target_geometry,16,17,0.9411764705882353,0.625,0.0,0.5526721423032491,-0.005831641879391515
WC2018,Farouk Ben Mustapha,Tunisia,True,FREE,MEDIUM,provider_target_geometry,16,17,0.9411764705882353,0.1875,1.0,0.5995716554041578,-0.004992425961161044
WC2018,Farouk Ben Mustapha,Tunisia,True,FREE,SHORT,provider_target_geometry,16,17,0.9411764705882353,0.0625,1.0,0.6535947712418301,-0.004034809754654196
WC2018,Farouk Ben Mustapha,Tunisia,True,FREE,VERY_LONG,provider_target_geometry,16,17,0.9411764705882353,0.125,0.0,0.5725600974853218,-0.005708357433759102
WC2018,Francis Odinaka Uzoho,Nigeria,False,FREE,LONG,provider_target_geometry,31,34,0.9117647058823529,0.5483870967741935,0.4117647058823529,0.669540812094098,-0.005748279155738538
WC2018,Francis Odinaka Uzoho,Nigeria,False,FREE,MEDIUM,provider_target_geometry,31,34,0.9117647058823529,0.03225806451612903,1.0,1.0,0.005453231624403799
WC2018,Francis Odinaka Uzoho,Nigeria,False,FREE,SHORT,provider_target_geometry,31,34,0.9117647058823529,0.3548387096774194,1.0,0.8141036141036142,-0.0025322877668341546
WC2018,Francis Odinaka Uzoho,Nigeria,False,FREE,VERY_LONG,provider_target_geometry,31,34,0.9117647058823529,0.06451612903225806,0.0,0.5482456140350878,-0.005528645111867096
WC2018,Francis Odinaka Uzoho,Nigeria,False,PRESSURED,LONG,provider_target_geometry,5,6,0.8333333333333334,1.0,0.2,0.5166948971247913,-0.0076387074898581885
WC2018,Francis Odinaka Uzoho,Nigeria,True,FREE,LONG,provider_target_geometry,15,16,0.9375,0.7333333333333333,0.45454545454545453,0.5320137445662301,-0.006139178942705931
WC2018,Francis Odinaka Uzoho,Nigeria,True,FREE,SHORT,provider_target_geometry,15,16,0.9375,0.06666666666666667,1.0,0.5,-0.008157963157036846
WC2018,Francis Odinaka Uzoho,Nigeria,True,FREE,VERY_LONG,provider_target_geometry,15,16,0.9375,0.2,1.0,0.53940329218107,-0.006060705309332709
WC2018,Francisco Guillermo Ochoa Magaña,Mexico,False,FREE,LONG,provider_target_geometry,55,58,0.9482758620689655,0.34545454545454546,0.42105263157894735,0.5900016666009475,-0.006694817616607013
WC2018,Francisco Guillermo Ochoa Magaña,Mexico,False,FREE,MEDIUM,provider_target_geometry,55,58,0.9482758620689655,0.18181818181818182,1.0,0.7860798170100244,-0.0019945618293694995
WC2018,Francisco Guillermo Ochoa Magaña,Mexico,False,FREE,SHORT,provider_target_geometry,55,58,0.9482758620689655,0.43636363636363634,0.9583333333333334,0.7838281927762433,-0.002634408708623269
WC2018,Francisco Guillermo Ochoa Magaña,Mexico,False,FREE,VERY_LONG,provider_target_geometry,55,58,0.9482758620689655,0.03636363636363636,0.0,0.29986163974462043,-0.013009852397752982
WC2018,Francisco Guillermo Ochoa Magaña,Mexico,False,PRESSURED,LONG,provider_target_geometry,4,6,0.6666666666666666,0.75,0.6666666666666666,0.5238095238095238,-0.006662348923020818
WC2018,Francisco Guillermo Ochoa Magaña,Mexico,False,PRESSURED,SHORT,provider_target_geometry,4,6,0.6666666666666666,0.25,1.0,0.5,-0.015394888827262287
WC2018,Francisco Guillermo Ochoa Magaña,Mexico,True,FREE,LONG,provider_target_geometry,22,23,0.9565217391304348,0.7727272727272727,0.6470588235294118,0.5309414789142274,-0.00648298488266843
WC2018,Francisco Guillermo Ochoa Magaña,Mexico,True,FREE,MEDIUM,provider_target_geometry,22,23,0.9565217391304348,0.13636363636363635,1.0,0.5714285714285714,-0.005085981584209567
WC2018,Francisco Guillermo Ochoa Magaña,Mexico,True,FREE,SHORT,provider_target_geometry,22,23,0.9565217391304348,0.045454545454545456,1.0,0.4915254237288136,-0.007414354562900612
WC2018,Francisco Guillermo Ochoa Magaña,Mexico,True,FREE,VERY_LONG,provider_target_geometry,22,23,0.9565217391304348,0.045454545454545456,0.0,0.5238095238095238,-0.006071358632052583
WC2018,Franco Armani,Argentina,False,FREE,LONG,provider_target_geometry,32,33,0.9696969696969697,0.3125,0.4,0.6804149834792538,-0.0038745422720372577
WC2018,Franco Armani,Argentina,False,FREE,MEDIUM,provider_target_geometry,32,33,0.9696969696969697,0.09375,0.3333333333333333,0.774928774928775,-0.0001969663133589704
WC2018,Franco Armani,Argentina,False,FREE,SHORT,provider_target_geometry,32,33,0.9696969696969697,0.46875,1.0,0.799088518926497,-0.0023028378142568666
WC2018,Franco Armani,Argentina,False,FREE,VERY_LONG,provider_target_geometry,32,33,0.9696969696969697,0.125,0.5,0.6663265492212861,-0.002375817089809354
WC2018,Franco Armani,Argentina,False,PRESSURED,LONG,provider_target_geometry,2,2,1.0,0.5,0.0,0.5,-0.009268440445883213
WC2018,Franco Armani,Argentina,False,PRESSURED,SHORT,provider_target_geometry,2,2,1.0,0.5,1.0,0.5432098765432098,-0.0066115692362730474
WC2018,Franco Armani,Argentina,True,FREE,LONG,provider_target_geometry,6,6,1.0,0.3333333333333333,0.5,0.5375,-0.006672745151940694
WC2018,Franco Armani,Argentina,True,FREE,SHORT,provider_target_geometry,6,6,1.0,0.3333333333333333,1.0,0.5432098765432098,-0.005557980718769695
WC2018,Franco Armani,Argentina,True,FREE,VERY_LONG,provider_target_geometry,6,6,1.0,0.3333333333333333,1.0,0.5216049382716049,-0.006857971937903271
WC2018,Hannes Þór Halldórsson,Iceland,False,FREE,LONG,provider_target_geometry,39,45,0.8666666666666667,0.6410256410256411,0.36,0.7049838613148351,-0.0044857953490723525
WC2018,Hannes Þór Halldórsson,Iceland,False,FREE,MEDIUM,provider_target_geometry,39,45,0.8666666666666667,0.1282051282051282,1.0,0.9199999999999999,-0.0011076753729700778
WC2018,Hannes Þór Halldórsson,Iceland,False,FREE,SHORT,provider_target_geometry,39,45,0.8666666666666667,0.15384615384615385,1.0,0.8244321244321244,0.0006502589714503713
WC2018,Hannes Þór Halldórsson,Iceland,False,FREE,VERY_LONG,provider_target_geometry,39,45,0.8666666666666667,0.07692307692307693,0.0,0.5431013431013431,-0.008643192353400544
WC2018,Hannes Þór Halldórsson,Iceland,False,PRESSURED,LONG,provider_target_geometry,3,3,1.0,1.0,0.0,0.5607214779791612,-0.012423833901453374
WC2018,Hannes Þór Halldórsson,Iceland,True,FREE,LONG,provider_target_geometry,17,18,0.9444444444444444,0.7647058823529411,0.7692307692307693,0.5476188341910178,-0.005408324259719988
WC2018,Hannes Þór Halldórsson,Iceland,True,FREE,SHORT,provider_target_geometry,17,18,0.9444444444444444,0.058823529411764705,1.0,0.5432098765432098,-0.005557980718769695
WC2018,Hannes Þór Halldórsson,Iceland,True,FREE,VERY_LONG,provider_target_geometry,17,18,0.9444444444444444,0.17647058823529413,1.0,0.5432098765432098,-0.006109626102595742
WC2018,Hugo Lloris,France,False,FREE,LONG,provider_target_geometry,76,81,0.9382716049382716,0.47368421052631576,0.6111111111111112,0.6705288389859863,-0.0058025764957665435
WC2018,Hugo Lloris,France,False,FREE,MEDIUM,provider_target_geometry,76,81,0.9382716049382716,0.18421052631578946,0.9285714285714286,0.8178056983967925,-0.00032949770995581554
WC2018,Hugo Lloris,France,False,FREE,SHORT,provider_target_geometry,76,81,0.9382716049382716,0.27631578947368424,1.0,0.8493827229169626,-0.00021623252413673197
WC2018,Hugo Lloris,France,False,FREE,VERY_LONG,provider_target_geometry,76,81,0.9382716049382716,0.06578947368421052,0.4,0.43682790639312374,-0.009808782379575545
WC2018,Hugo Lloris,France,False,PRESSURED,LONG,provider_target_geometry,12,14,0.8571428571428571,0.6666666666666666,0.375,0.4950560947736089,-0.009813183205736684
WC2018,Hugo Lloris,France,False,PRESSURED,MEDIUM,provider_target_geometry,12,14,0.8571428571428571,0.08333333333333333,1.0,0.5432098765432098,-0.005699196037799714
WC2018,Hugo Lloris,France,False,PRESSURED,SHORT,provider_target_geometry,12,14,0.8571428571428571,0.25,1.0,0.5596352138174859,-0.006141242633551663
WC2018,Hugo Lloris,France,True,FREE,LONG,provider_target_geometry,32,40,0.8,0.53125,0.6470588235294118,0.5278342285722917,-0.006764878555127359
WC2018,Hugo Lloris,France,True,FREE,MEDIUM,provider_target_geometry,32,40,0.8,0.03125,1.0,0.5873015873015873,-0.004422126854561429
WC2018,Hugo Lloris,France,True,FREE,SHORT,provider_target_geometry,32,40,0.8,0.125,1.0,0.5684303350970017,-0.0046831281849386295
WC2018,Hugo Lloris,France,True,FREE,VERY_LONG,provider_target_geometry,32,40,0.8,0.3125,0.4,0.5347360772593219,-0.0067600707421703096
WC2018,Hyeon-Woo Jo,South Korea,False,FREE,LONG,provider_target_geometry,36,39,0.9230769230769231,0.3611111111111111,0.6923076923076923,0.6375291496128143,-0.004988650512170078
WC2018,Hyeon-Woo Jo,South Korea,False,FREE,MEDIUM,provider_target_geometry,36,39,0.9230769230769231,0.19444444444444445,1.0,0.716745377726188,-0.0018940474974639687
WC2018,Hyeon-Woo Jo,South Korea,False,FREE,SHORT,provider_target_geometry,36,39,0.9230769230769231,0.3333333333333333,0.9166666666666666,0.7701257592722927,-0.002422359759280842
WC2018,Hyeon-Woo Jo,South Korea,False,FREE,VERY_LONG,provider_target_geometry,36,39,0.9230769230769231,0.1111111111111111,0.25,0.6155566022984347,-0.00762777852458645
WC2018,Hyeon-Woo Jo,South Korea,False,PRESSURED,LONG,provider_target_geometry,1,2,0.5,1.0,1.0,0.46153846153846156,-0.004958611650399873
WC2018,Hyeon-Woo Jo,South Korea,True,FREE,LONG,provider_target_geometry,14,16,0.875,0.42857142857142855,0.5,0.5139791051053705,-0.005820627738436186
WC2018,Hyeon-Woo Jo,South Korea,True,FREE,MEDIUM,provider_target_geometry,14,16,0.875,0.07142857142857142,0.0,0.5873015873015873,-0.004379543723607089
WC2018,Hyeon-Woo Jo,South Korea,True,FREE,SHORT,provider_target_geometry,14,16,0.875,0.07142857142857142,1.0,0.6466666666666666,-0.0028488908243392364
WC2018,Hyeon-Woo Jo,South Korea,True,FREE,VERY_LONG,provider_target_geometry,14,16,0.875,0.42857142857142855,0.3333333333333333,0.537008281573499,-0.005574888077816709
WC2018,Igor Akinfeev,Russia,False,FREE,LONG,provider_target_geometry,59,65,0.9076923076923077,0.288135593220339,0.35294117647058826,0.5773314573281679,-0.006744646767240743
WC2018,Igor Akinfeev,Russia,False,FREE,MEDIUM,provider_target_geometry,59,65,0.9076923076923077,0.15254237288135594,1.0,0.8860465268088092,0.0006675184976370267
WC2018,Igor Akinfeev,Russia,False,FREE,SHORT,provider_target_geometry,59,65,0.9076923076923077,0.11864406779661017,1.0,0.842761830997125,-0.0026725432484346347
WC2018,Igor Akinfeev,Russia,False,FREE,VERY_LONG,provider_target_geometry,59,65,0.9076923076923077,0.4406779661016949,0.5384615384615384,0.5951337460360184,-0.005610927205363765
WC2018,Igor Akinfeev,Russia,False,PRESSURED,LONG,provider_target_geometry,10,14,0.7142857142857143,0.5,0.6,0.5000175568803019,-0.010269876352147052
WC2018,Igor Akinfeev,Russia,False,PRESSURED,MEDIUM,provider_target_geometry,10,14,0.7142857142857143,0.2,0.5,0.47023809523809523,-0.007280067922175357
WC2018,Igor Akinfeev,Russia,False,PRESSURED,SHORT,provider_target_geometry,10,14,0.7142857142857143,0.2,1.0,0.5529878618113913,-0.010237137024199485
WC2018,Igor Akinfeev,Russia,False,PRESSURED,VERY_LONG,provider_target_geometry,10,14,0.7142857142857143,0.1,0.0,0.5238095238095238,-0.00527283103194642
WC2018,Igor Akinfeev,Russia,True,FREE,VERY_LONG,provider_target_geometry,30,33,0.9090909090909091,1.0,0.3,0.5395671294386538,-0.005861366332149967
WC2018,Jaime Manuel Penedo Cano,Panama,False,FREE,LONG,provider_target_geometry,35,35,1.0,0.6,0.47619047619047616,0.6820917963034292,-0.004838355525044055
WC2018,Jaime Manuel Penedo Cano,Panama,False,FREE,MEDIUM,provider_target_geometry,35,35,1.0,0.11428571428571428,1.0,0.8759523809523809,0.0017888078836636085
WC2018,Jaime Manuel Penedo Cano,Panama,False,FREE,SHORT,provider_target_geometry,35,35,1.0,0.17142857142857143,0.8333333333333334,0.7963687881257927,-0.0017834383776737638
WC2018,Jaime Manuel Penedo Cano,Panama,False,FREE,VERY_LONG,provider_target_geometry,35,35,1.0,0.11428571428571428,0.25,0.5988917306052856,-0.008090041783715602
WC2018,Jaime Manuel Penedo Cano,Panama,False,PRESSURED,LONG,provider_target_geometry,1,1,1.0,1.0,0.0,0.6535947712418301,-0.004198437425427079
WC2018,Jaime Manuel Penedo Cano,Panama,True,FREE,LONG,provider_target_geometry,21,21,1.0,0.8095238095238095,0.17647058823529413,0.604881196809498,-0.004596205622185413
WC2018,Jaime Manuel Penedo Cano,Panama,True,FREE,VERY_LONG,provider_target_geometry,21,21,1.0,0.19047619047619047,0.25,0.5725257147262236,-0.005126421416692187
WC2018,Jordan Pickford,England,False,FREE,LONG,provider_target_geometry,151,161,0.937888198757764,0.23178807947019867,0.6,0.6974886427757994,-0.004016056756916061
WC2018,Jordan Pickford,England,False,FREE,MEDIUM,provider_target_geometry,151,161,0.937888198757764,0.12582781456953643,1.0,0.7601558450925276,-0.0029209255987573644
WC2018,Jordan Pickford,England,False,FREE,SHORT,provider_target_geometry,151,161,0.937888198757764,0.48344370860927155,1.0,0.7940424302206586,-0.0018879426757489786
WC2018,Jordan Pickford,England,False,FREE,VERY_LONG,provider_target_geometry,151,161,0.937888198757764,0.15894039735099338,0.5,0.6895214892447367,-0.004322532055258982
WC2018,Jordan Pickford,England,False,PRESSURED,LONG,provider_target_geometry,21,25,0.84,0.5714285714285714,0.3333333333333333,0.49118532086645766,-0.011423703768071081
WC2018,Jordan Pickford,England,False,PRESSURED,MEDIUM,provider_target_geometry,21,25,0.84,0.14285714285714285,0.6666666666666666,0.4000568141068664,-0.010766531973522874
WC2018,Jordan Pickford,England,False,PRESSURED,SHORT,provider_target_geometry,21,25,0.84,0.19047619047619047,1.0,0.4572981366459627,-0.008539172751080596
WC2018,Jordan Pickford,England,False,PRESSURED,VERY_LONG,provider_target_geometry,21,25,0.84,0.09523809523809523,0.0,0.5483695652173912,-0.0051854111383468175
WC2018,Jordan Pickford,England,True,FREE,LONG,provider_target_geometry,28,34,0.8235294117647058,0.07142857142857142,0.5,0.5811507936507936,-0.005243672174525807
WC2018,Jordan Pickford,England,True,FREE,MEDIUM,provider_target_geometry,28,34,0.8235294117647058,0.14285714285714285,1.0,0.5759978991596639,-0.005390076985112023
WC2018,Jordan Pickford,England,True,FREE,SHORT,provider_target_geometry,28,34,0.8235294117647058,0.25,1.0,0.5924716553287981,-0.004884720948091582
WC2018,Jordan Pickford,England,True,FREE,VERY_LONG,provider_target_geometry,28,34,0.8235294117647058,0.5357142857142857,0.7333333333333333,0.5713891138310293,-0.005909329158859549
WC2018,Kasper Schmeichel,Denmark,False,FREE,LONG,provider_target_geometry,74,83,0.891566265060241,0.35135135135135137,0.46153846153846156,0.616860568340358,-0.005153457551795729
WC2018,Kasper Schmeichel,Denmark,False,FREE,MEDIUM,provider_target_geometry,74,83,0.891566265060241,0.04054054054054054,0.6666666666666666,0.6571637426900585,-0.0071224683237692335
WC2018,Kasper Schmeichel,Denmark,False,FREE,SHORT,provider_target_geometry,74,83,0.891566265060241,0.28378378378378377,1.0,0.7858480250668989,-0.0025877155072357334
WC2018,Kasper Schmeichel,Denmark,False,FREE,VERY_LONG,provider_target_geometry,74,83,0.891566265060241,0.32432432432432434,0.5416666666666666,0.606420536738408,-0.005998271523204417
WC2018,Kasper Schmeichel,Denmark,False,PRESSURED,LONG,provider_target_geometry,4,6,0.6666666666666666,0.75,0.6666666666666666,0.4536968803733726,-0.00754113705591928
WC2018,Kasper Schmeichel,Denmark,False,PRESSURED,SHORT,provider_target_geometry,4,6,0.6666666666666666,0.25,1.0,0.46153846153846156,-0.004841047080989206
WC2018,Kasper Schmeichel,Denmark,True,FREE,LONG,provider_target_geometry,28,29,0.9655172413793104,0.14285714285714285,0.5,0.4880952380952381,-0.007720483764599802
WC2018,Kasper Schmeichel,Denmark,True,FREE,SHORT,provider_target_geometry,28,29,0.9655172413793104,0.17857142857142858,1.0,0.5434241323648104,-0.00639348715632256
WC2018,Kasper Schmeichel,Denmark,True,FREE,VERY_LONG,provider_target_geometry,28,29,0.9655172413793104,0.6785714285714286,0.47368421052631576,0.5195507539291285,-0.006855873526131271
WC2018,Keylor Navas Gamboa,Costa Rica,False,FREE,LONG,provider_target_geometry,51,57,0.8947368421052632,0.35294117647058826,0.6111111111111112,0.605491001530211,-0.0067595381499437075
WC2018,Keylor Navas Gamboa,Costa Rica,False,FREE,MEDIUM,provider_target_geometry,51,57,0.8947368421052632,0.23529411764705882,1.0,0.7953559709920918,-0.002146292714340414
WC2018,Keylor Navas Gamboa,Costa Rica,False,FREE,SHORT,provider_target_geometry,51,57,0.8947368421052632,0.23529411764705882,1.0,0.6798870268324091,-0.0052136726395511646
WC2018,Keylor Navas Gamboa,Costa Rica,False,FREE,VERY_LONG,provider_target_geometry,51,57,0.8947368421052632,0.17647058823529413,0.5555555555555556,0.5857337482216722,-0.007464949935041856
WC2018,Keylor Navas Gamboa,Costa Rica,False,PRESSURED,LONG,provider_target_geometry,6,6,1.0,0.6666666666666666,0.25,0.5150075987841946,-0.005260412857360704
WC2018,Keylor Navas Gamboa,Costa Rica,False,PRESSURED,VERY_LONG,provider_target_geometry,6,6,1.0,0.3333333333333333,0.5,0.531547619047619,-0.005767498635852254
WC2018,Keylor Navas Gamboa,Costa Rica,True,FREE,LONG,provider_target_geometry,8,8,1.0,0.125,0.0,0.5957446808510638,-0.005047629533824724
WC2018,Keylor Navas Gamboa,Costa Rica,True,FREE,MEDIUM,provider_target_geometry,8,8,1.0,0.125,1.0,0.597918151948363,-0.004709664266365828
WC2018,Keylor Navas Gamboa,Costa Rica,True,FREE,VERY_LONG,provider_target_geometry,8,8,1.0,0.75,0.6666666666666666,0.553556653157717,-0.0059297163045420875
WC2018,Khadim N'Diaye,Senegal,False,FREE,LONG,provider_target_geometry,30,38,0.7894736842105263,0.3,0.3333333333333333,0.5541585992978274,-0.0083636652353791
WC2018,Khadim N'Diaye,Senegal,False,FREE,MEDIUM,provider_target_geometry,30,38,0.7894736842105263,0.06666666666666667,1.0,0.6652589240824536,-0.009701029720639565
WC2018,Khadim N'Diaye,Senegal,False,FREE,SHORT,provider_target_geometry,30,38,0.7894736842105263,0.23333333333333334,1.0,0.6939594737347546,-0.002946151647679337
WC2018,Khadim N'Diaye,Senegal,False,FREE,VERY_LONG,provider_target_geometry,30,38,0.7894736842105263,0.4,0.4166666666666667,0.6546174053185748,-0.006235762936692373
WC2018,Khadim N'Diaye,Senegal,False,PRESSURED,LONG,provider_target_geometry,3,5,0.6,1.0,0.3333333333333333,0.4866255144032922,-0.008220428574992864
WC2018,Khadim N'Diaye,Senegal,True,FREE,LONG,provider_target_geometry,20,21,0.9523809523809523,0.1,0.5,0.5432098765432098,-0.006233071310739578
WC2018,Khadim N'Diaye,Senegal,True,FREE,SHORT,provider_target_geometry,20,21,0.9523809523809523,0.05,1.0,0.5625,-0.005902201263213803
WC2018,Khadim N'Diaye,Senegal,True,FREE,VERY_LONG,provider_target_geometry,20,21,0.9523809523809523,0.85,0.47058823529411764,0.5388201576927066,-0.006213627741318771
WC2018,Lovre Kalinić,Croatia,False,FREE,LONG,provider_target_geometry,8,8,1.0,0.25,0.5,0.7434640522875817,-0.0037960790461066367
WC2018,Lovre Kalinić,Croatia,False,FREE,MEDIUM,provider_target_geometry,8,8,1.0,0.25,0.0,0.6,-0.00736340989114867
WC2018,Lovre Kalinić,Croatia,False,FREE,SHORT,provider_target_geometry,8,8,1.0,0.25,1.0,0.8035415716674267,-0.0025672688482788657
WC2018,Lovre Kalinić,Croatia,False,FREE,VERY_LONG,provider_target_geometry,8,8,1.0,0.25,0.0,0.6535947712418301,-0.006657338373486765
WC2018,Lovre Kalinić,Croatia,False,PRESSURED,LONG,provider_target_geometry,2,2,1.0,0.5,0.0,0.4880952380952381,-0.005882580328371598
WC2018,Lovre Kalinić,Croatia,False,PRESSURED,MEDIUM,provider_target_geometry,2,2,1.0,0.5,1.0,0.4880952380952381,-0.00852280015693153
WC2018,Lovre Kalinić,Croatia,True,FREE,LONG,provider_target_geometry,6,6,1.0,0.16666666666666666,0.0,0.5625,-0.005902201263213803
WC2018,Lovre Kalinić,Croatia,True,FREE,SHORT,provider_target_geometry,6,6,1.0,0.16666666666666666,1.0,0.4880952380952381,-0.007814814181370318
WC2018,Lovre Kalinić,Croatia,True,FREE,VERY_LONG,provider_target_geometry,6,6,1.0,0.6666666666666666,0.0,0.5307194616977225,-0.006826603762968743
WC2018,Manuel Neuer,Germany,False,FREE,LONG,provider_target_geometry,66,71,0.9295774647887324,0.12121212121212122,0.625,0.779677329237416,-0.0032294913324924677
WC2018,Manuel Neuer,Germany,False,FREE,MEDIUM,provider_target_geometry,66,71,0.9295774647887324,0.21212121212121213,1.0,0.7846338219962051,-0.0022190381591076992
WC2018,Manuel Neuer,Germany,False,FREE,SHORT,provider_target_geometry,66,71,0.9295774647887324,0.6666666666666666,1.0,0.7341433446619443,-0.0037182547812664706
WC2018,Manuel Neuer,Germany,False,PRESSURED,SHORT,provider_target_geometry,2,3,0.6666666666666666,1.0,1.0,0.5483695652173912,-0.006885263453483526
WC2018,Manuel Neuer,Germany,True,FREE,SHORT,provider_target_geometry,4,4,1.0,1.0,1.0,0.5822800207039337,-0.004804185031684352
WC2018,Mathew Ryan,Australia,False,FREE,LONG,provider_target_geometry,74,76,0.9736842105263158,0.13513513513513514,0.7,0.7058335335366952,-0.00240401689367395
WC2018,Mathew Ryan,Australia,False,FREE,MEDIUM,provider_target_geometry,74,76,0.9736842105263158,0.13513513513513514,0.9,0.7558163502676233,-0.0018710629394226516
WC2018,Mathew Ryan,Australia,False,FREE,SHORT,provider_target_geometry,74,76,0.9736842105263158,0.7297297297297297,1.0,0.7830022287575876,-0.0032534752316171565
WC2018,Mathew Ryan,Australia,False,PRESSURED,LONG,provider_target_geometry,14,17,0.8235294117647058,0.5,0.42857142857142855,0.5347258054044064,-0.006827962415265125
WC2018,Mathew Ryan,Australia,False,PRESSURED,MEDIUM,provider_target_geometry,14,17,0.8235294117647058,0.14285714285714285,1.0,0.5555555555555556,-0.005780834382982041
WC2018,Mathew Ryan,Australia,False,PRESSURED,SHORT,provider_target_geometry,14,17,0.8235294117647058,0.35714285714285715,1.0,0.5328729859803306,-0.007138481353845737
WC2018,Mathew Ryan,Australia,True,FREE,LONG,provider_target_geometry,17,17,1.0,0.29411764705882354,0.6,0.5225360954174513,-0.006840602729997969
WC2018,Mathew Ryan,Australia,True,FREE,MEDIUM,provider_target_geometry,17,17,1.0,0.23529411764705882,1.0,0.5444862942038083,-0.005335234550736876
WC2018,Mathew Ryan,Australia,True,FREE,SHORT,provider_target_geometry,17,17,1.0,0.4117647058823529,1.0,0.5907723530704638,-0.004864039858876813
WC2018,Mathew Ryan,Australia,True,FREE,VERY_LONG,provider_target_geometry,17,17,1.0,0.058823529411764705,1.0,0.4915254237288136,-0.007414354562900612
WC2018,Mohamed El Sayed Mohamed El Shenawy Gomaa,Egypt,False,FREE,LONG,provider_target_geometry,20,20,1.0,0.3,0.16666666666666666,0.609658617512595,-0.006324916606257297
WC2018,Mohamed El Sayed Mohamed El Shenawy Gomaa,Egypt,False,FREE,MEDIUM,provider_target_geometry,20,20,1.0,0.15,1.0,0.8398349923773653,0.0004099154346518245
WC2018,Mohamed El Sayed Mohamed El Shenawy Gomaa,Egypt,False,FREE,SHORT,provider_target_geometry,20,20,1.0,0.2,1.0,0.5918964076858815,-0.006543616410419341
WC2018,Mohamed El Sayed Mohamed El Shenawy Gomaa,Egypt,False,FREE,VERY_LONG,provider_target_geometry,20,20,1.0,0.35,0.2857142857142857,0.6446484881156413,-0.0059012368802437275
WC2018,Mohamed El Sayed Mohamed El Shenawy Gomaa,Egypt,False,PRESSURED,LONG,provider_target_geometry,3,3,1.0,1.0,0.6666666666666666,0.5221751412429378,-0.007103814850517314
WC2018,Mohamed El Sayed Mohamed El Shenawy Gomaa,Egypt,True,FREE,LONG,provider_target_geometry,6,11,0.5454545454545454,0.3333333333333333,1.0,0.5790481755246797,-0.005008238199666039
WC2018,Mohamed El Sayed Mohamed El Shenawy Gomaa,Egypt,True,FREE,VERY_LONG,provider_target_geometry,6,11,0.5454545454545454,0.6666666666666666,0.0,0.5504960317460317,-0.0057408442924684125
WC2018,Mohammed Khalil Al Owais,Saudi Arabia,False,FREE,LONG,provider_target_geometry,16,17,0.9411764705882353,0.3125,0.4,0.7360361057382334,-0.0023897448807714654
WC2018,Mohammed Khalil Al Owais,Saudi Arabia,False,FREE,MEDIUM,provider_target_geometry,16,17,0.9411764705882353,0.125,1.0,1.0,0.003378112201264721
WC2018,Mohammed Khalil Al Owais,Saudi Arabia,False,FREE,SHORT,provider_target_geometry,16,17,0.9411764705882353,0.375,0.8333333333333334,0.8234729478707644,-0.0014417264354016088
WC2018,Mohammed Khalil Al Owais,Saudi Arabia,False,FREE,VERY_LONG,provider_target_geometry,16,17,0.9411764705882353,0.1875,0.6666666666666666,0.5760141299478745,-0.006368417753447604
WC2018,Mohammed Khalil Al Owais,Saudi Arabia,False,PRESSURED,VERY_LONG,provider_target_geometry,1,2,0.5,1.0,1.0,0.5217391304347826,-0.006993664354200816
WC2018,Mohammed Khalil Al Owais,Saudi Arabia,True,FREE,LONG,provider_target_geometry,6,6,1.0,0.3333333333333333,0.5,0.6466666666666666,-0.0034072885611745414
WC2018,Mohammed Khalil Al Owais,Saudi Arabia,True,FREE,SHORT,provider_target_geometry,6,6,1.0,0.3333333333333333,1.0,0.6179761904761905,-0.0032629511038353856
WC2018,Mohammed Khalil Al Owais,Saudi Arabia,True,FREE,VERY_LONG,provider_target_geometry,6,6,1.0,0.3333333333333333,0.5,0.6179761904761905,-0.004274145316228206
WC2018,Mouez Hassen,Tunisia,False,FREE,SHORT,provider_target_geometry,4,4,1.0,0.75,0.6666666666666666,0.7598697598697598,-0.001335022866334049
WC2018,Mouez Hassen,Tunisia,False,FREE,VERY_LONG,provider_target_geometry,4,4,1.0,0.25,0.0,0.6923076923076923,-0.0028373009373619668
WC2018,Mouez Hassen,Tunisia,True,FREE,VERY_LONG,provider_target_geometry,1,1,1.0,1.0,1.0,0.5873015873015873,-0.0048048875906370825
WC2018,Munir Mohand Mohamedi,Morocco,False,FREE,LONG,provider_target_geometry,37,38,0.9736842105263158,0.35135135135135137,0.38461538461538464,0.6596228668095565,-0.0045072043682910295
WC2018,Munir Mohand Mohamedi,Morocco,False,FREE,MEDIUM,provider_target_geometry,37,38,0.9736842105263158,0.16216216216216217,0.8333333333333334,0.6230189255189256,-0.005384266205671637
WC2018,Munir Mohand Mohamedi,Morocco,False,FREE,SHORT,provider_target_geometry,37,38,0.9736842105263158,0.40540540540540543,1.0,0.8344281489550426,-0.00122943301472273
WC2018,Munir Mohand Mohamedi,Morocco,False,FREE,VERY_LONG,provider_target_geometry,37,38,0.9736842105263158,0.08108108108108109,0.0,0.7216931216931218,-0.0010700073709660088
WC2018,Munir Mohand Mohamedi,Morocco,False,PRESSURED,LONG,provider_target_geometry,6,6,1.0,0.8333333333333334,0.4,0.4926613457686904,-0.007585862764428913
WC2018,Munir Mohand Mohamedi,Morocco,False,PRESSURED,SHORT,provider_target_geometry,6,6,1.0,0.16666666666666666,1.0,0.5238095238095238,-0.004298854302985806
WC2018,Munir Mohand Mohamedi,Morocco,True,FREE,LONG,provider_target_geometry,11,11,1.0,0.5454545454545454,0.3333333333333333,0.5184726666597846,-0.006026613036449405
WC2018,Munir Mohand Mohamedi,Morocco,True,FREE,SHORT,provider_target_geometry,11,11,1.0,0.09090909090909091,1.0,0.4915254237288136,-0.006943895012980698
WC2018,Munir Mohand Mohamedi,Morocco,True,FREE,VERY_LONG,provider_target_geometry,11,11,1.0,0.36363636363636365,0.25,0.5840794119336302,-0.004093113828519031
WC2018,Néstor Fernando Muslera Micol,Uruguay,False,FREE,LONG,provider_target_geometry,68,72,0.9444444444444444,0.20588235294117646,0.5714285714285714,0.6463274360209723,-0.004785161425093846
WC2018,Néstor Fernando Muslera Micol,Uruguay,False,FREE,MEDIUM,provider_target_geometry,68,72,0.9444444444444444,0.08823529411764706,1.0,0.6380043035316618,-0.0033432956745413508
WC2018,Néstor Fernando Muslera Micol,Uruguay,False,FREE,SHORT,provider_target_geometry,68,72,0.9444444444444444,0.5882352941176471,0.975,0.791646044402803,-0.000908637030800619
WC2018,Néstor Fernando Muslera Micol,Uruguay,False,FREE,VERY_LONG,provider_target_geometry,68,72,0.9444444444444444,0.11764705882352941,0.75,0.5156287993920973,-0.007931472961831889
WC2018,Néstor Fernando Muslera Micol,Uruguay,False,PRESSURED,LONG,provider_target_geometry,5,6,0.8333333333333334,0.4,0.0,0.40384615384615385,-0.01261112377316492
WC2018,Néstor Fernando Muslera Micol,Uruguay,False,PRESSURED,MEDIUM,provider_target_geometry,5,6,0.8333333333333334,0.2,0.0,0.5217391304347826,-0.012271344026266989
WC2018,Néstor Fernando Muslera Micol,Uruguay,False,PRESSURED,SHORT,provider_target_geometry,5,6,0.8333333333333334,0.4,0.5,0.4582727770223434,-0.01358205767320591
WC2018,Néstor Fernando Muslera Micol,Uruguay,True,FREE,LONG,provider_target_geometry,23,27,0.8518518518518519,0.08695652173913043,0.5,0.43478260869565216,-0.008973468597918784
WC2018,Néstor Fernando Muslera Micol,Uruguay,True,FREE,MEDIUM,provider_target_geometry,23,27,0.8518518518518519,0.043478260869565216,1.0,0.5892857142857143,-0.0041234873787336715
WC2018,Néstor Fernando Muslera Micol,Uruguay,True,FREE,SHORT,provider_target_geometry,23,27,0.8518518518518519,0.13043478260869565,1.0,0.5043243567124408,-0.007207455028816233
WC2018,Néstor Fernando Muslera Micol,Uruguay,True,FREE,VERY_LONG,provider_target_geometry,23,27,0.8518518518518519,0.7391304347826086,0.4117647058823529,0.4975179248387607,-0.0072972513274509295
WC2018,Pedro David Gallese Quiróz,Peru,False,FREE,LONG,provider_target_geometry,40,43,0.9302325581395349,0.4,0.5,0.5818420299158069,-0.007643359126762163
WC2018,Pedro David Gallese Quiróz,Peru,False,FREE,SHORT,provider_target_geometry,40,43,0.9302325581395349,0.475,1.0,0.8123405837995579,-0.0026237272944142735
WC2018,Pedro David Gallese Quiróz,Peru,False,FREE,VERY_LONG,provider_target_geometry,40,43,0.9302325581395349,0.125,0.2,0.5438659521779726,-0.008005877510667924
WC2018,Pedro David Gallese Quiróz,Peru,False,PRESSURED,LONG,provider_target_geometry,2,2,1.0,0.5,0.0,0.575,-0.00773285622364321
WC2018,Pedro David Gallese Quiróz,Peru,False,PRESSURED,MEDIUM,provider_target_geometry,2,2,1.0,0.5,1.0,0.46153846153846156,-0.017582985348882325
WC2018,Pedro David Gallese Quiróz,Peru,True,FREE,LONG,provider_target_geometry,15,19,0.7894736842105263,0.6,0.4444444444444444,0.5455589327929754,-0.006300696925559037
WC2018,Pedro David Gallese Quiróz,Peru,True,FREE,MEDIUM,provider_target_geometry,15,19,0.7894736842105263,0.2,1.0,0.6128296759084907,-0.004517931562038768
WC2018,Pedro David Gallese Quiróz,Peru,True,FREE,VERY_LONG,provider_target_geometry,15,19,0.7894736842105263,0.2,0.3333333333333333,0.5850737956001114,-0.005658329990570134
WC2018,Robin Olsen,Sweden,False,FREE,LONG,provider_target_geometry,57,63,0.9047619047619048,0.2807017543859649,0.375,0.6324342505969487,-0.006316527539868694
WC2018,Robin Olsen,Sweden,False,FREE,MEDIUM,provider_target_geometry,57,63,0.9047619047619048,0.10526315789473684,1.0,0.6392544748395812,-0.004731035412094373
WC2018,Robin Olsen,Sweden,False,FREE,SHORT,provider_target_geometry,57,63,0.9047619047619048,0.3508771929824561,1.0,0.7902829202637763,-0.0024473264659815885
WC2018,Robin Olsen,Sweden,False,FREE,VERY_LONG,provider_target_geometry,57,63,0.9047619047619048,0.2631578947368421,0.4,0.6421679899725691,-0.005585128578262571
WC2018,Robin Olsen,Sweden,False,PRESSURED,LONG,provider_target_geometry,10,12,0.8333333333333334,0.8,0.25,0.4577380952380953,-0.008022920502080063
WC2018,Robin Olsen,Sweden,False,PRESSURED,SHORT,provider_target_geometry,10,12,0.8333333333333334,0.1,1.0,0.4523809523809524,-0.010826187431507091
WC2018,Robin Olsen,Sweden,False,PRESSURED,VERY_LONG,provider_target_geometry,10,12,0.8333333333333334,0.1,0.0,0.4523809523809524,-0.005275305730661388
WC2018,Robin Olsen,Sweden,True,FREE,LONG,provider_target_geometry,25,28,0.8928571428571429,0.2,0.6,0.5102829537612147,-0.006764134735548236
WC2018,Robin Olsen,Sweden,True,FREE,MEDIUM,provider_target_geometry,25,28,0.8928571428571429,0.12,1.0,0.5217391304347826,-0.006397119919630607
WC2018,Robin Olsen,Sweden,True,FREE,SHORT,provider_target_geometry,25,28,0.8928571428571429,0.04,1.0,0.5217391304347826,-0.006680214362753808
WC2018,Robin Olsen,Sweden,True,FREE,VERY_LONG,provider_target_geometry,25,28,0.8928571428571429,0.64,0.5,0.5257955586080586,-0.0064057875155506165
WC2018,Rui Pedro dos Santos Patrício,Portugal,False,FREE,LONG,provider_target_geometry,46,50,0.92,0.43478260869565216,0.55,0.7071820241471776,-0.0037866347547582868
WC2018,Rui Pedro dos Santos Patrício,Portugal,False,FREE,MEDIUM,provider_target_geometry,46,50,0.92,0.10869565217391304,1.0,0.9035136109784505,0.0026082566687949523
WC2018,Rui Pedro dos Santos Patrício,Portugal,False,FREE,SHORT,provider_target_geometry,46,50,0.92,0.43478260869565216,1.0,0.7951499203977818,-0.0004042135256746163
WC2018,Rui Pedro dos Santos Patrício,Portugal,False,FREE,VERY_LONG,provider_target_geometry,46,50,0.92,0.021739130434782608,1.0,0.6595744680851063,-0.0007422137375701033
WC2018,Rui Pedro dos Santos Patrício,Portugal,False,PRESSURED,LONG,provider_target_geometry,9,9,1.0,0.6666666666666666,0.3333333333333333,0.5409547701673612,-0.009635242352898208
WC2018,Rui Pedro dos Santos Patrício,Portugal,False,PRESSURED,MEDIUM,provider_target_geometry,9,9,1.0,0.3333333333333333,1.0,0.5412907268170426,-0.008459595355070975
WC2018,Rui Pedro dos Santos Patrício,Portugal,True,FREE,LONG,provider_target_geometry,16,16,1.0,0.5625,0.4444444444444444,0.6240998407379247,-0.004128195777239075
WC2018,Rui Pedro dos Santos Patrício,Portugal,True,FREE,SHORT,provider_target_geometry,16,16,1.0,0.3125,1.0,0.6191773253358115,-0.0036529466081590884
WC2018,Rui Pedro dos Santos Patrício,Portugal,True,FREE,VERY_LONG,provider_target_geometry,16,16,1.0,0.125,0.0,0.566247795414462,-0.005086322408306536
WC2018,Steve Mandanda,France,False,FREE,LONG,provider_target_geometry,20,21,0.9523809523809523,0.3,0.8333333333333334,0.6447047104941842,-0.0043255759374202325
WC2018,Steve Mandanda,France,False,FREE,MEDIUM,provider_target_geometry,20,21,0.9523809523809523,0.15,1.0,0.7385129490392649,-0.004421784582480599
WC2018,Steve Mandanda,France,False,FREE,SHORT,provider_target_geometry,20,21,0.9523809523809523,0.55,1.0,0.8098103072444002,-0.002057892310055271
WC2018,Steve Mandanda,France,False,PRESSURED,LONG,provider_target_geometry,1,3,0.3333333333333333,1.0,1.0,0.5964912280701755,-0.008636766072136988
WC2018,Steve Mandanda,France,True,FREE,MEDIUM,provider_target_geometry,1,1,1.0,1.0,1.0,0.575,-0.006288046447061253
WC2018,Thibaut Courtois,Belgium,False,FREE,LONG,provider_target_geometry,122,123,0.991869918699187,0.1885245901639344,0.4782608695652174,0.6317673474989032,-0.004291316096918144
WC2018,Thibaut Courtois,Belgium,False,FREE,MEDIUM,provider_target_geometry,122,123,0.991869918699187,0.18032786885245902,1.0,0.8149795900607922,-0.001202205377948659
WC2018,Thibaut Courtois,Belgium,False,FREE,SHORT,provider_target_geometry,122,123,0.991869918699187,0.5819672131147541,1.0,0.7936728763122743,-0.0014510102117055532
WC2018,Thibaut Courtois,Belgium,False,FREE,VERY_LONG,provider_target_geometry,122,123,0.991869918699187,0.04918032786885246,0.5,0.6531408460820225,-0.004318201223926105
WC2018,Thibaut Courtois,Belgium,False,PRESSURED,LONG,provider_target_geometry,27,28,0.9642857142857143,0.6296296296296297,0.23529411764705882,0.4703470110734623,-0.00994289896065443
WC2018,Thibaut Courtois,Belgium,False,PRESSURED,MEDIUM,provider_target_geometry,27,28,0.9642857142857143,0.1111111111111111,0.6666666666666666,0.39973924380704046,-0.008617627089082674
WC2018,Thibaut Courtois,Belgium,False,PRESSURED,SHORT,provider_target_geometry,27,28,0.9642857142857143,0.14814814814814814,1.0,0.4522256728778468,-0.008386814874347146
WC2018,Thibaut Courtois,Belgium,False,PRESSURED,VERY_LONG,provider_target_geometry,27,28,0.9642857142857143,0.1111111111111111,0.3333333333333333,0.49776442226684176,-0.013200626889128495
WC2018,Thibaut Courtois,Belgium,True,FREE,LONG,provider_target_geometry,37,37,1.0,0.13513513513513514,0.2,0.5673527037933819,-0.005281401404337986
WC2018,Thibaut Courtois,Belgium,True,FREE,MEDIUM,provider_target_geometry,37,37,1.0,0.02702702702702703,1.0,0.4915254237288136,-0.007414747625176049
WC2018,Thibaut Courtois,Belgium,True,FREE,SHORT,provider_target_geometry,37,37,1.0,0.4594594594594595,1.0,0.5238168214087896,-0.006861229186009685
WC2018,Thibaut Courtois,Belgium,True,FREE,VERY_LONG,provider_target_geometry,37,37,1.0,0.3783783783783784,0.5,0.5633301228513093,-0.005716731890925313
WC2018,Vladimir Stojković,Serbia,False,FREE,LONG,provider_target_geometry,48,50,0.96,0.3125,0.5333333333333333,0.6022969121932644,-0.006068163656010756
WC2018,Vladimir Stojković,Serbia,False,FREE,MEDIUM,provider_target_geometry,48,50,0.96,0.14583333333333334,1.0,0.7682359663020514,-0.0029935315398369523
WC2018,Vladimir Stojković,Serbia,False,FREE,SHORT,provider_target_geometry,48,50,0.96,0.3541666666666667,0.9411764705882353,0.7072980268221577,-0.004001254372760812
WC2018,Vladimir Stojković,Serbia,False,FREE,VERY_LONG,provider_target_geometry,48,50,0.96,0.1875,0.4444444444444444,0.6313612716901177,-0.008780734390238566
WC2018,Vladimir Stojković,Serbia,False,PRESSURED,LONG,provider_target_geometry,4,5,0.8,1.0,0.75,0.49592151675485013,-0.007759767719012789
WC2018,Vladimir Stojković,Serbia,True,FREE,LONG,provider_target_geometry,17,17,1.0,0.5294117647058824,0.5555555555555556,0.5482510288065843,-0.005225438696286699
WC2018,Vladimir Stojković,Serbia,True,FREE,VERY_LONG,provider_target_geometry,17,17,1.0,0.47058823529411764,0.5,0.5457368827160494,-0.005737804746824265
WC2018,Wilfredo Daniel Caballero,Argentina,False,FREE,LONG,provider_target_geometry,44,47,0.9361702127659575,0.25,0.18181818181818182,0.6609596602540884,-0.003681075882999003
WC2018,Wilfredo Daniel Caballero,Argentina,False,FREE,MEDIUM,provider_target_geometry,44,47,0.9361702127659575,0.13636363636363635,0.8333333333333334,0.7799048904312063,-0.001871889239230845
WC2018,Wilfredo Daniel Caballero,Argentina,False,FREE,SHORT,provider_target_geometry,44,47,0.9361702127659575,0.5454545454545454,0.9583333333333334,0.7881229239156418,-0.002142680694063906
WC2018,Wilfredo Daniel Caballero,Argentina,False,FREE,VERY_LONG,provider_target_geometry,44,47,0.9361702127659575,0.06818181818181818,0.0,0.6942156581312382,-0.0039732247573424145
WC2018,Wilfredo Daniel Caballero,Argentina,False,PRESSURED,LONG,provider_target_geometry,1,1,1.0,1.0,0.0,0.575,-0.003350771733096792
WC2018,Wilfredo Daniel Caballero,Argentina,True,FREE,SHORT,provider_target_geometry,2,3,0.6666666666666666,0.5,1.0,0.5470843553783168,-0.005455453105652014
WC2018,Wilfredo Daniel Caballero,Argentina,True,FREE,VERY_LONG,provider_target_geometry,2,3,0.6666666666666666,0.5,0.0,0.5,-0.007057443856820136
WC2018,Wojciech Szczęsny,Poland,False,FREE,LONG,provider_target_geometry,27,33,0.8181818181818182,0.14814814814814814,0.5,0.6545177045177045,-0.003291988835156776
WC2018,Wojciech Szczęsny,Poland,False,FREE,MEDIUM,provider_target_geometry,27,33,0.8181818181818182,0.37037037037037035,0.9,0.7396308909853812,-0.0041961948893103175
WC2018,Wojciech Szczęsny,Poland,False,FREE,SHORT,provider_target_geometry,27,33,0.8181818181818182,0.4444444444444444,1.0,0.7902228750399155,-0.0027294166870816435
WC2018,Wojciech Szczęsny,Poland,False,FREE,VERY_LONG,provider_target_geometry,27,33,0.8181818181818182,0.037037037037037035,0.0,0.4,-0.012525784929441426
WC2018,Wojciech Szczęsny,Poland,False,PRESSURED,LONG,provider_target_geometry,4,4,1.0,0.25,1.0,0.4915254237288136,-0.004179549448852037
WC2018,Wojciech Szczęsny,Poland,False,PRESSURED,MEDIUM,provider_target_geometry,4,4,1.0,0.25,1.0,0.5238095238095238,-0.016352120790535288
WC2018,Wojciech Szczęsny,Poland,False,PRESSURED,SHORT,provider_target_geometry,4,4,1.0,0.5,1.0,0.4765319426336376,-0.007836745563811545
WC2018,Wojciech Szczęsny,Poland,True,FREE,LONG,provider_target_geometry,5,5,1.0,0.4,1.0,0.5652557319223985,-0.005181434154703389
WC2018,Wojciech Szczęsny,Poland,True,FREE,MEDIUM,provider_target_geometry,5,5,1.0,0.4,1.0,0.6086835899569981,-0.003338023811373405
WC2018,Wojciech Szczęsny,Poland,True,FREE,SHORT,provider_target_geometry,5,5,1.0,0.2,1.0,0.5873015873015873,-0.0048048875906370825
WC2018,Yann Sommer,Switzerland,False,FREE,LONG,provider_target_geometry,66,70,0.9428571428571428,0.16666666666666666,0.36363636363636365,0.6164799092968668,-0.005393685699378175
WC2018,Yann Sommer,Switzerland,False,FREE,MEDIUM,provider_target_geometry,66,70,0.9428571428571428,0.18181818181818182,0.9166666666666666,0.661569674327616,-0.005103276062898294
WC2018,Yann Sommer,Switzerland,False,FREE,SHORT,provider_target_geometry,66,70,0.9428571428571428,0.6363636363636364,1.0,0.7576103892803168,-0.003296909744468549
WC2018,Yann Sommer,Switzerland,False,FREE,VERY_LONG,provider_target_geometry,66,70,0.9428571428571428,0.015151515151515152,0.0,0.6741573033707864,-0.006708875306817292
WC2018,Yann Sommer,Switzerland,False,PRESSURED,LONG,provider_target_geometry,14,14,1.0,0.42857142857142855,0.3333333333333333,0.5519656772611855,-0.008002898124473594
WC2018,Yann Sommer,Switzerland,False,PRESSURED,MEDIUM,provider_target_geometry,14,14,1.0,0.21428571428571427,0.6666666666666666,0.5367430922986478,-0.011829955513368975
WC2018,Yann Sommer,Switzerland,False,PRESSURED,SHORT,provider_target_geometry,14,14,1.0,0.35714285714285715,1.0,0.5211640211640212,-0.007578513372017448
WC2018,Yann Sommer,Switzerland,True,FREE,LONG,provider_target_geometry,35,36,0.9722222222222222,0.2857142857142857,0.5,0.529135994172226,-0.0055851579131909
WC2018,Yann Sommer,Switzerland,True,FREE,MEDIUM,provider_target_geometry,35,36,0.9722222222222222,0.08571428571428572,1.0,0.5769685990338164,-0.00448762412488827
WC2018,Yann Sommer,Switzerland,True,FREE,SHORT,provider_target_geometry,35,36,0.9722222222222222,0.42857142857142855,1.0,0.5587408128830166,-0.004952897601741091
WC2018,Yann Sommer,Switzerland,True,FREE,VERY_LONG,provider_target_geometry,35,36,0.9722222222222222,0.2,0.14285714285714285,0.5916434121999361,-0.004273049344670224
WC2018,Yasser Abdullah Al Mosailem,Saudi Arabia,False,FREE,LONG,provider_target_geometry,9,9,1.0,0.5555555555555556,1.0,0.6285964912280703,-0.004434787339557343
WC2018,Yasser Abdullah Al Mosailem,Saudi Arabia,False,FREE,SHORT,provider_target_geometry,9,9,1.0,0.3333333333333333,1.0,0.7737378708802006,-0.003625054824517809
WC2018,Yasser Abdullah Al Mosailem,Saudi Arabia,False,FREE,VERY_LONG,provider_target_geometry,9,9,1.0,0.1111111111111111,1.0,0.6875,-0.002061461553740495
WC2018,Yasser Abdullah Al Mosailem,Saudi Arabia,True,FREE,LONG,provider_target_geometry,4,4,1.0,0.25,0.0,0.575,-0.006288046447061253
WC2018,Yasser Abdullah Al Mosailem,Saudi Arabia,True,FREE,MEDIUM,provider_target_geometry,4,4,1.0,0.25,1.0,0.5,-0.007057443856820136
WC2018,Yasser Abdullah Al Mosailem,Saudi Arabia,True,FREE,SHORT,provider_target_geometry,4,4,1.0,0.25,1.0,0.575,-0.005101944307409719
WC2018,Yasser Abdullah Al Mosailem,Saudi Arabia,True,FREE,VERY_LONG,provider_target_geometry,4,4,1.0,0.25,1.0,0.5,-0.007057443856820136
WC2018,Łukasz Fabiański,Poland,False,FREE,LONG,provider_target_geometry,19,19,1.0,0.10526315789473684,0.5,0.681710495143331,-0.007647964719960771
WC2018,Łukasz Fabiański,Poland,False,FREE,MEDIUM,provider_target_geometry,19,19,1.0,0.15789473684210525,1.0,0.7008504750230902,-0.0030362909770394
WC2018,Łukasz Fabiański,Poland,False,FREE,SHORT,provider_target_geometry,19,19,1.0,0.631578947368421,1.0,0.719709764548328,-0.005353468440736901
WC2018,Łukasz Fabiański,Poland,False,FREE,VERY_LONG,provider_target_geometry,19,19,1.0,0.10526315789473684,0.5,0.5873015873015873,-0.013268286339807912
WC2018,Łukasz Fabiański,Poland,False,PRESSURED,LONG,provider_target_geometry,2,2,1.0,1.0,0.0,0.4915254237288136,-0.004558089838237017
WC2018,Łukasz Fabiański,Poland,True,FREE,LONG,provider_target_geometry,4,4,1.0,0.25,0.0,0.5026772460169529,-0.007110517878950117
WC2018,Łukasz Fabiański,Poland,True,FREE,SHORT,provider_target_geometry,4,4,1.0,0.25,1.0,0.5873015873015873,-0.0048048875906370825
WC2018,Łukasz Fabiański,Poland,True,FREE,VERY_LONG,provider_target_geometry,4,4,1.0,0.5,0.0,0.4915254237288136,-0.0076352532072269455
WC2022,Alireza Safar Beiranvand,Iran,False,FREE,LONG,provider_target_geometry,15,20,0.75,0.26666666666666666,0.75,0.7504528985507246,-0.0036227793465695053
WC2022,Alireza Safar Beiranvand,Iran,False,FREE,MEDIUM,provider_target_geometry,15,20,0.75,0.13333333333333333,1.0,0.7922705314009661,-0.004931261452140931
WC2022,Alireza Safar Beiranvand,Iran,False,FREE,SHORT,provider_target_geometry,15,20,0.75,0.6,1.0,0.8089774557165862,-0.00501101671541858
WC2022,Alireza Safar Beiranvand,Iran,False,PRESSURED,SHORT,provider_target_geometry,2,2,1.0,1.0,1.0,0.642361111111111,-0.008860997679937766
WC2022,Alireza Safar Beiranvand,Iran,True,FREE,LONG,provider_target_geometry,7,9,0.7777777777777778,0.2857142857142857,1.0,0.7259963768115941,-0.008424209646278234
WC2022,Alireza Safar Beiranvand,Iran,True,FREE,SHORT,provider_target_geometry,7,9,0.7777777777777778,0.2857142857142857,1.0,0.7922705314009661,-0.006455591219093364
WC2022,Alireza Safar Beiranvand,Iran,True,FREE,VERY_LONG,provider_target_geometry,7,9,0.7777777777777778,0.42857142857142855,1.0,0.7395531400966183,-0.008631398334253427
WC2022,Alisson Ramsés Becker,Brazil,False,FREE,LONG,provider_target_geometry,64,67,0.9552238805970149,0.03125,0.5,0.6753041701495309,-0.008199670540539933
WC2022,Alisson Ramsés Becker,Brazil,False,FREE,MEDIUM,provider_target_geometry,64,67,0.9552238805970149,0.078125,0.8,0.6914460852605183,-0.006828786483895949
WC2022,Alisson Ramsés Becker,Brazil,False,FREE,SHORT,provider_target_geometry,64,67,0.9552238805970149,0.8125,0.9807692307692307,0.7936318525077326,-0.004081065168762716
WC2022,Alisson Ramsés Becker,Brazil,False,FREE,VERY_LONG,provider_target_geometry,64,67,0.9552238805970149,0.078125,0.4,0.35120274914089344,-0.014676078328392326
WC2022,Alisson Ramsés Becker,Brazil,False,PRESSURED,LONG,provider_target_geometry,7,8,0.875,0.14285714285714285,1.0,0.5945945945945945,-0.007943580900722388
WC2022,Alisson Ramsés Becker,Brazil,False,PRESSURED,SHORT,provider_target_geometry,7,8,0.875,0.8571428571428571,1.0,0.6034817426121775,-0.007883197541159334
WC2022,Alisson Ramsés Becker,Brazil,True,FREE,LONG,provider_target_geometry,19,19,1.0,0.10526315789473684,0.5,0.7560137457044673,-0.0082045924057614
WC2022,Alisson Ramsés Becker,Brazil,True,FREE,MEDIUM,provider_target_geometry,19,19,1.0,0.05263157894736842,1.0,0.7763157894736842,-0.006488592029028911
WC2022,Alisson Ramsés Becker,Brazil,True,FREE,SHORT,provider_target_geometry,19,19,1.0,0.7368421052631579,1.0,0.7077369043303603,-0.009623694935595494
WC2022,Alisson Ramsés Becker,Brazil,True,FREE,VERY_LONG,provider_target_geometry,19,19,1.0,0.10526315789473684,0.5,0.6472972972972972,-0.011485924421204333
WC2022,Andries Noppert,Netherlands,False,FREE,LONG,provider_target_geometry,128,136,0.9411764705882353,0.140625,0.6666666666666666,0.7751010059286882,-0.005550669873753065
WC2022,Andries Noppert,Netherlands,False,FREE,MEDIUM,provider_target_geometry,128,136,0.9411764705882353,0.2578125,1.0,0.8281768800629283,-0.003637161169012431
WC2022,Andries Noppert,Netherlands,False,FREE,SHORT,provider_target_geometry,128,136,0.9411764705882353,0.59375,1.0,0.8717483593282449,-0.0024073698161286784
WC2022,Andries Noppert,Netherlands,False,FREE,VERY_LONG,provider_target_geometry,128,136,0.9411764705882353,0.0078125,1.0,0.7922705314009661,-0.0025804707651608146
WC2022,Andries Noppert,Netherlands,False,PRESSURED,LONG,provider_target_geometry,10,14,0.7142857142857143,0.5,0.0,0.6591505636070852,-0.004050439649005873
WC2022,Andries Noppert,Netherlands,False,PRESSURED,MEDIUM,provider_target_geometry,10,14,0.7142857142857143,0.3,1.0,0.6597222222222221,-0.0027744551292977096
WC2022,Andries Noppert,Netherlands,False,PRESSURED,SHORT,provider_target_geometry,10,14,0.7142857142857143,0.2,1.0,0.6111111111111112,-0.006302577451447279
WC2022,Andries Noppert,Netherlands,True,FREE,LONG,provider_target_geometry,33,40,0.825,0.12121212121212122,0.5,0.7163854369681424,-0.007640694925927302
WC2022,Andries Noppert,Netherlands,True,FREE,MEDIUM,provider_target_geometry,33,40,0.825,0.18181818181818182,1.0,0.7579001630977408,-0.007003561784395069
WC2022,Andries Noppert,Netherlands,True,FREE,SHORT,provider_target_geometry,33,40,0.825,0.6666666666666666,1.0,0.7334581286927918,-0.00680427760157776
WC2022,Andries Noppert,Netherlands,True,FREE,VERY_LONG,provider_target_geometry,33,40,0.825,0.030303030303030304,0.0,0.7435897435897436,-0.00672666560041007
WC2022,André Onana,Cameroon,False,FREE,LONG,provider_target_geometry,35,46,0.7608695652173914,0.11428571428571428,1.0,0.8417851996806667,-0.004231378104161464
WC2022,André Onana,Cameroon,False,FREE,MEDIUM,provider_target_geometry,35,46,0.7608695652173914,0.05714285714285714,1.0,0.7954125046244913,-0.002820901122930425
WC2022,André Onana,Cameroon,False,FREE,SHORT,provider_target_geometry,35,46,0.7608695652173914,0.8285714285714286,1.0,0.8735142417359383,-0.0020558449451355478
WC2022,André Onana,Cameroon,False,PRESSURED,LONG,provider_target_geometry,2,5,0.4,0.5,1.0,0.6869565217391305,-0.0038929942229421364
WC2022,André Onana,Cameroon,False,PRESSURED,MEDIUM,provider_target_geometry,2,5,0.4,0.5,1.0,0.6869565217391305,-0.004949323244802752
WC2022,André Onana,Cameroon,True,FREE,MEDIUM,provider_target_geometry,7,9,0.7777777777777778,0.14285714285714285,1.0,0.7763157894736842,-0.003994155043632128
WC2022,André Onana,Cameroon,True,FREE,SHORT,provider_target_geometry,7,9,0.7777777777777778,0.8571428571428571,1.0,0.7703023281474127,-0.004569113488178474
WC2022,Aymen Dahmen,Tunisia,False,FREE,LONG,provider_target_geometry,46,54,0.8518518518518519,0.43478260869565216,0.7,0.7629233723015688,-0.004699407995235652
WC2022,Aymen Dahmen,Tunisia,False,FREE,MEDIUM,provider_target_geometry,46,54,0.8518518518518519,0.10869565217391304,1.0,0.7935430249125686,-0.004796087825230616
WC2022,Aymen Dahmen,Tunisia,False,FREE,SHORT,provider_target_geometry,46,54,0.8518518518518519,0.41304347826086957,1.0,0.8754764405227673,-0.0014087619670223065
WC2022,Aymen Dahmen,Tunisia,False,FREE,VERY_LONG,provider_target_geometry,46,54,0.8518518518518519,0.043478260869565216,0.5,0.6052459016393442,-0.006563035193385295
WC2022,Aymen Dahmen,Tunisia,False,PRESSURED,LONG,provider_target_geometry,5,5,1.0,0.4,0.0,0.6910973084886128,-0.005048791238779814
WC2022,Aymen Dahmen,Tunisia,False,PRESSURED,MEDIUM,provider_target_geometry,5,5,1.0,0.2,1.0,0.6952380952380952,-0.010133193265570401
WC2022,Aymen Dahmen,Tunisia,False,PRESSURED,SHORT,provider_target_geometry,5,5,1.0,0.4,1.0,0.5676190476190476,-0.006028205557180276
WC2022,Aymen Dahmen,Tunisia,True,FREE,LONG,provider_target_geometry,14,18,0.7777777777777778,0.2857142857142857,0.0,0.7729642502482621,-0.005003019572413182
WC2022,Aymen Dahmen,Tunisia,True,FREE,MEDIUM,provider_target_geometry,14,18,0.7777777777777778,0.14285714285714285,1.0,0.7672955974842768,-0.005482200440727283
WC2022,Aymen Dahmen,Tunisia,True,FREE,SHORT,provider_target_geometry,14,18,0.7777777777777778,0.2857142857142857,1.0,0.748808931445196,-0.00818033526117203
WC2022,Aymen Dahmen,Tunisia,True,FREE,VERY_LONG,provider_target_geometry,14,18,0.7777777777777778,0.2857142857142857,0.75,0.7218309914432359,-0.008102856724885735
WC2022,Damián Emiliano Martínez,Argentina,False,FREE,LONG,provider_target_geometry,113,125,0.904,0.1592920353982301,0.5,0.7635486863445419,-0.004704933009320332
WC2022,Damián Emiliano Martínez,Argentina,False,FREE,MEDIUM,provider_target_geometry,113,125,0.904,0.13274336283185842,0.9333333333333333,0.873792270531401,-0.0030804970709544083
WC2022,Damián Emiliano Martínez,Argentina,False,FREE,SHORT,provider_target_geometry,113,125,0.904,0.5752212389380531,1.0,0.8705475016360162,-0.0026204590641380476
WC2022,Damián Emiliano Martínez,Argentina,False,FREE,VERY_LONG,provider_target_geometry,113,125,0.904,0.13274336283185842,0.4,0.5536007066072685,-0.010546620536935827
WC2022,Damián Emiliano Martínez,Argentina,False,PRESSURED,LONG,provider_target_geometry,19,23,0.8260869565217391,0.42105263157894735,0.375,0.6140251364107845,-0.007238590106585852
WC2022,Damián Emiliano Martínez,Argentina,False,PRESSURED,MEDIUM,provider_target_geometry,19,23,0.8260869565217391,0.10526315789473684,0.5,0.6601190476190476,-0.005719807199201177
WC2022,Damián Emiliano Martínez,Argentina,False,PRESSURED,SHORT,provider_target_geometry,19,23,0.8260869565217391,0.3684210526315789,1.0,0.6486281179138321,-0.0048426355367010235
WC2022,Damián Emiliano Martínez,Argentina,False,PRESSURED,VERY_LONG,provider_target_geometry,19,23,0.8260869565217391,0.10526315789473684,1.0,0.6952380952380952,-0.007395879819663203
WC2022,Damián Emiliano Martínez,Argentina,True,FREE,LONG,provider_target_geometry,30,37,0.8108108108108109,0.13333333333333333,0.75,0.7269688269073011,-0.007124095877037497
WC2022,Damián Emiliano Martínez,Argentina,True,FREE,MEDIUM,provider_target_geometry,30,37,0.8108108108108109,0.1,1.0,0.7706045966915532,-0.007879496946516058
WC2022,Damián Emiliano Martínez,Argentina,True,FREE,SHORT,provider_target_geometry,30,37,0.8108108108108109,0.43333333333333335,1.0,0.7795641130878219,-0.007893505505272014
WC2022,Damián Emiliano Martínez,Argentina,True,FREE,VERY_LONG,provider_target_geometry,30,37,0.8108108108108109,0.3333333333333333,0.6,0.7231944084644205,-0.008104726010923552
WC2022,Daniel Ward,Wales,False,FREE,LONG,provider_target_geometry,23,25,0.92,0.43478260869565216,0.5,0.774504651889359,-0.002824185093158882
WC2022,Daniel Ward,Wales,False,FREE,MEDIUM,provider_target_geometry,23,25,0.92,0.08695652173913043,1.0,0.7750339254040677,-0.004289182817913363
WC2022,Daniel Ward,Wales,False,FREE,SHORT,provider_target_geometry,23,25,0.92,0.391304347826087,1.0,0.8171702622365361,-0.004081116879607771
WC2022,Daniel Ward,Wales,False,FREE,VERY_LONG,provider_target_geometry,23,25,0.92,0.08695652173913043,0.5,0.7932115512148068,-0.002034403222521217
WC2022,Daniel Ward,Wales,False,PRESSURED,LONG,provider_target_geometry,4,5,0.8,0.75,0.3333333333333333,0.5945945945945945,-0.008243274849304741
WC2022,Daniel Ward,Wales,False,PRESSURED,SHORT,provider_target_geometry,4,5,0.8,0.25,1.0,0.5945945945945945,-0.010743620915059426
WC2022,Daniel Ward,Wales,True,FREE,LONG,provider_target_geometry,8,9,0.8888888888888888,0.375,1.0,0.7560137457044673,-0.009014505160645342
WC2022,Daniel Ward,Wales,True,FREE,VERY_LONG,provider_target_geometry,8,9,0.8888888888888888,0.625,0.8,0.7054600992745323,-0.009329384052514178
WC2022,Devis Rogers Epassy Mboka,Cameroon,False,FREE,LONG,provider_target_geometry,44,48,0.9166666666666666,0.3181818181818182,0.8571428571428571,0.7617435157103468,-0.004134201670787379
WC2022,Devis Rogers Epassy Mboka,Cameroon,False,FREE,MEDIUM,provider_target_geometry,44,48,0.9166666666666666,0.18181818181818182,1.0,0.8086964913870289,-0.0021922991243074116
WC2022,Devis Rogers Epassy Mboka,Cameroon,False,FREE,SHORT,provider_target_geometry,44,48,0.9166666666666666,0.4090909090909091,1.0,0.8762953725704308,-0.0025641181939387225
WC2022,Devis Rogers Epassy Mboka,Cameroon,False,FREE,VERY_LONG,provider_target_geometry,44,48,0.9166666666666666,0.09090909090909091,0.25,0.6342538190364277,-0.006426717176226136
WC2022,Devis Rogers Epassy Mboka,Cameroon,False,PRESSURED,LONG,provider_target_geometry,9,10,0.9,0.5555555555555556,0.6,0.5945945945945945,-0.005480556909003306
WC2022,Devis Rogers Epassy Mboka,Cameroon,False,PRESSURED,MEDIUM,provider_target_geometry,9,10,0.9,0.2222222222222222,0.5,0.5945945945945945,-0.004263105214403193
WC2022,Devis Rogers Epassy Mboka,Cameroon,False,PRESSURED,SHORT,provider_target_geometry,9,10,0.9,0.2222222222222222,1.0,0.6597222222222221,-0.006059234824514533
WC2022,Devis Rogers Epassy Mboka,Cameroon,True,FREE,LONG,provider_target_geometry,24,25,0.96,0.5,0.6666666666666666,0.7008835931404286,-0.009742788852522633
WC2022,Devis Rogers Epassy Mboka,Cameroon,True,FREE,MEDIUM,provider_target_geometry,24,25,0.96,0.041666666666666664,1.0,0.5945945945945945,-0.012307150267594803
WC2022,Devis Rogers Epassy Mboka,Cameroon,True,FREE,SHORT,provider_target_geometry,24,25,0.96,0.20833333333333334,1.0,0.7309812726217926,-0.008891953024022379
WC2022,Devis Rogers Epassy Mboka,Cameroon,True,FREE,VERY_LONG,provider_target_geometry,24,25,0.96,0.25,0.3333333333333333,0.7090989745909065,-0.008056864430159641
WC2022,Diogo Meireles Costa,Portugal,False,FREE,LONG,provider_target_geometry,93,104,0.8942307692307693,0.17204301075268819,0.3125,0.7298084179280546,-0.006648315546043605
WC2022,Diogo Meireles Costa,Portugal,False,FREE,MEDIUM,provider_target_geometry,93,104,0.8942307692307693,0.10752688172043011,0.9,0.8397963104217873,-0.004026078538844317
WC2022,Diogo Meireles Costa,Portugal,False,FREE,SHORT,provider_target_geometry,93,104,0.8942307692307693,0.6666666666666666,0.9838709677419355,0.8646490579189287,-0.002350257840427708
WC2022,Diogo Meireles Costa,Portugal,False,FREE,VERY_LONG,provider_target_geometry,93,104,0.8942307692307693,0.053763440860215055,0.6,0.7972632503524952,-0.004210380100842318
WC2022,Diogo Meireles Costa,Portugal,False,PRESSURED,LONG,provider_target_geometry,14,20,0.7,0.35714285714285715,0.6,0.6102731562168919,-0.006695162060822069
WC2022,Diogo Meireles Costa,Portugal,False,PRESSURED,MEDIUM,provider_target_geometry,14,20,0.7,0.35714285714285715,0.8,0.6236111111111111,-0.01020830297873691
WC2022,Diogo Meireles Costa,Portugal,False,PRESSURED,SHORT,provider_target_geometry,14,20,0.7,0.21428571428571427,1.0,0.6532988187356442,-0.012199002710774953
WC2022,Diogo Meireles Costa,Portugal,False,PRESSURED,VERY_LONG,provider_target_geometry,14,20,0.7,0.07142857142857142,0.0,0.6597222222222221,-0.009186912827798386
WC2022,Diogo Meireles Costa,Portugal,True,FREE,LONG,provider_target_geometry,28,35,0.8,0.14285714285714285,0.75,0.7140515222482435,-0.009560061923164253
WC2022,Diogo Meireles Costa,Portugal,True,FREE,MEDIUM,provider_target_geometry,28,35,0.8,0.10714285714285714,1.0,0.7264218269653052,-0.006946641113873807
WC2022,Diogo Meireles Costa,Portugal,True,FREE,SHORT,provider_target_geometry,28,35,0.8,0.6428571428571429,1.0,0.762587621572914,-0.007646480762990634
WC2022,Diogo Meireles Costa,Portugal,True,FREE,VERY_LONG,provider_target_geometry,28,35,0.8,0.10714285714285714,0.6666666666666666,0.7056878306878307,-0.008776787331959095
WC2022,Dominik Livaković,Croatia,False,FREE,LONG,provider_target_geometry,151,159,0.949685534591195,0.12582781456953643,0.6842105263157895,0.6934163424459144,-0.007964511164815695
WC2022,Dominik Livaković,Croatia,False,FREE,MEDIUM,provider_target_geometry,151,159,0.949685534591195,0.11920529801324503,1.0,0.8412319595372594,-0.004392837598692624
WC2022,Dominik Livaković,Croatia,False,FREE,SHORT,provider_target_geometry,151,159,0.949685534591195,0.7152317880794702,1.0,0.8562296236780538,-0.0032664227852534453
WC2022,Dominik Livaković,Croatia,False,FREE,VERY_LONG,provider_target_geometry,151,159,0.949685534591195,0.039735099337748346,0.6666666666666666,0.5677439453183161,-0.009208228241132287
WC2022,Dominik Livaković,Croatia,False,PRESSURED,LONG,provider_target_geometry,13,17,0.7647058823529411,0.46153846153846156,0.3333333333333333,0.6253819036427731,-0.0053451570768826805
WC2022,Dominik Livaković,Croatia,False,PRESSURED,MEDIUM,provider_target_geometry,13,17,0.7647058823529411,0.15384615384615385,0.5,0.6407755581668625,-0.004016589876231142
WC2022,Dominik Livaković,Croatia,False,PRESSURED,SHORT,provider_target_geometry,13,17,0.7647058823529411,0.3076923076923077,1.0,0.6346728926161286,-0.0069646666196409145
WC2022,Dominik Livaković,Croatia,False,PRESSURED,VERY_LONG,provider_target_geometry,13,17,0.7647058823529411,0.07692307692307693,1.0,0.6869565217391305,-0.002389664246274973
WC2022,Dominik Livaković,Croatia,True,FREE,LONG,provider_target_geometry,46,49,0.9387755102040817,0.21739130434782608,0.9,0.7004792662240144,-0.008802323327704947
WC2022,Dominik Livaković,Croatia,True,FREE,MEDIUM,provider_target_geometry,46,49,0.9387755102040817,0.08695652173913043,1.0,0.7714905821254167,-0.007613264448480435
WC2022,Dominik Livaković,Croatia,True,FREE,SHORT,provider_target_geometry,46,49,0.9387755102040817,0.5652173913043478,1.0,0.7341325069112936,-0.008390525116989445
WC2022,Dominik Livaković,Croatia,True,FREE,VERY_LONG,provider_target_geometry,46,49,0.9387755102040817,0.13043478260869565,0.6666666666666666,0.6844620212146326,-0.009173077966651661
WC2022,Ederson Santana de Moraes,Brazil,False,FREE,LONG,provider_target_geometry,24,24,1.0,0.08333333333333333,1.0,0.8203776899429074,-0.003105444220868732
WC2022,Ederson Santana de Moraes,Brazil,False,FREE,MEDIUM,provider_target_geometry,24,24,1.0,0.25,0.8333333333333334,0.9081230989443551,-0.0005433022075740538
WC2022,Ederson Santana de Moraes,Brazil,False,FREE,SHORT,provider_target_geometry,24,24,1.0,0.6666666666666666,0.9375,0.8781409353193773,-0.00266645698242374
WC2022,Ederson Santana de Moraes,Brazil,False,PRESSURED,SHORT,provider_target_geometry,1,1,1.0,1.0,1.0,0.6597222222222221,-0.0036643237328236617
WC2022,Ederson Santana de Moraes,Brazil,True,FREE,SHORT,provider_target_geometry,5,5,1.0,0.8,1.0,0.7591334541062802,-0.0066386932462638385
WC2022,Ederson Santana de Moraes,Brazil,True,FREE,VERY_LONG,provider_target_geometry,5,5,1.0,0.2,1.0,0.7922705314009661,-0.008129516030289961
WC2022,Edouard Mendy,Senegal,False,FREE,LONG,provider_target_geometry,75,82,0.9146341463414634,0.2,0.7333333333333333,0.7870139200377081,-0.0031691378495559462
WC2022,Edouard Mendy,Senegal,False,FREE,MEDIUM,provider_target_geometry,75,82,0.9146341463414634,0.18666666666666668,0.9285714285714286,0.8713008567470656,-0.0022177354317356036
WC2022,Edouard Mendy,Senegal,False,FREE,SHORT,provider_target_geometry,75,82,0.9146341463414634,0.52,1.0,0.850088233562817,-0.00252881326618937
WC2022,Edouard Mendy,Senegal,False,FREE,VERY_LONG,provider_target_geometry,75,82,0.9146341463414634,0.09333333333333334,0.7142857142857143,0.7185649648194444,-0.00518923132849073
WC2022,Edouard Mendy,Senegal,False,PRESSURED,LONG,provider_target_geometry,9,9,1.0,0.2222222222222222,0.5,0.6111111111111112,-0.009508843955846362
WC2022,Edouard Mendy,Senegal,False,PRESSURED,MEDIUM,provider_target_geometry,9,9,1.0,0.3333333333333333,0.3333333333333333,0.6756270640574251,-0.0036716672962478097
WC2022,Edouard Mendy,Senegal,False,PRESSURED,SHORT,provider_target_geometry,9,9,1.0,0.2222222222222222,1.0,0.6111111111111112,-0.006833175915731118
WC2022,Edouard Mendy,Senegal,False,PRESSURED,VERY_LONG,provider_target_geometry,9,9,1.0,0.2222222222222222,0.0,0.6111111111111112,-0.013445152762081972
WC2022,Edouard Mendy,Senegal,True,FREE,LONG,provider_target_geometry,25,25,1.0,0.08,0.0,0.7824573225516622,-0.006536913861161337
WC2022,Edouard Mendy,Senegal,True,FREE,MEDIUM,provider_target_geometry,25,25,1.0,0.2,1.0,0.7156202132825786,-0.008540598326251954
WC2022,Edouard Mendy,Senegal,True,FREE,SHORT,provider_target_geometry,25,25,1.0,0.56,1.0,0.7682467264742306,-0.0067042098824979185
WC2022,Edouard Mendy,Senegal,True,FREE,VERY_LONG,provider_target_geometry,25,25,1.0,0.16,0.5,0.7002904301817345,-0.007924796268861554
WC2022,Francisco Guillermo Ochoa Magaña,Mexico,False,FREE,LONG,provider_target_geometry,75,78,0.9615384615384616,0.12,0.3333333333333333,0.7545260191541656,-0.004268396178751822
WC2022,Francisco Guillermo Ochoa Magaña,Mexico,False,FREE,MEDIUM,provider_target_geometry,75,78,0.9615384615384616,0.17333333333333334,1.0,0.8935052079598228,-0.0007840221995234508
WC2022,Francisco Guillermo Ochoa Magaña,Mexico,False,FREE,SHORT,provider_target_geometry,75,78,0.9615384615384616,0.6933333333333334,1.0,0.8511686134294046,-0.0021093437456049936
WC2022,Francisco Guillermo Ochoa Magaña,Mexico,False,FREE,VERY_LONG,provider_target_geometry,75,78,0.9615384615384616,0.013333333333333334,0.0,0.7922705314009661,-0.00574441762696715
WC2022,Francisco Guillermo Ochoa Magaña,Mexico,False,PRESSURED,LONG,provider_target_geometry,2,3,0.6666666666666666,1.0,0.5,0.6774801587301587,-0.003442461582246465
WC2022,Francisco Guillermo Ochoa Magaña,Mexico,True,FREE,LONG,provider_target_geometry,25,26,0.9615384615384616,0.08,1.0,0.7477401129943503,-0.007464065967722586
WC2022,Francisco Guillermo Ochoa Magaña,Mexico,True,FREE,MEDIUM,provider_target_geometry,25,26,0.9615384615384616,0.2,1.0,0.7143202920179395,-0.008656118464384726
WC2022,Francisco Guillermo Ochoa Magaña,Mexico,True,FREE,SHORT,provider_target_geometry,25,26,0.9615384615384616,0.56,1.0,0.7420569088725498,-0.0076182046863881485
WC2022,Francisco Guillermo Ochoa Magaña,Mexico,True,FREE,VERY_LONG,provider_target_geometry,25,26,0.9615384615384616,0.16,0.5,0.7463315217391304,-0.007223277223992094
WC2022,Gregor Kobel,Switzerland,False,FREE,LONG,provider_target_geometry,18,20,0.9,0.1111111111111111,0.0,0.7713000450927192,-0.007446824148886439
WC2022,Gregor Kobel,Switzerland,False,FREE,MEDIUM,provider_target_geometry,18,20,0.9,0.16666666666666666,1.0,0.9375,3.550152172815301e-05
WC2022,Gregor Kobel,Switzerland,False,FREE,SHORT,provider_target_geometry,18,20,0.9,0.6666666666666666,1.0,0.8643600190821115,-0.002903316854639178
WC2022,Gregor Kobel,Switzerland,False,FREE,VERY_LONG,provider_target_geometry,18,20,0.9,0.05555555555555555,0.0,0.8235294117647058,-0.0028555844212236467
WC2022,Gregor Kobel,Switzerland,False,PRESSURED,LONG,provider_target_geometry,1,1,1.0,1.0,0.0,0.6869565217391305,-0.013815181425773856
WC2022,Gregor Kobel,Switzerland,True,FREE,SHORT,provider_target_geometry,4,8,0.5,1.0,1.0,0.7672955974842768,-0.0061078081710029195
WC2022,Hernán Ismael Galíndez,Ecuador,False,FREE,LONG,provider_target_geometry,47,53,0.8867924528301887,0.2553191489361702,0.3333333333333333,0.7184985364726458,-0.0069380008458716814
WC2022,Hernán Ismael Galíndez,Ecuador,False,FREE,MEDIUM,provider_target_geometry,47,53,0.8867924528301887,0.0851063829787234,1.0,0.830307954557139,-0.00394067223005957
WC2022,Hernán Ismael Galíndez,Ecuador,False,FREE,SHORT,provider_target_geometry,47,53,0.8867924528301887,0.46808510638297873,1.0,0.8355694564759811,-0.002706249858716058
WC2022,Hernán Ismael Galíndez,Ecuador,False,FREE,VERY_LONG,provider_target_geometry,47,53,0.8867924528301887,0.19148936170212766,0.2222222222222222,0.7749163272394304,-0.0038061736050633735
WC2022,Hernán Ismael Galíndez,Ecuador,False,PRESSURED,LONG,provider_target_geometry,1,2,0.5,1.0,1.0,0.5945945945945945,-0.005779605137805311
WC2022,Hernán Ismael Galíndez,Ecuador,True,FREE,LONG,provider_target_geometry,18,21,0.8571428571428571,0.1111111111111111,0.5,0.5945945945945945,-0.012307150267594803
WC2022,Hernán Ismael Galíndez,Ecuador,True,FREE,MEDIUM,provider_target_geometry,18,21,0.8571428571428571,0.05555555555555555,1.0,0.7763157894736842,-0.006488592029028911
WC2022,Hernán Ismael Galíndez,Ecuador,True,FREE,SHORT,provider_target_geometry,18,21,0.8571428571428571,0.3333333333333333,1.0,0.7535291905933826,-0.006462870175910934
WC2022,Hernán Ismael Galíndez,Ecuador,True,FREE,VERY_LONG,provider_target_geometry,18,21,0.8571428571428571,0.5,0.3333333333333333,0.6906028817845377,-0.009190938067403724
WC2022,Hugo Lloris,France,False,FREE,LONG,provider_target_geometry,92,114,0.8070175438596491,0.2717391304347826,0.64,0.7762524195640745,-0.0039880032545526
WC2022,Hugo Lloris,France,False,FREE,MEDIUM,provider_target_geometry,92,114,0.8070175438596491,0.22826086956521738,0.8571428571428571,0.8536921815936851,-0.001822101054037826
WC2022,Hugo Lloris,France,False,FREE,SHORT,provider_target_geometry,92,114,0.8070175438596491,0.44565217391304346,0.975609756097561,0.8569127080677378,-0.0037772737103463024
WC2022,Hugo Lloris,France,False,FREE,VERY_LONG,provider_target_geometry,92,114,0.8070175438596491,0.05434782608695652,0.6,0.6536475869809204,-0.0061825387480822416
WC2022,Hugo Lloris,France,False,PRESSURED,LONG,provider_target_geometry,5,11,0.45454545454545453,0.6,0.0,0.6001001001001001,-0.01021259949921432
WC2022,Hugo Lloris,France,False,PRESSURED,MEDIUM,provider_target_geometry,5,11,0.45454545454545453,0.4,1.0,0.6407755581668625,-0.005216549139414085
WC2022,Hugo Lloris,France,True,FREE,LONG,provider_target_geometry,45,56,0.8035714285714286,0.4666666666666667,0.6190476190476191,0.7006487636788651,-0.008621206590760369
WC2022,Hugo Lloris,France,True,FREE,MEDIUM,provider_target_geometry,45,56,0.8035714285714286,0.13333333333333333,1.0,0.7793086512536135,-0.007033874510339302
WC2022,Hugo Lloris,France,True,FREE,SHORT,provider_target_geometry,45,56,0.8035714285714286,0.26666666666666666,1.0,0.7315944354117461,-0.008299599500031748
WC2022,Hugo Lloris,France,True,FREE,VERY_LONG,provider_target_geometry,45,56,0.8035714285714286,0.13333333333333333,0.3333333333333333,0.7268242453576716,-0.008198555279998921
WC2022,Jordan Pickford,England,False,FREE,LONG,provider_target_geometry,104,110,0.9454545454545454,0.14423076923076922,0.6,0.7890858325272935,-0.003717100721969496
WC2022,Jordan Pickford,England,False,FREE,MEDIUM,provider_target_geometry,104,110,0.9454545454545454,0.08653846153846154,1.0,0.8364904388832015,-0.002217854156071206
WC2022,Jordan Pickford,England,False,FREE,SHORT,provider_target_geometry,104,110,0.9454545454545454,0.7019230769230769,1.0,0.8170238535650542,-0.003130277670463141
WC2022,Jordan Pickford,England,False,FREE,VERY_LONG,provider_target_geometry,104,110,0.9454545454545454,0.0673076923076923,0.2857142857142857,0.7855511555954033,-0.003121556245129776
WC2022,Jordan Pickford,England,False,PRESSURED,LONG,provider_target_geometry,13,15,0.8666666666666667,0.5384615384615384,0.5714285714285714,0.6712726427117416,-0.005024093864962233
WC2022,Jordan Pickford,England,False,PRESSURED,MEDIUM,provider_target_geometry,13,15,0.8666666666666667,0.15384615384615385,1.0,0.5605952940385645,-0.006482944149842304
WC2022,Jordan Pickford,England,False,PRESSURED,SHORT,provider_target_geometry,13,15,0.8666666666666667,0.23076923076923078,1.0,0.6001001001001001,-0.00707483242839269
WC2022,Jordan Pickford,England,False,PRESSURED,VERY_LONG,provider_target_geometry,13,15,0.8666666666666667,0.07692307692307693,0.0,0.6228467428960407,-0.00374023342473549
WC2022,Jordan Pickford,England,True,FREE,MEDIUM,provider_target_geometry,35,36,0.9722222222222222,0.05714285714285714,1.0,0.7271260596117036,-0.007823687795711727
WC2022,Jordan Pickford,England,True,FREE,SHORT,provider_target_geometry,35,36,0.9722222222222222,0.4857142857142857,1.0,0.7163297245914437,-0.008575474920928696
WC2022,Jordan Pickford,England,True,FREE,VERY_LONG,provider_target_geometry,35,36,0.9722222222222222,0.45714285714285713,0.625,0.7274133011140037,-0.007508237755471961
WC2022,Kasper Schmeichel,Denmark,False,FREE,LONG,provider_target_geometry,63,65,0.9692307692307692,0.14285714285714285,0.6666666666666666,0.737833367531356,-0.003952208581007582
WC2022,Kasper Schmeichel,Denmark,False,FREE,MEDIUM,provider_target_geometry,63,65,0.9692307692307692,0.19047619047619047,1.0,0.723281379934469,-0.007201243947837832
WC2022,Kasper Schmeichel,Denmark,False,FREE,SHORT,provider_target_geometry,63,65,0.9692307692307692,0.5873015873015873,1.0,0.8756055373363436,-0.0021320432853363714
WC2022,Kasper Schmeichel,Denmark,False,FREE,VERY_LONG,provider_target_geometry,63,65,0.9692307692307692,0.07936507936507936,0.2,0.7422793658181317,-0.005415274279725412
WC2022,Kasper Schmeichel,Denmark,False,PRESSURED,LONG,provider_target_geometry,4,6,0.6666666666666666,0.25,1.0,0.6111111111111112,-0.013445152762081972
WC2022,Kasper Schmeichel,Denmark,False,PRESSURED,MEDIUM,provider_target_geometry,4,6,0.6666666666666666,0.25,1.0,0.6111111111111112,-0.006273865547712386
WC2022,Kasper Schmeichel,Denmark,False,PRESSURED,SHORT,provider_target_geometry,4,6,0.6666666666666666,0.5,1.0,0.6111111111111112,-0.013382111698524355
WC2022,Kasper Schmeichel,Denmark,True,FREE,MEDIUM,provider_target_geometry,12,16,0.75,0.16666666666666666,1.0,0.6825431989366415,-0.010424683117147327
WC2022,Kasper Schmeichel,Denmark,True,FREE,SHORT,provider_target_geometry,12,16,0.75,0.75,1.0,0.750458841798647,-0.008246360332012592
WC2022,Kasper Schmeichel,Denmark,True,FREE,VERY_LONG,provider_target_geometry,12,16,0.75,0.08333333333333333,1.0,0.7288135593220338,-0.008995520703481431
WC2022,Keylor Navas Gamboa,Costa Rica,False,FREE,LONG,provider_target_geometry,44,58,0.7586206896551724,0.18181818181818182,0.375,0.7280168629452861,-0.006757359417762511
WC2022,Keylor Navas Gamboa,Costa Rica,False,FREE,MEDIUM,provider_target_geometry,44,58,0.7586206896551724,0.25,1.0,0.9191822301483433,-0.0017575518287818099
WC2022,Keylor Navas Gamboa,Costa Rica,False,FREE,SHORT,provider_target_geometry,44,58,0.7586206896551724,0.4090909090909091,1.0,0.8997283136449776,-0.0015312372252190164
WC2022,Keylor Navas Gamboa,Costa Rica,False,FREE,VERY_LONG,provider_target_geometry,44,58,0.7586206896551724,0.1590909090909091,0.42857142857142855,0.5809264395705073,-0.008858683409147068
WC2022,Keylor Navas Gamboa,Costa Rica,False,PRESSURED,LONG,provider_target_geometry,6,11,0.5454545454545454,0.3333333333333333,0.5,0.6555555555555556,-0.012322039900862964
WC2022,Keylor Navas Gamboa,Costa Rica,False,PRESSURED,MEDIUM,provider_target_geometry,6,11,0.5454545454545454,0.3333333333333333,1.0,0.7256259204712813,-0.004200025604404427
WC2022,Keylor Navas Gamboa,Costa Rica,False,PRESSURED,SHORT,provider_target_geometry,6,11,0.5454545454545454,0.3333333333333333,1.0,0.6449163449163449,-0.009068477781692692
WC2022,Keylor Navas Gamboa,Costa Rica,True,FREE,LONG,provider_target_geometry,22,32,0.6875,0.45454545454545453,0.8,0.7526953696146605,-0.008321936028028278
WC2022,Keylor Navas Gamboa,Costa Rica,True,FREE,MEDIUM,provider_target_geometry,22,32,0.6875,0.045454545454545456,1.0,0.7704918032786885,-0.007832897134815555
WC2022,Keylor Navas Gamboa,Costa Rica,True,FREE,SHORT,provider_target_geometry,22,32,0.6875,0.3181818181818182,1.0,0.8046041417122538,-0.006468536170174216
WC2022,Keylor Navas Gamboa,Costa Rica,True,FREE,VERY_LONG,provider_target_geometry,22,32,0.6875,0.18181818181818182,0.5,0.7254534083802375,-0.007714257662214166
WC2022,Lawrence Ati-Zigi,Ghana,False,FREE,LONG,provider_target_geometry,39,42,0.9285714285714286,0.4358974358974359,0.4117647058823529,0.7574347156889112,-0.0035776179727031593
WC2022,Lawrence Ati-Zigi,Ghana,False,FREE,MEDIUM,provider_target_geometry,39,42,0.9285714285714286,0.07692307692307693,1.0,0.917828759934023,-0.0008232387359016846
WC2022,Lawrence Ati-Zigi,Ghana,False,FREE,SHORT,provider_target_geometry,39,42,0.9285714285714286,0.4358974358974359,1.0,0.8964130769389441,-0.0016169993001901527
WC2022,Lawrence Ati-Zigi,Ghana,False,FREE,VERY_LONG,provider_target_geometry,39,42,0.9285714285714286,0.05128205128205128,0.5,0.6036585365853658,-0.0057926371266079045
WC2022,Lawrence Ati-Zigi,Ghana,False,PRESSURED,LONG,provider_target_geometry,2,3,0.6666666666666666,0.5,0.0,0.6952380952380952,-0.010133193265570401
WC2022,Lawrence Ati-Zigi,Ghana,False,PRESSURED,SHORT,provider_target_geometry,2,3,0.6666666666666666,0.5,1.0,0.6296296296296297,-0.006729385632665478
WC2022,Lawrence Ati-Zigi,Ghana,True,FREE,LONG,provider_target_geometry,29,31,0.9354838709677419,0.20689655172413793,0.16666666666666666,0.717236664200097,-0.008955039145246741
WC2022,Lawrence Ati-Zigi,Ghana,True,FREE,SHORT,provider_target_geometry,29,31,0.9354838709677419,0.6896551724137931,1.0,0.7762730065457129,-0.0069720836213594374
WC2022,Lawrence Ati-Zigi,Ghana,True,FREE,VERY_LONG,provider_target_geometry,29,31,0.9354838709677419,0.10344827586206896,0.3333333333333333,0.6493526046371575,-0.009561631617957195
WC2022,Manuel Neuer,Germany,False,FREE,LONG,provider_target_geometry,99,102,0.9705882352941176,0.09090909090909091,0.6666666666666666,0.8280729579698652,-0.002354061786149186
WC2022,Manuel Neuer,Germany,False,FREE,MEDIUM,provider_target_geometry,99,102,0.9705882352941176,0.30303030303030304,0.9666666666666667,0.8329068874171158,-0.0038125538698860094
WC2022,Manuel Neuer,Germany,False,FREE,SHORT,provider_target_geometry,99,102,0.9705882352941176,0.6060606060606061,1.0,0.8547816833014601,-0.0028123257531997153
WC2022,Manuel Neuer,Germany,False,PRESSURED,LONG,provider_target_geometry,6,8,0.75,0.5,1.0,0.6056056056056056,-0.007051418616061334
WC2022,Manuel Neuer,Germany,False,PRESSURED,MEDIUM,provider_target_geometry,6,8,0.75,0.3333333333333333,1.0,0.6111111111111112,-0.009494774720923001
WC2022,Manuel Neuer,Germany,False,PRESSURED,SHORT,provider_target_geometry,6,8,0.75,0.16666666666666666,1.0,0.5588335049652687,-0.007413412783895166
WC2022,Manuel Neuer,Germany,True,FREE,LONG,provider_target_geometry,13,13,1.0,0.07692307692307693,1.0,0.7976190476190477,-0.0061421866674841626
WC2022,Manuel Neuer,Germany,True,FREE,MEDIUM,provider_target_geometry,13,13,1.0,0.15384615384615385,1.0,0.7073170731707317,-0.008236557642335007
WC2022,Manuel Neuer,Germany,True,FREE,SHORT,provider_target_geometry,13,13,1.0,0.7692307692307693,1.0,0.7188215781164711,-0.008830554781869481
WC2022,Mathew Ryan,Australia,False,FREE,LONG,provider_target_geometry,94,105,0.8952380952380953,0.3191489361702128,0.7,0.7594847616543826,-0.003995981764702198
WC2022,Mathew Ryan,Australia,False,FREE,MEDIUM,provider_target_geometry,94,105,0.8952380952380953,0.1595744680851064,1.0,0.901018427783663,-0.0019993739446886403
WC2022,Mathew Ryan,Australia,False,FREE,SHORT,provider_target_geometry,94,105,0.8952380952380953,0.425531914893617,1.0,0.8420839236562753,-0.003383100630839385
WC2022,Mathew Ryan,Australia,False,FREE,VERY_LONG,provider_target_geometry,94,105,0.8952380952380953,0.09574468085106383,0.5555555555555556,0.7008521336740956,-0.005230213808039973
WC2022,Mathew Ryan,Australia,False,PRESSURED,LONG,provider_target_geometry,17,20,0.85,0.47058823529411764,0.75,0.6698049587830457,-0.008182840220574942
WC2022,Mathew Ryan,Australia,False,PRESSURED,MEDIUM,provider_target_geometry,17,20,0.85,0.17647058823529413,0.3333333333333333,0.6644352426961123,-0.0045197345120901
WC2022,Mathew Ryan,Australia,False,PRESSURED,SHORT,provider_target_geometry,17,20,0.85,0.35294117647058826,1.0,0.6727916778764237,-0.007714679178414161
WC2022,Mathew Ryan,Australia,True,FREE,LONG,provider_target_geometry,34,37,0.918918918918919,0.20588235294117646,0.8571428571428571,0.7509277062609546,-0.007838108731981847
WC2022,Mathew Ryan,Australia,True,FREE,MEDIUM,provider_target_geometry,34,37,0.918918918918919,0.11764705882352941,1.0,0.7668153428574589,-0.007648302626036002
WC2022,Mathew Ryan,Australia,True,FREE,SHORT,provider_target_geometry,34,37,0.918918918918919,0.35294117647058826,1.0,0.7771707535540492,-0.007272985397724752
WC2022,Mathew Ryan,Australia,True,FREE,VERY_LONG,provider_target_geometry,34,37,0.918918918918919,0.3235294117647059,0.45454545454545453,0.7398368128128404,-0.007632277365912962
WC2022,Matthew Charles Turner,United States,False,FREE,LONG,provider_target_geometry,93,97,0.9587628865979382,0.16129032258064516,0.5333333333333333,0.7214864417579421,-0.005710643356609974
WC2022,Matthew Charles Turner,United States,False,FREE,MEDIUM,provider_target_geometry,93,97,0.9587628865979382,0.13978494623655913,0.9230769230769231,0.8911383298038861,-0.0013495800496091603
WC2022,Matthew Charles Turner,United States,False,FREE,SHORT,provider_target_geometry,93,97,0.9587628865979382,0.6451612903225806,1.0,0.8459453894331089,-0.0027599657194629806
WC2022,Matthew Charles Turner,United States,False,FREE,VERY_LONG,provider_target_geometry,93,97,0.9587628865979382,0.053763440860215055,0.8,0.6644849791160654,-0.0070392756559848335
WC2022,Matthew Charles Turner,United States,False,PRESSURED,LONG,provider_target_geometry,7,8,0.875,0.2857142857142857,1.0,0.6271584084084083,-0.004718557331560186
WC2022,Matthew Charles Turner,United States,False,PRESSURED,MEDIUM,provider_target_geometry,7,8,0.875,0.14285714285714285,1.0,0.6597222222222221,-0.0026478825547809667
WC2022,Matthew Charles Turner,United States,False,PRESSURED,SHORT,provider_target_geometry,7,8,0.875,0.5714285714285714,1.0,0.6218142055098577,-0.007678189230018713
WC2022,Matthew Charles Turner,United States,True,FREE,LONG,provider_target_geometry,16,20,0.8,0.125,0.0,0.7661647675890757,-0.006099373724696764
WC2022,Matthew Charles Turner,United States,True,FREE,MEDIUM,provider_target_geometry,16,20,0.8,0.0625,1.0,0.7976190476190477,-0.0061421866674841626
WC2022,Matthew Charles Turner,United States,True,FREE,SHORT,provider_target_geometry,16,20,0.8,0.4375,1.0,0.7199698418642518,-0.008658341998500378
WC2022,Matthew Charles Turner,United States,True,FREE,VERY_LONG,provider_target_geometry,16,20,0.8,0.375,0.5,0.7061712304238417,-0.008793997183717485
WC2022,Meshaal Aissa Barsham,Qatar,False,FREE,LONG,provider_target_geometry,38,39,0.9743589743589743,0.42105263157894735,0.3125,0.819356550286752,-0.0033574175505930357
WC2022,Meshaal Aissa Barsham,Qatar,False,FREE,MEDIUM,provider_target_geometry,38,39,0.9743589743589743,0.15789473684210525,0.5,0.854438485920684,-0.002440205326156995
WC2022,Meshaal Aissa Barsham,Qatar,False,FREE,SHORT,provider_target_geometry,38,39,0.9743589743589743,0.39473684210526316,1.0,0.890291566256868,-0.0018833848963256538
WC2022,Meshaal Aissa Barsham,Qatar,False,FREE,VERY_LONG,provider_target_geometry,38,39,0.9743589743589743,0.02631578947368421,1.0,0.8125,-0.006147521132064434
WC2022,Meshaal Aissa Barsham,Qatar,False,PRESSURED,LONG,provider_target_geometry,5,5,1.0,0.4,0.5,0.6869565217391305,-0.004001168772090375
WC2022,Meshaal Aissa Barsham,Qatar,False,PRESSURED,MEDIUM,provider_target_geometry,5,5,1.0,0.4,1.0,0.6274740869380251,-0.008984117183128592
WC2022,Meshaal Aissa Barsham,Qatar,False,PRESSURED,SHORT,provider_target_geometry,5,5,1.0,0.2,1.0,0.6869565217391305,-0.0034776381384447478
WC2022,Meshaal Aissa Barsham,Qatar,True,FREE,LONG,provider_target_geometry,19,19,1.0,0.10526315789473684,0.5,0.7988524771047114,-0.006080645895766676
WC2022,Meshaal Aissa Barsham,Qatar,True,FREE,SHORT,provider_target_geometry,19,19,1.0,0.8947368421052632,1.0,0.7781031012162287,-0.005584872869927843
WC2022,Milan Borjan,Canada,False,FREE,LONG,provider_target_geometry,73,75,0.9733333333333334,0.2465753424657534,0.6111111111111112,0.8084443044632275,-0.0038097570711088293
WC2022,Milan Borjan,Canada,False,FREE,MEDIUM,provider_target_geometry,73,75,0.9733333333333334,0.2328767123287671,0.7647058823529411,0.834678898410544,-0.004332073816276637
WC2022,Milan Borjan,Canada,False,FREE,SHORT,provider_target_geometry,73,75,0.9733333333333334,0.5068493150684932,1.0,0.8965955665847329,-0.0013520516598088592
WC2022,Milan Borjan,Canada,False,FREE,VERY_LONG,provider_target_geometry,73,75,0.9733333333333334,0.0136986301369863,0.0,0.47058823529411764,-0.016892887680628802
WC2022,Milan Borjan,Canada,False,PRESSURED,LONG,provider_target_geometry,5,6,0.8333333333333334,0.8,0.25,0.6271584084084083,-0.004380220352158777
WC2022,Milan Borjan,Canada,False,PRESSURED,MEDIUM,provider_target_geometry,5,6,0.8333333333333334,0.2,1.0,0.6597222222222221,-0.0036848270789840492
WC2022,Milan Borjan,Canada,True,FREE,LONG,provider_target_geometry,15,15,1.0,0.13333333333333333,0.5,0.7741421385527167,-0.008910054487654735
WC2022,Milan Borjan,Canada,True,FREE,MEDIUM,provider_target_geometry,15,15,1.0,0.13333333333333333,1.0,0.7078679839633447,-0.01049019893583085
WC2022,Milan Borjan,Canada,True,FREE,SHORT,provider_target_geometry,15,15,1.0,0.6666666666666666,1.0,0.7410640286879315,-0.008240938416006186
WC2022,Milan Borjan,Canada,True,FREE,VERY_LONG,provider_target_geometry,15,15,1.0,0.06666666666666667,1.0,0.7719298245614035,-0.007792783222212463
WC2022,Mohammed Khalil Al Owais,Saudi Arabia,False,FREE,LONG,provider_target_geometry,53,64,0.828125,0.2830188679245283,0.8666666666666667,0.8539005722907888,-0.0005595563013529919
WC2022,Mohammed Khalil Al Owais,Saudi Arabia,False,FREE,MEDIUM,provider_target_geometry,53,64,0.828125,0.1320754716981132,1.0,0.8946861728729149,-0.0016697248690847293
WC2022,Mohammed Khalil Al Owais,Saudi Arabia,False,FREE,SHORT,provider_target_geometry,53,64,0.828125,0.39622641509433965,1.0,0.9236031391251975,-0.00038657452809743383
WC2022,Mohammed Khalil Al Owais,Saudi Arabia,False,FREE,VERY_LONG,provider_target_geometry,53,64,0.828125,0.18867924528301888,0.4,0.7471870785299008,-0.004021724520775299
WC2022,Mohammed Khalil Al Owais,Saudi Arabia,False,PRESSURED,LONG,provider_target_geometry,1,1,1.0,1.0,1.0,0.7288135593220338,-0.004446976173453805
WC2022,Mohammed Khalil Al Owais,Saudi Arabia,True,FREE,LONG,provider_target_geometry,24,29,0.8275862068965517,0.2916666666666667,0.7142857142857143,0.786784628032313,-0.00740407479917876
WC2022,Mohammed Khalil Al Owais,Saudi Arabia,True,FREE,SHORT,provider_target_geometry,24,29,0.8275862068965517,0.3333333333333333,1.0,0.7793539193974766,-0.007889643965523625
WC2022,Mohammed Khalil Al Owais,Saudi Arabia,True,FREE,VERY_LONG,provider_target_geometry,24,29,0.8275862068965517,0.375,0.5555555555555556,0.7535749671822747,-0.007971049550088337
WC2022,Munir Mohand Mohamedi,Morocco,False,FREE,LONG,provider_target_geometry,13,14,0.9285714285714286,0.23076923076923078,0.6666666666666666,0.7176217379607209,-0.009547233920307934
WC2022,Munir Mohand Mohamedi,Morocco,False,FREE,MEDIUM,provider_target_geometry,13,14,0.9285714285714286,0.38461538461538464,0.8,0.8739893211289091,-0.0031047217628756363
WC2022,Munir Mohand Mohamedi,Morocco,False,FREE,SHORT,provider_target_geometry,13,14,0.9285714285714286,0.38461538461538464,1.0,0.8601486767766874,-0.004392578622488557
WC2022,Munir Mohand Mohamedi,Morocco,True,FREE,SHORT,provider_target_geometry,11,13,0.8461538461538461,0.5454545454545454,1.0,0.7683034040517653,-0.008280157325987409
WC2022,Munir Mohand Mohamedi,Morocco,True,FREE,VERY_LONG,provider_target_geometry,11,13,0.8461538461538461,0.45454545454545453,0.2,0.6952380952380952,-0.01042091876457849
WC2022,Saad Abdullah Al Sheeb,Qatar,False,FREE,MEDIUM,provider_target_geometry,13,15,0.8666666666666667,0.23076923076923078,1.0,0.7689664287602431,-0.00353919170101322
WC2022,Saad Abdullah Al Sheeb,Qatar,False,FREE,SHORT,provider_target_geometry,13,15,0.8666666666666667,0.6923076923076923,1.0,0.8779745645725027,-0.001586978638339586
WC2022,Saad Abdullah Al Sheeb,Qatar,False,FREE,VERY_LONG,provider_target_geometry,13,15,0.8666666666666667,0.07692307692307693,1.0,0.7560137457044673,-0.005213217779702585
WC2022,Saad Abdullah Al Sheeb,Qatar,False,PRESSURED,LONG,provider_target_geometry,1,1,1.0,1.0,0.0,0.5945945945945945,-0.004263105214403193
WC2022,Saad Abdullah Al Sheeb,Qatar,True,FREE,MEDIUM,provider_target_geometry,5,5,1.0,0.2,1.0,0.7560137457044673,-0.0082045924057614
WC2022,Saad Abdullah Al Sheeb,Qatar,True,FREE,SHORT,provider_target_geometry,5,5,1.0,0.8,1.0,0.7560137457044673,-0.008636146930076341
WC2022,Sergio Rochet Álvarez,Uruguay,False,FREE,LONG,provider_target_geometry,36,47,0.7659574468085106,0.3055555555555556,0.5454545454545454,0.6920844855627464,-0.0063091525104385406
WC2022,Sergio Rochet Álvarez,Uruguay,False,FREE,MEDIUM,provider_target_geometry,36,47,0.7659574468085106,0.16666666666666666,1.0,0.7693135721596821,-0.005686150574061854
WC2022,Sergio Rochet Álvarez,Uruguay,False,FREE,SHORT,provider_target_geometry,36,47,0.7659574468085106,0.4722222222222222,1.0,0.8435214474805941,-0.0033163672324817667
WC2022,Sergio Rochet Álvarez,Uruguay,False,FREE,VERY_LONG,provider_target_geometry,36,47,0.7659574468085106,0.05555555555555555,0.5,0.7367424242424243,-0.00328433421913474
WC2022,Sergio Rochet Álvarez,Uruguay,False,PRESSURED,SHORT,provider_target_geometry,3,4,0.75,1.0,1.0,0.5902777777777778,-0.009725289813127
WC2022,Sergio Rochet Álvarez,Uruguay,True,FREE,LONG,provider_target_geometry,22,25,0.88,0.13636363636363635,1.0,0.6593834688346883,-0.00991518423752302
WC2022,Sergio Rochet Álvarez,Uruguay,True,FREE,MEDIUM,provider_target_geometry,22,25,0.88,0.13636363636363635,1.0,0.7480877616747182,-0.008295423685132886
WC2022,Sergio Rochet Álvarez,Uruguay,True,FREE,SHORT,provider_target_geometry,22,25,0.88,0.5909090909090909,1.0,0.7333103847110561,-0.008349820052546825
WC2022,Sergio Rochet Álvarez,Uruguay,True,FREE,VERY_LONG,provider_target_geometry,22,25,0.88,0.13636363636363635,1.0,0.7380568974771874,-0.007692802874928553
WC2022,Seung-Gyu Kim,South Korea,False,FREE,LONG,provider_target_geometry,87,91,0.9560439560439561,0.1839080459770115,0.6875,0.7562381355890762,-0.005302395652011867
WC2022,Seung-Gyu Kim,South Korea,False,FREE,MEDIUM,provider_target_geometry,87,91,0.9560439560439561,0.1839080459770115,0.875,0.8213198284939578,-0.0035312869796708885
WC2022,Seung-Gyu Kim,South Korea,False,FREE,SHORT,provider_target_geometry,87,91,0.9560439560439561,0.5632183908045977,0.9795918367346939,0.8740581000348557,-0.0014219095830769403
WC2022,Seung-Gyu Kim,South Korea,False,FREE,VERY_LONG,provider_target_geometry,87,91,0.9560439560439561,0.06896551724137931,0.16666666666666666,0.7672615917313873,-0.00512155115658329
WC2022,Seung-Gyu Kim,South Korea,False,PRESSURED,LONG,provider_target_geometry,7,7,1.0,0.14285714285714285,1.0,0.6111111111111112,-0.006273865547712386
WC2022,Seung-Gyu Kim,South Korea,False,PRESSURED,MEDIUM,provider_target_geometry,7,7,1.0,0.2857142857142857,1.0,0.6028528528528528,-0.006243677364227856
WC2022,Seung-Gyu Kim,South Korea,False,PRESSURED,SHORT,provider_target_geometry,7,7,1.0,0.5714285714285714,0.75,0.6028528528528528,-0.00823304479409754
WC2022,Seung-Gyu Kim,South Korea,True,FREE,MEDIUM,provider_target_geometry,20,28,0.7142857142857143,0.15,1.0,0.8123856316791099,-0.0068590458092005315
WC2022,Seung-Gyu Kim,South Korea,True,FREE,SHORT,provider_target_geometry,20,28,0.7142857142857143,0.65,1.0,0.7860479505909296,-0.007266765686165675
WC2022,Seung-Gyu Kim,South Korea,True,FREE,VERY_LONG,provider_target_geometry,20,28,0.7142857142857143,0.2,0.5,0.7435663506547653,-0.007502834817098784
WC2022,Seyed Hossein Hosseini,Iran,False,FREE,LONG,provider_target_geometry,25,34,0.7352941176470589,0.28,0.42857142857142855,0.8452679317340971,-0.001697659785524233
WC2022,Seyed Hossein Hosseini,Iran,False,FREE,MEDIUM,provider_target_geometry,25,34,0.7352941176470589,0.28,1.0,0.9757727652464495,0.00016222059399773956
WC2022,Seyed Hossein Hosseini,Iran,False,FREE,SHORT,provider_target_geometry,25,34,0.7352941176470589,0.4,1.0,0.9583895636527215,-0.0004533573519481299
WC2022,Seyed Hossein Hosseini,Iran,False,FREE,VERY_LONG,provider_target_geometry,25,34,0.7352941176470589,0.04,0.0,0.8304093567251462,-0.003708898059223755
WC2022,Seyed Hossein Hosseini,Iran,False,PRESSURED,LONG,provider_target_geometry,2,3,0.6666666666666666,0.5,1.0,0.6111111111111112,-0.013445152762081972
WC2022,Seyed Hossein Hosseini,Iran,False,PRESSURED,MEDIUM,provider_target_geometry,2,3,0.6666666666666666,0.5,0.0,0.6111111111111112,-0.013445152762081972
WC2022,Seyed Hossein Hosseini,Iran,True,FREE,LONG,provider_target_geometry,5,11,0.45454545454545453,0.8,0.0,0.8058166248955724,-0.006112277838346786
WC2022,Seyed Hossein Hosseini,Iran,True,FREE,VERY_LONG,provider_target_geometry,5,11,0.45454545454545453,0.2,1.0,0.8304093567251462,-0.005427875890254796
WC2022,Shūichi Gonda,Japan,False,FREE,LONG,provider_target_geometry,71,77,0.922077922077922,0.2535211267605634,0.4444444444444444,0.7139373088408655,-0.005170390355763299
WC2022,Shūichi Gonda,Japan,False,FREE,MEDIUM,provider_target_geometry,71,77,0.922077922077922,0.056338028169014086,1.0,0.8627060074428494,-0.0024217994029502015
WC2022,Shūichi Gonda,Japan,False,FREE,SHORT,provider_target_geometry,71,77,0.922077922077922,0.5492957746478874,1.0,0.864292319039848,-0.0027872316731396797
WC2022,Shūichi Gonda,Japan,False,FREE,VERY_LONG,provider_target_geometry,71,77,0.922077922077922,0.14084507042253522,0.5,0.7009186561999929,-0.006615832646846305
WC2022,Shūichi Gonda,Japan,False,PRESSURED,LONG,provider_target_geometry,8,8,1.0,0.375,0.3333333333333333,0.6869565217391305,-0.0027943278989240434
WC2022,Shūichi Gonda,Japan,False,PRESSURED,MEDIUM,provider_target_geometry,8,8,1.0,0.25,1.0,0.6733393719806763,-0.00910663511730221
WC2022,Shūichi Gonda,Japan,False,PRESSURED,SHORT,provider_target_geometry,8,8,1.0,0.375,1.0,0.6806389463998159,-0.004707974815277255
WC2022,Shūichi Gonda,Japan,True,FREE,LONG,provider_target_geometry,22,26,0.8461538461538461,0.45454545454545453,0.3,0.7325320393203557,-0.006763041452493015
WC2022,Shūichi Gonda,Japan,True,FREE,SHORT,provider_target_geometry,22,26,0.8461538461538461,0.4090909090909091,1.0,0.7550911582011737,-0.0076092004034993875
WC2022,Shūichi Gonda,Japan,True,FREE,VERY_LONG,provider_target_geometry,22,26,0.8461538461538461,0.13636363636363635,0.6666666666666666,0.6435185185185185,-0.01023586526414398
WC2022,Steve Mandanda,France,False,FREE,LONG,provider_target_geometry,13,20,0.65,0.07692307692307693,0.0,0.7763157894736842,-0.005574057025654215
WC2022,Steve Mandanda,France,False,FREE,MEDIUM,provider_target_geometry,13,20,0.65,0.15384615384615385,1.0,0.7718056934789805,-0.005382502853563552
WC2022,Steve Mandanda,France,False,FREE,SHORT,provider_target_geometry,13,20,0.65,0.7692307692307693,1.0,0.9134436396206944,-0.0010261464128691758
WC2022,Steve Mandanda,France,True,FREE,SHORT,provider_target_geometry,7,9,0.7777777777777778,0.8571428571428571,1.0,0.759919212853024,-0.004840395378117025
WC2022,Steve Mandanda,France,True,FREE,VERY_LONG,provider_target_geometry,7,9,0.7777777777777778,0.14285714285714285,0.0,0.7672955974842768,-0.00423098498017601
WC2022,Thibaut Courtois,Belgium,False,FREE,LONG,provider_target_geometry,72,77,0.935064935064935,0.08333333333333333,0.8333333333333334,0.8222109063070162,-0.0025089387149532278
WC2022,Thibaut Courtois,Belgium,False,FREE,MEDIUM,provider_target_geometry,72,77,0.935064935064935,0.125,1.0,0.850410481057146,-0.0041187744964834554
WC2022,Thibaut Courtois,Belgium,False,FREE,SHORT,provider_target_geometry,72,77,0.935064935064935,0.7777777777777778,1.0,0.8604903423416326,-0.0030433527353040226
WC2022,Thibaut Courtois,Belgium,False,FREE,VERY_LONG,provider_target_geometry,72,77,0.935064935064935,0.013888888888888888,1.0,0.7922705314009661,-0.004691565968676576
WC2022,Thibaut Courtois,Belgium,False,PRESSURED,LONG,provider_target_geometry,8,9,0.8888888888888888,0.5,0.75,0.6742063492063491,-0.004135421907102466
WC2022,Thibaut Courtois,Belgium,False,PRESSURED,MEDIUM,provider_target_geometry,8,9,0.8888888888888888,0.375,1.0,0.6553571428571429,-0.0038390543787555527
WC2022,Thibaut Courtois,Belgium,False,PRESSURED,SHORT,provider_target_geometry,8,9,0.8888888888888888,0.125,1.0,0.6296296296296297,-0.0035907471475025445
WC2022,Thibaut Courtois,Belgium,True,FREE,LONG,provider_target_geometry,33,36,0.9166666666666666,0.030303030303030304,1.0,0.796642705640733,-0.0054866480647100795
WC2022,Thibaut Courtois,Belgium,True,FREE,MEDIUM,provider_target_geometry,33,36,0.9166666666666666,0.3333333333333333,1.0,0.775964594990889,-0.0075949293291109115
WC2022,Thibaut Courtois,Belgium,True,FREE,SHORT,provider_target_geometry,33,36,0.9166666666666666,0.5151515151515151,1.0,0.7708989370810293,-0.006689962274293118
WC2022,Thibaut Courtois,Belgium,True,FREE,VERY_LONG,provider_target_geometry,33,36,0.9166666666666666,0.12121212121212122,0.75,0.7259963768115942,-0.007497483339125922
WC2022,Unai Simón Mendibil,Spain,False,FREE,LONG,provider_target_geometry,106,111,0.954954954954955,0.018867924528301886,1.0,0.729115479115479,-0.0032143644037340305
WC2022,Unai Simón Mendibil,Spain,False,FREE,MEDIUM,provider_target_geometry,106,111,0.954954954954955,0.1792452830188679,0.9473684210526315,0.7493404744762315,-0.005229612257486399
WC2022,Unai Simón Mendibil,Spain,False,FREE,SHORT,provider_target_geometry,106,111,0.954954954954955,0.8018867924528302,0.9882352941176471,0.7888966082276787,-0.004497144292228965
WC2022,Unai Simón Mendibil,Spain,False,PRESSURED,LONG,provider_target_geometry,24,25,0.96,0.125,1.0,0.5945945945945945,-0.006899886458017819
WC2022,Unai Simón Mendibil,Spain,False,PRESSURED,MEDIUM,provider_target_geometry,24,25,0.96,0.20833333333333334,0.8,0.6459850314231756,-0.006706518329229175
WC2022,Unai Simón Mendibil,Spain,False,PRESSURED,SHORT,provider_target_geometry,24,25,0.96,0.6666666666666666,1.0,0.6130962435649935,-0.0061758032514026735
WC2022,Unai Simón Mendibil,Spain,True,FREE,LONG,provider_target_geometry,22,22,1.0,0.09090909090909091,1.0,0.7288135593220338,-0.008995520703481431
WC2022,Unai Simón Mendibil,Spain,True,FREE,MEDIUM,provider_target_geometry,22,22,1.0,0.13636363636363635,1.0,0.7734047005556123,-0.008774696574430198
WC2022,Unai Simón Mendibil,Spain,True,FREE,SHORT,provider_target_geometry,22,22,1.0,0.7727272727272727,1.0,0.7396792369069046,-0.0091293710599929
WC2022,Vanja Milinković Savić,Serbia,False,FREE,LONG,provider_target_geometry,89,93,0.956989247311828,0.19101123595505617,0.5294117647058824,0.7861566068991865,-0.00520041486761794
WC2022,Vanja Milinković Savić,Serbia,False,FREE,MEDIUM,provider_target_geometry,89,93,0.956989247311828,0.11235955056179775,0.9,0.8361767426285823,-0.002889895489024112
WC2022,Vanja Milinković Savić,Serbia,False,FREE,SHORT,provider_target_geometry,89,93,0.956989247311828,0.6292134831460674,1.0,0.8486371370452142,-0.0022383152248844967
WC2022,Vanja Milinković Savić,Serbia,False,FREE,VERY_LONG,provider_target_geometry,89,93,0.956989247311828,0.06741573033707865,0.6666666666666666,0.7315169826268605,-0.005951728809651569
WC2022,Vanja Milinković Savić,Serbia,False,PRESSURED,LONG,provider_target_geometry,10,12,0.8333333333333334,0.6,0.6666666666666666,0.6253819036427731,-0.007806206745341865
WC2022,Vanja Milinković Savić,Serbia,False,PRESSURED,SHORT,provider_target_geometry,10,12,0.8333333333333334,0.3,1.0,0.5945945945945945,-0.005406220023089647
WC2022,Vanja Milinković Savić,Serbia,False,PRESSURED,VERY_LONG,provider_target_geometry,10,12,0.8333333333333334,0.1,1.0,0.5945945945945945,-0.005779605137805311
WC2022,Vanja Milinković Savić,Serbia,True,FREE,LONG,provider_target_geometry,19,21,0.9047619047619048,0.10526315789473684,0.5,0.7672955974842768,-0.005482200440727283
WC2022,Vanja Milinković Savić,Serbia,True,FREE,SHORT,provider_target_geometry,19,21,0.9047619047619048,0.2631578947368421,1.0,0.7237299154824928,-0.00953779689917338
WC2022,Vanja Milinković Savić,Serbia,True,FREE,VERY_LONG,provider_target_geometry,19,21,0.9047619047619048,0.631578947368421,0.5,0.7538311226514255,-0.007424452656001809
WC2022,Wayne Hennessey,Wales,False,FREE,LONG,provider_target_geometry,43,48,0.8958333333333334,0.13953488372093023,0.8333333333333334,0.7852718301171909,-0.003584907461774015
WC2022,Wayne Hennessey,Wales,False,FREE,MEDIUM,provider_target_geometry,43,48,0.8958333333333334,0.20930232558139536,0.8888888888888888,0.8796528357931866,-0.0021231566543077184
WC2022,Wayne Hennessey,Wales,False,FREE,SHORT,provider_target_geometry,43,48,0.8958333333333334,0.5813953488372093,1.0,0.9050129773420992,-0.0021936938192053837
WC2022,Wayne Hennessey,Wales,False,FREE,VERY_LONG,provider_target_geometry,43,48,0.8958333333333334,0.06976744186046512,0.6666666666666666,0.7832056816796268,-0.0041607570622718875
WC2022,Wayne Hennessey,Wales,False,PRESSURED,MEDIUM,provider_target_geometry,1,1,1.0,1.0,0.0,0.5945945945945945,-0.004660009751189026
WC2022,Wayne Hennessey,Wales,True,FREE,LONG,provider_target_geometry,15,16,0.9375,0.13333333333333333,1.0,0.7560137457044673,-0.0082045924057614
WC2022,Wayne Hennessey,Wales,True,FREE,MEDIUM,provider_target_geometry,15,16,0.9375,0.06666666666666667,1.0,0.7560137457044673,-0.0082045924057614
WC2022,Wayne Hennessey,Wales,True,FREE,SHORT,provider_target_geometry,15,16,0.9375,0.4666666666666667,1.0,0.782778562456042,-0.0073562193360683665
WC2022,Wayne Hennessey,Wales,True,FREE,VERY_LONG,provider_target_geometry,15,16,0.9375,0.3333333333333333,0.6,0.729566175442464,-0.008728851448708653
WC2022,Weverton Pereira da Silva,Brazil,False,FREE,LONG,provider_target_geometry,3,3,1.0,0.3333333333333333,1.0,0.5945945945945945,-0.020424179302861577
WC2022,Weverton Pereira da Silva,Brazil,False,FREE,MEDIUM,provider_target_geometry,3,3,1.0,0.3333333333333333,1.0,0.5945945945945945,-0.009878256262337105
WC2022,Weverton Pereira da Silva,Brazil,False,FREE,VERY_LONG,provider_target_geometry,3,3,1.0,0.3333333333333333,1.0,0.5945945945945945,-0.012087317644761399
WC2022,Weverton Pereira da Silva,Brazil,True,FREE,LONG,provider_target_geometry,2,2,1.0,0.5,1.0,0.5945945945945945,-0.01334363581151969
WC2022,Weverton Pereira da Silva,Brazil,True,FREE,VERY_LONG,provider_target_geometry,2,2,1.0,0.5,0.0,0.5945945945945945,-0.01334363581151969
WC2022,Wojciech Szczęsny,Poland,False,FREE,LONG,provider_target_geometry,92,104,0.8846153846153846,0.5434782608695652,0.66,0.7643626587460624,-0.004407615704461479
WC2022,Wojciech Szczęsny,Poland,False,FREE,MEDIUM,provider_target_geometry,92,104,0.8846153846153846,0.06521739130434782,0.8333333333333334,0.92563123343683,0.0004539606325294915
WC2022,Wojciech Szczęsny,Poland,False,FREE,SHORT,provider_target_geometry,92,104,0.8846153846153846,0.34782608695652173,1.0,0.8447419602848012,-0.003635284257968766
WC2022,Wojciech Szczęsny,Poland,False,FREE,VERY_LONG,provider_target_geometry,92,104,0.8846153846153846,0.043478260869565216,0.25,0.7258009378502264,-0.0047157376817861234
WC2022,Wojciech Szczęsny,Poland,False,PRESSURED,LONG,provider_target_geometry,4,4,1.0,0.5,0.0,0.6733393719806763,-0.004200916749648947
WC2022,Wojciech Szczęsny,Poland,False,PRESSURED,MEDIUM,provider_target_geometry,4,4,1.0,0.25,1.0,0.6869565217391305,-0.013815181425773856
WC2022,Wojciech Szczęsny,Poland,False,PRESSURED,SHORT,provider_target_geometry,4,4,1.0,0.25,1.0,0.6952380952380952,-0.010133193265570401
WC2022,Wojciech Szczęsny,Poland,True,FREE,LONG,provider_target_geometry,33,37,0.8918918918918919,0.2727272727272727,0.5555555555555556,0.7477799776937206,-0.008034270636215417
WC2022,Wojciech Szczęsny,Poland,True,FREE,MEDIUM,provider_target_geometry,33,37,0.8918918918918919,0.030303030303030304,1.0,0.6952380952380952,-0.009932115486924771
WC2022,Wojciech Szczęsny,Poland,True,FREE,SHORT,provider_target_geometry,33,37,0.8918918918918919,0.2727272727272727,1.0,0.7443738975767692,-0.00890376591470516
WC2022,Wojciech Szczęsny,Poland,True,FREE,VERY_LONG,provider_target_geometry,33,37,0.8918918918918919,0.42424242424242425,0.6428571428571429,0.7441442277453023,-0.00758380145214406
WC2022,Yann Sommer,Switzerland,False,FREE,LONG,provider_target_geometry,81,85,0.9529411764705882,0.08641975308641975,0.7142857142857143,0.7719161512004726,-0.005027764132642907
WC2022,Yann Sommer,Switzerland,False,FREE,MEDIUM,provider_target_geometry,81,85,0.9529411764705882,0.16049382716049382,1.0,0.8861794370679426,-0.001655486446316724
WC2022,Yann Sommer,Switzerland,False,FREE,SHORT,provider_target_geometry,81,85,0.9529411764705882,0.7530864197530864,1.0,0.8400572557047081,-0.0030099417945380342
WC2022,Yann Sommer,Switzerland,False,PRESSURED,LONG,provider_target_geometry,12,12,1.0,0.25,0.3333333333333333,0.6778784219001611,-0.0032704925174228024
WC2022,Yann Sommer,Switzerland,False,PRESSURED,MEDIUM,provider_target_geometry,12,12,1.0,0.25,1.0,0.6688003220611916,-0.003754850658118208
WC2022,Yann Sommer,Switzerland,False,PRESSURED,SHORT,provider_target_geometry,12,12,1.0,0.5,1.0,0.6688003220611917,-0.00614312601520724
WC2022,Yann Sommer,Switzerland,True,FREE,LONG,provider_target_geometry,19,19,1.0,0.05263157894736842,1.0,0.7672955974842768,-0.00423098498017601
WC2022,Yann Sommer,Switzerland,True,FREE,MEDIUM,provider_target_geometry,19,19,1.0,0.21052631578947367,1.0,0.7425000689617125,-0.0063139788820201085
WC2022,Yann Sommer,Switzerland,True,FREE,SHORT,provider_target_geometry,19,19,1.0,0.7368421052631579,1.0,0.7478970147202845,-0.006016198193589748
WC2022,Yassine Bounou,Morocco,False,FREE,LONG,provider_target_geometry,109,127,0.8582677165354331,0.13761467889908258,0.7333333333333333,0.7864252670674383,-0.0042386838415030955
WC2022,Yassine Bounou,Morocco,False,FREE,MEDIUM,provider_target_geometry,109,127,0.8582677165354331,0.1559633027522936,0.9411764705882353,0.8549790737232074,-0.0031578984455190723
WC2022,Yassine Bounou,Morocco,False,FREE,SHORT,provider_target_geometry,109,127,0.8582677165354331,0.6605504587155964,1.0,0.8351581557709893,-0.0028808255458583885
WC2022,Yassine Bounou,Morocco,False,FREE,VERY_LONG,provider_target_geometry,109,127,0.8582677165354331,0.045871559633027525,0.6,0.6468061053575219,-0.005279162483792789
WC2022,Yassine Bounou,Morocco,False,PRESSURED,LONG,provider_target_geometry,20,25,0.8,0.25,0.6,0.654980694980695,-0.006871242783327953
WC2022,Yassine Bounou,Morocco,False,PRESSURED,MEDIUM,provider_target_geometry,20,25,0.8,0.3,1.0,0.6401401443553248,-0.004373718918414148
WC2022,Yassine Bounou,Morocco,False,PRESSURED,SHORT,provider_target_geometry,20,25,0.8,0.4,0.875,0.6404768607893607,-0.006185642753346191
WC2022,Yassine Bounou,Morocco,False,PRESSURED,VERY_LONG,provider_target_geometry,20,25,0.8,0.05,1.0,0.6952380952380952,-0.010005838998926944
WC2022,Yassine Bounou,Morocco,True,FREE,LONG,provider_target_geometry,43,56,0.7678571428571429,0.3023255813953488,0.7692307692307693,0.7493577880955571,-0.008059438892675698
WC2022,Yassine Bounou,Morocco,True,FREE,MEDIUM,provider_target_geometry,43,56,0.7678571428571429,0.09302325581395349,1.0,0.7616546715943721,-0.006685913249692187
WC2022,Yassine Bounou,Morocco,True,FREE,SHORT,provider_target_geometry,43,56,0.7678571428571429,0.4186046511627907,1.0,0.7662129943489739,-0.007052688360745098
WC2022,Yassine Bounou,Morocco,True,FREE,VERY_LONG,provider_target_geometry,43,56,0.7678571428571429,0.18604651162790697,1.0,0.7780644220547012,-0.0073440131529722286
WSL2021,Alexandra MacIver,Everton LFC,False,FREE,LONG,provider_target_geometry,598,640,0.934375,0.13879598662207357,0.6265060240963856,0.7978535125191248,-0.004099850612689017
WSL2021,Alexandra MacIver,Everton LFC,False,FREE,MEDIUM,provider_target_geometry,598,640,0.934375,0.13043478260869565,0.8461538461538461,0.8542178637149521,-0.0026707238928676677
WSL2021,Alexandra MacIver,Everton LFC,False,FREE,SHORT,provider_target_geometry,598,640,0.934375,0.7040133779264214,0.9904988123515439,0.8740770071803119,-0.0018776770707493568
WSL2021,Alexandra MacIver,Everton LFC,False,FREE,VERY_LONG,provider_target_geometry,598,640,0.934375,0.026755852842809364,0.5,0.7907757663943049,-0.003018770225946087
WSL2021,Alexandra MacIver,Everton LFC,False,PRESSURED,LONG,provider_target_geometry,32,44,0.7272727272727273,0.40625,0.6923076923076923,0.6292610606882599,-0.007639122981998566
WSL2021,Alexandra MacIver,Everton LFC,False,PRESSURED,MEDIUM,provider_target_geometry,32,44,0.7272727272727273,0.34375,0.5454545454545454,0.5526279774953949,-0.008365058827019416
WSL2021,Alexandra MacIver,Everton LFC,False,PRESSURED,SHORT,provider_target_geometry,32,44,0.7272727272727273,0.21875,1.0,0.699068882044217,-0.007377985551782147
WSL2021,Alexandra MacIver,Everton LFC,False,PRESSURED,VERY_LONG,provider_target_geometry,32,44,0.7272727272727273,0.03125,0.0,0.6907216494845362,-0.01330627216851347
WSL2021,Alexandra MacIver,Everton LFC,True,FREE,LONG,provider_target_geometry,130,143,0.9090909090909091,0.2230769230769231,0.5862068965517241,0.7222688584841775,-0.0016007449073973706
WSL2021,Alexandra MacIver,Everton LFC,True,FREE,MEDIUM,provider_target_geometry,130,143,0.9090909090909091,0.03076923076923077,1.0,0.7813915631440482,-0.0009987167521662039
WSL2021,Alexandra MacIver,Everton LFC,True,FREE,SHORT,provider_target_geometry,130,143,0.9090909090909091,0.7307692307692307,1.0,0.7443078408501571,-0.0015600638053841394
WSL2021,Alexandra MacIver,Everton LFC,True,FREE,VERY_LONG,provider_target_geometry,130,143,0.9090909090909091,0.015384615384615385,0.5,0.6828608247422681,-0.003385735335155779
WSL2021,Ann-Katrin Berger,Chelsea FCW,False,FREE,LONG,provider_target_geometry,462,476,0.9705882352941176,0.15800865800865802,0.6575342465753424,0.7619721585918279,-0.004033889556143946
WSL2021,Ann-Katrin Berger,Chelsea FCW,False,FREE,MEDIUM,provider_target_geometry,462,476,0.9705882352941176,0.25757575757575757,0.8319327731092437,0.8442400646855319,-0.002216095725701084
WSL2021,Ann-Katrin Berger,Chelsea FCW,False,FREE,SHORT,provider_target_geometry,462,476,0.9705882352941176,0.5627705627705628,0.9923076923076923,0.8900541687007733,-0.0013595595149848358
WSL2021,Ann-Katrin Berger,Chelsea FCW,False,FREE,VERY_LONG,provider_target_geometry,462,476,0.9705882352941176,0.021645021645021644,0.7,0.6776672674929363,-0.0051048337135925865
WSL2021,Ann-Katrin Berger,Chelsea FCW,False,PRESSURED,LONG,provider_target_geometry,49,57,0.8596491228070176,0.3469387755102041,0.23529411764705882,0.5906120228366151,-0.007992423963475664
WSL2021,Ann-Katrin Berger,Chelsea FCW,False,PRESSURED,MEDIUM,provider_target_geometry,49,57,0.8596491228070176,0.2653061224489796,0.46153846153846156,0.6131049595989375,-0.008716954747887064
WSL2021,Ann-Katrin Berger,Chelsea FCW,False,PRESSURED,SHORT,provider_target_geometry,49,57,0.8596491228070176,0.3877551020408163,0.9473684210526315,0.657924443288919,-0.006606255870215129
WSL2021,Ann-Katrin Berger,Chelsea FCW,True,FREE,LONG,provider_target_geometry,92,96,0.9583333333333334,0.2391304347826087,0.6818181818181818,0.7360784493542449,-0.0016851901500528595
WSL2021,Ann-Katrin Berger,Chelsea FCW,True,FREE,MEDIUM,provider_target_geometry,92,96,0.9583333333333334,0.17391304347826086,1.0,0.7652233967366102,-0.0006158803808773888
WSL2021,Ann-Katrin Berger,Chelsea FCW,True,FREE,SHORT,provider_target_geometry,92,96,0.9583333333333334,0.5760869565217391,1.0,0.78961782014796,-0.0003509315094786907
WSL2021,Ann-Katrin Berger,Chelsea FCW,True,FREE,VERY_LONG,provider_target_geometry,92,96,0.9583333333333334,0.010869565217391304,0.0,0.7841726618705036,-0.0008238707103799744
WSL2021,Aurora Watten Mikalsen,Tottenham Hotspur Women,False,FREE,LONG,provider_target_geometry,106,110,0.9636363636363636,0.1792452830188679,0.5263157894736842,0.7632576320476886,-0.004343554115141702
WSL2021,Aurora Watten Mikalsen,Tottenham Hotspur Women,False,FREE,MEDIUM,provider_target_geometry,106,110,0.9636363636363636,0.27358490566037735,0.7241379310344828,0.8674491013931287,-0.0026278216115688756
WSL2021,Aurora Watten Mikalsen,Tottenham Hotspur Women,False,FREE,SHORT,provider_target_geometry,106,110,0.9636363636363636,0.5283018867924528,1.0,0.916919539694015,-0.002018188070693252
WSL2021,Aurora Watten Mikalsen,Tottenham Hotspur Women,False,FREE,VERY_LONG,provider_target_geometry,106,110,0.9636363636363636,0.018867924528301886,1.0,0.4187270501835985,-0.012365827715476398
WSL2021,Aurora Watten Mikalsen,Tottenham Hotspur Women,False,PRESSURED,LONG,provider_target_geometry,7,8,0.875,0.42857142857142855,0.3333333333333333,0.6923020716846278,-0.008456419573026437
WSL2021,Aurora Watten Mikalsen,Tottenham Hotspur Women,False,PRESSURED,MEDIUM,provider_target_geometry,7,8,0.875,0.2857142857142857,0.5,0.7149410222804718,-0.007473241597256488
WSL2021,Aurora Watten Mikalsen,Tottenham Hotspur Women,False,PRESSURED,SHORT,provider_target_geometry,7,8,0.875,0.2857142857142857,1.0,0.8062654354128638,-0.0063611723578962855
WSL2021,Aurora Watten Mikalsen,Tottenham Hotspur Women,True,FREE,LONG,provider_target_geometry,54,56,0.9642857142857143,0.2222222222222222,0.5833333333333334,0.8262413773836904,-0.0007728451638911736
WSL2021,Aurora Watten Mikalsen,Tottenham Hotspur Women,True,FREE,MEDIUM,provider_target_geometry,54,56,0.9642857142857143,0.24074074074074073,0.7692307692307693,0.816407744796983,-0.0011789543784606813
WSL2021,Aurora Watten Mikalsen,Tottenham Hotspur Women,True,FREE,SHORT,provider_target_geometry,54,56,0.9642857142857143,0.5370370370370371,1.0,0.79682264577722,-0.0012080167180748807
WSL2021,Benedicte Håland,Bristol City WFC,False,FREE,MEDIUM,provider_target_geometry,21,24,0.875,0.14285714285714285,1.0,0.8810676347989781,-0.0033795373604707264
WSL2021,Benedicte Håland,Bristol City WFC,False,FREE,SHORT,provider_target_geometry,21,24,0.875,0.8571428571428571,1.0,0.8017483789036217,-0.003020841513722463
WSL2021,Benedicte Håland,Bristol City WFC,False,PRESSURED,LONG,provider_target_geometry,3,3,1.0,0.3333333333333333,0.0,0.7841726618705036,-0.0076310043587571545
WSL2021,Benedicte Håland,Bristol City WFC,False,PRESSURED,MEDIUM,provider_target_geometry,3,3,1.0,0.6666666666666666,0.5,0.4804878048780488,-0.011983236816835564
WSL2021,Benedicte Håland,Bristol City WFC,True,FREE,LONG,provider_target_geometry,8,10,0.8,0.125,0.0,0.7841726618705036,0.0007716110295993609
WSL2021,Benedicte Håland,Bristol City WFC,True,FREE,MEDIUM,provider_target_geometry,8,10,0.8,0.25,1.0,0.6725741358133006,-0.0022141287620755885
WSL2021,Benedicte Håland,Bristol City WFC,True,FREE,SHORT,provider_target_geometry,8,10,0.8,0.625,1.0,0.7215114061501378,-0.0025456336275097606
WSL2021,Carly Mitchell Telford,Chelsea FCW,False,FREE,LONG,provider_target_geometry,65,67,0.9701492537313433,0.03076923076923077,1.0,0.7677672955974844,-0.009401017120944455
WSL2021,Carly Mitchell Telford,Chelsea FCW,False,FREE,MEDIUM,provider_target_geometry,65,67,0.9701492537313433,0.23076923076923078,1.0,0.8738240837770042,-0.001661559534825549
WSL2021,Carly Mitchell Telford,Chelsea FCW,False,FREE,SHORT,provider_target_geometry,65,67,0.9701492537313433,0.7384615384615385,1.0,0.8812190893211005,-0.0016747207687712467
WSL2021,Carly Mitchell Telford,Chelsea FCW,False,PRESSURED,MEDIUM,provider_target_geometry,6,8,0.75,0.5,1.0,0.5963365539452496,-0.005775953366556983
WSL2021,Carly Mitchell Telford,Chelsea FCW,False,PRESSURED,SHORT,provider_target_geometry,6,8,0.75,0.5,1.0,0.7202768861654184,-0.004020959717799539
WSL2021,Carly Mitchell Telford,Chelsea FCW,True,FREE,MEDIUM,provider_target_geometry,10,11,0.9090909090909091,0.3,1.0,0.8293862017537093,0.0013537500793877422
WSL2021,Carly Mitchell Telford,Chelsea FCW,True,FREE,SHORT,provider_target_geometry,10,11,0.9090909090909091,0.7,1.0,0.7888972431675654,-0.0001912076558828306
WSL2021,Cecilie Fiskerstrand,Brighton & Hove Albion WFC,False,FREE,LONG,provider_target_geometry,193,213,0.9061032863849765,0.19689119170984457,0.5,0.7097909122294628,-0.004844938524687924
WSL2021,Cecilie Fiskerstrand,Brighton & Hove Albion WFC,False,FREE,MEDIUM,provider_target_geometry,193,213,0.9061032863849765,0.37305699481865284,0.7222222222222222,0.8176412171483349,-0.002922680286790743
WSL2021,Cecilie Fiskerstrand,Brighton & Hove Albion WFC,False,FREE,SHORT,provider_target_geometry,193,213,0.9061032863849765,0.41968911917098445,0.9876543209876543,0.8439226540117797,-0.0029378000295626405
WSL2021,Cecilie Fiskerstrand,Brighton & Hove Albion WFC,False,FREE,VERY_LONG,provider_target_geometry,193,213,0.9061032863849765,0.010362694300518135,1.0,0.7210526315789474,-0.0031907644538521464
WSL2021,Cecilie Fiskerstrand,Brighton & Hove Albion WFC,False,PRESSURED,LONG,provider_target_geometry,8,10,0.8,0.25,0.0,0.47947454844006565,-0.01105045357420575
WSL2021,Cecilie Fiskerstrand,Brighton & Hove Albion WFC,False,PRESSURED,MEDIUM,provider_target_geometry,8,10,0.8,0.625,0.4,0.6424090516709827,-0.0057609532686801876
WSL2021,Cecilie Fiskerstrand,Brighton & Hove Albion WFC,False,PRESSURED,SHORT,provider_target_geometry,8,10,0.8,0.125,1.0,0.47619047619047616,-0.011475983323831526
WSL2021,Cecilie Fiskerstrand,Brighton & Hove Albion WFC,True,FREE,LONG,provider_target_geometry,63,72,0.875,0.3333333333333333,0.5714285714285714,0.7241329615984354,-0.0016295600378451447
WSL2021,Cecilie Fiskerstrand,Brighton & Hove Albion WFC,True,FREE,MEDIUM,provider_target_geometry,63,72,0.875,0.12698412698412698,1.0,0.6865027183966285,-0.0025389417761493235
WSL2021,Cecilie Fiskerstrand,Brighton & Hove Albion WFC,True,FREE,SHORT,provider_target_geometry,63,72,0.875,0.5396825396825397,0.9705882352941176,0.724827876836863,-0.0019111754224362463
WSL2021,Courtney Brosnan,West Ham United LFC,False,FREE,LONG,provider_target_geometry,130,146,0.8904109589041096,0.5384615384615384,0.6285714285714286,0.7026236529223344,-0.0054361009845161744
WSL2021,Courtney Brosnan,West Ham United LFC,False,FREE,MEDIUM,provider_target_geometry,130,146,0.8904109589041096,0.2,0.9615384615384616,0.8752387276044681,-0.002420425198758116
WSL2021,Courtney Brosnan,West Ham United LFC,False,FREE,SHORT,provider_target_geometry,130,146,0.8904109589041096,0.2230769230769231,1.0,0.8854540558090955,-0.0026828135750842125
WSL2021,Courtney Brosnan,West Ham United LFC,False,FREE,VERY_LONG,provider_target_geometry,130,146,0.8904109589041096,0.038461538461538464,0.6,0.5645001703722634,-0.00837042133075286
WSL2021,Courtney Brosnan,West Ham United LFC,False,PRESSURED,LONG,provider_target_geometry,12,12,1.0,0.3333333333333333,0.75,0.6770815572605854,-0.009914345702887108
WSL2021,Courtney Brosnan,West Ham United LFC,False,PRESSURED,MEDIUM,provider_target_geometry,12,12,1.0,0.4166666666666667,0.6,0.5988919524881096,-0.007873678495897188
WSL2021,Courtney Brosnan,West Ham United LFC,False,PRESSURED,SHORT,provider_target_geometry,12,12,1.0,0.25,1.0,0.6705882352941176,-0.00841145992920306
WSL2021,Courtney Brosnan,West Ham United LFC,True,FREE,LONG,provider_target_geometry,40,47,0.851063829787234,0.775,0.6774193548387096,0.7543471815480238,-0.0004975057180131091
WSL2021,Courtney Brosnan,West Ham United LFC,True,FREE,MEDIUM,provider_target_geometry,40,47,0.851063829787234,0.1,0.25,0.6930922827846735,-0.0015925619510567131
WSL2021,Courtney Brosnan,West Ham United LFC,True,FREE,SHORT,provider_target_geometry,40,47,0.851063829787234,0.075,1.0,0.7940212150433944,-0.0007991343125616649
WSL2021,Courtney Brosnan,West Ham United LFC,True,FREE,VERY_LONG,provider_target_geometry,40,47,0.851063829787234,0.05,0.0,0.6930922827846735,-0.0015925619510567131
WSL2021,Ellie Roebuck,Manchester City WFC,False,FREE,LONG,provider_target_geometry,638,652,0.9785276073619632,0.03761755485893417,0.625,0.7612678682582364,-0.003086979391073059
WSL2021,Ellie Roebuck,Manchester City WFC,False,FREE,MEDIUM,provider_target_geometry,638,652,0.9785276073619632,0.15047021943573669,0.9583333333333334,0.8341910296190607,-0.002678150217515187
WSL2021,Ellie Roebuck,Manchester City WFC,False,FREE,SHORT,provider_target_geometry,638,652,0.9785276073619632,0.8087774294670846,1.0,0.848804973042695,-0.0022522680996757373
WSL2021,Ellie Roebuck,Manchester City WFC,False,FREE,VERY_LONG,provider_target_geometry,638,652,0.9785276073619632,0.003134796238244514,1.0,0.5992038920831491,-0.00667030571137754
WSL2021,Ellie Roebuck,Manchester City WFC,False,PRESSURED,LONG,provider_target_geometry,46,52,0.8846153846153846,0.043478260869565216,0.5,0.7347826086956522,-0.006940004326483951
WSL2021,Ellie Roebuck,Manchester City WFC,False,PRESSURED,MEDIUM,provider_target_geometry,46,52,0.8846153846153846,0.1956521739130435,0.5555555555555556,0.6557273159160654,-0.007566465308892073
WSL2021,Ellie Roebuck,Manchester City WFC,False,PRESSURED,SHORT,provider_target_geometry,46,52,0.8846153846153846,0.7608695652173914,1.0,0.6245358138539203,-0.006790955795459564
WSL2021,Ellie Roebuck,Manchester City WFC,True,FREE,LONG,provider_target_geometry,102,105,0.9714285714285714,0.06862745098039216,0.5714285714285714,0.7166952284620666,-0.0015643936716622684
WSL2021,Ellie Roebuck,Manchester City WFC,True,FREE,MEDIUM,provider_target_geometry,102,105,0.9714285714285714,0.08823529411764706,0.8888888888888888,0.7590436770957207,-0.0005856748405181781
WSL2021,Ellie Roebuck,Manchester City WFC,True,FREE,SHORT,provider_target_geometry,102,105,0.9714285714285714,0.8431372549019608,1.0,0.7433661149816414,-0.0012926041748314062
WSL2021,Grace Moloney,Reading WFC,False,FREE,LONG,provider_target_geometry,597,656,0.9100609756097561,0.19932998324958123,0.5546218487394958,0.690121972789993,-0.005473339650084118
WSL2021,Grace Moloney,Reading WFC,False,FREE,MEDIUM,provider_target_geometry,597,656,0.9100609756097561,0.19765494137353434,0.8305084745762712,0.8456084647225103,-0.0023288531747368718
WSL2021,Grace Moloney,Reading WFC,False,FREE,SHORT,provider_target_geometry,597,656,0.9100609756097561,0.5912897822445561,0.9971671388101983,0.8501688945064608,-0.002569793758979423
WSL2021,Grace Moloney,Reading WFC,False,FREE,VERY_LONG,provider_target_geometry,597,656,0.9100609756097561,0.011725293132328308,0.5714285714285714,0.6533205145106556,-0.007667584813931621
WSL2021,Grace Moloney,Reading WFC,False,PRESSURED,LONG,provider_target_geometry,54,60,0.9,0.24074074074074073,0.6153846153846154,0.603202876702862,-0.00833615284837267
WSL2021,Grace Moloney,Reading WFC,False,PRESSURED,MEDIUM,provider_target_geometry,54,60,0.9,0.18518518518518517,0.7,0.5825858953807251,-0.010190746751866622
WSL2021,Grace Moloney,Reading WFC,False,PRESSURED,SHORT,provider_target_geometry,54,60,0.9,0.5740740740740741,0.9032258064516129,0.6117718625698052,-0.007611610929204417
WSL2021,Grace Moloney,Reading WFC,True,FREE,LONG,provider_target_geometry,180,197,0.9137055837563451,0.22777777777777777,0.5853658536585366,0.6994423467687864,-0.002553870594099826
WSL2021,Grace Moloney,Reading WFC,True,FREE,MEDIUM,provider_target_geometry,180,197,0.9137055837563451,0.07222222222222222,0.7692307692307693,0.6836390335937378,-0.0029499944237506796
WSL2021,Grace Moloney,Reading WFC,True,FREE,SHORT,provider_target_geometry,180,197,0.9137055837563451,0.7,1.0,0.7316858182691126,-0.001820458628519597
WSL2021,Hannah Hampton,Birmingham City WFC,False,FREE,LONG,provider_target_geometry,448,511,0.8767123287671232,0.3125,0.4357142857142857,0.7469086773341719,-0.004491218260971154
WSL2021,Hannah Hampton,Birmingham City WFC,False,FREE,MEDIUM,provider_target_geometry,448,511,0.8767123287671232,0.13616071428571427,0.7540983606557377,0.8399268648852085,-0.0032769487286066316
WSL2021,Hannah Hampton,Birmingham City WFC,False,FREE,SHORT,provider_target_geometry,448,511,0.8767123287671232,0.453125,0.9901477832512315,0.8766473081004761,-0.001735366913378909
WSL2021,Hannah Hampton,Birmingham City WFC,False,FREE,VERY_LONG,provider_target_geometry,448,511,0.8767123287671232,0.09821428571428571,0.4090909090909091,0.64752328763306,-0.007223812443769515
WSL2021,Hannah Hampton,Birmingham City WFC,False,PRESSURED,LONG,provider_target_geometry,64,81,0.7901234567901234,0.4375,0.6428571428571429,0.6069187550402864,-0.008999429718891241
WSL2021,Hannah Hampton,Birmingham City WFC,False,PRESSURED,MEDIUM,provider_target_geometry,64,81,0.7901234567901234,0.21875,0.7857142857142857,0.6550008222609814,-0.006647797362020218
WSL2021,Hannah Hampton,Birmingham City WFC,False,PRESSURED,SHORT,provider_target_geometry,64,81,0.7901234567901234,0.28125,0.9444444444444444,0.6242176286728365,-0.008203888842776418
WSL2021,Hannah Hampton,Birmingham City WFC,False,PRESSURED,VERY_LONG,provider_target_geometry,64,81,0.7901234567901234,0.0625,0.75,0.5612671908577407,-0.011177973971691426
WSL2021,Hannah Hampton,Birmingham City WFC,True,FREE,LONG,provider_target_geometry,211,263,0.8022813688212928,0.5402843601895735,0.5263157894736842,0.7214351119084511,-0.0019087581533625947
WSL2021,Hannah Hampton,Birmingham City WFC,True,FREE,MEDIUM,provider_target_geometry,211,263,0.8022813688212928,0.02843601895734597,0.8333333333333334,0.7827337250333836,-0.000820496910162369
WSL2021,Hannah Hampton,Birmingham City WFC,True,FREE,SHORT,provider_target_geometry,211,263,0.8022813688212928,0.3222748815165877,1.0,0.7779049360908372,-0.0009000296384809806
WSL2021,Hannah Hampton,Birmingham City WFC,True,FREE,VERY_LONG,provider_target_geometry,211,263,0.8022813688212928,0.10900473933649289,0.391304347826087,0.7087502551411744,-0.001974812766615201
WSL2021,Karen Bardsley,Manchester City WFC,False,FREE,LONG,provider_target_geometry,23,23,1.0,0.043478260869565216,1.0,0.9142857142857143,-0.0013650753059028275
WSL2021,Karen Bardsley,Manchester City WFC,False,FREE,MEDIUM,provider_target_geometry,23,23,1.0,0.08695652173913043,1.0,0.9124087591240876,0.00018034151239262257
WSL2021,Karen Bardsley,Manchester City WFC,False,FREE,SHORT,provider_target_geometry,23,23,1.0,0.8695652173913043,1.0,0.9424112761137678,-0.0006231164238331658
WSL2021,Karen Bardsley,Manchester City WFC,True,FREE,MEDIUM,provider_target_geometry,3,3,1.0,0.3333333333333333,1.0,0.9124087591240876,7.027013626764375e-05
WSL2021,Karen Bardsley,Manchester City WFC,True,FREE,SHORT,provider_target_geometry,3,3,1.0,0.6666666666666666,1.0,0.8703834840396557,0.0023698171818330336
WSL2021,Karima Benameur,Manchester City WFC,False,FREE,LONG,provider_target_geometry,22,22,1.0,0.045454545454545456,0.0,0.8461538461538461,-0.00571425242321766
WSL2021,Karima Benameur,Manchester City WFC,False,FREE,MEDIUM,provider_target_geometry,22,22,1.0,0.18181818181818182,1.0,0.8855421686746987,-0.0009464571079993375
WSL2021,Karima Benameur,Manchester City WFC,False,FREE,SHORT,provider_target_geometry,22,22,1.0,0.7727272727272727,1.0,0.858082962368841,-0.0014189846408512582
WSL2021,Karima Benameur,Manchester City WFC,False,PRESSURED,SHORT,provider_target_geometry,7,7,1.0,1.0,1.0,0.6526482152494025,-0.005471784948947435
WSL2021,Karima Benameur,Manchester City WFC,True,FREE,SHORT,provider_target_geometry,3,3,1.0,0.6666666666666666,1.0,0.7155963302752294,-0.0009449052437373795
WSL2021,Karima Benameur,Manchester City WFC,True,FREE,VERY_LONG,provider_target_geometry,3,3,1.0,0.3333333333333333,1.0,0.7155963302752294,-0.00207514685051665
WSL2021,Lisa Weiß,Aston Villa,False,FREE,LONG,provider_target_geometry,393,443,0.8871331828442438,0.3155216284987277,0.4596774193548387,0.5915395837413707,-0.00804515019299344
WSL2021,Lisa Weiß,Aston Villa,False,FREE,MEDIUM,provider_target_geometry,393,443,0.8871331828442438,0.21628498727735368,0.6941176470588235,0.7765350074542499,-0.0034818673574877924
WSL2021,Lisa Weiß,Aston Villa,False,FREE,SHORT,provider_target_geometry,393,443,0.8871331828442438,0.4351145038167939,0.9707602339181286,0.8499804275332621,-0.0019950812782930424
WSL2021,Lisa Weiß,Aston Villa,False,FREE,VERY_LONG,provider_target_geometry,393,443,0.8871331828442438,0.03307888040712468,0.23076923076923078,0.49162109948755395,-0.010193904279177516
WSL2021,Lisa Weiß,Aston Villa,False,PRESSURED,LONG,provider_target_geometry,18,25,0.72,0.3888888888888889,0.7142857142857143,0.6455199806490967,-0.005694787019647638
WSL2021,Lisa Weiß,Aston Villa,False,PRESSURED,MEDIUM,provider_target_geometry,18,25,0.72,0.5,0.5555555555555556,0.5599839019186412,-0.010292319349571673
WSL2021,Lisa Weiß,Aston Villa,False,PRESSURED,SHORT,provider_target_geometry,18,25,0.72,0.1111111111111111,0.5,0.6806549423893269,-0.00935231545631418
WSL2021,Lisa Weiß,Aston Villa,True,FREE,LONG,provider_target_geometry,190,220,0.8636363636363636,0.5052631578947369,0.4895833333333333,0.7138384547583011,-0.0017822558647626122
WSL2021,Lisa Weiß,Aston Villa,True,FREE,MEDIUM,provider_target_geometry,190,220,0.8636363636363636,0.15263157894736842,0.7586206896551724,0.6944787646083755,-0.0028385205112942094
WSL2021,Lisa Weiß,Aston Villa,True,FREE,SHORT,provider_target_geometry,190,220,0.8636363636363636,0.3368421052631579,1.0,0.7451045709898809,-0.0018652708527062457
WSL2021,Lisa Weiß,Aston Villa,True,FREE,VERY_LONG,provider_target_geometry,190,220,0.8636363636363636,0.005263157894736842,1.0,0.7028985507246377,-0.001986680241436711
WSL2021,Lisa Weiß,Aston Villa W,False,FREE,LONG,provider_target_geometry,16,18,0.8888888888888888,0.125,0.0,0.7295863309352518,-0.0028474272363404936
WSL2021,Lisa Weiß,Aston Villa W,False,FREE,MEDIUM,provider_target_geometry,16,18,0.8888888888888888,0.5625,0.5555555555555556,0.8470607639619875,-0.0016552741496560577
WSL2021,Lisa Weiß,Aston Villa W,False,FREE,SHORT,provider_target_geometry,16,18,0.8888888888888888,0.3125,1.0,0.8865515621461784,-0.0020833233276364334
WSL2021,Lisa Weiß,Aston Villa W,False,PRESSURED,MEDIUM,provider_target_geometry,1,2,0.5,1.0,1.0,0.7841726618705036,-0.002543811786587145
WSL2021,Lisa Weiß,Aston Villa W,True,FREE,LONG,provider_target_geometry,7,11,0.6363636363636364,0.42857142857142855,0.3333333333333333,0.673382757208867,-0.003306910276964591
WSL2021,Lisa Weiß,Aston Villa W,True,FREE,MEDIUM,provider_target_geometry,7,11,0.6363636363636364,0.5714285714285714,1.0,0.7121266201454562,-0.0024149663995849135
WSL2021,Lydia Grace Yilkari Williams,Arsenal WFC,False,FREE,LONG,provider_target_geometry,291,294,0.9897959183673469,0.05154639175257732,0.4,0.7702842494870052,-0.0036417100304772664
WSL2021,Lydia Grace Yilkari Williams,Arsenal WFC,False,FREE,MEDIUM,provider_target_geometry,291,294,0.9897959183673469,0.19243986254295534,0.9464285714285714,0.8576602396000376,-0.0021581763528086572
WSL2021,Lydia Grace Yilkari Williams,Arsenal WFC,False,FREE,SHORT,provider_target_geometry,291,294,0.9897959183673469,0.7525773195876289,0.9954337899543378,0.87951733388725,-0.001562170072948007
WSL2021,Lydia Grace Yilkari Williams,Arsenal WFC,False,FREE,VERY_LONG,provider_target_geometry,291,294,0.9897959183673469,0.003436426116838488,0.0,0.8463687150837989,-0.00139614150746015
WSL2021,Lydia Grace Yilkari Williams,Arsenal WFC,False,PRESSURED,LONG,provider_target_geometry,15,17,0.8823529411764706,0.13333333333333333,1.0,0.5916666666666667,-0.010193164020799558
WSL2021,Lydia Grace Yilkari Williams,Arsenal WFC,False,PRESSURED,MEDIUM,provider_target_geometry,15,17,0.8823529411764706,0.3333333333333333,1.0,0.6849791359842907,-0.007421068539636061
WSL2021,Lydia Grace Yilkari Williams,Arsenal WFC,False,PRESSURED,SHORT,provider_target_geometry,15,17,0.8823529411764706,0.5333333333333333,1.0,0.6587158586685472,-0.00792171499679284
WSL2021,Lydia Grace Yilkari Williams,Arsenal WFC,True,FREE,LONG,provider_target_geometry,54,56,0.9642857142857143,0.1111111111111111,0.6666666666666666,0.691511860584582,-0.002615687087336454
WSL2021,Lydia Grace Yilkari Williams,Arsenal WFC,True,FREE,MEDIUM,provider_target_geometry,54,56,0.9642857142857143,0.14814814814814814,1.0,0.7213559421724984,-0.0018103791532294278
WSL2021,Lydia Grace Yilkari Williams,Arsenal WFC,True,FREE,SHORT,provider_target_geometry,54,56,0.9642857142857143,0.7407407407407407,0.975,0.7640091322721501,-0.0010229780931756915
WSL2021,Mackenzie Arnold,West Ham United LFC,False,FREE,LONG,provider_target_geometry,562,631,0.8906497622820919,0.23665480427046262,0.631578947368421,0.7248937147401082,-0.005226123585112611
WSL2021,Mackenzie Arnold,West Ham United LFC,False,FREE,MEDIUM,provider_target_geometry,562,631,0.8906497622820919,0.2508896797153025,0.8014184397163121,0.8254196326848395,-0.003245742642256882
WSL2021,Mackenzie Arnold,West Ham United LFC,False,FREE,SHORT,provider_target_geometry,562,631,0.8906497622820919,0.48576512455516013,0.9816849816849816,0.8492430498610848,-0.0026966883526128647
WSL2021,Mackenzie Arnold,West Ham United LFC,False,FREE,VERY_LONG,provider_target_geometry,562,631,0.8906497622820919,0.026690391459074734,0.6666666666666666,0.6954650659573091,-0.0065341966985745
WSL2021,Mackenzie Arnold,West Ham United LFC,False,PRESSURED,LONG,provider_target_geometry,34,43,0.7906976744186046,0.4117647058823529,0.35714285714285715,0.6085864517935609,-0.0074037394070034105
WSL2021,Mackenzie Arnold,West Ham United LFC,False,PRESSURED,MEDIUM,provider_target_geometry,34,43,0.7906976744186046,0.29411764705882354,0.7,0.621917752706996,-0.011033065770692737
WSL2021,Mackenzie Arnold,West Ham United LFC,False,PRESSURED,SHORT,provider_target_geometry,34,43,0.7906976744186046,0.2647058823529412,0.8888888888888888,0.5849427971619896,-0.008979579048296686
WSL2021,Mackenzie Arnold,West Ham United LFC,False,PRESSURED,VERY_LONG,provider_target_geometry,34,43,0.7906976744186046,0.029411764705882353,1.0,0.6943396226415094,-0.003949402160428428
WSL2021,Mackenzie Arnold,West Ham United LFC,True,FREE,LONG,provider_target_geometry,129,138,0.9347826086956522,0.4806201550387597,0.6451612903225806,0.6976255656264676,-0.0023558029641327725
WSL2021,Mackenzie Arnold,West Ham United LFC,True,FREE,MEDIUM,provider_target_geometry,129,138,0.9347826086956522,0.15503875968992248,0.7,0.7011601521799407,-0.0023623560509660755
WSL2021,Mackenzie Arnold,West Ham United LFC,True,FREE,SHORT,provider_target_geometry,129,138,0.9347826086956522,0.3488372093023256,1.0,0.7340275337149571,-0.0017123351826426032
WSL2021,Mackenzie Arnold,West Ham United LFC,True,FREE,VERY_LONG,provider_target_geometry,129,138,0.9347826086956522,0.015503875968992248,0.0,0.615612016618728,-0.005152377394779479
WSL2021,Manuela Zinsberger,Arsenal WFC,False,FREE,LONG,provider_target_geometry,493,518,0.9517374517374517,0.06896551724137931,0.5882352941176471,0.8295657830885396,-0.002649353732242994
WSL2021,Manuela Zinsberger,Arsenal WFC,False,FREE,MEDIUM,provider_target_geometry,493,518,0.9517374517374517,0.15821501014198783,0.9615384615384616,0.8832625555258429,-0.0018506182951054434
WSL2021,Manuela Zinsberger,Arsenal WFC,False,FREE,SHORT,provider_target_geometry,493,518,0.9517374517374517,0.77079107505071,0.9973684210526316,0.8945850988245716,-0.001711344668376913
WSL2021,Manuela Zinsberger,Arsenal WFC,False,FREE,VERY_LONG,provider_target_geometry,493,518,0.9517374517374517,0.002028397565922921,0.0,0.5416666666666666,-0.01024444197952951
WSL2021,Manuela Zinsberger,Arsenal WFC,False,PRESSURED,LONG,provider_target_geometry,45,56,0.8035714285714286,0.08888888888888889,0.25,0.7536558128505297,-0.003760140753071084
WSL2021,Manuela Zinsberger,Arsenal WFC,False,PRESSURED,MEDIUM,provider_target_geometry,45,56,0.8035714285714286,0.35555555555555557,0.625,0.6646456481267455,-0.007235778025507405
WSL2021,Manuela Zinsberger,Arsenal WFC,False,PRESSURED,SHORT,provider_target_geometry,45,56,0.8035714285714286,0.5555555555555556,0.92,0.7058894555504316,-0.005376791479981348
WSL2021,Manuela Zinsberger,Arsenal WFC,True,FREE,LONG,provider_target_geometry,80,93,0.8602150537634409,0.1375,0.7272727272727273,0.8041329004903787,0.0007077221542485862
WSL2021,Manuela Zinsberger,Arsenal WFC,True,FREE,MEDIUM,provider_target_geometry,80,93,0.8602150537634409,0.2,0.8125,0.7893451152836382,-0.0004489612137735069
WSL2021,Manuela Zinsberger,Arsenal WFC,True,FREE,SHORT,provider_target_geometry,80,93,0.8602150537634409,0.6625,1.0,0.7912606138800842,-0.00019128400390893
WSL2021,Mary Alexandra Earps,Manchester United,False,FREE,LONG,provider_target_geometry,281,297,0.9461279461279462,0.18149466192170818,0.5294117647058824,0.7692892586308849,-0.00406052694484778
WSL2021,Mary Alexandra Earps,Manchester United,False,FREE,MEDIUM,provider_target_geometry,281,297,0.9461279461279462,0.20284697508896798,0.8245614035087719,0.8367497501849249,-0.0025003648005472007
WSL2021,Mary Alexandra Earps,Manchester United,False,FREE,SHORT,provider_target_geometry,281,297,0.9461279461279462,0.608540925266904,1.0,0.865586858499288,-0.0024172137215930866
WSL2021,Mary Alexandra Earps,Manchester United,False,FREE,VERY_LONG,provider_target_geometry,281,297,0.9461279461279462,0.0071174377224199285,0.5,0.9100697162203979,-0.0021750697430689488
WSL2021,Mary Alexandra Earps,Manchester United,False,PRESSURED,LONG,provider_target_geometry,15,18,0.8333333333333334,0.26666666666666666,0.75,0.7058808144072525,-0.004022384973621627
WSL2021,Mary Alexandra Earps,Manchester United,False,PRESSURED,MEDIUM,provider_target_geometry,15,18,0.8333333333333334,0.3333333333333333,0.2,0.6227876016541514,-0.009227581226194997
WSL2021,Mary Alexandra Earps,Manchester United,False,PRESSURED,SHORT,provider_target_geometry,15,18,0.8333333333333334,0.4,0.8333333333333334,0.6808477077573073,-0.006574121538852895
WSL2021,Mary Alexandra Earps,Manchester United,True,FREE,LONG,provider_target_geometry,72,76,0.9473684210526315,0.4027777777777778,0.6206896551724138,0.737638004517555,-0.0013018879335531253
WSL2021,Mary Alexandra Earps,Manchester United,True,FREE,MEDIUM,provider_target_geometry,72,76,0.9473684210526315,0.1111111111111111,1.0,0.7693787031200363,-0.0009389391531848583
WSL2021,Mary Alexandra Earps,Manchester United,True,FREE,SHORT,provider_target_geometry,72,76,0.9473684210526315,0.4722222222222222,1.0,0.8141584596987654,-0.0003325344001682463
WSL2021,Mary Alexandra Earps,Manchester United,True,FREE,VERY_LONG,provider_target_geometry,72,76,0.9473684210526315,0.013888888888888888,1.0,0.7550335570469798,-0.002418997426711854
WSL2021,Mary Alexandra Earps,Manchester United W,False,FREE,LONG,provider_target_geometry,287,302,0.9503311258278145,0.13937282229965156,0.575,0.8308882327526608,-0.002513097288944572
WSL2021,Mary Alexandra Earps,Manchester United W,False,FREE,MEDIUM,provider_target_geometry,287,302,0.9503311258278145,0.17770034843205576,0.9215686274509803,0.8561008488777759,-0.0025189281256128627
WSL2021,Mary Alexandra Earps,Manchester United W,False,FREE,SHORT,provider_target_geometry,287,302,0.9503311258278145,0.6724738675958188,0.9948186528497409,0.891735523268859,-0.001695368360142892
WSL2021,Mary Alexandra Earps,Manchester United W,False,FREE,VERY_LONG,provider_target_geometry,287,302,0.9503311258278145,0.010452961672473868,0.6666666666666666,0.7260273424207851,-0.004087222513936448
WSL2021,Mary Alexandra Earps,Manchester United W,False,PRESSURED,LONG,provider_target_geometry,29,36,0.8055555555555556,0.3448275862068966,0.5,0.64437521499828,-0.008516834924021926
WSL2021,Mary Alexandra Earps,Manchester United W,False,PRESSURED,MEDIUM,provider_target_geometry,29,36,0.8055555555555556,0.2413793103448276,0.8571428571428571,0.6552716328533054,-0.004872549621427102
WSL2021,Mary Alexandra Earps,Manchester United W,False,PRESSURED,SHORT,provider_target_geometry,29,36,0.8055555555555556,0.41379310344827586,1.0,0.6926962609065627,-0.006934866362404539
WSL2021,Mary Alexandra Earps,Manchester United W,True,FREE,LONG,provider_target_geometry,57,66,0.8636363636363636,0.15789473684210525,0.6666666666666666,0.7196364456392362,-0.001421185940193458
WSL2021,Mary Alexandra Earps,Manchester United W,True,FREE,MEDIUM,provider_target_geometry,57,66,0.8636363636363636,0.08771929824561403,0.8,0.7489887847671033,-0.0016071804789576567
WSL2021,Mary Alexandra Earps,Manchester United W,True,FREE,SHORT,provider_target_geometry,57,66,0.8636363636363636,0.7543859649122807,1.0,0.7882750817172055,-0.0006416253279658832
WSL2021,Megan Walsh,Brighton & Hove Albion WFC,False,FREE,LONG,provider_target_geometry,341,394,0.8654822335025381,0.2404692082111437,0.5853658536585366,0.6949482624302619,-0.005706535229934456
WSL2021,Megan Walsh,Brighton & Hove Albion WFC,False,FREE,MEDIUM,provider_target_geometry,341,394,0.8654822335025381,0.2844574780058651,0.8247422680412371,0.8148837034285383,-0.003040587218804541
WSL2021,Megan Walsh,Brighton & Hove Albion WFC,False,FREE,SHORT,provider_target_geometry,341,394,0.8654822335025381,0.4574780058651026,0.9807692307692307,0.871164873123957,-0.002269844863847464
WSL2021,Megan Walsh,Brighton & Hove Albion WFC,False,FREE,VERY_LONG,provider_target_geometry,341,394,0.8654822335025381,0.017595307917888565,0.16666666666666666,0.42474241158451687,-0.011509872943306507
WSL2021,Megan Walsh,Brighton & Hove Albion WFC,False,PRESSURED,LONG,provider_target_geometry,38,57,0.6666666666666666,0.18421052631578946,0.14285714285714285,0.48521310042654886,-0.013350968287858884
WSL2021,Megan Walsh,Brighton & Hove Albion WFC,False,PRESSURED,MEDIUM,provider_target_geometry,38,57,0.6666666666666666,0.4473684210526316,0.7058823529411765,0.5505191613113307,-0.011058307444034134
WSL2021,Megan Walsh,Brighton & Hove Albion WFC,False,PRESSURED,SHORT,provider_target_geometry,38,57,0.6666666666666666,0.3684210526315789,0.9285714285714286,0.5816963661376395,-0.00923636902959106
WSL2021,Megan Walsh,Brighton & Hove Albion WFC,True,FREE,LONG,provider_target_geometry,125,145,0.8620689655172413,0.368,0.8043478260869565,0.7021353333017979,-0.002326862080168468
WSL2021,Megan Walsh,Brighton & Hove Albion WFC,True,FREE,MEDIUM,provider_target_geometry,125,145,0.8620689655172413,0.176,0.7727272727272727,0.7215342179704031,-0.0015365463780859375
WSL2021,Megan Walsh,Brighton & Hove Albion WFC,True,FREE,SHORT,provider_target_geometry,125,145,0.8620689655172413,0.44,1.0,0.7607660214554304,-0.0011837364690732931
WSL2021,Megan Walsh,Brighton & Hove Albion WFC,True,FREE,VERY_LONG,provider_target_geometry,125,145,0.8620689655172413,0.016,0.5,0.6408496732026143,-0.003928031148651699
WSL2021,Rebecca Leigh Spencer,Tottenham Hotspur Women,False,FREE,LONG,provider_target_geometry,407,457,0.8905908096280087,0.19164619164619165,0.5512820512820513,0.7754674985541262,-0.0034380452008758136
WSL2021,Rebecca Leigh Spencer,Tottenham Hotspur Women,False,FREE,MEDIUM,provider_target_geometry,407,457,0.8905908096280087,0.16953316953316952,0.9420289855072463,0.8216233497557565,-0.002818661885551419
WSL2021,Rebecca Leigh Spencer,Tottenham Hotspur Women,False,FREE,SHORT,provider_target_geometry,407,457,0.8905908096280087,0.6314496314496314,0.9883268482490273,0.83289003206273,-0.002112122812416902
WSL2021,Rebecca Leigh Spencer,Tottenham Hotspur Women,False,FREE,VERY_LONG,provider_target_geometry,407,457,0.8905908096280087,0.007371007371007371,0.6666666666666666,0.7481379128832741,-0.0023455519943390425
WSL2021,Rebecca Leigh Spencer,Tottenham Hotspur Women,False,PRESSURED,LONG,provider_target_geometry,28,38,0.7368421052631579,0.35714285714285715,0.5,0.6222269022235309,-0.00815590522435931
WSL2021,Rebecca Leigh Spencer,Tottenham Hotspur Women,False,PRESSURED,MEDIUM,provider_target_geometry,28,38,0.7368421052631579,0.35714285714285715,0.9,0.5704136387186878,-0.007662478124444187
WSL2021,Rebecca Leigh Spencer,Tottenham Hotspur Women,False,PRESSURED,SHORT,provider_target_geometry,28,38,0.7368421052631579,0.2857142857142857,1.0,0.5023439764116489,-0.011400205017540778
WSL2021,Rebecca Leigh Spencer,Tottenham Hotspur Women,True,FREE,LONG,provider_target_geometry,132,152,0.868421052631579,0.2727272727272727,0.6944444444444444,0.7361820220817556,-0.0015795483351451142
WSL2021,Rebecca Leigh Spencer,Tottenham Hotspur Women,True,FREE,MEDIUM,provider_target_geometry,132,152,0.868421052631579,0.11363636363636363,0.9333333333333333,0.696910346545917,-0.0023190495381873234
WSL2021,Rebecca Leigh Spencer,Tottenham Hotspur Women,True,FREE,SHORT,provider_target_geometry,132,152,0.868421052631579,0.6060606060606061,1.0,0.7356474152095176,-0.0017843599225051943
WSL2021,Rebecca Leigh Spencer,Tottenham Hotspur Women,True,FREE,VERY_LONG,provider_target_geometry,132,152,0.868421052631579,0.007575757575757576,0.0,0.8505747126436781,0.0019133204694940726
WSL2021,Sian Rogers,Aston Villa,False,FREE,LONG,provider_target_geometry,25,29,0.8620689655172413,0.2,0.4,0.7677852348993288,-0.0032123429777435666
WSL2021,Sian Rogers,Aston Villa,False,FREE,MEDIUM,provider_target_geometry,25,29,0.8620689655172413,0.28,1.0,0.8651286819056773,-0.0005806605873086345
WSL2021,Sian Rogers,Aston Villa,False,FREE,SHORT,provider_target_geometry,25,29,0.8620689655172413,0.52,0.8461538461538461,0.7830679903472882,-0.0030783242539021063
WSL2021,Sian Rogers,Aston Villa,False,PRESSURED,LONG,provider_target_geometry,5,7,0.7142857142857143,0.6,0.6666666666666666,0.5203703703703705,-0.012170768773033589
WSL2021,Sian Rogers,Aston Villa,False,PRESSURED,MEDIUM,provider_target_geometry,5,7,0.7142857142857143,0.4,0.5,0.5889492753623189,-0.012403996850197437
WSL2021,Sian Rogers,Aston Villa,True,FREE,LONG,provider_target_geometry,13,15,0.8666666666666667,0.3076923076923077,0.75,0.7289660538858087,-0.0022815961021792827
WSL2021,Sian Rogers,Aston Villa,True,FREE,SHORT,provider_target_geometry,13,15,0.8666666666666667,0.6923076923076923,1.0,0.7535742802393972,-0.0022444238965872785
WSL2021,Sophie Baggaley,Bristol City WFC,False,FREE,LONG,provider_target_geometry,427,505,0.8455445544554455,0.41920374707259955,0.5865921787709497,0.7361022067230081,-0.004590862140931247
WSL2021,Sophie Baggaley,Bristol City WFC,False,FREE,MEDIUM,provider_target_geometry,427,505,0.8455445544554455,0.19672131147540983,0.7738095238095238,0.8299322628242248,-0.0034229738642616997
WSL2021,Sophie Baggaley,Bristol City WFC,False,FREE,SHORT,provider_target_geometry,427,505,0.8455445544554455,0.31381733021077285,0.9850746268656716,0.8411477289438911,-0.0034195790657246435
WSL2021,Sophie Baggaley,Bristol City WFC,False,FREE,VERY_LONG,provider_target_geometry,427,505,0.8455445544554455,0.0702576112412178,0.5333333333333333,0.6525633539156294,-0.006576930600851549
WSL2021,Sophie Baggaley,Bristol City WFC,False,PRESSURED,LONG,provider_target_geometry,52,66,0.7878787878787878,0.5192307692307693,0.4444444444444444,0.5539617563384587,-0.009445469662114816
WSL2021,Sophie Baggaley,Bristol City WFC,False,PRESSURED,MEDIUM,provider_target_geometry,52,66,0.7878787878787878,0.3076923076923077,0.625,0.5485063550703309,-0.009685294184640593
WSL2021,Sophie Baggaley,Bristol City WFC,False,PRESSURED,SHORT,provider_target_geometry,52,66,0.7878787878787878,0.17307692307692307,0.8888888888888888,0.5298175879410686,-0.009962545674606273
WSL2021,Sophie Baggaley,Bristol City WFC,True,FREE,LONG,provider_target_geometry,211,251,0.8406374501992032,0.6777251184834123,0.4965034965034965,0.71439190907898,-0.0020786888172306447
WSL2021,Sophie Baggaley,Bristol City WFC,True,FREE,MEDIUM,provider_target_geometry,211,251,0.8406374501992032,0.061611374407582936,0.7692307692307693,0.7057241279002121,-0.002306838829524781
WSL2021,Sophie Baggaley,Bristol City WFC,True,FREE,SHORT,provider_target_geometry,211,251,0.8406374501992032,0.22748815165876776,1.0,0.7239865245276991,-0.001838633910043994
WSL2021,Sophie Baggaley,Bristol City WFC,True,FREE,VERY_LONG,provider_target_geometry,211,251,0.8406374501992032,0.03317535545023697,0.0,0.7217151244478861,-0.0018607706558098618
WSL2021,Tinja-Riikka Tellervo Korpela,Everton LFC,False,FREE,LONG,provider_target_geometry,190,191,0.9947643979057592,0.04736842105263158,0.6666666666666666,0.693513440029063,-0.004837251896369556
WSL2021,Tinja-Riikka Tellervo Korpela,Everton LFC,False,FREE,MEDIUM,provider_target_geometry,190,191,0.9947643979057592,0.12105263157894737,0.9130434782608695,0.8687431590985589,-0.0018731507377098527
WSL2021,Tinja-Riikka Tellervo Korpela,Everton LFC,False,FREE,SHORT,provider_target_geometry,190,191,0.9947643979057592,0.8315789473684211,0.9936708860759493,0.8843654812977847,-0.0020756449071945775
WSL2021,Tinja-Riikka Tellervo Korpela,Everton LFC,False,PRESSURED,LONG,provider_target_geometry,15,16,0.9375,0.2,0.3333333333333333,0.6083191247513499,-0.005103730453346917
WSL2021,Tinja-Riikka Tellervo Korpela,Everton LFC,False,PRESSURED,MEDIUM,provider_target_geometry,15,16,0.9375,0.26666666666666666,0.75,0.6292270531400966,-0.006328446315181093
WSL2021,Tinja-Riikka Tellervo Korpela,Everton LFC,False,PRESSURED,SHORT,provider_target_geometry,15,16,0.9375,0.5333333333333333,0.875,0.6904582279609637,-0.0072443152429626356
WSL2021,Tinja-Riikka Tellervo Korpela,Everton LFC,True,FREE,SHORT,provider_target_geometry,27,27,1.0,1.0,1.0,0.7629087701111805,-0.0008346425543064016
WSL2021,Zecira Musovic,Chelsea FCW,False,FREE,LONG,provider_target_geometry,38,40,0.95,0.3157894736842105,0.25,0.7533636249209811,-0.0038278701769021723
WSL2021,Zecira Musovic,Chelsea FCW,False,FREE,MEDIUM,provider_target_geometry,38,40,0.95,0.2631578947368421,0.8,0.8348359723493205,-0.0020477056254598635
WSL2021,Zecira Musovic,Chelsea FCW,False,FREE,SHORT,provider_target_geometry,38,40,0.95,0.3684210526315789,1.0,0.8949083792471769,-0.0007590519879075365
WSL2021,Zecira Musovic,Chelsea FCW,False,FREE,VERY_LONG,provider_target_geometry,38,40,0.95,0.05263157894736842,0.5,0.6022088353413655,-0.009816951691306572
WSL2021,Zecira Musovic,Chelsea FCW,False,PRESSURED,LONG,provider_target_geometry,3,3,1.0,0.6666666666666666,0.0,0.6705882352941176,-0.005799675805549086
WSL2021,Zecira Musovic,Chelsea FCW,False,PRESSURED,MEDIUM,provider_target_geometry,3,3,1.0,0.3333333333333333,0.0,0.6705882352941176,-0.0019717492855629935
WSL2021,Zecira Musovic,Chelsea FCW,True,FREE,LONG,provider_target_geometry,14,14,1.0,0.5714285714285714,0.5,0.7155963302752294,-0.0016513062479744235
WSL2021,Zecira Musovic,Chelsea FCW,True,FREE,MEDIUM,provider_target_geometry,14,14,1.0,0.21428571428571427,1.0,0.7528556969346442,-0.0005954911699981662
WSL2021,Zecira Musovic,Chelsea FCW,True,FREE,SHORT,provider_target_geometry,14,14,1.0,0.14285714285714285,1.0,0.7518796992481203,-0.00038882247396368605
WSL2021,Zecira Musovic,Chelsea FCW,True,FREE,VERY_LONG,provider_target_geometry,14,14,1.0,0.07142857142857142,1.0,0.7155963302752294,-0.00207514685051665
