cohort,keeper,team,goal_kick,pressure,target_zone,target_identifiable_n,all_action_n,target_coverage,zone_n,zone_share_identifiable,retention,xR,value,central_6_zone_proxy
PL1516,Adam Federici,AFC Bournemouth,False,FREE,LONG_CENTRAL,87,93,0.9354838709677419,2,0.022988505747126436,0.0,0.627882467735419,-0.005565296794003395,CENTRAL_ZONE_PROXY_ONLY
PL1516,Adam Federici,AFC Bournemouth,False,FREE,LONG_LEFT,87,93,0.9354838709677419,3,0.034482758620689655,1.0,0.6767374340326899,-0.0038756688985902253,NO
PL1516,Adam Federici,AFC Bournemouth,False,FREE,LONG_RIGHT,87,93,0.9354838709677419,15,0.1724137931034483,0.6666666666666666,0.6389955451243399,-0.005920795383615218,NO
PL1516,Adam Federici,AFC Bournemouth,False,FREE,MEDIUM_CENTRAL,87,93,0.9354838709677419,3,0.034482758620689655,1.0,0.6619564353287225,-0.005113233350835626,CENTRAL_ZONE_PROXY_ONLY
PL1516,Adam Federici,AFC Bournemouth,False,FREE,MEDIUM_LEFT,87,93,0.9354838709677419,7,0.08045977011494253,1.0,0.7391668562966122,-0.003306934061441366,NO
PL1516,Adam Federici,AFC Bournemouth,False,FREE,MEDIUM_RIGHT,87,93,0.9354838709677419,6,0.06896551724137931,0.6666666666666666,0.7001082593742529,-0.005016783135531381,NO
PL1516,Adam Federici,AFC Bournemouth,False,FREE,SHORT_CENTRAL,87,93,0.9354838709677419,17,0.19540229885057472,1.0,0.818867849526318,-0.0025158911364383876,CENTRAL_ZONE_PROXY_ONLY
PL1516,Adam Federici,AFC Bournemouth,False,FREE,SHORT_LEFT,87,93,0.9354838709677419,14,0.16091954022988506,1.0,0.7596868848627573,-0.004233831348013239,NO
PL1516,Adam Federici,AFC Bournemouth,False,FREE,SHORT_RIGHT,87,93,0.9354838709677419,19,0.21839080459770116,1.0,0.77430172687953,-0.0023566890428095362,NO
PL1516,Adam Federici,AFC Bournemouth,False,FREE,VERY_LONG_RIGHT,87,93,0.9354838709677419,1,0.011494252873563218,0.0,0.6071428571428571,-0.005917087417647397,NO
PL1516,Adam Federici,AFC Bournemouth,False,PRESSURED,LONG_LEFT,6,8,0.75,4,0.6666666666666666,0.0,0.5132907616501315,-0.010538962039312486,NO
PL1516,Adam Federici,AFC Bournemouth,False,PRESSURED,LONG_RIGHT,6,8,0.75,1,0.16666666666666666,1.0,0.5346534653465346,-0.00487173988225865,NO
PL1516,Adam Federici,AFC Bournemouth,False,PRESSURED,MEDIUM_RIGHT,6,8,0.75,1,0.16666666666666666,1.0,0.5269461077844312,-0.0041141885432705305,NO
PL1516,Adam Federici,AFC Bournemouth,True,FREE,LONG_CENTRAL,25,29,0.8620689655172413,5,0.2,0.6,0.6549181914426627,-0.0023960321452802294,CENTRAL_ZONE_PROXY_ONLY
PL1516,Adam Federici,AFC Bournemouth,True,FREE,LONG_LEFT,25,29,0.8620689655172413,5,0.2,0.8,0.6090985346930737,-0.004355819272416439,NO
PL1516,Adam Federici,AFC Bournemouth,True,FREE,LONG_RIGHT,25,29,0.8620689655172413,9,0.36,0.7777777777777778,0.644479621650442,-0.003039736345787156,NO
PL1516,Adam Federici,AFC Bournemouth,True,FREE,MEDIUM_LEFT,25,29,0.8620689655172413,1,0.04,1.0,0.5770392749244712,-0.00387296300674645,NO
PL1516,Adam Federici,AFC Bournemouth,True,FREE,SHORT_CENTRAL,25,29,0.8620689655172413,2,0.08,1.0,0.6094961293248033,-0.004982557987369926,CENTRAL_ZONE_PROXY_ONLY
PL1516,Adam Federici,AFC Bournemouth,True,FREE,SHORT_LEFT,25,29,0.8620689655172413,1,0.04,1.0,0.6419529837251357,-0.004369580619818196,NO
PL1516,Adam Federici,AFC Bournemouth,True,FREE,VERY_LONG_CENTRAL,25,29,0.8620689655172413,1,0.04,1.0,0.6530612244897959,-0.0021061328355420775,CENTRAL_ZONE_PROXY_ONLY
PL1516,Adam Federici,AFC Bournemouth,True,FREE,VERY_LONG_LEFT,25,29,0.8620689655172413,1,0.04,0.0,0.5813953488372093,-0.003749049036081158,NO
PL1516,Adrián San Miguel del Castillo,West Ham United,False,FREE,LONG_CENTRAL,535,632,0.8465189873417721,83,0.15514018691588785,0.5060240963855421,0.6227653717425535,-0.0060643755080724,CENTRAL_ZONE_PROXY_ONLY
PL1516,Adrián San Miguel del Castillo,West Ham United,False,FREE,LONG_LEFT,535,632,0.8465189873417721,56,0.10467289719626169,0.6071428571428571,0.6779456079079341,-0.005204549364034098,NO
PL1516,Adrián San Miguel del Castillo,West Ham United,False,FREE,LONG_RIGHT,535,632,0.8465189873417721,75,0.14018691588785046,0.5733333333333334,0.6372984009806979,-0.006051583123850207,NO
PL1516,Adrián San Miguel del Castillo,West Ham United,False,FREE,MEDIUM_CENTRAL,535,632,0.8465189873417721,13,0.024299065420560748,1.0,0.7844919266103921,-0.00297851586314695,CENTRAL_ZONE_PROXY_ONLY
PL1516,Adrián San Miguel del Castillo,West Ham United,False,FREE,MEDIUM_LEFT,535,632,0.8465189873417721,45,0.08411214953271028,0.9777777777777777,0.8678561418531638,-0.002103221299128869,NO
PL1516,Adrián San Miguel del Castillo,West Ham United,False,FREE,MEDIUM_RIGHT,535,632,0.8465189873417721,37,0.0691588785046729,0.8918918918918919,0.7704861276865194,-0.0033848498514862753,NO
PL1516,Adrián San Miguel del Castillo,West Ham United,False,FREE,SHORT_CENTRAL,535,632,0.8465189873417721,70,0.1308411214953271,1.0,0.8464337585348427,-0.0021818135322810984,CENTRAL_ZONE_PROXY_ONLY
PL1516,Adrián San Miguel del Castillo,West Ham United,False,FREE,SHORT_LEFT,535,632,0.8465189873417721,38,0.07102803738317758,1.0,0.8033026349714582,-0.0031007110043539026,NO
PL1516,Adrián San Miguel del Castillo,West Ham United,False,FREE,SHORT_RIGHT,535,632,0.8465189873417721,63,0.11775700934579439,1.0,0.801617953067661,-0.002719419605046121,NO
PL1516,Adrián San Miguel del Castillo,West Ham United,False,FREE,VERY_LONG_CENTRAL,535,632,0.8465189873417721,30,0.056074766355140186,0.5333333333333333,0.5942286394382279,-0.006175411371222415,CENTRAL_ZONE_PROXY_ONLY
PL1516,Adrián San Miguel del Castillo,West Ham United,False,FREE,VERY_LONG_LEFT,535,632,0.8465189873417721,5,0.009345794392523364,0.8,0.6545413722666069,-0.0025231590252887104,NO
PL1516,Adrián San Miguel del Castillo,West Ham United,False,FREE,VERY_LONG_RIGHT,535,632,0.8465189873417721,20,0.037383177570093455,0.6,0.6140471549625632,-0.00522619516676488,NO
PL1516,Adrián San Miguel del Castillo,West Ham United,False,PRESSURED,LONG_CENTRAL,56,69,0.8115942028985508,18,0.32142857142857145,0.4444444444444444,0.5009111238126792,-0.008460846062810603,CENTRAL_ZONE_PROXY_ONLY
PL1516,Adrián San Miguel del Castillo,West Ham United,False,PRESSURED,LONG_LEFT,56,69,0.8115942028985508,8,0.14285714285714285,0.75,0.5141133832008727,-0.0075186683719735015,NO
PL1516,Adrián San Miguel del Castillo,West Ham United,False,PRESSURED,LONG_RIGHT,56,69,0.8115942028985508,11,0.19642857142857142,0.5454545454545454,0.4856152694313625,-0.008990033810370406,NO
PL1516,Adrián San Miguel del Castillo,West Ham United,False,PRESSURED,MEDIUM_CENTRAL,56,69,0.8115942028985508,1,0.017857142857142856,0.0,0.5194805194805194,-0.0049928082113774065,CENTRAL_ZONE_PROXY_ONLY
PL1516,Adrián San Miguel del Castillo,West Ham United,False,PRESSURED,MEDIUM_LEFT,56,69,0.8115942028985508,3,0.05357142857142857,1.0,0.5105550406755226,-0.009896979228373645,NO
PL1516,Adrián San Miguel del Castillo,West Ham United,False,PRESSURED,MEDIUM_RIGHT,56,69,0.8115942028985508,6,0.10714285714285714,1.0,0.5060484795958055,-0.007014133751048166,NO
PL1516,Adrián San Miguel del Castillo,West Ham United,False,PRESSURED,SHORT_CENTRAL,56,69,0.8115942028985508,1,0.017857142857142856,1.0,0.5128205128205128,-0.006372649518930061,CENTRAL_ZONE_PROXY_ONLY
PL1516,Adrián San Miguel del Castillo,West Ham United,False,PRESSURED,SHORT_RIGHT,56,69,0.8115942028985508,1,0.017857142857142856,1.0,0.5060240963855422,-0.01082315709910095,NO
PL1516,Adrián San Miguel del Castillo,West Ham United,False,PRESSURED,VERY_LONG_LEFT,56,69,0.8115942028985508,1,0.017857142857142856,0.0,0.5581395348837209,-0.003671927234486703,NO
PL1516,Adrián San Miguel del Castillo,West Ham United,False,PRESSURED,VERY_LONG_RIGHT,56,69,0.8115942028985508,6,0.10714285714285714,0.3333333333333333,0.4880775842667176,-0.007837513095906091,NO
PL1516,Adrián San Miguel del Castillo,West Ham United,True,FREE,LONG_CENTRAL,237,288,0.8229166666666666,38,0.16033755274261605,0.6052631578947368,0.5990142665178586,-0.004044819850228863,CENTRAL_ZONE_PROXY_ONLY
PL1516,Adrián San Miguel del Castillo,West Ham United,True,FREE,LONG_LEFT,237,288,0.8229166666666666,26,0.10970464135021098,0.8461538461538461,0.6079473221418293,-0.0045217007295945974,NO
PL1516,Adrián San Miguel del Castillo,West Ham United,True,FREE,LONG_RIGHT,237,288,0.8229166666666666,67,0.28270042194092826,0.7313432835820896,0.5891358345995558,-0.003576646475822382,NO
PL1516,Adrián San Miguel del Castillo,West Ham United,True,FREE,MEDIUM_CENTRAL,237,288,0.8229166666666666,2,0.008438818565400843,1.0,0.646736496311056,-0.0018041151753133123,CENTRAL_ZONE_PROXY_ONLY
PL1516,Adrián San Miguel del Castillo,West Ham United,True,FREE,MEDIUM_LEFT,237,288,0.8229166666666666,11,0.046413502109704644,1.0,0.5735942761030346,-0.005082784240745138,NO
PL1516,Adrián San Miguel del Castillo,West Ham United,True,FREE,MEDIUM_RIGHT,237,288,0.8229166666666666,8,0.03375527426160337,1.0,0.6271991368918497,-0.0032338006092294392,NO
PL1516,Adrián San Miguel del Castillo,West Ham United,True,FREE,SHORT_CENTRAL,237,288,0.8229166666666666,10,0.04219409282700422,1.0,0.6130847005470864,-0.003481301407746682,CENTRAL_ZONE_PROXY_ONLY
PL1516,Adrián San Miguel del Castillo,West Ham United,True,FREE,SHORT_LEFT,237,288,0.8229166666666666,10,0.04219409282700422,1.0,0.599432372506991,-0.004972696742120907,NO
PL1516,Adrián San Miguel del Castillo,West Ham United,True,FREE,SHORT_RIGHT,237,288,0.8229166666666666,17,0.07172995780590717,1.0,0.6184614910191948,-0.0034680552250968668,NO
PL1516,Adrián San Miguel del Castillo,West Ham United,True,FREE,VERY_LONG_CENTRAL,237,288,0.8229166666666666,17,0.07172995780590717,0.5294117647058824,0.6013233545052661,-0.0037713852284410932,CENTRAL_ZONE_PROXY_ONLY
PL1516,Adrián San Miguel del Castillo,West Ham United,True,FREE,VERY_LONG_LEFT,237,288,0.8229166666666666,5,0.02109704641350211,0.8,0.5905918566033405,-0.004621336722123494,NO
PL1516,Adrián San Miguel del Castillo,West Ham United,True,FREE,VERY_LONG_RIGHT,237,288,0.8229166666666666,26,0.10970464135021098,0.7307692307692307,0.5784930465519881,-0.004149647081946099,NO
PL1516,Alex McCarthy,Crystal Palace,False,FREE,LONG_CENTRAL,105,141,0.7446808510638298,12,0.11428571428571428,0.5,0.6624623734592721,-0.004714482495771814,CENTRAL_ZONE_PROXY_ONLY
PL1516,Alex McCarthy,Crystal Palace,False,FREE,LONG_LEFT,105,141,0.7446808510638298,7,0.06666666666666667,0.5714285714285714,0.6784693037282574,-0.005688885949841948,NO
PL1516,Alex McCarthy,Crystal Palace,False,FREE,LONG_RIGHT,105,141,0.7446808510638298,30,0.2857142857142857,0.8,0.6340561058790837,-0.0057351175430055395,NO
PL1516,Alex McCarthy,Crystal Palace,False,FREE,MEDIUM_CENTRAL,105,141,0.7446808510638298,3,0.02857142857142857,0.6666666666666666,0.7142977438543942,-0.00394482069789513,CENTRAL_ZONE_PROXY_ONLY
PL1516,Alex McCarthy,Crystal Palace,False,FREE,MEDIUM_LEFT,105,141,0.7446808510638298,6,0.05714285714285714,1.0,0.7954215721187644,-0.00413698202012085,NO
PL1516,Alex McCarthy,Crystal Palace,False,FREE,MEDIUM_RIGHT,105,141,0.7446808510638298,1,0.009523809523809525,1.0,0.6603773584905659,-0.004833130543480833,NO
PL1516,Alex McCarthy,Crystal Palace,False,FREE,SHORT_CENTRAL,105,141,0.7446808510638298,5,0.047619047619047616,1.0,0.7262184109510181,-0.004377349040767451,CENTRAL_ZONE_PROXY_ONLY
PL1516,Alex McCarthy,Crystal Palace,False,FREE,SHORT_LEFT,105,141,0.7446808510638298,10,0.09523809523809523,1.0,0.7425289592582514,-0.0036788280777229204,NO
PL1516,Alex McCarthy,Crystal Palace,False,FREE,SHORT_RIGHT,105,141,0.7446808510638298,4,0.0380952380952381,1.0,0.7511890186758567,-0.003931438723133864,NO
PL1516,Alex McCarthy,Crystal Palace,False,FREE,VERY_LONG_CENTRAL,105,141,0.7446808510638298,8,0.0761904761904762,0.125,0.6006351252066732,-0.006232737004713305,CENTRAL_ZONE_PROXY_ONLY
PL1516,Alex McCarthy,Crystal Palace,False,FREE,VERY_LONG_LEFT,105,141,0.7446808510638298,6,0.05714285714285714,0.8333333333333334,0.5476666175183228,-0.006779493105882947,NO
PL1516,Alex McCarthy,Crystal Palace,False,FREE,VERY_LONG_RIGHT,105,141,0.7446808510638298,13,0.12380952380952381,0.5384615384615384,0.5900763039419736,-0.006915640565856771,NO
PL1516,Alex McCarthy,Crystal Palace,False,PRESSURED,LONG_RIGHT,3,9,0.3333333333333333,2,0.6666666666666666,1.0,0.5128205128205128,-0.00983573762212266,NO
PL1516,Alex McCarthy,Crystal Palace,False,PRESSURED,MEDIUM_LEFT,3,9,0.3333333333333333,1,0.3333333333333333,0.0,0.5128205128205128,-0.008396217747872203,NO
PL1516,Alex McCarthy,Crystal Palace,True,FREE,LONG_CENTRAL,45,70,0.6428571428571429,5,0.1111111111111111,0.8,0.5787144160145937,-0.003697400792911254,CENTRAL_ZONE_PROXY_ONLY
PL1516,Alex McCarthy,Crystal Palace,True,FREE,LONG_LEFT,45,70,0.6428571428571429,4,0.08888888888888889,0.5,0.5838690549655761,-0.005536878600205308,NO
PL1516,Alex McCarthy,Crystal Palace,True,FREE,LONG_RIGHT,45,70,0.6428571428571429,8,0.17777777777777778,0.625,0.5911802389941622,-0.0034368274714142895,NO
PL1516,Alex McCarthy,Crystal Palace,True,FREE,MEDIUM_LEFT,45,70,0.6428571428571429,3,0.06666666666666667,1.0,0.5949355149529013,-0.0038099651916027287,NO
PL1516,Alex McCarthy,Crystal Palace,True,FREE,MEDIUM_RIGHT,45,70,0.6428571428571429,1,0.022222222222222223,1.0,0.6303501945525292,-0.0020016526203922224,NO
PL1516,Alex McCarthy,Crystal Palace,True,FREE,SHORT_CENTRAL,45,70,0.6428571428571429,1,0.022222222222222223,1.0,0.5861456483126111,-0.005517326348633192,CENTRAL_ZONE_PROXY_ONLY
PL1516,Alex McCarthy,Crystal Palace,True,FREE,SHORT_LEFT,45,70,0.6428571428571429,2,0.044444444444444446,1.0,0.5995244370595314,-0.003997293886496237,NO
PL1516,Alex McCarthy,Crystal Palace,True,FREE,VERY_LONG_CENTRAL,45,70,0.6428571428571429,2,0.044444444444444446,0.5,0.596644252727734,-0.005067855551709959,CENTRAL_ZONE_PROXY_ONLY
PL1516,Alex McCarthy,Crystal Palace,True,FREE,VERY_LONG_LEFT,45,70,0.6428571428571429,5,0.1111111111111111,0.8,0.5781571451127293,-0.004326905752287619,NO
PL1516,Alex McCarthy,Crystal Palace,True,FREE,VERY_LONG_RIGHT,45,70,0.6428571428571429,14,0.3111111111111111,0.8571428571428571,0.5781407157147035,-0.004149006485841698,NO
PL1516,Artur Boruc,AFC Bournemouth,False,FREE,LONG_CENTRAL,536,615,0.8715447154471545,43,0.08022388059701492,0.5348837209302325,0.6617787367253806,-0.005219065199538588,CENTRAL_ZONE_PROXY_ONLY
PL1516,Artur Boruc,AFC Bournemouth,False,FREE,LONG_LEFT,536,615,0.8715447154471545,65,0.12126865671641791,0.6307692307692307,0.7126772811421351,-0.0037111433961553135,NO
PL1516,Artur Boruc,AFC Bournemouth,False,FREE,LONG_RIGHT,536,615,0.8715447154471545,39,0.07276119402985075,0.5641025641025641,0.6670737657096765,-0.0049384776841740734,NO
PL1516,Artur Boruc,AFC Bournemouth,False,FREE,MEDIUM_CENTRAL,536,615,0.8715447154471545,14,0.026119402985074626,0.9285714285714286,0.7604694229873369,-0.004169672384373466,CENTRAL_ZONE_PROXY_ONLY
PL1516,Artur Boruc,AFC Bournemouth,False,FREE,MEDIUM_LEFT,536,615,0.8715447154471545,56,0.1044776119402985,0.9642857142857143,0.8141239643767898,-0.002849049734370207,NO
PL1516,Artur Boruc,AFC Bournemouth,False,FREE,MEDIUM_RIGHT,536,615,0.8715447154471545,43,0.08022388059701492,0.9767441860465116,0.7936303795757962,-0.0032600093000941226,NO
PL1516,Artur Boruc,AFC Bournemouth,False,FREE,SHORT_CENTRAL,536,615,0.8715447154471545,88,0.16417910447761194,1.0,0.7979817575717988,-0.0031396489175441996,CENTRAL_ZONE_PROXY_ONLY
PL1516,Artur Boruc,AFC Bournemouth,False,FREE,SHORT_LEFT,536,615,0.8715447154471545,85,0.15858208955223882,0.9647058823529412,0.7959056658768127,-0.002810510788858079,NO
PL1516,Artur Boruc,AFC Bournemouth,False,FREE,SHORT_RIGHT,536,615,0.8715447154471545,54,0.10074626865671642,1.0,0.8075888907783724,-0.0026833525274574934,NO
PL1516,Artur Boruc,AFC Bournemouth,False,FREE,VERY_LONG_CENTRAL,536,615,0.8715447154471545,16,0.029850746268656716,0.25,0.5954707515097986,-0.006203521730165246,CENTRAL_ZONE_PROXY_ONLY
PL1516,Artur Boruc,AFC Bournemouth,False,FREE,VERY_LONG_LEFT,536,615,0.8715447154471545,19,0.03544776119402985,0.631578947368421,0.6276352018264956,-0.005058889313933188,NO
PL1516,Artur Boruc,AFC Bournemouth,False,FREE,VERY_LONG_RIGHT,536,615,0.8715447154471545,14,0.026119402985074626,0.35714285714285715,0.6108806877778882,-0.004208166793199898,NO
PL1516,Artur Boruc,AFC Bournemouth,False,PRESSURED,LONG_CENTRAL,24,28,0.8571428571428571,8,0.3333333333333333,0.25,0.4890200642890554,-0.007961790272275514,CENTRAL_ZONE_PROXY_ONLY
PL1516,Artur Boruc,AFC Bournemouth,False,PRESSURED,LONG_LEFT,24,28,0.8571428571428571,6,0.25,0.16666666666666666,0.5203113907575033,-0.007494994613702365,NO
PL1516,Artur Boruc,AFC Bournemouth,False,PRESSURED,LONG_RIGHT,24,28,0.8571428571428571,5,0.20833333333333334,1.0,0.5333545824895474,-0.006432549098341425,NO
PL1516,Artur Boruc,AFC Bournemouth,False,PRESSURED,MEDIUM_LEFT,24,28,0.8571428571428571,1,0.041666666666666664,1.0,0.5269461077844312,-0.0063695516346284845,NO
PL1516,Artur Boruc,AFC Bournemouth,False,PRESSURED,MEDIUM_RIGHT,24,28,0.8571428571428571,1,0.041666666666666664,1.0,0.39285714285714285,-0.012684869159385045,NO
PL1516,Artur Boruc,AFC Bournemouth,False,PRESSURED,SHORT_CENTRAL,24,28,0.8571428571428571,1,0.041666666666666664,1.0,0.5581395348837209,-0.004271272227457793,CENTRAL_ZONE_PROXY_ONLY
PL1516,Artur Boruc,AFC Bournemouth,False,PRESSURED,SHORT_LEFT,24,28,0.8571428571428571,1,0.041666666666666664,1.0,0.5194805194805194,-0.00556797822811484,NO
PL1516,Artur Boruc,AFC Bournemouth,False,PRESSURED,SHORT_RIGHT,24,28,0.8571428571428571,1,0.041666666666666664,1.0,0.40939597315436244,-0.007373134698486806,NO
PL1516,Artur Boruc,AFC Bournemouth,True,FREE,LONG_CENTRAL,212,264,0.803030303030303,23,0.10849056603773585,0.5652173913043478,0.5921476834488645,-0.004756188246092032,CENTRAL_ZONE_PROXY_ONLY
PL1516,Artur Boruc,AFC Bournemouth,True,FREE,LONG_LEFT,212,264,0.803030303030303,25,0.1179245283018868,0.68,0.5974113154227825,-0.004637164742975794,NO
PL1516,Artur Boruc,AFC Bournemouth,True,FREE,LONG_RIGHT,212,264,0.803030303030303,48,0.22641509433962265,0.7083333333333334,0.6166240800197565,-0.0034202174261590743,NO
PL1516,Artur Boruc,AFC Bournemouth,True,FREE,MEDIUM_CENTRAL,212,264,0.803030303030303,7,0.0330188679245283,0.7142857142857143,0.6581596587795518,-0.0029787337869933645,CENTRAL_ZONE_PROXY_ONLY
PL1516,Artur Boruc,AFC Bournemouth,True,FREE,MEDIUM_LEFT,212,264,0.803030303030303,19,0.08962264150943396,1.0,0.6224562315194937,-0.003763476244189275,NO
PL1516,Artur Boruc,AFC Bournemouth,True,FREE,MEDIUM_RIGHT,212,264,0.803030303030303,12,0.05660377358490566,1.0,0.6317478117747504,-0.0032320586702707797,NO
PL1516,Artur Boruc,AFC Bournemouth,True,FREE,SHORT_CENTRAL,212,264,0.803030303030303,21,0.09905660377358491,1.0,0.6153595783316215,-0.003799361628344018,CENTRAL_ZONE_PROXY_ONLY
PL1516,Artur Boruc,AFC Bournemouth,True,FREE,SHORT_LEFT,212,264,0.803030303030303,20,0.09433962264150944,1.0,0.6327359106642129,-0.0038214039224006005,NO
PL1516,Artur Boruc,AFC Bournemouth,True,FREE,SHORT_RIGHT,212,264,0.803030303030303,12,0.05660377358490566,1.0,0.6561885502892281,-0.0023658234083274734,NO
PL1516,Artur Boruc,AFC Bournemouth,True,FREE,VERY_LONG_CENTRAL,212,264,0.803030303030303,9,0.04245283018867924,0.6666666666666666,0.588110889371798,-0.003933685133783341,CENTRAL_ZONE_PROXY_ONLY
PL1516,Artur Boruc,AFC Bournemouth,True,FREE,VERY_LONG_LEFT,212,264,0.803030303030303,12,0.05660377358490566,0.3333333333333333,0.5840920557330721,-0.004593486625177191,NO
PL1516,Artur Boruc,AFC Bournemouth,True,FREE,VERY_LONG_RIGHT,212,264,0.803030303030303,4,0.018867924528301886,0.5,0.5786642270106002,-0.004975278492907209,NO
PL1516,Asmir Begović,Chelsea,False,FREE,LONG_CENTRAL,242,278,0.8705035971223022,17,0.07024793388429752,0.4117647058823529,0.57624232056226,-0.0061828876362619665,CENTRAL_ZONE_PROXY_ONLY
PL1516,Asmir Begović,Chelsea,False,FREE,LONG_LEFT,242,278,0.8705035971223022,20,0.08264462809917356,0.45,0.6744441566635371,-0.004151906022414239,NO
PL1516,Asmir Begović,Chelsea,False,FREE,LONG_RIGHT,242,278,0.8705035971223022,37,0.15289256198347106,0.5945945945945946,0.6318810125110657,-0.005930691128065951,NO
PL1516,Asmir Begović,Chelsea,False,FREE,MEDIUM_CENTRAL,242,278,0.8705035971223022,6,0.024793388429752067,0.5,0.7176089609376951,-0.004396839320277059,CENTRAL_ZONE_PROXY_ONLY
PL1516,Asmir Begović,Chelsea,False,FREE,MEDIUM_LEFT,242,278,0.8705035971223022,19,0.07851239669421488,1.0,0.818560480928096,-0.0031547411952939012,NO
PL1516,Asmir Begović,Chelsea,False,FREE,MEDIUM_RIGHT,242,278,0.8705035971223022,13,0.05371900826446281,0.9230769230769231,0.8280635662018122,-0.002707517727338662,NO
PL1516,Asmir Begović,Chelsea,False,FREE,SHORT_CENTRAL,242,278,0.8705035971223022,52,0.21487603305785125,1.0,0.8293279932334443,-0.002705088606838608,CENTRAL_ZONE_PROXY_ONLY
PL1516,Asmir Begović,Chelsea,False,FREE,SHORT_LEFT,242,278,0.8705035971223022,30,0.12396694214876033,1.0,0.7727724292268542,-0.003297273626834238,NO
PL1516,Asmir Begović,Chelsea,False,FREE,SHORT_RIGHT,242,278,0.8705035971223022,18,0.0743801652892562,1.0,0.7479652664790772,-0.003913693759260299,NO
PL1516,Asmir Begović,Chelsea,False,FREE,VERY_LONG_CENTRAL,242,278,0.8705035971223022,7,0.028925619834710745,0.14285714285714285,0.6228305132552973,-0.004439498963045277,CENTRAL_ZONE_PROXY_ONLY
PL1516,Asmir Begović,Chelsea,False,FREE,VERY_LONG_LEFT,242,278,0.8705035971223022,10,0.04132231404958678,0.3,0.5439898650482076,-0.008296191361467989,NO
PL1516,Asmir Begović,Chelsea,False,FREE,VERY_LONG_RIGHT,242,278,0.8705035971223022,13,0.05371900826446281,0.38461538461538464,0.6371491504464839,-0.004720295497889964,NO
PL1516,Asmir Begović,Chelsea,False,PRESSURED,LONG_CENTRAL,16,24,0.6666666666666666,3,0.1875,0.3333333333333333,0.5154755424216503,-0.007383141770622481,CENTRAL_ZONE_PROXY_ONLY
PL1516,Asmir Begović,Chelsea,False,PRESSURED,LONG_LEFT,16,24,0.6666666666666666,4,0.25,0.25,0.4992983572097074,-0.010796994017154195,NO
PL1516,Asmir Begović,Chelsea,False,PRESSURED,LONG_RIGHT,16,24,0.6666666666666666,5,0.3125,0.4,0.49827022092241674,-0.008502557452658604,NO
PL1516,Asmir Begović,Chelsea,False,PRESSURED,MEDIUM_LEFT,16,24,0.6666666666666666,1,0.0625,0.0,0.5128205128205128,-0.004833039438245918,NO
PL1516,Asmir Begović,Chelsea,False,PRESSURED,MEDIUM_RIGHT,16,24,0.6666666666666666,1,0.0625,1.0,0.5346534653465346,-0.012496451112129135,NO
PL1516,Asmir Begović,Chelsea,False,PRESSURED,SHORT_LEFT,16,24,0.6666666666666666,1,0.0625,0.0,0.5346534653465346,-0.004421382992462114,NO
PL1516,Asmir Begović,Chelsea,False,PRESSURED,VERY_LONG_RIGHT,16,24,0.6666666666666666,1,0.0625,0.0,0.5060240963855422,-0.01082315709910095,NO
PL1516,Asmir Begović,Chelsea,True,FREE,LONG_CENTRAL,82,106,0.7735849056603774,3,0.036585365853658534,0.6666666666666666,0.5732273661261084,-0.005842944997495305,CENTRAL_ZONE_PROXY_ONLY
PL1516,Asmir Begović,Chelsea,True,FREE,LONG_LEFT,82,106,0.7735849056603774,5,0.06097560975609756,0.8,0.6293593721748492,-0.00425637443904432,NO
PL1516,Asmir Begović,Chelsea,True,FREE,LONG_RIGHT,82,106,0.7735849056603774,13,0.15853658536585366,0.46153846153846156,0.5711607686322577,-0.004299564781972605,NO
PL1516,Asmir Begović,Chelsea,True,FREE,MEDIUM_CENTRAL,82,106,0.7735849056603774,3,0.036585365853658534,1.0,0.6217357910906297,-0.002316475533377687,CENTRAL_ZONE_PROXY_ONLY
PL1516,Asmir Begović,Chelsea,True,FREE,MEDIUM_LEFT,82,106,0.7735849056603774,4,0.04878048780487805,1.0,0.6156951924699946,-0.003815884751971187,NO
PL1516,Asmir Begović,Chelsea,True,FREE,MEDIUM_RIGHT,82,106,0.7735849056603774,7,0.08536585365853659,1.0,0.5896200881932047,-0.004300332296163818,NO
PL1516,Asmir Begović,Chelsea,True,FREE,SHORT_CENTRAL,82,106,0.7735849056603774,2,0.024390243902439025,1.0,0.596389228886169,-0.0034392378971520856,CENTRAL_ZONE_PROXY_ONLY
PL1516,Asmir Begović,Chelsea,True,FREE,SHORT_LEFT,82,106,0.7735849056603774,4,0.04878048780487805,1.0,0.6079184373105668,-0.0031214054499292014,NO
PL1516,Asmir Begović,Chelsea,True,FREE,SHORT_RIGHT,82,106,0.7735849056603774,7,0.08536585365853659,1.0,0.6170021868480561,-0.002611799173031329,NO
PL1516,Asmir Begović,Chelsea,True,FREE,VERY_LONG_CENTRAL,82,106,0.7735849056603774,3,0.036585365853658534,0.6666666666666666,0.6182996020866665,-0.002885243080366874,CENTRAL_ZONE_PROXY_ONLY
PL1516,Asmir Begović,Chelsea,True,FREE,VERY_LONG_LEFT,82,106,0.7735849056603774,3,0.036585365853658534,0.0,0.6193717377307879,-0.003577284676623491,NO
PL1516,Asmir Begović,Chelsea,True,FREE,VERY_LONG_RIGHT,82,106,0.7735849056603774,28,0.34146341463414637,0.42857142857142855,0.5965799045721203,-0.0038014515241106073,NO
PL1516,Ben Foster,West Bromwich Albion,False,FREE,LONG_CENTRAL,223,253,0.8814229249011858,38,0.17040358744394618,0.631578947368421,0.6550024805878379,-0.005732935922734155,CENTRAL_ZONE_PROXY_ONLY
PL1516,Ben Foster,West Bromwich Albion,False,FREE,LONG_LEFT,223,253,0.8814229249011858,39,0.17488789237668162,0.6666666666666666,0.6702923870947739,-0.00501301375535747,NO
PL1516,Ben Foster,West Bromwich Albion,False,FREE,LONG_RIGHT,223,253,0.8814229249011858,36,0.16143497757847533,0.7777777777777778,0.711090623913019,-0.004055240957956721,NO
PL1516,Ben Foster,West Bromwich Albion,False,FREE,MEDIUM_LEFT,223,253,0.8814229249011858,12,0.053811659192825115,0.9166666666666666,0.8404257028808568,-0.0019485769897525148,NO
PL1516,Ben Foster,West Bromwich Albion,False,FREE,MEDIUM_RIGHT,223,253,0.8814229249011858,8,0.03587443946188341,0.875,0.9025729026351654,-0.0013026061630830711,NO
PL1516,Ben Foster,West Bromwich Albion,False,FREE,SHORT_CENTRAL,223,253,0.8814229249011858,19,0.08520179372197309,1.0,0.8597845443956281,-0.0016082898122995008,CENTRAL_ZONE_PROXY_ONLY
PL1516,Ben Foster,West Bromwich Albion,False,FREE,SHORT_LEFT,223,253,0.8814229249011858,14,0.06278026905829596,1.0,0.8267748201815994,-0.0027640700991621086,NO
PL1516,Ben Foster,West Bromwich Albion,False,FREE,SHORT_RIGHT,223,253,0.8814229249011858,12,0.053811659192825115,1.0,0.8392284707406237,-0.002675509484019964,NO
PL1516,Ben Foster,West Bromwich Albion,False,FREE,VERY_LONG_CENTRAL,223,253,0.8814229249011858,11,0.04932735426008968,0.7272727272727273,0.6457137282325439,-0.0065229057849547556,CENTRAL_ZONE_PROXY_ONLY
PL1516,Ben Foster,West Bromwich Albion,False,FREE,VERY_LONG_LEFT,223,253,0.8814229249011858,18,0.08071748878923767,0.6111111111111112,0.5815571221647876,-0.00598434516743435,NO
PL1516,Ben Foster,West Bromwich Albion,False,FREE,VERY_LONG_RIGHT,223,253,0.8814229249011858,16,0.07174887892376682,0.75,0.6759660221147099,-0.005056411457313152,NO
PL1516,Ben Foster,West Bromwich Albion,False,PRESSURED,LONG_CENTRAL,10,12,0.8333333333333334,5,0.5,0.8,0.5046524238098709,-0.006888362870961446,CENTRAL_ZONE_PROXY_ONLY
PL1516,Ben Foster,West Bromwich Albion,False,PRESSURED,LONG_LEFT,10,12,0.8333333333333334,4,0.4,1.0,0.49232807127719175,-0.008140366518606865,NO
PL1516,Ben Foster,West Bromwich Albion,False,PRESSURED,VERY_LONG_LEFT,10,12,0.8333333333333334,1,0.1,0.0,0.5269461077844312,-0.006647166804136965,NO
PL1516,Ben Foster,West Bromwich Albion,True,FREE,LONG_CENTRAL,120,141,0.851063829787234,12,0.1,0.5,0.6426872951196484,-0.0035639356469353584,CENTRAL_ZONE_PROXY_ONLY
PL1516,Ben Foster,West Bromwich Albion,True,FREE,LONG_LEFT,120,141,0.851063829787234,9,0.075,0.7777777777777778,0.6340657529762654,-0.00430270853386506,NO
PL1516,Ben Foster,West Bromwich Albion,True,FREE,LONG_RIGHT,120,141,0.851063829787234,35,0.2916666666666667,0.7142857142857143,0.6224501123848268,-0.003152132513684174,NO
PL1516,Ben Foster,West Bromwich Albion,True,FREE,MEDIUM_LEFT,120,141,0.851063829787234,1,0.008333333333333333,1.0,0.591324200913242,-0.004310599400772716,NO
PL1516,Ben Foster,West Bromwich Albion,True,FREE,MEDIUM_RIGHT,120,141,0.851063829787234,1,0.008333333333333333,1.0,0.6303501945525292,-0.0026178472385774906,NO
PL1516,Ben Foster,West Bromwich Albion,True,FREE,VERY_LONG_CENTRAL,120,141,0.851063829787234,16,0.13333333333333333,0.3125,0.6269016888892796,-0.0036124344359502953,CENTRAL_ZONE_PROXY_ONLY
PL1516,Ben Foster,West Bromwich Albion,True,FREE,VERY_LONG_LEFT,120,141,0.851063829787234,9,0.075,0.7777777777777778,0.593635517395559,-0.00530706475950627,NO
PL1516,Ben Foster,West Bromwich Albion,True,FREE,VERY_LONG_RIGHT,120,141,0.851063829787234,37,0.30833333333333335,0.7567567567567568,0.627750149327933,-0.003120789100995159,NO
PL1516,Bradley Guzan,Aston Villa,False,FREE,LONG_CENTRAL,486,561,0.8663101604278075,91,0.18724279835390947,0.5934065934065934,0.6635689550323385,-0.0051430928391341885,CENTRAL_ZONE_PROXY_ONLY
PL1516,Bradley Guzan,Aston Villa,False,FREE,LONG_LEFT,486,561,0.8663101604278075,90,0.18518518518518517,0.5333333333333333,0.6969799026311906,-0.0042075860624555764,NO
PL1516,Bradley Guzan,Aston Villa,False,FREE,LONG_RIGHT,486,561,0.8663101604278075,52,0.10699588477366255,0.6538461538461539,0.7225950010448119,-0.004362267766452442,NO
PL1516,Bradley Guzan,Aston Villa,False,FREE,MEDIUM_CENTRAL,486,561,0.8663101604278075,6,0.012345679012345678,1.0,0.9463061324791701,0.0005400951058360717,CENTRAL_ZONE_PROXY_ONLY
PL1516,Bradley Guzan,Aston Villa,False,FREE,MEDIUM_LEFT,486,561,0.8663101604278075,32,0.06584362139917696,1.0,0.8154848440617922,-0.0019621273496045616,NO
PL1516,Bradley Guzan,Aston Villa,False,FREE,MEDIUM_RIGHT,486,561,0.8663101604278075,37,0.07613168724279835,0.972972972972973,0.8323328902237317,-0.0023255497494392894,NO
PL1516,Bradley Guzan,Aston Villa,False,FREE,SHORT_CENTRAL,486,561,0.8663101604278075,44,0.09053497942386832,0.9772727272727273,0.8719002285704112,-0.0015620568058921666,CENTRAL_ZONE_PROXY_ONLY
PL1516,Bradley Guzan,Aston Villa,False,FREE,SHORT_LEFT,486,561,0.8663101604278075,48,0.09876543209876543,1.0,0.8086026456774964,-0.003135956509108266,NO
PL1516,Bradley Guzan,Aston Villa,False,FREE,SHORT_RIGHT,486,561,0.8663101604278075,41,0.08436213991769548,1.0,0.8226907048999541,-0.003035162165811186,NO
PL1516,Bradley Guzan,Aston Villa,False,FREE,VERY_LONG_CENTRAL,486,561,0.8663101604278075,19,0.03909465020576132,0.5789473684210527,0.6050284172451663,-0.005204666741393503,CENTRAL_ZONE_PROXY_ONLY
PL1516,Bradley Guzan,Aston Villa,False,FREE,VERY_LONG_LEFT,486,561,0.8663101604278075,17,0.03497942386831276,0.5294117647058824,0.6305137090525573,-0.005518381057133622,NO
PL1516,Bradley Guzan,Aston Villa,False,FREE,VERY_LONG_RIGHT,486,561,0.8663101604278075,9,0.018518518518518517,0.3333333333333333,0.6645782240816157,-0.005602958404683073,NO
PL1516,Bradley Guzan,Aston Villa,False,PRESSURED,LONG_CENTRAL,41,49,0.8367346938775511,14,0.34146341463414637,0.35714285714285715,0.5334070643594363,-0.008855230610516048,CENTRAL_ZONE_PROXY_ONLY
PL1516,Bradley Guzan,Aston Villa,False,PRESSURED,LONG_LEFT,41,49,0.8367346938775511,9,0.21951219512195122,0.5555555555555556,0.5199082742045769,-0.010269412531476788,NO
PL1516,Bradley Guzan,Aston Villa,False,PRESSURED,LONG_RIGHT,41,49,0.8367346938775511,6,0.14634146341463414,0.6666666666666666,0.5031142623561768,-0.009057006437644696,NO
PL1516,Bradley Guzan,Aston Villa,False,PRESSURED,MEDIUM_CENTRAL,41,49,0.8367346938775511,1,0.024390243902439025,1.0,0.4723247232472324,-0.014603292235346697,CENTRAL_ZONE_PROXY_ONLY
PL1516,Bradley Guzan,Aston Villa,False,PRESSURED,MEDIUM_LEFT,41,49,0.8367346938775511,4,0.0975609756097561,0.75,0.5490491884448158,-0.0056066297482818125,NO
PL1516,Bradley Guzan,Aston Villa,False,PRESSURED,MEDIUM_RIGHT,41,49,0.8367346938775511,2,0.04878048780487805,1.0,0.4996354155158318,-0.011638278447422518,NO
PL1516,Bradley Guzan,Aston Villa,False,PRESSURED,SHORT_CENTRAL,41,49,0.8367346938775511,2,0.04878048780487805,1.0,0.5354800238521169,-0.00464542262783769,CENTRAL_ZONE_PROXY_ONLY
PL1516,Bradley Guzan,Aston Villa,False,PRESSURED,SHORT_LEFT,41,49,0.8367346938775511,1,0.024390243902439025,1.0,0.5194805194805194,-0.004722162342950281,NO
PL1516,Bradley Guzan,Aston Villa,False,PRESSURED,SHORT_RIGHT,41,49,0.8367346938775511,1,0.024390243902439025,1.0,0.5346534653465346,-0.003975363762450413,NO
PL1516,Bradley Guzan,Aston Villa,False,PRESSURED,VERY_LONG_CENTRAL,41,49,0.8367346938775511,1,0.024390243902439025,0.0,0.5128205128205128,-0.006473815801619713,CENTRAL_ZONE_PROXY_ONLY
PL1516,Bradley Guzan,Aston Villa,True,FREE,LONG_CENTRAL,178,224,0.7946428571428571,18,0.10112359550561797,0.5555555555555556,0.6503514390781286,-0.002867434414820976,CENTRAL_ZONE_PROXY_ONLY
PL1516,Bradley Guzan,Aston Villa,True,FREE,LONG_LEFT,178,224,0.7946428571428571,62,0.34831460674157305,0.7419354838709677,0.648130108804498,-0.0037659152876538494,NO
PL1516,Bradley Guzan,Aston Villa,True,FREE,LONG_RIGHT,178,224,0.7946428571428571,51,0.28651685393258425,0.7058823529411765,0.6411792582934197,-0.002921348195638369,NO
PL1516,Bradley Guzan,Aston Villa,True,FREE,MEDIUM_CENTRAL,178,224,0.7946428571428571,2,0.011235955056179775,1.0,0.5887349246129265,-0.004059725816516135,CENTRAL_ZONE_PROXY_ONLY
PL1516,Bradley Guzan,Aston Villa,True,FREE,MEDIUM_LEFT,178,224,0.7946428571428571,3,0.016853932584269662,1.0,0.6868841263130507,-0.003202823943120925,NO
PL1516,Bradley Guzan,Aston Villa,True,FREE,MEDIUM_RIGHT,178,224,0.7946428571428571,4,0.02247191011235955,1.0,0.6464519461845655,-0.0024000641851813546,NO
PL1516,Bradley Guzan,Aston Villa,True,FREE,SHORT_CENTRAL,178,224,0.7946428571428571,7,0.03932584269662921,1.0,0.6095786354473818,-0.004327323134020653,CENTRAL_ZONE_PROXY_ONLY
PL1516,Bradley Guzan,Aston Villa,True,FREE,SHORT_LEFT,178,224,0.7946428571428571,3,0.016853932584269662,1.0,0.6233298739527662,-0.002861441497897063,NO
PL1516,Bradley Guzan,Aston Villa,True,FREE,SHORT_RIGHT,178,224,0.7946428571428571,4,0.02247191011235955,1.0,0.6086739844358972,-0.00269227999909362,NO
PL1516,Bradley Guzan,Aston Villa,True,FREE,VERY_LONG_CENTRAL,178,224,0.7946428571428571,3,0.016853932584269662,0.6666666666666666,0.6598766028431111,-0.0033321736745436305,CENTRAL_ZONE_PROXY_ONLY
PL1516,Bradley Guzan,Aston Villa,True,FREE,VERY_LONG_LEFT,178,224,0.7946428571428571,12,0.06741573033707865,0.75,0.6318824909397259,-0.0038141896256399213,NO
PL1516,Bradley Guzan,Aston Villa,True,FREE,VERY_LONG_RIGHT,178,224,0.7946428571428571,9,0.05056179775280899,0.6666666666666666,0.642686473317468,-0.0031012487950532706,NO
PL1516,Carl Jenkinson,West Ham United,False,FREE,VERY_LONG_RIGHT,1,1,1.0,1,1.0,1.0,0.591324200913242,-0.0013581098557674531,NO
PL1516,Carl Jenkinson,West Ham United,True,FREE,LONG_CENTRAL,1,1,1.0,1,1.0,1.0,0.591324200913242,-0.005003882106131557,CENTRAL_ZONE_PROXY_ONLY
PL1516,Costel Fane Pantilimon,Sunderland,False,FREE,LONG_CENTRAL,302,382,0.7905759162303665,65,0.2152317880794702,0.5076923076923077,0.6532013526808922,-0.005224435345875815,CENTRAL_ZONE_PROXY_ONLY
PL1516,Costel Fane Pantilimon,Sunderland,False,FREE,LONG_LEFT,302,382,0.7905759162303665,24,0.07947019867549669,0.4583333333333333,0.6798815373937913,-0.004249439455963584,NO
PL1516,Costel Fane Pantilimon,Sunderland,False,FREE,LONG_RIGHT,302,382,0.7905759162303665,48,0.15894039735099338,0.5833333333333334,0.6521419970198751,-0.0050774077831061285,NO
PL1516,Costel Fane Pantilimon,Sunderland,False,FREE,MEDIUM_CENTRAL,302,382,0.7905759162303665,10,0.033112582781456956,0.9,0.6718189905736017,-0.00506957243387555,CENTRAL_ZONE_PROXY_ONLY
PL1516,Costel Fane Pantilimon,Sunderland,False,FREE,MEDIUM_LEFT,302,382,0.7905759162303665,13,0.04304635761589404,0.9230769230769231,0.83403982631333,-0.0018123512970491717,NO
PL1516,Costel Fane Pantilimon,Sunderland,False,FREE,MEDIUM_RIGHT,302,382,0.7905759162303665,20,0.06622516556291391,1.0,0.7674708067392079,-0.0039114796912406635,NO
PL1516,Costel Fane Pantilimon,Sunderland,False,FREE,SHORT_CENTRAL,302,382,0.7905759162303665,32,0.10596026490066225,1.0,0.8564352799617285,-0.0022574895674340586,CENTRAL_ZONE_PROXY_ONLY
PL1516,Costel Fane Pantilimon,Sunderland,False,FREE,SHORT_LEFT,302,382,0.7905759162303665,31,0.10264900662251655,1.0,0.8021720768419244,-0.002641958628916052,NO
PL1516,Costel Fane Pantilimon,Sunderland,False,FREE,SHORT_RIGHT,302,382,0.7905759162303665,24,0.07947019867549669,1.0,0.7794791415208003,-0.0027916540305079076,NO
PL1516,Costel Fane Pantilimon,Sunderland,False,FREE,VERY_LONG_CENTRAL,302,382,0.7905759162303665,17,0.056291390728476824,0.29411764705882354,0.5926327056641896,-0.006221830092400688,CENTRAL_ZONE_PROXY_ONLY
PL1516,Costel Fane Pantilimon,Sunderland,False,FREE,VERY_LONG_LEFT,302,382,0.7905759162303665,4,0.013245033112582781,0.5,0.5868922045024276,-0.006325829001947409,NO
PL1516,Costel Fane Pantilimon,Sunderland,False,FREE,VERY_LONG_RIGHT,302,382,0.7905759162303665,14,0.046357615894039736,0.5,0.5513310458232359,-0.006999969499793614,NO
PL1516,Costel Fane Pantilimon,Sunderland,False,PRESSURED,LONG_CENTRAL,18,27,0.6666666666666666,6,0.3333333333333333,0.16666666666666666,0.5062504501707276,-0.007456560841342477,CENTRAL_ZONE_PROXY_ONLY
PL1516,Costel Fane Pantilimon,Sunderland,False,PRESSURED,LONG_LEFT,18,27,0.6666666666666666,1,0.05555555555555555,1.0,0.5194805194805194,-0.011132808000774246,NO
PL1516,Costel Fane Pantilimon,Sunderland,False,PRESSURED,LONG_RIGHT,18,27,0.6666666666666666,3,0.16666666666666666,0.6666666666666666,0.5197490466951544,-0.007850621892284753,NO
PL1516,Costel Fane Pantilimon,Sunderland,False,PRESSURED,MEDIUM_LEFT,18,27,0.6666666666666666,1,0.05555555555555555,1.0,0.5269461077844312,-0.0055631239456826785,NO
PL1516,Costel Fane Pantilimon,Sunderland,False,PRESSURED,MEDIUM_RIGHT,18,27,0.6666666666666666,5,0.2777777777777778,0.4,0.5329746615757187,-0.006407550453241304,NO
PL1516,Costel Fane Pantilimon,Sunderland,False,PRESSURED,SHORT_LEFT,18,27,0.6666666666666666,1,0.05555555555555555,1.0,0.5060240963855422,-0.006871524217490309,NO
PL1516,Costel Fane Pantilimon,Sunderland,False,PRESSURED,SHORT_RIGHT,18,27,0.6666666666666666,1,0.05555555555555555,1.0,0.46464646464646464,-0.004248253570872028,NO
PL1516,Costel Fane Pantilimon,Sunderland,True,FREE,LONG_CENTRAL,127,150,0.8466666666666667,23,0.18110236220472442,0.5217391304347826,0.6023414776165964,-0.0033274164848207987,CENTRAL_ZONE_PROXY_ONLY
PL1516,Costel Fane Pantilimon,Sunderland,True,FREE,LONG_LEFT,127,150,0.8466666666666667,26,0.2047244094488189,0.5769230769230769,0.5885053951227193,-0.005142549896054795,NO
PL1516,Costel Fane Pantilimon,Sunderland,True,FREE,LONG_RIGHT,127,150,0.8466666666666667,44,0.3464566929133858,0.6363636363636364,0.6133374563445304,-0.0028234051875942346,NO
PL1516,Costel Fane Pantilimon,Sunderland,True,FREE,MEDIUM_LEFT,127,150,0.8466666666666667,5,0.03937007874015748,1.0,0.6179298410941565,-0.004667785641035987,NO
PL1516,Costel Fane Pantilimon,Sunderland,True,FREE,MEDIUM_RIGHT,127,150,0.8466666666666667,3,0.023622047244094488,1.0,0.6004411848965795,-0.0026940707858640347,NO
PL1516,Costel Fane Pantilimon,Sunderland,True,FREE,SHORT_CENTRAL,127,150,0.8466666666666667,1,0.007874015748031496,1.0,0.6166666666666667,-0.004786388004871267,CENTRAL_ZONE_PROXY_ONLY
PL1516,Costel Fane Pantilimon,Sunderland,True,FREE,SHORT_LEFT,127,150,0.8466666666666667,7,0.05511811023622047,1.0,0.6161081275466918,-0.004409538057264393,NO
PL1516,Costel Fane Pantilimon,Sunderland,True,FREE,SHORT_RIGHT,127,150,0.8466666666666667,3,0.023622047244094488,1.0,0.6503683038445537,-0.001385110927868931,NO
PL1516,Costel Fane Pantilimon,Sunderland,True,FREE,VERY_LONG_CENTRAL,127,150,0.8466666666666667,2,0.015748031496062992,0.5,0.5841817379188565,-0.004617967521430627,CENTRAL_ZONE_PROXY_ONLY
PL1516,Costel Fane Pantilimon,Sunderland,True,FREE,VERY_LONG_LEFT,127,150,0.8466666666666667,5,0.03937007874015748,0.8,0.5973996148056845,-0.00468177141912426,NO
PL1516,Costel Fane Pantilimon,Sunderland,True,FREE,VERY_LONG_RIGHT,127,150,0.8466666666666667,8,0.06299212598425197,0.5,0.6191087588720128,-0.002831969277435924,NO
PL1516,Danny Ward,Liverpool,False,FREE,LONG_CENTRAL,43,46,0.9347826086956522,5,0.11627906976744186,0.4,0.5910338040773901,-0.007553613616777377,CENTRAL_ZONE_PROXY_ONLY
PL1516,Danny Ward,Liverpool,False,FREE,LONG_LEFT,43,46,0.9347826086956522,3,0.06976744186046512,0.0,0.6875205476133622,-0.004307023595842478,NO
PL1516,Danny Ward,Liverpool,False,FREE,LONG_RIGHT,43,46,0.9347826086956522,9,0.20930232558139536,0.4444444444444444,0.6162726986251743,-0.004961643144309546,NO
PL1516,Danny Ward,Liverpool,False,FREE,MEDIUM_LEFT,43,46,0.9347826086956522,1,0.023255813953488372,1.0,0.9545454545454546,0.000590748459606087,NO
PL1516,Danny Ward,Liverpool,False,FREE,MEDIUM_RIGHT,43,46,0.9347826086956522,3,0.06976744186046512,1.0,0.7839818463563043,-0.00448280939041652,NO
PL1516,Danny Ward,Liverpool,False,FREE,SHORT_CENTRAL,43,46,0.9347826086956522,7,0.16279069767441862,1.0,0.8523861285082945,-0.0021499224194933635,CENTRAL_ZONE_PROXY_ONLY
PL1516,Danny Ward,Liverpool,False,FREE,SHORT_LEFT,43,46,0.9347826086956522,8,0.18604651162790697,1.0,0.7765956198399576,-0.002673963978700669,NO
PL1516,Danny Ward,Liverpool,False,FREE,SHORT_RIGHT,43,46,0.9347826086956522,5,0.11627906976744186,1.0,0.742641914732354,-0.0035006989680225627,NO
PL1516,Danny Ward,Liverpool,False,FREE,VERY_LONG_CENTRAL,43,46,0.9347826086956522,2,0.046511627906976744,0.5,0.6038557326434744,-0.007551178318627207,CENTRAL_ZONE_PROXY_ONLY
PL1516,Danny Ward,Liverpool,True,FREE,LONG_CENTRAL,10,11,0.9090909090909091,1,0.1,0.0,0.6290322580645161,-0.0018510733037906775,CENTRAL_ZONE_PROXY_ONLY
PL1516,Danny Ward,Liverpool,True,FREE,LONG_RIGHT,10,11,0.9090909090909091,1,0.1,0.0,0.5269461077844312,-0.005169802471352591,NO
PL1516,Danny Ward,Liverpool,True,FREE,MEDIUM_LEFT,10,11,0.9090909090909091,2,0.2,1.0,0.6447048082775411,-0.0014639566926989813,NO
PL1516,Danny Ward,Liverpool,True,FREE,SHORT_RIGHT,10,11,0.9090909090909091,2,0.2,1.0,0.6603773584905659,-0.001076840081607285,NO
PL1516,Danny Ward,Liverpool,True,FREE,VERY_LONG_CENTRAL,10,11,0.9090909090909091,3,0.3,0.0,0.6548117154811716,-0.0030316368709930696,CENTRAL_ZONE_PROXY_ONLY
PL1516,Danny Ward,Liverpool,True,FREE,VERY_LONG_LEFT,10,11,0.9090909090909091,1,0.1,1.0,0.6603773584905659,-0.001076840081607285,NO
PL1516,Darren Randolph,West Ham United,False,FREE,LONG_CENTRAL,118,135,0.8740740740740741,17,0.1440677966101695,0.7058823529411765,0.6461091764804565,-0.006046770061864006,CENTRAL_ZONE_PROXY_ONLY
PL1516,Darren Randolph,West Ham United,False,FREE,LONG_LEFT,118,135,0.8740740740740741,16,0.13559322033898305,0.8125,0.6731835144215507,-0.004527853478803045,NO
PL1516,Darren Randolph,West Ham United,False,FREE,LONG_RIGHT,118,135,0.8740740740740741,12,0.1016949152542373,0.6666666666666666,0.589878390683137,-0.007113967274659132,NO
PL1516,Darren Randolph,West Ham United,False,FREE,MEDIUM_CENTRAL,118,135,0.8740740740740741,1,0.00847457627118644,1.0,0.6807653575025177,-0.004483471926958352,CENTRAL_ZONE_PROXY_ONLY
PL1516,Darren Randolph,West Ham United,False,FREE,MEDIUM_LEFT,118,135,0.8740740740740741,4,0.03389830508474576,1.0,0.8975300600479229,-0.0038581065168887254,NO
PL1516,Darren Randolph,West Ham United,False,FREE,MEDIUM_RIGHT,118,135,0.8740740740740741,6,0.05084745762711865,1.0,0.9126598948475896,-0.001165337346007135,NO
PL1516,Darren Randolph,West Ham United,False,FREE,SHORT_CENTRAL,118,135,0.8740740740740741,17,0.1440677966101695,1.0,0.8227490790737452,-0.0033779297024885023,CENTRAL_ZONE_PROXY_ONLY
PL1516,Darren Randolph,West Ham United,False,FREE,SHORT_LEFT,118,135,0.8740740740740741,6,0.05084745762711865,1.0,0.8105522302361647,-0.0026515796962445493,NO
PL1516,Darren Randolph,West Ham United,False,FREE,SHORT_RIGHT,118,135,0.8740740740740741,7,0.059322033898305086,1.0,0.8478404271554509,-0.0008193886080797488,NO
PL1516,Darren Randolph,West Ham United,False,FREE,VERY_LONG_CENTRAL,118,135,0.8740740740740741,22,0.1864406779661017,0.5909090909090909,0.6234532966059677,-0.006106419877787272,CENTRAL_ZONE_PROXY_ONLY
PL1516,Darren Randolph,West Ham United,False,FREE,VERY_LONG_LEFT,118,135,0.8740740740740741,9,0.07627118644067797,0.5555555555555556,0.6308570850608692,-0.006464828674073378,NO
PL1516,Darren Randolph,West Ham United,False,FREE,VERY_LONG_RIGHT,118,135,0.8740740740740741,1,0.00847457627118644,1.0,0.6216216216216216,-0.0024773304917816196,NO
PL1516,Darren Randolph,West Ham United,False,PRESSURED,LONG_CENTRAL,8,10,0.8,1,0.125,1.0,0.5060240963855422,-0.006871524217490309,CENTRAL_ZONE_PROXY_ONLY
PL1516,Darren Randolph,West Ham United,False,PRESSURED,LONG_LEFT,8,10,0.8,1,0.125,0.0,0.5194805194805194,-0.00532664053910271,NO
PL1516,Darren Randolph,West Ham United,False,PRESSURED,LONG_RIGHT,8,10,0.8,2,0.25,0.0,0.4962552914360144,-0.008284178101356943,NO
PL1516,Darren Randolph,West Ham United,False,PRESSURED,MEDIUM_LEFT,8,10,0.8,1,0.125,0.0,0.5269461077844312,-0.0041141885432705305,NO
PL1516,Darren Randolph,West Ham United,False,PRESSURED,VERY_LONG_CENTRAL,8,10,0.8,3,0.375,0.3333333333333333,0.49951155975252365,-0.006694796824136475,CENTRAL_ZONE_PROXY_ONLY
PL1516,Darren Randolph,West Ham United,True,FREE,LONG_CENTRAL,30,46,0.6521739130434783,2,0.06666666666666667,0.5,0.5925343582576287,-0.005380360816498979,CENTRAL_ZONE_PROXY_ONLY
PL1516,Darren Randolph,West Ham United,True,FREE,LONG_LEFT,30,46,0.6521739130434783,2,0.06666666666666667,0.5,0.6873948965416392,-0.0030455414663546807,NO
PL1516,Darren Randolph,West Ham United,True,FREE,LONG_RIGHT,30,46,0.6521739130434783,3,0.1,1.0,0.5680648105101849,-0.0035720652944694832,NO
PL1516,Darren Randolph,West Ham United,True,FREE,MEDIUM_LEFT,30,46,0.6521739130434783,2,0.06666666666666667,1.0,0.6807653575025177,-0.0029576469987498927,NO
PL1516,Darren Randolph,West Ham United,True,FREE,MEDIUM_RIGHT,30,46,0.6521739130434783,1,0.03333333333333333,1.0,0.6807653575025177,-0.0029576469987498927,NO
PL1516,Darren Randolph,West Ham United,True,FREE,SHORT_CENTRAL,30,46,0.6521739130434783,2,0.06666666666666667,1.0,0.6030357664944936,-0.0028620181552685637,CENTRAL_ZONE_PROXY_ONLY
PL1516,Darren Randolph,West Ham United,True,FREE,SHORT_RIGHT,30,46,0.6521739130434783,1,0.03333333333333333,1.0,0.6807653575025177,-0.001187645126562227,NO
PL1516,Darren Randolph,West Ham United,True,FREE,VERY_LONG_CENTRAL,30,46,0.6521739130434783,7,0.23333333333333334,1.0,0.5606282165421951,-0.0046648647799579,CENTRAL_ZONE_PROXY_ONLY
PL1516,Darren Randolph,West Ham United,True,FREE,VERY_LONG_LEFT,30,46,0.6521739130434783,2,0.06666666666666667,0.0,0.6079664570230607,-0.0037576810705285016,NO
PL1516,Darren Randolph,West Ham United,True,FREE,VERY_LONG_RIGHT,30,46,0.6521739130434783,8,0.26666666666666666,0.5,0.5654356681980145,-0.004704894445965218,NO
PL1516,David Ospina Ramírez,Arsenal,False,FREE,LONG_CENTRAL,77,92,0.8369565217391305,8,0.1038961038961039,0.875,0.5404651439662274,-0.007845728387941488,CENTRAL_ZONE_PROXY_ONLY
PL1516,David Ospina Ramírez,Arsenal,False,FREE,LONG_LEFT,77,92,0.8369565217391305,9,0.11688311688311688,0.5555555555555556,0.6179731684839742,-0.006487793590972544,NO
PL1516,David Ospina Ramírez,Arsenal,False,FREE,LONG_RIGHT,77,92,0.8369565217391305,11,0.14285714285714285,0.8181818181818182,0.5118338444889875,-0.007641831487029225,NO
PL1516,David Ospina Ramírez,Arsenal,False,FREE,MEDIUM_CENTRAL,77,92,0.8369565217391305,3,0.03896103896103896,1.0,0.6652917313294672,-0.0059532761256265235,CENTRAL_ZONE_PROXY_ONLY
PL1516,David Ospina Ramírez,Arsenal,False,FREE,MEDIUM_LEFT,77,92,0.8369565217391305,7,0.09090909090909091,1.0,0.8052628966979646,-0.003119202628186915,NO
PL1516,David Ospina Ramírez,Arsenal,False,FREE,MEDIUM_RIGHT,77,92,0.8369565217391305,7,0.09090909090909091,1.0,0.8057375964527314,-0.0030413313905289373,NO
PL1516,David Ospina Ramírez,Arsenal,False,FREE,SHORT_CENTRAL,77,92,0.8369565217391305,8,0.1038961038961039,1.0,0.7213314926475951,-0.004893178626734565,CENTRAL_ZONE_PROXY_ONLY
PL1516,David Ospina Ramírez,Arsenal,False,FREE,SHORT_LEFT,77,92,0.8369565217391305,5,0.06493506493506493,1.0,0.6580572324877563,-0.0063431051554487805,NO
PL1516,David Ospina Ramírez,Arsenal,False,FREE,SHORT_RIGHT,77,92,0.8369565217391305,10,0.12987012987012986,1.0,0.7598858589596075,-0.0037202662894578195,NO
PL1516,David Ospina Ramírez,Arsenal,False,FREE,VERY_LONG_CENTRAL,77,92,0.8369565217391305,3,0.03896103896103896,1.0,0.5046701542727227,-0.007013576872263238,CENTRAL_ZONE_PROXY_ONLY
PL1516,David Ospina Ramírez,Arsenal,False,FREE,VERY_LONG_LEFT,77,92,0.8369565217391305,4,0.05194805194805195,0.5,0.5138125763125764,-0.007258635634886474,NO
PL1516,David Ospina Ramírez,Arsenal,False,FREE,VERY_LONG_RIGHT,77,92,0.8369565217391305,2,0.025974025974025976,1.0,0.4959026213638759,-0.006659267216650252,NO
PL1516,David Ospina Ramírez,Arsenal,False,PRESSURED,LONG_CENTRAL,4,5,0.8,1,0.25,0.0,0.4723247232472324,-0.01109228362553221,CENTRAL_ZONE_PROXY_ONLY
PL1516,David Ospina Ramírez,Arsenal,False,PRESSURED,LONG_RIGHT,4,5,0.8,2,0.5,0.0,0.3404761904761905,-0.015551295271307334,NO
PL1516,David Ospina Ramírez,Arsenal,False,PRESSURED,MEDIUM_RIGHT,4,5,0.8,1,0.25,1.0,0.0,-0.01743534860747737,NO
PL1516,David Ospina Ramírez,Arsenal,True,FREE,LONG_CENTRAL,25,29,0.8620689655172413,6,0.24,1.0,0.5617790304817935,-0.004617834847553431,CENTRAL_ZONE_PROXY_ONLY
PL1516,David Ospina Ramírez,Arsenal,True,FREE,LONG_LEFT,25,29,0.8620689655172413,6,0.24,1.0,0.5781806099174517,-0.005421307615380243,NO
PL1516,David Ospina Ramírez,Arsenal,True,FREE,LONG_RIGHT,25,29,0.8620689655172413,8,0.32,0.625,0.554928325483879,-0.004779379554406049,NO
PL1516,David Ospina Ramírez,Arsenal,True,FREE,MEDIUM_LEFT,25,29,0.8620689655172413,1,0.04,1.0,0.5269461077844312,-0.006869469345661653,NO
PL1516,David Ospina Ramírez,Arsenal,True,FREE,SHORT_LEFT,25,29,0.8620689655172413,1,0.04,1.0,0.6290322580645161,-0.0018510733037906775,NO
PL1516,David Ospina Ramírez,Arsenal,True,FREE,SHORT_RIGHT,25,29,0.8620689655172413,1,0.04,1.0,0.6290322580645161,-0.0018510733037906775,NO
PL1516,David Ospina Ramírez,Arsenal,True,FREE,VERY_LONG_CENTRAL,25,29,0.8620689655172413,1,0.04,1.0,0.5742092457420925,-0.005420969992175349,CENTRAL_ZONE_PROXY_ONLY
PL1516,David Ospina Ramírez,Arsenal,True,FREE,VERY_LONG_LEFT,25,29,0.8620689655172413,1,0.04,1.0,0.5246913580246915,-0.007050192683164717,NO
PL1516,David de Gea Quintana,Manchester United,False,FREE,LONG_CENTRAL,531,602,0.8820598006644518,58,0.10922787193973635,0.39655172413793105,0.614221165249212,-0.005967672782134923,CENTRAL_ZONE_PROXY_ONLY
PL1516,David de Gea Quintana,Manchester United,False,FREE,LONG_LEFT,531,602,0.8820598006644518,90,0.1694915254237288,0.7333333333333333,0.6499351834897887,-0.005680204564963609,NO
PL1516,David de Gea Quintana,Manchester United,False,FREE,LONG_RIGHT,531,602,0.8820598006644518,49,0.09227871939736347,0.6122448979591837,0.613007876789507,-0.006480847521624063,NO
PL1516,David de Gea Quintana,Manchester United,False,FREE,MEDIUM_CENTRAL,531,602,0.8820598006644518,7,0.013182674199623353,0.8571428571428571,0.7508193117603655,-0.0035992566974479166,CENTRAL_ZONE_PROXY_ONLY
PL1516,David de Gea Quintana,Manchester United,False,FREE,MEDIUM_LEFT,531,602,0.8820598006644518,59,0.1111111111111111,0.9830508474576272,0.7535241997437505,-0.003776508992724422,NO
PL1516,David de Gea Quintana,Manchester United,False,FREE,MEDIUM_RIGHT,531,602,0.8820598006644518,21,0.03954802259887006,0.9047619047619048,0.806513285757851,-0.0022444532260303433,NO
PL1516,David de Gea Quintana,Manchester United,False,FREE,SHORT_CENTRAL,531,602,0.8820598006644518,73,0.1374764595103578,1.0,0.7370794791784238,-0.003800966078938642,CENTRAL_ZONE_PROXY_ONLY
PL1516,David de Gea Quintana,Manchester United,False,FREE,SHORT_LEFT,531,602,0.8820598006644518,74,0.1393596986817326,1.0,0.7496052467093467,-0.0036449962450616287,NO
PL1516,David de Gea Quintana,Manchester United,False,FREE,SHORT_RIGHT,531,602,0.8820598006644518,52,0.09792843691148775,1.0,0.7315670658347616,-0.004364501911594851,NO
PL1516,David de Gea Quintana,Manchester United,False,FREE,VERY_LONG_CENTRAL,531,602,0.8820598006644518,13,0.02448210922787194,0.5384615384615384,0.5578206646843435,-0.006697293805323848,CENTRAL_ZONE_PROXY_ONLY
PL1516,David de Gea Quintana,Manchester United,False,FREE,VERY_LONG_LEFT,531,602,0.8820598006644518,28,0.05273069679849341,0.5714285714285714,0.5637231944071452,-0.006818935312953405,NO
PL1516,David de Gea Quintana,Manchester United,False,FREE,VERY_LONG_RIGHT,531,602,0.8820598006644518,7,0.013182674199623353,0.5714285714285714,0.5726753940094166,-0.005330424809483404,NO
PL1516,David de Gea Quintana,Manchester United,False,PRESSURED,LONG_CENTRAL,51,63,0.8095238095238095,7,0.13725490196078433,0.2857142857142857,0.4577497442870612,-0.009111787459710325,CENTRAL_ZONE_PROXY_ONLY
PL1516,David de Gea Quintana,Manchester United,False,PRESSURED,LONG_LEFT,51,63,0.8095238095238095,10,0.19607843137254902,0.6,0.48427564516460403,-0.00731884185327603,NO
PL1516,David de Gea Quintana,Manchester United,False,PRESSURED,LONG_RIGHT,51,63,0.8095238095238095,9,0.17647058823529413,0.4444444444444444,0.46787293613880404,-0.009826318528534772,NO
PL1516,David de Gea Quintana,Manchester United,False,PRESSURED,MEDIUM_CENTRAL,51,63,0.8095238095238095,2,0.0392156862745098,0.0,0.5258187329045614,-0.005399597850868485,CENTRAL_ZONE_PROXY_ONLY
PL1516,David de Gea Quintana,Manchester United,False,PRESSURED,MEDIUM_LEFT,51,63,0.8095238095238095,5,0.09803921568627451,1.0,0.45247217703471154,-0.006809004364118447,NO
PL1516,David de Gea Quintana,Manchester United,False,PRESSURED,MEDIUM_RIGHT,51,63,0.8095238095238095,2,0.0392156862745098,1.0,0.4861623616236162,-0.007602218026558574,NO
PL1516,David de Gea Quintana,Manchester United,False,PRESSURED,SHORT_CENTRAL,51,63,0.8095238095238095,3,0.058823529411764705,0.6666666666666666,0.5229544118433008,-0.004432054774536867,CENTRAL_ZONE_PROXY_ONLY
PL1516,David de Gea Quintana,Manchester United,False,PRESSURED,SHORT_LEFT,51,63,0.8095238095238095,7,0.13725490196078433,1.0,0.4969509388290776,-0.006842294379462743,NO
PL1516,David de Gea Quintana,Manchester United,False,PRESSURED,SHORT_RIGHT,51,63,0.8095238095238095,1,0.0196078431372549,1.0,0.4647887323943662,-0.015807170929640416,NO
PL1516,David de Gea Quintana,Manchester United,False,PRESSURED,VERY_LONG_LEFT,51,63,0.8095238095238095,4,0.0784313725490196,0.5,0.3939494021936338,-0.011461694501283133,NO
PL1516,David de Gea Quintana,Manchester United,False,PRESSURED,VERY_LONG_RIGHT,51,63,0.8095238095238095,1,0.0196078431372549,1.0,0.5128205128205128,-0.013017604135897766,NO
PL1516,David de Gea Quintana,Manchester United,True,FREE,LONG_CENTRAL,243,286,0.8496503496503497,18,0.07407407407407407,0.5,0.5805941036678273,-0.004613957992955586,CENTRAL_ZONE_PROXY_ONLY
PL1516,David de Gea Quintana,Manchester United,True,FREE,LONG_LEFT,243,286,0.8496503496503497,69,0.2839506172839506,0.6811594202898551,0.5819680749013689,-0.00505958446384983,NO
PL1516,David de Gea Quintana,Manchester United,True,FREE,LONG_RIGHT,243,286,0.8496503496503497,47,0.1934156378600823,0.8085106382978723,0.5791314818368447,-0.004156464203905374,NO
PL1516,David de Gea Quintana,Manchester United,True,FREE,MEDIUM_CENTRAL,243,286,0.8496503496503497,5,0.0205761316872428,1.0,0.5546841776680893,-0.004951821766658415,CENTRAL_ZONE_PROXY_ONLY
PL1516,David de Gea Quintana,Manchester United,True,FREE,MEDIUM_LEFT,243,286,0.8496503496503497,14,0.05761316872427984,0.9285714285714286,0.5813817282910972,-0.005139686425974803,NO
PL1516,David de Gea Quintana,Manchester United,True,FREE,MEDIUM_RIGHT,243,286,0.8496503496503497,8,0.03292181069958848,1.0,0.6217116458522373,-0.0028866905146127356,NO
PL1516,David de Gea Quintana,Manchester United,True,FREE,SHORT_CENTRAL,243,286,0.8496503496503497,13,0.053497942386831275,1.0,0.5916184696393387,-0.0039006565158418507,CENTRAL_ZONE_PROXY_ONLY
PL1516,David de Gea Quintana,Manchester United,True,FREE,SHORT_LEFT,243,286,0.8496503496503497,21,0.08641975308641975,1.0,0.5880176126758276,-0.005145505738855084,NO
PL1516,David de Gea Quintana,Manchester United,True,FREE,SHORT_RIGHT,243,286,0.8496503496503497,8,0.03292181069958848,1.0,0.5983474848364765,-0.004154558349360219,NO
PL1516,David de Gea Quintana,Manchester United,True,FREE,VERY_LONG_CENTRAL,243,286,0.8496503496503497,6,0.024691358024691357,0.5,0.6068033292763058,-0.004218130547205228,CENTRAL_ZONE_PROXY_ONLY
PL1516,David de Gea Quintana,Manchester United,True,FREE,VERY_LONG_LEFT,243,286,0.8496503496503497,23,0.09465020576131687,0.6956521739130435,0.5785592865213675,-0.004760180877627651,NO
PL1516,David de Gea Quintana,Manchester United,True,FREE,VERY_LONG_RIGHT,243,286,0.8496503496503497,11,0.04526748971193416,0.8181818181818182,0.5979814691281278,-0.004260037466234128,NO
PL1516,Declan Rudd,Norwich City,False,FREE,LONG_CENTRAL,162,218,0.7431192660550459,36,0.2222222222222222,0.4722222222222222,0.6510249566643601,-0.005434199215845768,CENTRAL_ZONE_PROXY_ONLY
PL1516,Declan Rudd,Norwich City,False,FREE,LONG_LEFT,162,218,0.7431192660550459,14,0.08641975308641975,0.42857142857142855,0.6837383247009113,-0.004221910779084363,NO
PL1516,Declan Rudd,Norwich City,False,FREE,LONG_RIGHT,162,218,0.7431192660550459,24,0.14814814814814814,0.5416666666666666,0.6116002626575855,-0.0066354890290712875,NO
PL1516,Declan Rudd,Norwich City,False,FREE,MEDIUM_CENTRAL,162,218,0.7431192660550459,2,0.012345679012345678,0.5,0.6997510270135691,-0.002799744434135342,CENTRAL_ZONE_PROXY_ONLY
PL1516,Declan Rudd,Norwich City,False,FREE,MEDIUM_LEFT,162,218,0.7431192660550459,11,0.06790123456790123,0.9090909090909091,0.8521354340788033,-0.0023319444274725533,NO
PL1516,Declan Rudd,Norwich City,False,FREE,MEDIUM_RIGHT,162,218,0.7431192660550459,11,0.06790123456790123,0.9090909090909091,0.8447450851042239,-0.002740297886346467,NO
PL1516,Declan Rudd,Norwich City,False,FREE,SHORT_CENTRAL,162,218,0.7431192660550459,15,0.09259259259259259,1.0,0.8867641864817901,-0.0010174068929886132,CENTRAL_ZONE_PROXY_ONLY
PL1516,Declan Rudd,Norwich City,False,FREE,SHORT_LEFT,162,218,0.7431192660550459,12,0.07407407407407407,1.0,0.7336367898909489,-0.0044534954544221805,NO
PL1516,Declan Rudd,Norwich City,False,FREE,SHORT_RIGHT,162,218,0.7431192660550459,16,0.09876543209876543,1.0,0.886796649385106,-0.002226120242139297,NO
PL1516,Declan Rudd,Norwich City,False,FREE,VERY_LONG_CENTRAL,162,218,0.7431192660550459,10,0.06172839506172839,0.6,0.6177949833452073,-0.004770981084949776,CENTRAL_ZONE_PROXY_ONLY
PL1516,Declan Rudd,Norwich City,False,FREE,VERY_LONG_LEFT,162,218,0.7431192660550459,6,0.037037037037037035,0.6666666666666666,0.6560232421811167,-0.005330584578782409,NO
PL1516,Declan Rudd,Norwich City,False,FREE,VERY_LONG_RIGHT,162,218,0.7431192660550459,5,0.030864197530864196,0.4,0.6822077792175649,-0.00548386731654467,NO
PL1516,Declan Rudd,Norwich City,False,PRESSURED,LONG_CENTRAL,12,15,0.8,5,0.4166666666666667,0.4,0.47291653265984224,-0.005890703503182257,CENTRAL_ZONE_PROXY_ONLY
PL1516,Declan Rudd,Norwich City,False,PRESSURED,LONG_LEFT,12,15,0.8,1,0.08333333333333333,1.0,0.5128205128205128,-0.006642917206736211,NO
PL1516,Declan Rudd,Norwich City,False,PRESSURED,LONG_RIGHT,12,15,0.8,3,0.25,1.0,0.5175290444751522,-0.00411733026103356,NO
PL1516,Declan Rudd,Norwich City,False,PRESSURED,MEDIUM_LEFT,12,15,0.8,1,0.08333333333333333,1.0,0.5269461077844312,-0.009032694549922886,NO
PL1516,Declan Rudd,Norwich City,False,PRESSURED,SHORT_LEFT,12,15,0.8,1,0.08333333333333333,1.0,0.5269461077844312,-0.019965662033866162,NO
PL1516,Declan Rudd,Norwich City,False,PRESSURED,SHORT_RIGHT,12,15,0.8,1,0.08333333333333333,1.0,0.46464646464646464,-0.007475835617553194,NO
PL1516,Declan Rudd,Norwich City,True,FREE,LONG_CENTRAL,76,95,0.8,4,0.05263157894736842,0.5,0.6187284129965214,-0.0029739784049783876,CENTRAL_ZONE_PROXY_ONLY
PL1516,Declan Rudd,Norwich City,True,FREE,LONG_LEFT,76,95,0.8,9,0.11842105263157894,0.7777777777777778,0.604240649711224,-0.003970910101912801,NO
PL1516,Declan Rudd,Norwich City,True,FREE,LONG_RIGHT,76,95,0.8,18,0.23684210526315788,0.6666666666666666,0.6192832869876218,-0.0031031828773631694,NO
PL1516,Declan Rudd,Norwich City,True,FREE,MEDIUM_CENTRAL,76,95,0.8,1,0.013157894736842105,0.0,0.664440734557596,-0.001757157046835947,CENTRAL_ZONE_PROXY_ONLY
PL1516,Declan Rudd,Norwich City,True,FREE,MEDIUM_LEFT,76,95,0.8,3,0.039473684210526314,1.0,0.6334133160347558,-0.0031124170736241442,NO
PL1516,Declan Rudd,Norwich City,True,FREE,MEDIUM_RIGHT,76,95,0.8,2,0.02631578947368421,1.0,0.6315186319272668,-0.001972208993964016,NO
PL1516,Declan Rudd,Norwich City,True,FREE,SHORT_CENTRAL,76,95,0.8,2,0.02631578947368421,1.0,0.6337601078167114,-0.003478904471192474,CENTRAL_ZONE_PROXY_ONLY
PL1516,Declan Rudd,Norwich City,True,FREE,SHORT_LEFT,76,95,0.8,1,0.013157894736842105,1.0,0.664440734557596,-0.003831071076570393,NO
PL1516,Declan Rudd,Norwich City,True,FREE,SHORT_RIGHT,76,95,0.8,1,0.013157894736842105,1.0,0.6290322580645161,-0.00448203149800393,NO
PL1516,Declan Rudd,Norwich City,True,FREE,VERY_LONG_CENTRAL,76,95,0.8,6,0.07894736842105263,0.3333333333333333,0.595518392910557,-0.0035913884800659736,CENTRAL_ZONE_PROXY_ONLY
PL1516,Declan Rudd,Norwich City,True,FREE,VERY_LONG_LEFT,76,95,0.8,12,0.15789473684210525,0.25,0.5943672812388663,-0.004201676017096335,NO
PL1516,Declan Rudd,Norwich City,True,FREE,VERY_LONG_RIGHT,76,95,0.8,17,0.2236842105263158,0.5882352941176471,0.5971906876354607,-0.003663962805387693,NO
PL1516,Fraser Forster,Southampton,False,FREE,LONG_CENTRAL,276,312,0.8846153846153846,60,0.21739130434782608,0.55,0.6084509401704742,-0.006561704932328775,CENTRAL_ZONE_PROXY_ONLY
PL1516,Fraser Forster,Southampton,False,FREE,LONG_LEFT,276,312,0.8846153846153846,44,0.15942028985507245,0.75,0.6522172554118321,-0.005795773809596175,NO
PL1516,Fraser Forster,Southampton,False,FREE,LONG_RIGHT,276,312,0.8846153846153846,26,0.09420289855072464,0.5769230769230769,0.5997803382970581,-0.007057813712084615,NO
PL1516,Fraser Forster,Southampton,False,FREE,MEDIUM_CENTRAL,276,312,0.8846153846153846,6,0.021739130434782608,0.8333333333333334,0.7010912047457228,-0.005549067300696437,CENTRAL_ZONE_PROXY_ONLY
PL1516,Fraser Forster,Southampton,False,FREE,MEDIUM_LEFT,276,312,0.8846153846153846,9,0.03260869565217391,1.0,0.6750737732870995,-0.005273364039705134,NO
PL1516,Fraser Forster,Southampton,False,FREE,MEDIUM_RIGHT,276,312,0.8846153846153846,14,0.050724637681159424,0.8571428571428571,0.7265229075085157,-0.005167631097831178,NO
PL1516,Fraser Forster,Southampton,False,FREE,SHORT_CENTRAL,276,312,0.8846153846153846,25,0.09057971014492754,1.0,0.7519439072474055,-0.003826792467415624,CENTRAL_ZONE_PROXY_ONLY
PL1516,Fraser Forster,Southampton,False,FREE,SHORT_LEFT,276,312,0.8846153846153846,13,0.04710144927536232,0.8461538461538461,0.7793963267842107,-0.0035607652263875897,NO
PL1516,Fraser Forster,Southampton,False,FREE,SHORT_RIGHT,276,312,0.8846153846153846,16,0.057971014492753624,1.0,0.7072597313173536,-0.004308574563751928,NO
PL1516,Fraser Forster,Southampton,False,FREE,VERY_LONG_CENTRAL,276,312,0.8846153846153846,37,0.13405797101449277,0.4594594594594595,0.5812719231866406,-0.0065043049646847624,CENTRAL_ZONE_PROXY_ONLY
PL1516,Fraser Forster,Southampton,False,FREE,VERY_LONG_LEFT,276,312,0.8846153846153846,19,0.06884057971014493,0.47368421052631576,0.6109378414010592,-0.006274603154056968,NO
PL1516,Fraser Forster,Southampton,False,FREE,VERY_LONG_RIGHT,276,312,0.8846153846153846,7,0.025362318840579712,0.7142857142857143,0.5585198285920403,-0.007904026116030232,NO
PL1516,Fraser Forster,Southampton,False,PRESSURED,LONG_CENTRAL,18,28,0.6428571428571429,6,0.3333333333333333,0.8333333333333334,0.5274381844755948,-0.009749316253724868,CENTRAL_ZONE_PROXY_ONLY
PL1516,Fraser Forster,Southampton,False,PRESSURED,LONG_LEFT,18,28,0.6428571428571429,2,0.1111111111111111,0.5,0.47940560486685946,-0.00656402289506673,NO
PL1516,Fraser Forster,Southampton,False,PRESSURED,LONG_RIGHT,18,28,0.6428571428571429,3,0.16666666666666666,0.0,0.5040875701871378,-0.013718167491097133,NO
PL1516,Fraser Forster,Southampton,False,PRESSURED,MEDIUM_CENTRAL,18,28,0.6428571428571429,1,0.05555555555555555,0.0,0.5128205128205128,-0.0075991711781500364,CENTRAL_ZONE_PROXY_ONLY
PL1516,Fraser Forster,Southampton,False,PRESSURED,MEDIUM_RIGHT,18,28,0.6428571428571429,2,0.1111111111111111,1.0,0.5346534653465346,-0.00458308449103093,NO
PL1516,Fraser Forster,Southampton,False,PRESSURED,SHORT_CENTRAL,18,28,0.6428571428571429,1,0.05555555555555555,1.0,0.5346534653465346,-0.0036861872425914812,CENTRAL_ZONE_PROXY_ONLY
PL1516,Fraser Forster,Southampton,False,PRESSURED,SHORT_LEFT,18,28,0.6428571428571429,1,0.05555555555555555,1.0,0.5060240963855422,-0.00953466713278471,NO
PL1516,Fraser Forster,Southampton,False,PRESSURED,VERY_LONG_LEFT,18,28,0.6428571428571429,1,0.05555555555555555,1.0,0.5346534653465346,-0.0049539526162242714,NO
PL1516,Fraser Forster,Southampton,False,PRESSURED,VERY_LONG_RIGHT,18,28,0.6428571428571429,1,0.05555555555555555,0.0,0.5128205128205128,-0.009940808745804035,NO
PL1516,Fraser Forster,Southampton,True,FREE,LONG_CENTRAL,117,143,0.8181818181818182,26,0.2222222222222222,0.6153846153846154,0.5806237944287932,-0.00383355347922557,CENTRAL_ZONE_PROXY_ONLY
PL1516,Fraser Forster,Southampton,True,FREE,LONG_LEFT,117,143,0.8181818181818182,18,0.15384615384615385,0.8888888888888888,0.6041156441385013,-0.004895807555431612,NO
PL1516,Fraser Forster,Southampton,True,FREE,LONG_RIGHT,117,143,0.8181818181818182,2,0.017094017094017096,1.0,0.571321411726927,-0.003730907886949977,NO
PL1516,Fraser Forster,Southampton,True,FREE,MEDIUM_CENTRAL,117,143,0.8181818181818182,1,0.008547008547008548,1.0,0.5861456483126111,-0.0031155695269007135,CENTRAL_ZONE_PROXY_ONLY
PL1516,Fraser Forster,Southampton,True,FREE,MEDIUM_LEFT,117,143,0.8181818181818182,3,0.02564102564102564,1.0,0.5802845291639732,-0.005161835950953329,NO
PL1516,Fraser Forster,Southampton,True,FREE,MEDIUM_RIGHT,117,143,0.8181818181818182,1,0.008547008547008548,1.0,0.6071428571428571,-0.0032472799925517062,NO
PL1516,Fraser Forster,Southampton,True,FREE,SHORT_CENTRAL,117,143,0.8181818181818182,7,0.05982905982905983,1.0,0.5971532467161057,-0.0041297847159063325,CENTRAL_ZONE_PROXY_ONLY
PL1516,Fraser Forster,Southampton,True,FREE,SHORT_LEFT,117,143,0.8181818181818182,2,0.017094017094017096,1.0,0.6296912263085226,-0.00192636296209145,NO
PL1516,Fraser Forster,Southampton,True,FREE,SHORT_RIGHT,117,143,0.8181818181818182,3,0.02564102564102564,1.0,0.6047480934501193,-0.0028425593046588764,NO
PL1516,Fraser Forster,Southampton,True,FREE,VERY_LONG_CENTRAL,117,143,0.8181818181818182,23,0.19658119658119658,0.7391304347826086,0.5685176394444762,-0.00479098957657479,CENTRAL_ZONE_PROXY_ONLY
PL1516,Fraser Forster,Southampton,True,FREE,VERY_LONG_LEFT,117,143,0.8181818181818182,25,0.21367521367521367,0.72,0.5609823472833931,-0.004821064058231044,NO
PL1516,Fraser Forster,Southampton,True,FREE,VERY_LONG_RIGHT,117,143,0.8181818181818182,6,0.05128205128205128,0.6666666666666666,0.5594754704137995,-0.004341285401459191,NO
PL1516,Giedrius Arlauskis,Watford,False,FREE,LONG_CENTRAL,3,5,0.6,1,0.3333333333333333,1.0,0.5861456483126111,-0.005516304539589753,CENTRAL_ZONE_PROXY_ONLY
PL1516,Giedrius Arlauskis,Watford,False,FREE,SHORT_LEFT,3,5,0.6,1,0.3333333333333333,1.0,0.9634146341463414,0.0031668504848073385,NO
PL1516,Giedrius Arlauskis,Watford,False,FREE,VERY_LONG_CENTRAL,3,5,0.6,1,0.3333333333333333,1.0,0.38095238095238093,-0.01377710392233946,CENTRAL_ZONE_PROXY_ONLY
PL1516,Giedrius Arlauskis,Watford,False,PRESSURED,VERY_LONG_RIGHT,1,1,1.0,1,1.0,1.0,0.39285714285714285,-0.012895011406747797,NO
PL1516,Glyn Oliver Myhill,West Bromwich Albion,False,FREE,LONG_CENTRAL,343,426,0.8051643192488263,70,0.20408163265306123,0.6,0.6296154499230394,-0.005763722769109428,CENTRAL_ZONE_PROXY_ONLY
PL1516,Glyn Oliver Myhill,West Bromwich Albion,False,FREE,LONG_LEFT,343,426,0.8051643192488263,28,0.08163265306122448,0.6428571428571429,0.6311032164674641,-0.005090457363529143,NO
PL1516,Glyn Oliver Myhill,West Bromwich Albion,False,FREE,LONG_RIGHT,343,426,0.8051643192488263,67,0.19533527696793002,0.6865671641791045,0.6323570878294381,-0.005412144219070403,NO
PL1516,Glyn Oliver Myhill,West Bromwich Albion,False,FREE,MEDIUM_CENTRAL,343,426,0.8051643192488263,3,0.008746355685131196,0.6666666666666666,0.8926808073626417,-0.0014216152825778962,CENTRAL_ZONE_PROXY_ONLY
PL1516,Glyn Oliver Myhill,West Bromwich Albion,False,FREE,MEDIUM_LEFT,343,426,0.8051643192488263,14,0.04081632653061224,1.0,0.8504779580950034,-0.001607677092665197,NO
PL1516,Glyn Oliver Myhill,West Bromwich Albion,False,FREE,MEDIUM_RIGHT,343,426,0.8051643192488263,13,0.037900874635568516,0.9230769230769231,0.798123111364161,-0.0033978189934270498,NO
PL1516,Glyn Oliver Myhill,West Bromwich Albion,False,FREE,SHORT_CENTRAL,343,426,0.8051643192488263,35,0.10204081632653061,0.9714285714285714,0.8398500112586545,-0.0027434148197357277,CENTRAL_ZONE_PROXY_ONLY
PL1516,Glyn Oliver Myhill,West Bromwich Albion,False,FREE,SHORT_LEFT,343,426,0.8051643192488263,23,0.06705539358600583,1.0,0.8277856161640937,-0.002539894372732386,NO
PL1516,Glyn Oliver Myhill,West Bromwich Albion,False,FREE,SHORT_RIGHT,343,426,0.8051643192488263,15,0.043731778425655975,0.9333333333333333,0.7986456509943302,-0.003478306590836246,NO
PL1516,Glyn Oliver Myhill,West Bromwich Albion,False,FREE,VERY_LONG_CENTRAL,343,426,0.8051643192488263,23,0.06705539358600583,0.6086956521739131,0.5837986083089068,-0.0064637606124320094,CENTRAL_ZONE_PROXY_ONLY
PL1516,Glyn Oliver Myhill,West Bromwich Albion,False,FREE,VERY_LONG_LEFT,343,426,0.8051643192488263,14,0.04081632653061224,0.7857142857142857,0.5866065219863509,-0.006781339918541745,NO
PL1516,Glyn Oliver Myhill,West Bromwich Albion,False,FREE,VERY_LONG_RIGHT,343,426,0.8051643192488263,38,0.11078717201166181,0.6578947368421053,0.564697669337825,-0.00650465038177415,NO
PL1516,Glyn Oliver Myhill,West Bromwich Albion,False,PRESSURED,LONG_CENTRAL,18,24,0.75,7,0.3888888888888889,0.5714285714285714,0.5125109485158011,-0.005574815803217986,CENTRAL_ZONE_PROXY_ONLY
PL1516,Glyn Oliver Myhill,West Bromwich Albion,False,PRESSURED,LONG_LEFT,18,24,0.75,2,0.1111111111111111,0.0,0.527066992413527,-0.0049733804138008385,NO
PL1516,Glyn Oliver Myhill,West Bromwich Albion,False,PRESSURED,LONG_RIGHT,18,24,0.75,9,0.5,0.6666666666666666,0.47955543548221846,-0.008032936305236197,NO
PL1516,Glyn Oliver Myhill,West Bromwich Albion,True,FREE,LONG_CENTRAL,135,204,0.6617647058823529,10,0.07407407407407407,0.6,0.5902582562707436,-0.00418275382515428,CENTRAL_ZONE_PROXY_ONLY
PL1516,Glyn Oliver Myhill,West Bromwich Albion,True,FREE,LONG_LEFT,135,204,0.6617647058823529,14,0.1037037037037037,0.7142857142857143,0.5688682215473463,-0.0054142698350252965,NO
PL1516,Glyn Oliver Myhill,West Bromwich Albion,True,FREE,LONG_RIGHT,135,204,0.6617647058823529,35,0.25925925925925924,0.6857142857142857,0.6074318772305118,-0.003077604543112794,NO
PL1516,Glyn Oliver Myhill,West Bromwich Albion,True,FREE,MEDIUM_RIGHT,135,204,0.6617647058823529,2,0.014814814814814815,1.0,0.596852970795569,-0.004329675505808858,NO
PL1516,Glyn Oliver Myhill,West Bromwich Albion,True,FREE,SHORT_CENTRAL,135,204,0.6617647058823529,5,0.037037037037037035,1.0,0.5956625131519374,-0.003730123717196386,CENTRAL_ZONE_PROXY_ONLY
PL1516,Glyn Oliver Myhill,West Bromwich Albion,True,FREE,SHORT_LEFT,135,204,0.6617647058823529,1,0.007407407407407408,1.0,0.6290322580645161,-0.00448203149800393,NO
PL1516,Glyn Oliver Myhill,West Bromwich Albion,True,FREE,SHORT_RIGHT,135,204,0.6617647058823529,3,0.022222222222222223,1.0,0.5912623996308947,-0.003549656650956294,NO
PL1516,Glyn Oliver Myhill,West Bromwich Albion,True,FREE,VERY_LONG_CENTRAL,135,204,0.6617647058823529,12,0.08888888888888889,0.6666666666666666,0.5959380001493016,-0.004009828170027466,CENTRAL_ZONE_PROXY_ONLY
PL1516,Glyn Oliver Myhill,West Bromwich Albion,True,FREE,VERY_LONG_LEFT,135,204,0.6617647058823529,10,0.07407407407407407,0.3,0.5815081158759287,-0.005250444195672507,NO
PL1516,Glyn Oliver Myhill,West Bromwich Albion,True,FREE,VERY_LONG_RIGHT,135,204,0.6617647058823529,43,0.31851851851851853,0.5348837209302325,0.6029600319032299,-0.0035252604106998796,NO
PL1516,Heurelho da Silva Gomes,Watford,False,FREE,LONG_CENTRAL,618,717,0.8619246861924686,113,0.18284789644012944,0.49557522123893805,0.6458508756128406,-0.005456632812567988,CENTRAL_ZONE_PROXY_ONLY
PL1516,Heurelho da Silva Gomes,Watford,False,FREE,LONG_LEFT,618,717,0.8619246861924686,78,0.1262135922330097,0.782051282051282,0.6969598933442345,-0.004541131154204879,NO
PL1516,Heurelho da Silva Gomes,Watford,False,FREE,LONG_RIGHT,618,717,0.8619246861924686,65,0.10517799352750809,0.6615384615384615,0.6976597389713344,-0.004211158202004093,NO
PL1516,Heurelho da Silva Gomes,Watford,False,FREE,MEDIUM_CENTRAL,618,717,0.8619246861924686,12,0.019417475728155338,0.8333333333333334,0.714611878819444,-0.004596117405616828,CENTRAL_ZONE_PROXY_ONLY
PL1516,Heurelho da Silva Gomes,Watford,False,FREE,MEDIUM_LEFT,618,717,0.8619246861924686,40,0.06472491909385113,0.975,0.917057189836276,-0.0007891119556630244,NO
PL1516,Heurelho da Silva Gomes,Watford,False,FREE,MEDIUM_RIGHT,618,717,0.8619246861924686,38,0.061488673139158574,0.9210526315789473,0.8546585302516753,-0.0020925813471945505,NO
PL1516,Heurelho da Silva Gomes,Watford,False,FREE,SHORT_CENTRAL,618,717,0.8619246861924686,71,0.11488673139158576,1.0,0.8212796417207809,-0.002878531864946019,CENTRAL_ZONE_PROXY_ONLY
PL1516,Heurelho da Silva Gomes,Watford,False,FREE,SHORT_LEFT,618,717,0.8619246861924686,52,0.08414239482200647,1.0,0.7901712911888445,-0.0031872686881771533,NO
PL1516,Heurelho da Silva Gomes,Watford,False,FREE,SHORT_RIGHT,618,717,0.8619246861924686,29,0.04692556634304207,1.0,0.8024218582343539,-0.0033100222254211055,NO
PL1516,Heurelho da Silva Gomes,Watford,False,FREE,VERY_LONG_CENTRAL,618,717,0.8619246861924686,55,0.0889967637540453,0.5818181818181818,0.6065248224066658,-0.0063013303175260054,CENTRAL_ZONE_PROXY_ONLY
PL1516,Heurelho da Silva Gomes,Watford,False,FREE,VERY_LONG_LEFT,618,717,0.8619246861924686,37,0.059870550161812294,0.6216216216216216,0.6362521560232678,-0.005262224293909138,NO
PL1516,Heurelho da Silva Gomes,Watford,False,FREE,VERY_LONG_RIGHT,618,717,0.8619246861924686,28,0.045307443365695796,0.6071428571428571,0.6349495873764764,-0.005116982971563497,NO
PL1516,Heurelho da Silva Gomes,Watford,False,PRESSURED,LONG_CENTRAL,22,31,0.7096774193548387,5,0.22727272727272727,0.6,0.5087032783920697,-0.008002632167523711,CENTRAL_ZONE_PROXY_ONLY
PL1516,Heurelho da Silva Gomes,Watford,False,PRESSURED,LONG_LEFT,22,31,0.7096774193548387,4,0.18181818181818182,0.5,0.5228510216035167,-0.005172165758441184,NO
PL1516,Heurelho da Silva Gomes,Watford,False,PRESSURED,LONG_RIGHT,22,31,0.7096774193548387,8,0.36363636363636365,0.625,0.5045154462077261,-0.007023344852712537,NO
PL1516,Heurelho da Silva Gomes,Watford,False,PRESSURED,MEDIUM_CENTRAL,22,31,0.7096774193548387,1,0.045454545454545456,1.0,0.5346534653465346,-0.0036861872425914812,CENTRAL_ZONE_PROXY_ONLY
PL1516,Heurelho da Silva Gomes,Watford,False,PRESSURED,MEDIUM_LEFT,22,31,0.7096774193548387,1,0.045454545454545456,1.0,0.375,-0.009917594836653996,NO
PL1516,Heurelho da Silva Gomes,Watford,False,PRESSURED,MEDIUM_RIGHT,22,31,0.7096774193548387,2,0.09090909090909091,0.5,0.4851549053356283,-0.0072864682429032105,NO
PL1516,Heurelho da Silva Gomes,Watford,False,PRESSURED,SHORT_CENTRAL,22,31,0.7096774193548387,1,0.045454545454545456,1.0,0.5269461077844312,-0.011659646825722155,CENTRAL_ZONE_PROXY_ONLY
PL1516,Heurelho da Silva Gomes,Watford,True,FREE,LONG_CENTRAL,296,370,0.8,37,0.125,0.6216216216216216,0.5885616797015172,-0.004459438345078552,CENTRAL_ZONE_PROXY_ONLY
PL1516,Heurelho da Silva Gomes,Watford,True,FREE,LONG_LEFT,296,370,0.8,68,0.22972972972972974,0.8235294117647058,0.5881700564334821,-0.005181863782624247,NO
PL1516,Heurelho da Silva Gomes,Watford,True,FREE,LONG_RIGHT,296,370,0.8,15,0.05067567567567568,0.6666666666666666,0.6079187630513249,-0.0030667706949520867,NO
PL1516,Heurelho da Silva Gomes,Watford,True,FREE,MEDIUM_CENTRAL,296,370,0.8,1,0.0033783783783783786,1.0,0.591324200913242,-0.005003882106131557,CENTRAL_ZONE_PROXY_ONLY
PL1516,Heurelho da Silva Gomes,Watford,True,FREE,MEDIUM_LEFT,296,370,0.8,2,0.006756756756756757,1.0,0.5841817379188565,-0.004617967521430627,NO
PL1516,Heurelho da Silva Gomes,Watford,True,FREE,MEDIUM_RIGHT,296,370,0.8,5,0.016891891891891893,1.0,0.62884818519983,-0.003591343649903931,NO
PL1516,Heurelho da Silva Gomes,Watford,True,FREE,SHORT_CENTRAL,296,370,0.8,3,0.010135135135135136,1.0,0.6020200787159117,-0.004292017544692204,CENTRAL_ZONE_PROXY_ONLY
PL1516,Heurelho da Silva Gomes,Watford,True,FREE,SHORT_LEFT,296,370,0.8,6,0.02027027027027027,1.0,0.6336600262355462,-0.003933673147306401,NO
PL1516,Heurelho da Silva Gomes,Watford,True,FREE,SHORT_RIGHT,296,370,0.8,4,0.013513513513513514,1.0,0.6171169147598228,-0.003067291281291275,NO
PL1516,Heurelho da Silva Gomes,Watford,True,FREE,VERY_LONG_CENTRAL,296,370,0.8,51,0.17229729729729729,0.6078431372549019,0.5953281598176204,-0.004344285827132184,CENTRAL_ZONE_PROXY_ONLY
PL1516,Heurelho da Silva Gomes,Watford,True,FREE,VERY_LONG_LEFT,296,370,0.8,68,0.22972972972972974,0.5882352941176471,0.5919776943809179,-0.0045615152682658,NO
PL1516,Heurelho da Silva Gomes,Watford,True,FREE,VERY_LONG_RIGHT,296,370,0.8,36,0.12162162162162163,0.7222222222222222,0.6030607675537345,-0.0033476469374682997,NO
PL1516,Hugo Lloris,Tottenham Hotspur,False,FREE,LONG_CENTRAL,798,880,0.9068181818181819,48,0.06015037593984962,0.5833333333333334,0.6076216134243118,-0.0065967670252753815,CENTRAL_ZONE_PROXY_ONLY
PL1516,Hugo Lloris,Tottenham Hotspur,False,FREE,LONG_LEFT,798,880,0.9068181818181819,105,0.13157894736842105,0.638095238095238,0.6630550532317128,-0.0055279050088372535,NO
PL1516,Hugo Lloris,Tottenham Hotspur,False,FREE,LONG_RIGHT,798,880,0.9068181818181819,46,0.05764411027568922,0.6521739130434783,0.6830961691705405,-0.004885437407986559,NO
PL1516,Hugo Lloris,Tottenham Hotspur,False,FREE,MEDIUM_CENTRAL,798,880,0.9068181818181819,9,0.011278195488721804,0.7777777777777778,0.7814743622857974,-0.0027634743607766565,CENTRAL_ZONE_PROXY_ONLY
PL1516,Hugo Lloris,Tottenham Hotspur,False,FREE,MEDIUM_LEFT,798,880,0.9068181818181819,94,0.11779448621553884,0.9042553191489362,0.7623170492321365,-0.004378294516127765,NO
PL1516,Hugo Lloris,Tottenham Hotspur,False,FREE,MEDIUM_RIGHT,798,880,0.9068181818181819,73,0.09147869674185463,0.9452054794520548,0.7282625141764164,-0.0043402623011685485,NO
PL1516,Hugo Lloris,Tottenham Hotspur,False,FREE,SHORT_CENTRAL,798,880,0.9068181818181819,133,0.16666666666666666,0.9849624060150376,0.7567607641778317,-0.003841788558064714,CENTRAL_ZONE_PROXY_ONLY
PL1516,Hugo Lloris,Tottenham Hotspur,False,FREE,SHORT_LEFT,798,880,0.9068181818181819,114,0.14285714285714285,0.9736842105263158,0.7554848905679165,-0.004318782700086673,NO
PL1516,Hugo Lloris,Tottenham Hotspur,False,FREE,SHORT_RIGHT,798,880,0.9068181818181819,102,0.12781954887218044,1.0,0.7737591984157419,-0.004002775458212472,NO
PL1516,Hugo Lloris,Tottenham Hotspur,False,FREE,VERY_LONG_CENTRAL,798,880,0.9068181818181819,15,0.018796992481203006,0.13333333333333333,0.5721185372736838,-0.006383170828614748,CENTRAL_ZONE_PROXY_ONLY
PL1516,Hugo Lloris,Tottenham Hotspur,False,FREE,VERY_LONG_LEFT,798,880,0.9068181818181819,43,0.05388471177944862,0.4883720930232558,0.573810194447011,-0.006713658027304524,NO
PL1516,Hugo Lloris,Tottenham Hotspur,False,FREE,VERY_LONG_RIGHT,798,880,0.9068181818181819,16,0.020050125313283207,0.8125,0.6479991511929641,-0.00586232745366656,NO
PL1516,Hugo Lloris,Tottenham Hotspur,False,PRESSURED,LONG_CENTRAL,73,84,0.8690476190476191,7,0.0958904109589041,0.42857142857142855,0.5007062767831464,-0.006752394553835479,CENTRAL_ZONE_PROXY_ONLY
PL1516,Hugo Lloris,Tottenham Hotspur,False,PRESSURED,LONG_LEFT,73,84,0.8690476190476191,12,0.1643835616438356,0.5833333333333334,0.4918524647178964,-0.007528304068285672,NO
PL1516,Hugo Lloris,Tottenham Hotspur,False,PRESSURED,LONG_RIGHT,73,84,0.8690476190476191,7,0.0958904109589041,0.5714285714285714,0.5284170156631979,-0.007392261723345446,NO
PL1516,Hugo Lloris,Tottenham Hotspur,False,PRESSURED,MEDIUM_CENTRAL,73,84,0.8690476190476191,4,0.0547945205479452,0.5,0.5171444404311832,-0.008014496340687611,CENTRAL_ZONE_PROXY_ONLY
PL1516,Hugo Lloris,Tottenham Hotspur,False,PRESSURED,MEDIUM_LEFT,73,84,0.8690476190476191,9,0.1232876712328767,0.7777777777777778,0.5071336834471473,-0.008528278519256789,NO
PL1516,Hugo Lloris,Tottenham Hotspur,False,PRESSURED,MEDIUM_RIGHT,73,84,0.8690476190476191,6,0.0821917808219178,0.8333333333333334,0.507610677940182,-0.006189834836009622,NO
PL1516,Hugo Lloris,Tottenham Hotspur,False,PRESSURED,SHORT_CENTRAL,73,84,0.8690476190476191,10,0.136986301369863,0.9,0.5260375729405441,-0.005780790048682983,CENTRAL_ZONE_PROXY_ONLY
PL1516,Hugo Lloris,Tottenham Hotspur,False,PRESSURED,SHORT_LEFT,73,84,0.8690476190476191,4,0.0547945205479452,1.0,0.46853930336181204,-0.00798519211077962,NO
PL1516,Hugo Lloris,Tottenham Hotspur,False,PRESSURED,SHORT_RIGHT,73,84,0.8690476190476191,12,0.1643835616438356,1.0,0.49066607406853896,-0.008093329338016908,NO
PL1516,Hugo Lloris,Tottenham Hotspur,False,PRESSURED,VERY_LONG_CENTRAL,73,84,0.8690476190476191,2,0.0273972602739726,0.5,0.5237369890835237,-0.0036105024249983163,CENTRAL_ZONE_PROXY_ONLY
PL1516,Hugo Lloris,Tottenham Hotspur,True,FREE,LONG_CENTRAL,187,244,0.7663934426229508,14,0.0748663101604278,0.5,0.6137058497174025,-0.004455083107517489,CENTRAL_ZONE_PROXY_ONLY
PL1516,Hugo Lloris,Tottenham Hotspur,True,FREE,LONG_LEFT,187,244,0.7663934426229508,20,0.10695187165775401,0.75,0.585236499455455,-0.005111613955999575,NO
PL1516,Hugo Lloris,Tottenham Hotspur,True,FREE,LONG_RIGHT,187,244,0.7663934426229508,16,0.0855614973262032,0.6875,0.6008974181867415,-0.003967210523184634,NO
PL1516,Hugo Lloris,Tottenham Hotspur,True,FREE,MEDIUM_CENTRAL,187,244,0.7663934426229508,2,0.0106951871657754,0.5,0.6007914867833068,-0.0029569898846764546,CENTRAL_ZONE_PROXY_ONLY
PL1516,Hugo Lloris,Tottenham Hotspur,True,FREE,MEDIUM_LEFT,187,244,0.7663934426229508,16,0.0855614973262032,1.0,0.596589818714888,-0.004378526219004501,NO
PL1516,Hugo Lloris,Tottenham Hotspur,True,FREE,MEDIUM_RIGHT,187,244,0.7663934426229508,13,0.06951871657754011,1.0,0.5955509359321479,-0.004271886196139518,NO
PL1516,Hugo Lloris,Tottenham Hotspur,True,FREE,SHORT_CENTRAL,187,244,0.7663934426229508,15,0.08021390374331551,1.0,0.6010835296691691,-0.004511301619378172,CENTRAL_ZONE_PROXY_ONLY
PL1516,Hugo Lloris,Tottenham Hotspur,True,FREE,SHORT_LEFT,187,244,0.7663934426229508,25,0.13368983957219252,1.0,0.6170602384630908,-0.004536527499545991,NO
PL1516,Hugo Lloris,Tottenham Hotspur,True,FREE,SHORT_RIGHT,187,244,0.7663934426229508,27,0.1443850267379679,1.0,0.6051885714547504,-0.0036862560819602855,NO
PL1516,Hugo Lloris,Tottenham Hotspur,True,FREE,VERY_LONG_CENTRAL,187,244,0.7663934426229508,17,0.09090909090909091,0.47058823529411764,0.599005409086236,-0.0044963574299174,CENTRAL_ZONE_PROXY_ONLY
PL1516,Hugo Lloris,Tottenham Hotspur,True,FREE,VERY_LONG_LEFT,187,244,0.7663934426229508,14,0.0748663101604278,0.5,0.5923212642302446,-0.004480554711120411,NO
PL1516,Hugo Lloris,Tottenham Hotspur,True,FREE,VERY_LONG_RIGHT,187,244,0.7663934426229508,8,0.0427807486631016,0.375,0.6385789655707665,-0.0024075058446691236,NO
PL1516,Jack Butland,Stoke City,False,FREE,LONG_CENTRAL,559,683,0.8184480234260615,50,0.08944543828264759,0.42,0.6191456724500858,-0.006532179234176824,CENTRAL_ZONE_PROXY_ONLY
PL1516,Jack Butland,Stoke City,False,FREE,LONG_LEFT,559,683,0.8184480234260615,53,0.09481216457960644,0.5849056603773585,0.6535814374070962,-0.005576154728493523,NO
PL1516,Jack Butland,Stoke City,False,FREE,LONG_RIGHT,559,683,0.8184480234260615,89,0.1592128801431127,0.6067415730337079,0.6382818884340306,-0.005137666716176864,NO
PL1516,Jack Butland,Stoke City,False,FREE,MEDIUM_CENTRAL,559,683,0.8184480234260615,9,0.016100178890876567,0.8888888888888888,0.7368890594846219,-0.003403082731289302,CENTRAL_ZONE_PROXY_ONLY
PL1516,Jack Butland,Stoke City,False,FREE,MEDIUM_LEFT,559,683,0.8184480234260615,23,0.04114490161001789,0.9565217391304348,0.7667327607587946,-0.0039432620377956645,NO
PL1516,Jack Butland,Stoke City,False,FREE,MEDIUM_RIGHT,559,683,0.8184480234260615,25,0.044722719141323794,1.0,0.7385725123021964,-0.003869283457764631,NO
PL1516,Jack Butland,Stoke City,False,FREE,SHORT_CENTRAL,559,683,0.8184480234260615,71,0.12701252236135957,1.0,0.837875190795295,-0.002449636535609782,CENTRAL_ZONE_PROXY_ONLY
PL1516,Jack Butland,Stoke City,False,FREE,SHORT_LEFT,559,683,0.8184480234260615,63,0.11270125223613596,1.0,0.8176981065807442,-0.00227007006995478,NO
PL1516,Jack Butland,Stoke City,False,FREE,SHORT_RIGHT,559,683,0.8184480234260615,71,0.12701252236135957,1.0,0.7818384461095218,-0.0034069153311132184,NO
PL1516,Jack Butland,Stoke City,False,FREE,VERY_LONG_CENTRAL,559,683,0.8184480234260615,22,0.03935599284436494,0.5,0.6017720965152904,-0.006457218216004176,CENTRAL_ZONE_PROXY_ONLY
PL1516,Jack Butland,Stoke City,False,FREE,VERY_LONG_LEFT,559,683,0.8184480234260615,29,0.0518783542039356,0.4827586206896552,0.588089073611236,-0.006871818634377824,NO
PL1516,Jack Butland,Stoke City,False,FREE,VERY_LONG_RIGHT,559,683,0.8184480234260615,54,0.09660107334525939,0.5185185185185185,0.5794372956999669,-0.00564928328991413,NO
PL1516,Jack Butland,Stoke City,False,PRESSURED,LONG_CENTRAL,31,41,0.7560975609756098,7,0.22580645161290322,0.5714285714285714,0.4948547080711324,-0.00843074121090104,CENTRAL_ZONE_PROXY_ONLY
PL1516,Jack Butland,Stoke City,False,PRESSURED,LONG_LEFT,31,41,0.7560975609756098,5,0.16129032258064516,0.8,0.47522703362190344,-0.006768516329255583,NO
PL1516,Jack Butland,Stoke City,False,PRESSURED,LONG_RIGHT,31,41,0.7560975609756098,7,0.22580645161290322,0.2857142857142857,0.5053111034119239,-0.009130045439687663,NO
PL1516,Jack Butland,Stoke City,False,PRESSURED,MEDIUM_LEFT,31,41,0.7560975609756098,2,0.06451612903225806,0.5,0.455996117940677,-0.007470000078854378,NO
PL1516,Jack Butland,Stoke City,False,PRESSURED,SHORT_CENTRAL,31,41,0.7560975609756098,3,0.0967741935483871,1.0,0.5032788646974788,-0.00791383342869841,CENTRAL_ZONE_PROXY_ONLY
PL1516,Jack Butland,Stoke City,False,PRESSURED,SHORT_LEFT,31,41,0.7560975609756098,1,0.03225806451612903,1.0,0.40939597315436244,-0.007033991509885414,NO
PL1516,Jack Butland,Stoke City,False,PRESSURED,VERY_LONG_CENTRAL,31,41,0.7560975609756098,5,0.16129032258064516,0.4,0.5050765693983518,-0.008582891098055625,CENTRAL_ZONE_PROXY_ONLY
PL1516,Jack Butland,Stoke City,False,PRESSURED,VERY_LONG_RIGHT,31,41,0.7560975609756098,1,0.03225806451612903,0.0,0.40939597315436244,-0.006682013852632794,NO
PL1516,Jack Butland,Stoke City,True,FREE,LONG_CENTRAL,230,282,0.8156028368794326,36,0.1565217391304348,0.3888888888888889,0.6107728558869456,-0.0038128420039610744,CENTRAL_ZONE_PROXY_ONLY
PL1516,Jack Butland,Stoke City,True,FREE,LONG_LEFT,230,282,0.8156028368794326,18,0.0782608695652174,0.6111111111111112,0.5961771375748308,-0.004883374864595972,NO
PL1516,Jack Butland,Stoke City,True,FREE,LONG_RIGHT,230,282,0.8156028368794326,44,0.19130434782608696,0.7045454545454546,0.6017063423528674,-0.0034316781072046454,NO
PL1516,Jack Butland,Stoke City,True,FREE,MEDIUM_CENTRAL,230,282,0.8156028368794326,1,0.004347826086956522,1.0,0.692,-0.00109613199905017,CENTRAL_ZONE_PROXY_ONLY
PL1516,Jack Butland,Stoke City,True,FREE,MEDIUM_LEFT,230,282,0.8156028368794326,6,0.02608695652173913,1.0,0.6039563768708857,-0.004480831647987605,NO
PL1516,Jack Butland,Stoke City,True,FREE,MEDIUM_RIGHT,230,282,0.8156028368794326,3,0.013043478260869565,1.0,0.6017126356540726,-0.004360228500546855,NO
PL1516,Jack Butland,Stoke City,True,FREE,SHORT_CENTRAL,230,282,0.8156028368794326,11,0.04782608695652174,1.0,0.6277134718337994,-0.003734303099102518,CENTRAL_ZONE_PROXY_ONLY
PL1516,Jack Butland,Stoke City,True,FREE,SHORT_LEFT,230,282,0.8156028368794326,17,0.07391304347826087,1.0,0.6157618431301459,-0.004502107929553515,NO
PL1516,Jack Butland,Stoke City,True,FREE,SHORT_RIGHT,230,282,0.8156028368794326,14,0.06086956521739131,1.0,0.6298548910214743,-0.0034617818173759765,NO
PL1516,Jack Butland,Stoke City,True,FREE,VERY_LONG_CENTRAL,230,282,0.8156028368794326,17,0.07391304347826087,0.5294117647058824,0.576521932190973,-0.004298821633447863,CENTRAL_ZONE_PROXY_ONLY
PL1516,Jack Butland,Stoke City,True,FREE,VERY_LONG_LEFT,230,282,0.8156028368794326,26,0.11304347826086956,0.6923076923076923,0.6038827032218859,-0.004410301824779957,NO
PL1516,Jack Butland,Stoke City,True,FREE,VERY_LONG_RIGHT,230,282,0.8156028368794326,37,0.1608695652173913,0.5135135135135135,0.5814429779670581,-0.004282554637637042,NO
PL1516,Jakob Haugaard,Stoke City,False,FREE,LONG_CENTRAL,79,94,0.8404255319148937,6,0.0759493670886076,1.0,0.7697632625430458,-0.0022972520805182185,CENTRAL_ZONE_PROXY_ONLY
PL1516,Jakob Haugaard,Stoke City,False,FREE,LONG_LEFT,79,94,0.8404255319148937,11,0.13924050632911392,0.8181818181818182,0.652112021692155,-0.00497513104222804,NO
PL1516,Jakob Haugaard,Stoke City,False,FREE,LONG_RIGHT,79,94,0.8404255319148937,11,0.13924050632911392,0.8181818181818182,0.6235137402167199,-0.006677300002681572,NO
PL1516,Jakob Haugaard,Stoke City,False,FREE,MEDIUM_CENTRAL,79,94,0.8404255319148937,5,0.06329113924050633,1.0,0.7307361586642358,-0.004593193390350409,CENTRAL_ZONE_PROXY_ONLY
PL1516,Jakob Haugaard,Stoke City,False,FREE,MEDIUM_LEFT,79,94,0.8404255319148937,4,0.05063291139240506,1.0,0.8841547908467762,-0.0019120420532258405,NO
PL1516,Jakob Haugaard,Stoke City,False,FREE,MEDIUM_RIGHT,79,94,0.8404255319148937,1,0.012658227848101266,1.0,0.6530612244897959,-0.005316048108774952,NO
PL1516,Jakob Haugaard,Stoke City,False,FREE,SHORT_CENTRAL,79,94,0.8404255319148937,6,0.0759493670886076,1.0,0.8396950703888392,-0.0033329029891934875,CENTRAL_ZONE_PROXY_ONLY
PL1516,Jakob Haugaard,Stoke City,False,FREE,SHORT_LEFT,79,94,0.8404255319148937,6,0.0759493670886076,1.0,0.8624483358637366,-0.0019028605519248246,NO
PL1516,Jakob Haugaard,Stoke City,False,FREE,SHORT_RIGHT,79,94,0.8404255319148937,6,0.0759493670886076,1.0,0.8719132827566872,-0.001386675861502495,NO
PL1516,Jakob Haugaard,Stoke City,False,FREE,VERY_LONG_CENTRAL,79,94,0.8404255319148937,9,0.11392405063291139,0.5555555555555556,0.6179467141326799,-0.004514351086490943,CENTRAL_ZONE_PROXY_ONLY
PL1516,Jakob Haugaard,Stoke City,False,FREE,VERY_LONG_LEFT,79,94,0.8404255319148937,9,0.11392405063291139,0.5555555555555556,0.5516616289439189,-0.00593805903201472,NO
PL1516,Jakob Haugaard,Stoke City,False,FREE,VERY_LONG_RIGHT,79,94,0.8404255319148937,5,0.06329113924050633,0.8,0.664759556080165,-0.005799151736520267,NO
PL1516,Jakob Haugaard,Stoke City,False,PRESSURED,LONG_CENTRAL,7,8,0.875,2,0.2857142857142857,1.0,0.44086034820079745,-0.00865824974744797,CENTRAL_ZONE_PROXY_ONLY
PL1516,Jakob Haugaard,Stoke City,False,PRESSURED,LONG_RIGHT,7,8,0.875,2,0.2857142857142857,0.0,0.4368408437200384,-0.010915459190178488,NO
PL1516,Jakob Haugaard,Stoke City,False,PRESSURED,VERY_LONG_CENTRAL,7,8,0.875,1,0.14285714285714285,1.0,0.4642857142857143,-0.0069488315651947494,CENTRAL_ZONE_PROXY_ONLY
PL1516,Jakob Haugaard,Stoke City,False,PRESSURED,VERY_LONG_LEFT,7,8,0.875,2,0.2857142857142857,0.5,0.5152321290654767,-0.005414053016851959,NO
PL1516,Jakob Haugaard,Stoke City,True,FREE,LONG_CENTRAL,32,39,0.8205128205128205,3,0.09375,1.0,0.6419529837251357,-0.0025076209638707904,CENTRAL_ZONE_PROXY_ONLY
PL1516,Jakob Haugaard,Stoke City,True,FREE,LONG_LEFT,32,39,0.8205128205128205,4,0.125,0.75,0.5954362149944923,-0.005067157264584964,NO
PL1516,Jakob Haugaard,Stoke City,True,FREE,LONG_RIGHT,32,39,0.8205128205128205,1,0.03125,0.0,0.7581227436823105,-0.0001944839036969498,NO
PL1516,Jakob Haugaard,Stoke City,True,FREE,MEDIUM_CENTRAL,32,39,0.8205128205128205,2,0.0625,1.0,0.6242485875706214,-0.002721189123024705,CENTRAL_ZONE_PROXY_ONLY
PL1516,Jakob Haugaard,Stoke City,True,FREE,MEDIUM_LEFT,32,39,0.8205128205128205,1,0.03125,1.0,0.591324200913242,-0.005003882106131557,NO
PL1516,Jakob Haugaard,Stoke City,True,FREE,MEDIUM_RIGHT,32,39,0.8205128205128205,1,0.03125,1.0,0.591324200913242,-0.005003882106131557,NO
PL1516,Jakob Haugaard,Stoke City,True,FREE,SHORT_LEFT,32,39,0.8205128205128205,1,0.03125,1.0,0.664440734557596,-0.0024002947653302452,NO
PL1516,Jakob Haugaard,Stoke City,True,FREE,VERY_LONG_CENTRAL,32,39,0.8205128205128205,2,0.0625,0.5,0.5742092457420925,-0.005083481762671118,CENTRAL_ZONE_PROXY_ONLY
PL1516,Jakob Haugaard,Stoke City,True,FREE,VERY_LONG_LEFT,32,39,0.8205128205128205,12,0.375,0.8333333333333334,0.593175775347136,-0.004675340881487516,NO
PL1516,Jakob Haugaard,Stoke City,True,FREE,VERY_LONG_RIGHT,32,39,0.8205128205128205,5,0.15625,0.6,0.7426512664463519,-0.0007471165227075384,NO
PL1516,Joe Hart,Manchester City,False,FREE,LONG_CENTRAL,522,584,0.8938356164383562,44,0.0842911877394636,0.4090909090909091,0.6178654796778275,-0.005597475493677979,CENTRAL_ZONE_PROXY_ONLY
PL1516,Joe Hart,Manchester City,False,FREE,LONG_LEFT,522,584,0.8938356164383562,58,0.1111111111111111,0.6896551724137931,0.6862562378259235,-0.004798401881862805,NO
PL1516,Joe Hart,Manchester City,False,FREE,LONG_RIGHT,522,584,0.8938356164383562,82,0.15708812260536398,0.5853658536585366,0.6329680364266258,-0.005716220622511835,NO
PL1516,Joe Hart,Manchester City,False,FREE,MEDIUM_CENTRAL,522,584,0.8938356164383562,7,0.013409961685823755,0.8571428571428571,0.8062447632247832,-0.0037071553713107232,CENTRAL_ZONE_PROXY_ONLY
PL1516,Joe Hart,Manchester City,False,FREE,MEDIUM_LEFT,522,584,0.8938356164383562,29,0.05555555555555555,0.896551724137931,0.7938595692497664,-0.00319678774088137,NO
PL1516,Joe Hart,Manchester City,False,FREE,MEDIUM_RIGHT,522,584,0.8938356164383562,26,0.04980842911877394,1.0,0.8176196390094324,-0.002791912081064159,NO
PL1516,Joe Hart,Manchester City,False,FREE,SHORT_CENTRAL,522,584,0.8938356164383562,91,0.1743295019157088,1.0,0.7710893841249367,-0.003685679295721287,CENTRAL_ZONE_PROXY_ONLY
PL1516,Joe Hart,Manchester City,False,FREE,SHORT_LEFT,522,584,0.8938356164383562,63,0.1206896551724138,0.9841269841269841,0.7797448856700774,-0.00333219192082939,NO
PL1516,Joe Hart,Manchester City,False,FREE,SHORT_RIGHT,522,584,0.8938356164383562,64,0.12260536398467432,0.984375,0.7878132152147842,-0.0029763826397639966,NO
PL1516,Joe Hart,Manchester City,False,FREE,VERY_LONG_CENTRAL,522,584,0.8938356164383562,17,0.032567049808429116,0.4117647058823529,0.6025994736064034,-0.006379770738735087,CENTRAL_ZONE_PROXY_ONLY
PL1516,Joe Hart,Manchester City,False,FREE,VERY_LONG_LEFT,522,584,0.8938356164383562,18,0.034482758620689655,0.3888888888888889,0.57637755934769,-0.006727042602804574,NO
PL1516,Joe Hart,Manchester City,False,FREE,VERY_LONG_RIGHT,522,584,0.8938356164383562,23,0.044061302681992334,0.6521739130434783,0.5767834190166017,-0.00729612217028047,NO
PL1516,Joe Hart,Manchester City,False,PRESSURED,LONG_CENTRAL,26,40,0.65,10,0.38461538461538464,0.2,0.47597939975406767,-0.006558423060514075,CENTRAL_ZONE_PROXY_ONLY
PL1516,Joe Hart,Manchester City,False,PRESSURED,LONG_LEFT,26,40,0.65,1,0.038461538461538464,0.0,0.5060240963855422,-0.007170022227510449,NO
PL1516,Joe Hart,Manchester City,False,PRESSURED,LONG_RIGHT,26,40,0.65,6,0.23076923076923078,0.3333333333333333,0.508497567151344,-0.009192549375065437,NO
PL1516,Joe Hart,Manchester City,False,PRESSURED,MEDIUM_CENTRAL,26,40,0.65,1,0.038461538461538464,1.0,0.5246913580246915,-0.0060347356392807605,CENTRAL_ZONE_PROXY_ONLY
PL1516,Joe Hart,Manchester City,False,PRESSURED,MEDIUM_LEFT,26,40,0.65,2,0.07692307692307693,0.5,0.5194805194805194,-0.008183476950581891,NO
PL1516,Joe Hart,Manchester City,False,PRESSURED,MEDIUM_RIGHT,26,40,0.65,1,0.038461538461538464,1.0,0.5060240963855422,-0.004643095500912916,NO
PL1516,Joe Hart,Manchester City,False,PRESSURED,SHORT_CENTRAL,26,40,0.65,1,0.038461538461538464,1.0,0.5128205128205128,-0.005557732998209497,CENTRAL_ZONE_PROXY_ONLY
PL1516,Joe Hart,Manchester City,False,PRESSURED,SHORT_RIGHT,26,40,0.65,3,0.11538461538461539,1.0,0.4212435104453884,-0.00971858546620113,NO
PL1516,Joe Hart,Manchester City,False,PRESSURED,VERY_LONG_RIGHT,26,40,0.65,1,0.038461538461538464,1.0,0.5,-0.0057005587560711385,NO
PL1516,Joe Hart,Manchester City,True,FREE,LONG_CENTRAL,183,219,0.8356164383561644,15,0.08196721311475409,0.5333333333333333,0.595254996294943,-0.004305764456742757,CENTRAL_ZONE_PROXY_ONLY
PL1516,Joe Hart,Manchester City,True,FREE,LONG_LEFT,183,219,0.8356164383561644,24,0.13114754098360656,0.75,0.5666138963349097,-0.0053912276041740955,NO
PL1516,Joe Hart,Manchester City,True,FREE,LONG_RIGHT,183,219,0.8356164383561644,41,0.22404371584699453,0.7073170731707317,0.6012537741752245,-0.0035907965957614404,NO
PL1516,Joe Hart,Manchester City,True,FREE,MEDIUM_CENTRAL,183,219,0.8356164383561644,4,0.02185792349726776,1.0,0.6102250480592175,-0.004284399385141623,CENTRAL_ZONE_PROXY_ONLY
PL1516,Joe Hart,Manchester City,True,FREE,MEDIUM_LEFT,183,219,0.8356164383561644,5,0.0273224043715847,1.0,0.6157748797989526,-0.003795603547328376,NO
PL1516,Joe Hart,Manchester City,True,FREE,MEDIUM_RIGHT,183,219,0.8356164383561644,5,0.0273224043715847,1.0,0.5906865809567947,-0.003792257278542746,NO
PL1516,Joe Hart,Manchester City,True,FREE,SHORT_CENTRAL,183,219,0.8356164383561644,7,0.03825136612021858,1.0,0.6218837559336757,-0.0031542677812445062,CENTRAL_ZONE_PROXY_ONLY
PL1516,Joe Hart,Manchester City,True,FREE,SHORT_LEFT,183,219,0.8356164383561644,15,0.08196721311475409,1.0,0.6267468954497445,-0.003882607425399522,NO
PL1516,Joe Hart,Manchester City,True,FREE,SHORT_RIGHT,183,219,0.8356164383561644,13,0.07103825136612021,1.0,0.6041295411952146,-0.0035415354092619184,NO
PL1516,Joe Hart,Manchester City,True,FREE,VERY_LONG_CENTRAL,183,219,0.8356164383561644,12,0.06557377049180328,0.4166666666666667,0.5478159297887233,-0.005167864034721485,CENTRAL_ZONE_PROXY_ONLY
PL1516,Joe Hart,Manchester City,True,FREE,VERY_LONG_LEFT,183,219,0.8356164383561644,13,0.07103825136612021,0.7692307692307693,0.5424188510418018,-0.005712049572591258,NO
PL1516,Joe Hart,Manchester City,True,FREE,VERY_LONG_RIGHT,183,219,0.8356164383561644,29,0.15846994535519127,0.5517241379310345,0.5898160890741706,-0.003994797597573427,NO
PL1516,Joel Robles Blázquez,Everton,False,FREE,LONG_CENTRAL,269,309,0.8705501618122977,35,0.13011152416356878,0.42857142857142855,0.6061379300455745,-0.005782626081443072,CENTRAL_ZONE_PROXY_ONLY
PL1516,Joel Robles Blázquez,Everton,False,FREE,LONG_LEFT,269,309,0.8705501618122977,22,0.08178438661710037,0.7727272727272727,0.6829222075355156,-0.004844447476773369,NO
PL1516,Joel Robles Blázquez,Everton,False,FREE,LONG_RIGHT,269,309,0.8705501618122977,38,0.1412639405204461,0.4473684210526316,0.6229462424218902,-0.006293463816846648,NO
PL1516,Joel Robles Blázquez,Everton,False,FREE,MEDIUM_CENTRAL,269,309,0.8705501618122977,2,0.007434944237918215,0.5,0.7223271231957032,-0.0034557063938695804,CENTRAL_ZONE_PROXY_ONLY
PL1516,Joel Robles Blázquez,Everton,False,FREE,MEDIUM_LEFT,269,309,0.8705501618122977,16,0.05947955390334572,0.6875,0.7904270525965325,-0.002960342660765727,NO
PL1516,Joel Robles Blázquez,Everton,False,FREE,MEDIUM_RIGHT,269,309,0.8705501618122977,19,0.07063197026022305,1.0,0.8079451753143195,-0.0025439468445286775,NO
PL1516,Joel Robles Blázquez,Everton,False,FREE,SHORT_CENTRAL,269,309,0.8705501618122977,29,0.10780669144981413,1.0,0.8135625365106314,-0.0024461775685357687,CENTRAL_ZONE_PROXY_ONLY
PL1516,Joel Robles Blázquez,Everton,False,FREE,SHORT_LEFT,269,309,0.8705501618122977,38,0.1412639405204461,1.0,0.782437739364624,-0.003251900842726191,NO
PL1516,Joel Robles Blázquez,Everton,False,FREE,SHORT_RIGHT,269,309,0.8705501618122977,26,0.09665427509293681,1.0,0.7460528087765183,-0.004232960313650936,NO
PL1516,Joel Robles Blázquez,Everton,False,FREE,VERY_LONG_CENTRAL,269,309,0.8705501618122977,10,0.03717472118959108,0.4,0.5760459784099052,-0.006811514675883683,CENTRAL_ZONE_PROXY_ONLY
PL1516,Joel Robles Blázquez,Everton,False,FREE,VERY_LONG_LEFT,269,309,0.8705501618122977,21,0.07806691449814127,0.42857142857142855,0.5610635365081449,-0.006450896203925892,NO
PL1516,Joel Robles Blázquez,Everton,False,FREE,VERY_LONG_RIGHT,269,309,0.8705501618122977,13,0.048327137546468404,0.3076923076923077,0.6291648768245779,-0.006113726716799263,NO
PL1516,Joel Robles Blázquez,Everton,False,PRESSURED,LONG_CENTRAL,22,30,0.7333333333333333,4,0.18181818181818182,0.25,0.4452795880795304,-0.007905863556306965,CENTRAL_ZONE_PROXY_ONLY
PL1516,Joel Robles Blázquez,Everton,False,PRESSURED,LONG_LEFT,22,30,0.7333333333333333,1,0.045454545454545456,1.0,0.18880035301112633,-0.012662489133831067,NO
PL1516,Joel Robles Blázquez,Everton,False,PRESSURED,LONG_RIGHT,22,30,0.7333333333333333,8,0.36363636363636365,0.75,0.45639737660695745,-0.009592388433463293,NO
PL1516,Joel Robles Blázquez,Everton,False,PRESSURED,MEDIUM_CENTRAL,22,30,0.7333333333333333,2,0.09090909090909091,1.0,0.4523619427811045,-0.007295957863570368,CENTRAL_ZONE_PROXY_ONLY
PL1516,Joel Robles Blázquez,Everton,False,PRESSURED,SHORT_CENTRAL,22,30,0.7333333333333333,2,0.09090909090909091,1.0,0.4962552914360144,-0.0051685548127294425,CENTRAL_ZONE_PROXY_ONLY
PL1516,Joel Robles Blázquez,Everton,False,PRESSURED,SHORT_LEFT,22,30,0.7333333333333333,3,0.13636363636363635,1.0,0.6179640718562874,-0.007934455933726657,NO
PL1516,Joel Robles Blázquez,Everton,False,PRESSURED,VERY_LONG_CENTRAL,22,30,0.7333333333333333,1,0.045454545454545456,0.0,0.5060240963855422,-0.004643095500912916,CENTRAL_ZONE_PROXY_ONLY
PL1516,Joel Robles Blázquez,Everton,False,PRESSURED,VERY_LONG_RIGHT,22,30,0.7333333333333333,1,0.045454545454545456,0.0,0.5128205128205128,-0.0079342365028099,NO
PL1516,Joel Robles Blázquez,Everton,True,FREE,LONG_CENTRAL,108,134,0.8059701492537313,10,0.09259259259259259,0.6,0.6117970863160659,-0.0036715959496094303,CENTRAL_ZONE_PROXY_ONLY
PL1516,Joel Robles Blázquez,Everton,True,FREE,LONG_LEFT,108,134,0.8059701492537313,7,0.06481481481481481,0.8571428571428571,0.6198547275361367,-0.004398468799896726,NO
PL1516,Joel Robles Blázquez,Everton,True,FREE,LONG_RIGHT,108,134,0.8059701492537313,19,0.17592592592592593,0.5263157894736842,0.60510068941467,-0.003387137242131415,NO
PL1516,Joel Robles Blázquez,Everton,True,FREE,MEDIUM_LEFT,108,134,0.8059701492537313,1,0.009259259259259259,1.0,0.6290322580645161,-0.0018510733037906775,NO
PL1516,Joel Robles Blázquez,Everton,True,FREE,MEDIUM_RIGHT,108,134,0.8059701492537313,6,0.05555555555555555,1.0,0.6104451939259973,-0.0036815624640977765,NO
PL1516,Joel Robles Blázquez,Everton,True,FREE,SHORT_CENTRAL,108,134,0.8059701492537313,7,0.06481481481481481,1.0,0.6222728273904101,-0.003647261482653465,CENTRAL_ZONE_PROXY_ONLY
PL1516,Joel Robles Blázquez,Everton,True,FREE,SHORT_LEFT,108,134,0.8059701492537313,11,0.10185185185185185,1.0,0.5969620897202014,-0.004846409667816189,NO
PL1516,Joel Robles Blázquez,Everton,True,FREE,SHORT_RIGHT,108,134,0.8059701492537313,9,0.08333333333333333,1.0,0.6098847976120569,-0.0033100196467241907,NO
PL1516,Joel Robles Blázquez,Everton,True,FREE,VERY_LONG_CENTRAL,108,134,0.8059701492537313,11,0.10185185185185185,0.2727272727272727,0.6252240626078506,-0.0031204268742867232,CENTRAL_ZONE_PROXY_ONLY
PL1516,Joel Robles Blázquez,Everton,True,FREE,VERY_LONG_LEFT,108,134,0.8059701492537313,16,0.14814814814814814,0.625,0.5983580075840371,-0.004138864814375719,NO
PL1516,Joel Robles Blázquez,Everton,True,FREE,VERY_LONG_RIGHT,108,134,0.8059701492537313,11,0.10185185185185185,0.45454545454545453,0.5999635917047175,-0.004196810417395339,NO
PL1516,John Ruddy,Norwich City,False,FREE,LONG_CENTRAL,545,619,0.8804523424878837,92,0.1688073394495413,0.5,0.619076529459373,-0.005723324609120465,CENTRAL_ZONE_PROXY_ONLY
PL1516,John Ruddy,Norwich City,False,FREE,LONG_LEFT,545,619,0.8804523424878837,56,0.10275229357798166,0.7142857142857143,0.6515788887839756,-0.005635514320847567,NO
PL1516,John Ruddy,Norwich City,False,FREE,LONG_RIGHT,545,619,0.8804523424878837,61,0.11192660550458716,0.6721311475409836,0.6437094960269837,-0.005639992605736478,NO
PL1516,John Ruddy,Norwich City,False,FREE,MEDIUM_CENTRAL,545,619,0.8804523424878837,12,0.022018348623853212,1.0,0.7286112164337811,-0.004389403656598247,CENTRAL_ZONE_PROXY_ONLY
PL1516,John Ruddy,Norwich City,False,FREE,MEDIUM_LEFT,545,619,0.8804523424878837,42,0.07706422018348624,1.0,0.8274956823945063,-0.002671643314722384,NO
PL1516,John Ruddy,Norwich City,False,FREE,MEDIUM_RIGHT,545,619,0.8804523424878837,56,0.10275229357798166,0.9285714285714286,0.8126335631356972,-0.002718658191286082,NO
PL1516,John Ruddy,Norwich City,False,FREE,SHORT_CENTRAL,545,619,0.8804523424878837,61,0.11192660550458716,0.9672131147540983,0.7691772082503734,-0.003769494424055266,CENTRAL_ZONE_PROXY_ONLY
PL1516,John Ruddy,Norwich City,False,FREE,SHORT_LEFT,545,619,0.8804523424878837,41,0.07522935779816514,0.975609756097561,0.7877346222545614,-0.0031359564467008058,NO
PL1516,John Ruddy,Norwich City,False,FREE,SHORT_RIGHT,545,619,0.8804523424878837,46,0.08440366972477065,1.0,0.7648657200058981,-0.003670439306617733,NO
PL1516,John Ruddy,Norwich City,False,FREE,VERY_LONG_CENTRAL,545,619,0.8804523424878837,26,0.047706422018348627,0.4230769230769231,0.5844859755552609,-0.006479573180526186,CENTRAL_ZONE_PROXY_ONLY
PL1516,John Ruddy,Norwich City,False,FREE,VERY_LONG_LEFT,545,619,0.8804523424878837,28,0.05137614678899083,0.4642857142857143,0.6363696810908784,-0.0053116830309277415,NO
PL1516,John Ruddy,Norwich City,False,FREE,VERY_LONG_RIGHT,545,619,0.8804523424878837,24,0.044036697247706424,0.5,0.5871979940010722,-0.0057638551340847026,NO
PL1516,John Ruddy,Norwich City,False,PRESSURED,LONG_CENTRAL,22,31,0.7096774193548387,2,0.09090909090909091,1.0,0.44529914529914527,-0.011897940697724655,CENTRAL_ZONE_PROXY_ONLY
PL1516,John Ruddy,Norwich City,False,PRESSURED,LONG_LEFT,22,31,0.7096774193548387,8,0.36363636363636365,0.375,0.46489919883419356,-0.007641338399135469,NO
PL1516,John Ruddy,Norwich City,False,PRESSURED,LONG_RIGHT,22,31,0.7096774193548387,3,0.13636363636363635,0.3333333333333333,0.49278293987759153,-0.007456630190022227,NO
PL1516,John Ruddy,Norwich City,False,PRESSURED,MEDIUM_CENTRAL,22,31,0.7096774193548387,2,0.09090909090909091,0.5,0.46817104046939684,-0.006761694650739227,CENTRAL_ZONE_PROXY_ONLY
PL1516,John Ruddy,Norwich City,False,PRESSURED,MEDIUM_LEFT,22,31,0.7096774193548387,4,0.18181818181818182,1.0,0.4872906484398266,-0.009067836377400764,NO
PL1516,John Ruddy,Norwich City,False,PRESSURED,SHORT_CENTRAL,22,31,0.7096774193548387,1,0.045454545454545456,1.0,0.5128205128205128,-0.019743584401972335,CENTRAL_ZONE_PROXY_ONLY
PL1516,John Ruddy,Norwich City,False,PRESSURED,SHORT_RIGHT,22,31,0.7096774193548387,2,0.09090909090909091,1.0,0.3546979865771812,-0.011356722715417494,NO
PL1516,John Ruddy,Norwich City,True,FREE,LONG_CENTRAL,205,250,0.82,27,0.13170731707317074,0.4074074074074074,0.5732398934064995,-0.004800004830713144,CENTRAL_ZONE_PROXY_ONLY
PL1516,John Ruddy,Norwich City,True,FREE,LONG_LEFT,205,250,0.82,43,0.2097560975609756,0.7674418604651163,0.5937124076694427,-0.005075762991449464,NO
PL1516,John Ruddy,Norwich City,True,FREE,LONG_RIGHT,205,250,0.82,41,0.2,0.7073170731707317,0.5937052778358981,-0.0036968660996610637,NO
PL1516,John Ruddy,Norwich City,True,FREE,MEDIUM_CENTRAL,205,250,0.82,2,0.00975609756097561,1.0,0.5768566079400893,-0.004443297814847008,CENTRAL_ZONE_PROXY_ONLY
PL1516,John Ruddy,Norwich City,True,FREE,MEDIUM_LEFT,205,250,0.82,5,0.024390243902439025,1.0,0.6130075465308046,-0.0041480851667126725,NO
PL1516,John Ruddy,Norwich City,True,FREE,MEDIUM_RIGHT,205,250,0.82,11,0.05365853658536585,1.0,0.6102163727753757,-0.0035889514557765523,NO
PL1516,John Ruddy,Norwich City,True,FREE,SHORT_CENTRAL,205,250,0.82,6,0.02926829268292683,1.0,0.6215145859382717,-0.003419114902568238,CENTRAL_ZONE_PROXY_ONLY
PL1516,John Ruddy,Norwich City,True,FREE,SHORT_LEFT,205,250,0.82,7,0.03414634146341464,1.0,0.6374756247187418,-0.00389911404347202,NO
PL1516,John Ruddy,Norwich City,True,FREE,SHORT_RIGHT,205,250,0.82,8,0.03902439024390244,1.0,0.5978548839583222,-0.003624556177493909,NO
PL1516,John Ruddy,Norwich City,True,FREE,VERY_LONG_CENTRAL,205,250,0.82,10,0.04878048780487805,0.3,0.5786257930363051,-0.004480505516432892,CENTRAL_ZONE_PROXY_ONLY
PL1516,John Ruddy,Norwich City,True,FREE,VERY_LONG_LEFT,205,250,0.82,25,0.12195121951219512,0.56,0.5945331247068782,-0.005089840172398813,NO
PL1516,John Ruddy,Norwich City,True,FREE,VERY_LONG_RIGHT,205,250,0.82,20,0.0975609756097561,0.55,0.6002511035353135,-0.003717711897571381,NO
PL1516,Jordan Pickford,Sunderland,False,FREE,LONG_CENTRAL,40,51,0.7843137254901961,4,0.1,0.5,0.617732903109848,-0.00651418441113085,CENTRAL_ZONE_PROXY_ONLY
PL1516,Jordan Pickford,Sunderland,False,FREE,LONG_LEFT,40,51,0.7843137254901961,8,0.2,0.625,0.6496224449608283,-0.005667463874135668,NO
PL1516,Jordan Pickford,Sunderland,False,FREE,LONG_RIGHT,40,51,0.7843137254901961,1,0.025,1.0,0.6623931623931624,-0.004081071487245359,NO
PL1516,Jordan Pickford,Sunderland,False,FREE,MEDIUM_LEFT,40,51,0.7843137254901961,2,0.05,1.0,0.8754940711462451,-0.003405837536274183,NO
PL1516,Jordan Pickford,Sunderland,False,FREE,MEDIUM_RIGHT,40,51,0.7843137254901961,2,0.05,1.0,0.807785209959123,-0.004549549869858942,NO
PL1516,Jordan Pickford,Sunderland,False,FREE,SHORT_LEFT,40,51,0.7843137254901961,4,0.1,1.0,0.9766649611474401,-0.001004069867572153,NO
PL1516,Jordan Pickford,Sunderland,False,FREE,SHORT_RIGHT,40,51,0.7843137254901961,1,0.025,1.0,0.9782608695652174,0.0012732748067393958,NO
PL1516,Jordan Pickford,Sunderland,False,FREE,VERY_LONG_CENTRAL,40,51,0.7843137254901961,2,0.05,0.5,0.6445868945868946,-0.004089635263234579,CENTRAL_ZONE_PROXY_ONLY
PL1516,Jordan Pickford,Sunderland,False,FREE,VERY_LONG_LEFT,40,51,0.7843137254901961,8,0.2,0.5,0.6506818305059675,-0.005382196862712469,NO
PL1516,Jordan Pickford,Sunderland,False,FREE,VERY_LONG_RIGHT,40,51,0.7843137254901961,8,0.2,0.75,0.5614375791882511,-0.0067273234685683,NO
PL1516,Jordan Pickford,Sunderland,False,PRESSURED,LONG_LEFT,2,5,0.4,1,0.5,1.0,0.5269461077844312,-0.005094875585248816,NO
PL1516,Jordan Pickford,Sunderland,False,PRESSURED,VERY_LONG_LEFT,2,5,0.4,1,0.5,0.0,0.5269461077844312,-0.006198838533785496,NO
PL1516,Jordan Pickford,Sunderland,True,FREE,LONG_CENTRAL,20,22,0.9090909090909091,1,0.05,0.0,0.6071428571428571,-0.0032472799925517062,CENTRAL_ZONE_PROXY_ONLY
PL1516,Jordan Pickford,Sunderland,True,FREE,LONG_RIGHT,20,22,0.9090909090909091,1,0.05,1.0,0.5742092457420925,-0.004728764100395509,NO
PL1516,Jordan Pickford,Sunderland,True,FREE,VERY_LONG_CENTRAL,20,22,0.9090909090909091,3,0.15,0.6666666666666666,0.6475733100421821,-0.003824769110685427,CENTRAL_ZONE_PROXY_ONLY
PL1516,Jordan Pickford,Sunderland,True,FREE,VERY_LONG_LEFT,20,22,0.9090909090909091,11,0.55,0.45454545454545453,0.6157036336414309,-0.003922652194327105,NO
PL1516,Jordan Pickford,Sunderland,True,FREE,VERY_LONG_RIGHT,20,22,0.9090909090909091,4,0.2,1.0,0.586721387385071,-0.0049545423130830935,NO
PL1516,Julián Speroni,Crystal Palace,False,FREE,LONG_CENTRAL,33,41,0.8048780487804879,8,0.24242424242424243,0.375,0.6538649012661588,-0.004620317488131081,CENTRAL_ZONE_PROXY_ONLY
PL1516,Julián Speroni,Crystal Palace,False,FREE,LONG_LEFT,33,41,0.8048780487804879,4,0.12121212121212122,0.5,0.6623931623931624,-0.006330420473107378,NO
PL1516,Julián Speroni,Crystal Palace,False,FREE,LONG_RIGHT,33,41,0.8048780487804879,8,0.24242424242424243,0.875,0.6387035458156147,-0.005234164765389935,NO
PL1516,Julián Speroni,Crystal Palace,False,FREE,MEDIUM_CENTRAL,33,41,0.8048780487804879,1,0.030303030303030304,1.0,0.6623931623931624,-0.006669443471989505,CENTRAL_ZONE_PROXY_ONLY
PL1516,Julián Speroni,Crystal Palace,False,FREE,MEDIUM_RIGHT,33,41,0.8048780487804879,1,0.030303030303030304,1.0,0.6071428571428571,-0.004057347507034931,NO
PL1516,Julián Speroni,Crystal Palace,False,FREE,SHORT_CENTRAL,33,41,0.8048780487804879,2,0.06060606060606061,1.0,0.6472202674173118,-0.006171517123930293,CENTRAL_ZONE_PROXY_ONLY
PL1516,Julián Speroni,Crystal Palace,False,FREE,SHORT_LEFT,33,41,0.8048780487804879,1,0.030303030303030304,1.0,0.989010989010989,-0.00079451624876743,NO
PL1516,Julián Speroni,Crystal Palace,False,FREE,SHORT_RIGHT,33,41,0.8048780487804879,6,0.18181818181818182,1.0,0.8161464139725009,-0.0032040704285406347,NO
PL1516,Julián Speroni,Crystal Palace,False,FREE,VERY_LONG_LEFT,33,41,0.8048780487804879,1,0.030303030303030304,1.0,0.6071428571428571,-0.005390981763221749,NO
PL1516,Julián Speroni,Crystal Palace,False,FREE,VERY_LONG_RIGHT,33,41,0.8048780487804879,1,0.030303030303030304,1.0,0.4723247232472324,-0.007838077660871355,NO
PL1516,Julián Speroni,Crystal Palace,False,PRESSURED,LONG_RIGHT,2,2,1.0,1,0.5,1.0,0.4723247232472324,-0.005652691521965941,NO
PL1516,Julián Speroni,Crystal Palace,False,PRESSURED,SHORT_RIGHT,2,2,1.0,1,0.5,1.0,0.5581395348837209,-0.010671136927423129,NO
PL1516,Julián Speroni,Crystal Palace,True,FREE,LONG_CENTRAL,17,25,0.68,2,0.11764705882352941,1.0,0.6100230414746544,-0.0038626428825281134,CENTRAL_ZONE_PROXY_ONLY
PL1516,Julián Speroni,Crystal Palace,True,FREE,LONG_LEFT,17,25,0.68,2,0.11764705882352941,1.0,0.6100230414746544,-0.0038626428825281134,NO
PL1516,Julián Speroni,Crystal Palace,True,FREE,LONG_RIGHT,17,25,0.68,4,0.23529411764705882,0.75,0.6169617419617419,-0.003003264511526064,NO
PL1516,Julián Speroni,Crystal Palace,True,FREE,MEDIUM_RIGHT,17,25,0.68,2,0.11764705882352941,1.0,0.6271412680756396,-0.003095871433366444,NO
PL1516,Julián Speroni,Crystal Palace,True,FREE,SHORT_CENTRAL,17,25,0.68,2,0.11764705882352941,1.0,0.6267806267806267,-0.0027592490305004217,CENTRAL_ZONE_PROXY_ONLY
PL1516,Julián Speroni,Crystal Palace,True,FREE,SHORT_LEFT,17,25,0.68,1,0.058823529411764705,1.0,0.591324200913242,-0.005003882106131557,NO
PL1516,Julián Speroni,Crystal Palace,True,FREE,SHORT_RIGHT,17,25,0.68,3,0.17647058823529413,1.0,0.64278587089647,-0.0028268380995799002,NO
PL1516,Julián Speroni,Crystal Palace,True,FREE,VERY_LONG_LEFT,17,25,0.68,1,0.058823529411764705,0.0,0.6129032258064516,-0.003104125331278096,NO
PL1516,Karl Darlow,Newcastle United,False,FREE,LONG_CENTRAL,131,160,0.81875,27,0.20610687022900764,0.5555555555555556,0.6241189251564926,-0.00478747770516846,CENTRAL_ZONE_PROXY_ONLY
PL1516,Karl Darlow,Newcastle United,False,FREE,LONG_LEFT,131,160,0.81875,10,0.07633587786259542,0.6,0.6434260143099136,-0.003837212531123441,NO
PL1516,Karl Darlow,Newcastle United,False,FREE,LONG_RIGHT,131,160,0.81875,26,0.1984732824427481,0.5769230769230769,0.6628335885312348,-0.005379581107976441,NO
PL1516,Karl Darlow,Newcastle United,False,FREE,MEDIUM_CENTRAL,131,160,0.81875,6,0.04580152671755725,0.6666666666666666,0.5938965016265233,-0.007794563550741508,CENTRAL_ZONE_PROXY_ONLY
PL1516,Karl Darlow,Newcastle United,False,FREE,MEDIUM_LEFT,131,160,0.81875,9,0.06870229007633588,1.0,0.777113735592379,-0.003921105028630403,NO
PL1516,Karl Darlow,Newcastle United,False,FREE,MEDIUM_RIGHT,131,160,0.81875,6,0.04580152671755725,0.6666666666666666,0.7224337233016924,-0.00425832946971856,NO
PL1516,Karl Darlow,Newcastle United,False,FREE,SHORT_CENTRAL,131,160,0.81875,11,0.08396946564885496,1.0,0.8919974253945064,-0.0008666266413210046,CENTRAL_ZONE_PROXY_ONLY
PL1516,Karl Darlow,Newcastle United,False,FREE,SHORT_LEFT,131,160,0.81875,9,0.06870229007633588,1.0,0.8489948256156684,-0.001899774883421904,NO
PL1516,Karl Darlow,Newcastle United,False,FREE,SHORT_RIGHT,131,160,0.81875,5,0.03816793893129771,1.0,0.9085244045355976,-0.000958368346683397,NO
PL1516,Karl Darlow,Newcastle United,False,FREE,VERY_LONG_CENTRAL,131,160,0.81875,5,0.03816793893129771,0.6,0.6199307920666669,-0.005352817210886468,CENTRAL_ZONE_PROXY_ONLY
PL1516,Karl Darlow,Newcastle United,False,FREE,VERY_LONG_LEFT,131,160,0.81875,10,0.07633587786259542,0.8,0.7042121595519728,-0.004643563257364753,NO
PL1516,Karl Darlow,Newcastle United,False,FREE,VERY_LONG_RIGHT,131,160,0.81875,7,0.05343511450381679,0.7142857142857143,0.5949191594664904,-0.005305411339175501,NO
PL1516,Karl Darlow,Newcastle United,False,PRESSURED,LONG_CENTRAL,7,10,0.7,1,0.14285714285714285,0.0,0.5128205128205128,-0.009910599245152193,CENTRAL_ZONE_PROXY_ONLY
PL1516,Karl Darlow,Newcastle United,False,PRESSURED,LONG_LEFT,7,10,0.7,1,0.14285714285714285,1.0,0.5346534653465346,-0.01398062225694345,NO
PL1516,Karl Darlow,Newcastle United,False,PRESSURED,LONG_RIGHT,7,10,0.7,2,0.2857142857142857,1.0,0.5128205128205128,-0.010333305368317006,NO
PL1516,Karl Darlow,Newcastle United,False,PRESSURED,MEDIUM_CENTRAL,7,10,0.7,1,0.14285714285714285,1.0,0.5861456483126111,-0.0038854167219336145,CENTRAL_ZONE_PROXY_ONLY
PL1516,Karl Darlow,Newcastle United,False,PRESSURED,VERY_LONG_CENTRAL,7,10,0.7,1,0.14285714285714285,0.0,0.5128205128205128,-0.009730666498441285,CENTRAL_ZONE_PROXY_ONLY
PL1516,Karl Darlow,Newcastle United,False,PRESSURED,VERY_LONG_LEFT,7,10,0.7,1,0.14285714285714285,0.0,0.5346534653465346,-0.008668401170335668,NO
PL1516,Karl Darlow,Newcastle United,True,FREE,LONG_CENTRAL,60,75,0.8,7,0.11666666666666667,0.14285714285714285,0.588945002410186,-0.004313041524159755,CENTRAL_ZONE_PROXY_ONLY
PL1516,Karl Darlow,Newcastle United,True,FREE,LONG_LEFT,60,75,0.8,4,0.06666666666666667,0.75,0.627188800731745,-0.0032285875783636146,NO
PL1516,Karl Darlow,Newcastle United,True,FREE,LONG_RIGHT,60,75,0.8,25,0.4166666666666667,0.68,0.5901078377075827,-0.0038755545809472085,NO
PL1516,Karl Darlow,Newcastle United,True,FREE,MEDIUM_LEFT,60,75,0.8,2,0.03333333333333333,1.0,0.5992335290280495,-0.004125581049341631,NO
PL1516,Karl Darlow,Newcastle United,True,FREE,MEDIUM_RIGHT,60,75,0.8,4,0.06666666666666667,1.0,0.6111528981812,-0.0023422670217458762,NO
PL1516,Karl Darlow,Newcastle United,True,FREE,SHORT_LEFT,60,75,0.8,1,0.016666666666666666,1.0,0.5770392749244712,-0.005595535354921654,NO
PL1516,Karl Darlow,Newcastle United,True,FREE,SHORT_RIGHT,60,75,0.8,3,0.05,1.0,0.624936459220673,-0.002877090008991496,NO
PL1516,Karl Darlow,Newcastle United,True,FREE,VERY_LONG_CENTRAL,60,75,0.8,5,0.08333333333333333,0.4,0.5928989719818831,-0.004180192722125227,CENTRAL_ZONE_PROXY_ONLY
PL1516,Karl Darlow,Newcastle United,True,FREE,VERY_LONG_LEFT,60,75,0.8,1,0.016666666666666666,1.0,0.6603773584905659,-0.001076840081607285,NO
PL1516,Karl Darlow,Newcastle United,True,FREE,VERY_LONG_RIGHT,60,75,0.8,8,0.13333333333333333,0.75,0.6122600805021463,-0.0035407966220241125,NO
PL1516,Kasper Schmeichel,Leicester City,False,FREE,LONG_CENTRAL,642,842,0.7624703087885986,88,0.13707165109034267,0.4090909090909091,0.6268546476118444,-0.0053529348259722,CENTRAL_ZONE_PROXY_ONLY
PL1516,Kasper Schmeichel,Leicester City,False,FREE,LONG_LEFT,642,842,0.7624703087885986,92,0.14330218068535824,0.6956521739130435,0.6657335993356532,-0.0050146460019789155,NO
PL1516,Kasper Schmeichel,Leicester City,False,FREE,LONG_RIGHT,642,842,0.7624703087885986,128,0.19937694704049844,0.6796875,0.6404582618501109,-0.005422198078829456,NO
PL1516,Kasper Schmeichel,Leicester City,False,FREE,MEDIUM_CENTRAL,642,842,0.7624703087885986,13,0.020249221183800622,0.8461538461538461,0.6998633847503092,-0.004572331916878581,CENTRAL_ZONE_PROXY_ONLY
PL1516,Kasper Schmeichel,Leicester City,False,FREE,MEDIUM_LEFT,642,842,0.7624703087885986,40,0.06230529595015576,1.0,0.7978043627484992,-0.003175424403065756,NO
PL1516,Kasper Schmeichel,Leicester City,False,FREE,MEDIUM_RIGHT,642,842,0.7624703087885986,35,0.05451713395638629,0.9142857142857143,0.7655391676097036,-0.0026722298654813003,NO
PL1516,Kasper Schmeichel,Leicester City,False,FREE,SHORT_CENTRAL,642,842,0.7624703087885986,37,0.05763239875389408,1.0,0.7722608194620534,-0.00322921962507197,CENTRAL_ZONE_PROXY_ONLY
PL1516,Kasper Schmeichel,Leicester City,False,FREE,SHORT_LEFT,642,842,0.7624703087885986,23,0.03582554517133956,1.0,0.7897379444236637,-0.0030609674975799212,NO
PL1516,Kasper Schmeichel,Leicester City,False,FREE,SHORT_RIGHT,642,842,0.7624703087885986,18,0.028037383177570093,1.0,0.7293998348531584,-0.003758415001322044,NO
PL1516,Kasper Schmeichel,Leicester City,False,FREE,VERY_LONG_CENTRAL,642,842,0.7624703087885986,51,0.0794392523364486,0.39215686274509803,0.5901192531593461,-0.006063967933227303,CENTRAL_ZONE_PROXY_ONLY
PL1516,Kasper Schmeichel,Leicester City,False,FREE,VERY_LONG_LEFT,642,842,0.7624703087885986,56,0.08722741433021806,0.48214285714285715,0.612428099946966,-0.006198292381727961,NO
PL1516,Kasper Schmeichel,Leicester City,False,FREE,VERY_LONG_RIGHT,642,842,0.7624703087885986,61,0.09501557632398754,0.5737704918032787,0.6033784068032534,-0.005986464622924742,NO
PL1516,Kasper Schmeichel,Leicester City,False,PRESSURED,LONG_CENTRAL,37,47,0.7872340425531915,7,0.1891891891891892,0.7142857142857143,0.4859826135427726,-0.008434394990213671,CENTRAL_ZONE_PROXY_ONLY
PL1516,Kasper Schmeichel,Leicester City,False,PRESSURED,LONG_LEFT,37,47,0.7872340425531915,12,0.32432432432432434,0.5833333333333334,0.4832427051940715,-0.007430574188550046,NO
PL1516,Kasper Schmeichel,Leicester City,False,PRESSURED,LONG_RIGHT,37,47,0.7872340425531915,9,0.24324324324324326,0.6666666666666666,0.48929146379882327,-0.01016059868761833,NO
PL1516,Kasper Schmeichel,Leicester City,False,PRESSURED,MEDIUM_LEFT,37,47,0.7872340425531915,2,0.05405405405405406,0.5,0.7198009695077847,-0.005275615966539602,NO
PL1516,Kasper Schmeichel,Leicester City,False,PRESSURED,MEDIUM_RIGHT,37,47,0.7872340425531915,1,0.02702702702702703,1.0,0.46464646464646464,-0.014935272138047906,NO
PL1516,Kasper Schmeichel,Leicester City,False,PRESSURED,SHORT_CENTRAL,37,47,0.7872340425531915,1,0.02702702702702703,1.0,0.4723247232472324,-0.010273146026268583,CENTRAL_ZONE_PROXY_ONLY
PL1516,Kasper Schmeichel,Leicester City,False,PRESSURED,SHORT_LEFT,37,47,0.7872340425531915,2,0.05405405405405406,1.0,0.5128205128205128,-0.008051658008685673,NO
PL1516,Kasper Schmeichel,Leicester City,False,PRESSURED,VERY_LONG_CENTRAL,37,47,0.7872340425531915,2,0.05405405405405406,0.5,0.5030120481927711,-0.0063212752482832354,CENTRAL_ZONE_PROXY_ONLY
PL1516,Kasper Schmeichel,Leicester City,False,PRESSURED,VERY_LONG_LEFT,37,47,0.7872340425531915,1,0.02702702702702703,1.0,0.5269461077844312,-0.0038997657266945027,NO
PL1516,Kasper Schmeichel,Leicester City,True,FREE,LONG_CENTRAL,235,326,0.7208588957055214,15,0.06382978723404255,0.5333333333333333,0.5928712335250359,-0.0036292358314708646,CENTRAL_ZONE_PROXY_ONLY
PL1516,Kasper Schmeichel,Leicester City,True,FREE,LONG_LEFT,235,326,0.7208588957055214,5,0.02127659574468085,0.4,0.581009548135985,-0.004513926003150773,NO
PL1516,Kasper Schmeichel,Leicester City,True,FREE,LONG_RIGHT,235,326,0.7208588957055214,23,0.09787234042553192,0.6956521739130435,0.5807111913932514,-0.0036741948160232715,NO
PL1516,Kasper Schmeichel,Leicester City,True,FREE,MEDIUM_CENTRAL,235,326,0.7208588957055214,1,0.00425531914893617,1.0,0.556497175141243,-0.006415973288931069,CENTRAL_ZONE_PROXY_ONLY
PL1516,Kasper Schmeichel,Leicester City,True,FREE,MEDIUM_LEFT,235,326,0.7208588957055214,6,0.02553191489361702,1.0,0.596294273252215,-0.0048045880622072995,NO
PL1516,Kasper Schmeichel,Leicester City,True,FREE,MEDIUM_RIGHT,235,326,0.7208588957055214,1,0.00425531914893617,1.0,0.591324200913242,-0.005003882106131557,NO
PL1516,Kasper Schmeichel,Leicester City,True,FREE,SHORT_CENTRAL,235,326,0.7208588957055214,2,0.00851063829787234,1.0,0.5554185031686513,-0.004972825323423806,CENTRAL_ZONE_PROXY_ONLY
PL1516,Kasper Schmeichel,Leicester City,True,FREE,SHORT_LEFT,235,326,0.7208588957055214,2,0.00851063829787234,1.0,0.5861456483126111,-0.004316447937766953,NO
PL1516,Kasper Schmeichel,Leicester City,True,FREE,SHORT_RIGHT,235,326,0.7208588957055214,1,0.00425531914893617,1.0,0.6071428571428571,-0.0032472799925517062,NO
PL1516,Kasper Schmeichel,Leicester City,True,FREE,VERY_LONG_CENTRAL,235,326,0.7208588957055214,44,0.18723404255319148,0.5,0.5699312215357648,-0.004395499358913005,CENTRAL_ZONE_PROXY_ONLY
PL1516,Kasper Schmeichel,Leicester City,True,FREE,VERY_LONG_LEFT,235,326,0.7208588957055214,30,0.1276595744680851,0.6666666666666666,0.593783925607387,-0.004498267437691018,NO
PL1516,Kasper Schmeichel,Leicester City,True,FREE,VERY_LONG_RIGHT,235,326,0.7208588957055214,105,0.44680851063829785,0.5523809523809524,0.5720811072475971,-0.004083119308787858,NO
PL1516,Kelvin Davis,Southampton,False,FREE,LONG_LEFT,10,12,0.8333333333333334,1,0.1,1.0,0.45161290322580644,-0.00816667478085759,NO
PL1516,Kelvin Davis,Southampton,False,FREE,MEDIUM_LEFT,10,12,0.8333333333333334,2,0.2,1.0,0.7636932516335881,-0.0029011454368350767,NO
PL1516,Kelvin Davis,Southampton,False,FREE,MEDIUM_RIGHT,10,12,0.8333333333333334,1,0.1,1.0,0.9531772575250836,-0.0016331323983471476,NO
PL1516,Kelvin Davis,Southampton,False,FREE,SHORT_CENTRAL,10,12,0.8333333333333334,4,0.4,1.0,0.5963948824011609,-0.005970249597639794,CENTRAL_ZONE_PROXY_ONLY
PL1516,Kelvin Davis,Southampton,False,FREE,SHORT_LEFT,10,12,0.8333333333333334,1,0.1,1.0,0.9531772575250836,-0.0016331323983471476,NO
PL1516,Kelvin Davis,Southampton,False,FREE,SHORT_RIGHT,10,12,0.8333333333333334,1,0.1,1.0,0.9782608695652174,0.0011168066078370707,NO
PL1516,Kelvin Davis,Southampton,False,PRESSURED,SHORT_LEFT,2,3,0.6666666666666666,1,0.5,0.0,0.4723247232472324,-0.008128511080167437,NO
PL1516,Kelvin Davis,Southampton,False,PRESSURED,SHORT_RIGHT,2,3,0.6666666666666666,1,0.5,1.0,0.45161290322580644,-0.006157627574016556,NO
PL1516,Kelvin Davis,Southampton,True,FREE,LONG_CENTRAL,3,14,0.21428571428571427,1,0.3333333333333333,1.0,0.6071428571428571,-0.0032472799925517062,CENTRAL_ZONE_PROXY_ONLY
PL1516,Kelvin Davis,Southampton,True,FREE,SHORT_LEFT,3,14,0.21428571428571427,1,0.3333333333333333,1.0,0.5581395348837209,-0.005812585492433948,NO
PL1516,Kelvin Davis,Southampton,True,FREE,VERY_LONG_CENTRAL,3,14,0.21428571428571427,1,0.3333333333333333,1.0,0.5581395348837209,-0.004465093366828132,CENTRAL_ZONE_PROXY_ONLY
PL1516,Kristoffer Nordfeldt,Swansea City,False,FREE,LONG_LEFT,13,13,1.0,2,0.15384615384615385,0.5,0.6548117154811716,-0.005121265369632312,NO
PL1516,Kristoffer Nordfeldt,Swansea City,False,FREE,MEDIUM_LEFT,13,13,1.0,3,0.23076923076923078,1.0,0.61161463578382,-0.004726532942397148,NO
PL1516,Kristoffer Nordfeldt,Swansea City,False,FREE,MEDIUM_RIGHT,13,13,1.0,2,0.15384615384615385,1.0,0.980907960199005,0.00309702031074201,NO
PL1516,Kristoffer Nordfeldt,Swansea City,False,FREE,SHORT_RIGHT,13,13,1.0,5,0.38461538461538464,1.0,0.676406487201455,-0.004724506436894369,NO
PL1516,Kristoffer Nordfeldt,Swansea City,False,FREE,VERY_LONG_LEFT,13,13,1.0,1,0.07692307692307693,1.0,0.6548117154811716,-0.004078697034417647,NO
PL1516,Kristoffer Nordfeldt,Swansea City,False,PRESSURED,LONG_RIGHT,4,4,1.0,2,0.5,0.5,0.5164851020849868,-0.008842978540533116,NO
PL1516,Kristoffer Nordfeldt,Swansea City,False,PRESSURED,MEDIUM_LEFT,4,4,1.0,1,0.25,1.0,0.5269461077844312,-0.010294250141458563,NO
PL1516,Kristoffer Nordfeldt,Swansea City,False,PRESSURED,MEDIUM_RIGHT,4,4,1.0,1,0.25,1.0,0.5269461077844312,-0.010294250141458563,NO
PL1516,Kristoffer Nordfeldt,Swansea City,True,FREE,LONG_CENTRAL,11,12,0.9166666666666666,1,0.09090909090909091,1.0,0.5770392749244712,-0.005595535354921654,CENTRAL_ZONE_PROXY_ONLY
PL1516,Kristoffer Nordfeldt,Swansea City,True,FREE,LONG_LEFT,11,12,0.9166666666666666,3,0.2727272727272727,1.0,0.6721141434954023,-0.0014116125133680213,NO
PL1516,Kristoffer Nordfeldt,Swansea City,True,FREE,LONG_RIGHT,11,12,0.9166666666666666,2,0.18181818181818182,1.0,0.6289023162134944,-0.0025303040666543384,NO
PL1516,Kristoffer Nordfeldt,Swansea City,True,FREE,SHORT_RIGHT,11,12,0.9166666666666666,2,0.18181818181818182,1.0,0.6289023162134944,-0.0025303040666543384,NO
PL1516,Kristoffer Nordfeldt,Swansea City,True,FREE,VERY_LONG_LEFT,11,12,0.9166666666666666,1,0.09090909090909091,1.0,0.5770392749244712,-0.005595535354921654,NO
PL1516,Kristoffer Nordfeldt,Swansea City,True,FREE,VERY_LONG_RIGHT,11,12,0.9166666666666666,2,0.18181818181818182,0.5,0.5770392749244712,-0.004734249180834052,NO
PL1516,Maarten Stekelenburg,Southampton,False,FREE,LONG_CENTRAL,268,310,0.864516129032258,41,0.15298507462686567,0.5609756097560976,0.6239607846526645,-0.0060417480427745855,CENTRAL_ZONE_PROXY_ONLY
PL1516,Maarten Stekelenburg,Southampton,False,FREE,LONG_LEFT,268,310,0.864516129032258,26,0.09701492537313433,0.6923076923076923,0.6409001342604159,-0.0057288957741073905,NO
PL1516,Maarten Stekelenburg,Southampton,False,FREE,LONG_RIGHT,268,310,0.864516129032258,20,0.07462686567164178,0.6,0.6200792736431291,-0.006475704548492597,NO
PL1516,Maarten Stekelenburg,Southampton,False,FREE,MEDIUM_CENTRAL,268,310,0.864516129032258,1,0.0037313432835820895,1.0,0.9916666666666667,0.0017550736517947866,CENTRAL_ZONE_PROXY_ONLY
PL1516,Maarten Stekelenburg,Southampton,False,FREE,MEDIUM_LEFT,268,310,0.864516129032258,13,0.048507462686567165,0.9230769230769231,0.7398635702128167,-0.0044378951441054445,NO
PL1516,Maarten Stekelenburg,Southampton,False,FREE,MEDIUM_RIGHT,268,310,0.864516129032258,7,0.026119402985074626,1.0,0.8914022997707219,-0.0007033118825976825,NO
PL1516,Maarten Stekelenburg,Southampton,False,FREE,SHORT_CENTRAL,268,310,0.864516129032258,57,0.2126865671641791,1.0,0.7577989170942601,-0.003673725581968493,CENTRAL_ZONE_PROXY_ONLY
PL1516,Maarten Stekelenburg,Southampton,False,FREE,SHORT_LEFT,268,310,0.864516129032258,36,0.13432835820895522,1.0,0.7442120142723876,-0.004445895169604854,NO
PL1516,Maarten Stekelenburg,Southampton,False,FREE,SHORT_RIGHT,268,310,0.864516129032258,35,0.13059701492537312,1.0,0.7586715127256346,-0.003630927369557698,NO
PL1516,Maarten Stekelenburg,Southampton,False,FREE,VERY_LONG_CENTRAL,268,310,0.864516129032258,15,0.055970149253731345,0.4,0.5712808719136321,-0.005733164935862109,CENTRAL_ZONE_PROXY_ONLY
PL1516,Maarten Stekelenburg,Southampton,False,FREE,VERY_LONG_LEFT,268,310,0.864516129032258,11,0.041044776119402986,0.36363636363636365,0.5910072687236915,-0.006631136316390082,NO
PL1516,Maarten Stekelenburg,Southampton,False,FREE,VERY_LONG_RIGHT,268,310,0.864516129032258,6,0.022388059701492536,0.3333333333333333,0.6115048269191319,-0.005243379025491292,NO
PL1516,Maarten Stekelenburg,Southampton,False,PRESSURED,LONG_CENTRAL,21,29,0.7241379310344828,2,0.09523809523809523,0.5,0.4996354155158318,-0.008270958308226696,CENTRAL_ZONE_PROXY_ONLY
PL1516,Maarten Stekelenburg,Southampton,False,PRESSURED,LONG_LEFT,21,29,0.7241379310344828,6,0.2857142857142857,0.5,0.461274483234622,-0.008521126755872415,NO
PL1516,Maarten Stekelenburg,Southampton,False,PRESSURED,LONG_RIGHT,21,29,0.7241379310344828,5,0.23809523809523808,0.4,0.43326070750066137,-0.012787718515482499,NO
PL1516,Maarten Stekelenburg,Southampton,False,PRESSURED,MEDIUM_CENTRAL,21,29,0.7241379310344828,1,0.047619047619047616,1.0,0.5194805194805194,-0.01020761518861181,CENTRAL_ZONE_PROXY_ONLY
PL1516,Maarten Stekelenburg,Southampton,False,PRESSURED,MEDIUM_LEFT,21,29,0.7241379310344828,1,0.047619047619047616,0.0,0.5060240963855422,-0.007099554704505426,NO
PL1516,Maarten Stekelenburg,Southampton,False,PRESSURED,SHORT_LEFT,21,29,0.7241379310344828,1,0.047619047619047616,1.0,0.5269461077844312,-0.004999512882893627,NO
PL1516,Maarten Stekelenburg,Southampton,False,PRESSURED,SHORT_RIGHT,21,29,0.7241379310344828,2,0.09523809523809523,1.0,0.4523619427811045,-0.010080655995144669,NO
PL1516,Maarten Stekelenburg,Southampton,False,PRESSURED,VERY_LONG_CENTRAL,21,29,0.7241379310344828,1,0.047619047619047616,0.0,0.5128205128205128,-0.009730666498441285,CENTRAL_ZONE_PROXY_ONLY
PL1516,Maarten Stekelenburg,Southampton,False,PRESSURED,VERY_LONG_LEFT,21,29,0.7241379310344828,1,0.047619047619047616,0.0,0.40939597315436244,-0.00696916366704658,NO
PL1516,Maarten Stekelenburg,Southampton,False,PRESSURED,VERY_LONG_RIGHT,21,29,0.7241379310344828,1,0.047619047619047616,0.0,0.40939597315436244,-0.006682013852632794,NO
PL1516,Maarten Stekelenburg,Southampton,True,FREE,LONG_CENTRAL,110,125,0.88,16,0.14545454545454545,0.75,0.589839445969776,-0.0044910567313573915,CENTRAL_ZONE_PROXY_ONLY
PL1516,Maarten Stekelenburg,Southampton,True,FREE,LONG_LEFT,110,125,0.88,12,0.10909090909090909,0.75,0.5648832603395502,-0.005778768062287461,NO
PL1516,Maarten Stekelenburg,Southampton,True,FREE,LONG_RIGHT,110,125,0.88,6,0.05454545454545454,0.5,0.6114596002534244,-0.0034100168165628647,NO
PL1516,Maarten Stekelenburg,Southampton,True,FREE,MEDIUM_CENTRAL,110,125,0.88,2,0.01818181818181818,1.0,0.6266491338651132,-0.0032201626849782056,CENTRAL_ZONE_PROXY_ONLY
PL1516,Maarten Stekelenburg,Southampton,True,FREE,MEDIUM_LEFT,110,125,0.88,2,0.01818181818181818,1.0,0.5417216414628371,-0.004758024359175916,NO
PL1516,Maarten Stekelenburg,Southampton,True,FREE,MEDIUM_RIGHT,110,125,0.88,5,0.045454545454545456,1.0,0.5687630710615584,-0.0049284407102772,NO
PL1516,Maarten Stekelenburg,Southampton,True,FREE,SHORT_CENTRAL,110,125,0.88,10,0.09090909090909091,1.0,0.5946724070874421,-0.00454414993870259,CENTRAL_ZONE_PROXY_ONLY
PL1516,Maarten Stekelenburg,Southampton,True,FREE,SHORT_LEFT,110,125,0.88,10,0.09090909090909091,1.0,0.582590160785414,-0.004648192835268054,NO
PL1516,Maarten Stekelenburg,Southampton,True,FREE,SHORT_RIGHT,110,125,0.88,2,0.01818181818181818,1.0,0.5506784906558743,-0.005539882229768585,NO
PL1516,Maarten Stekelenburg,Southampton,True,FREE,VERY_LONG_CENTRAL,110,125,0.88,19,0.17272727272727273,0.5263157894736842,0.5904404494268323,-0.0042465743084551255,CENTRAL_ZONE_PROXY_ONLY
PL1516,Maarten Stekelenburg,Southampton,True,FREE,VERY_LONG_LEFT,110,125,0.88,12,0.10909090909090909,0.6666666666666666,0.5976206368338499,-0.004495414809956788,NO
PL1516,Maarten Stekelenburg,Southampton,True,FREE,VERY_LONG_RIGHT,110,125,0.88,14,0.12727272727272726,0.6428571428571429,0.5875743023760508,-0.003965403550619386,NO
PL1516,Mark Bunn,Aston Villa,False,FREE,LONG_CENTRAL,131,166,0.7891566265060241,30,0.22900763358778625,0.5333333333333333,0.6245345247902377,-0.0056438329767280445,CENTRAL_ZONE_PROXY_ONLY
PL1516,Mark Bunn,Aston Villa,False,FREE,LONG_LEFT,131,166,0.7891566265060241,14,0.10687022900763359,0.7142857142857143,0.73049045404373,-0.0031879160374666663,NO
PL1516,Mark Bunn,Aston Villa,False,FREE,LONG_RIGHT,131,166,0.7891566265060241,28,0.21374045801526717,0.8214285714285714,0.6339114063126903,-0.004890565904121134,NO
PL1516,Mark Bunn,Aston Villa,False,FREE,MEDIUM_CENTRAL,131,166,0.7891566265060241,1,0.007633587786259542,1.0,0.5269461077844312,-0.008344978042659469,CENTRAL_ZONE_PROXY_ONLY
PL1516,Mark Bunn,Aston Villa,False,FREE,MEDIUM_LEFT,131,166,0.7891566265060241,7,0.05343511450381679,0.8571428571428571,0.8303478995407837,-0.0023432256363852036,NO
PL1516,Mark Bunn,Aston Villa,False,FREE,MEDIUM_RIGHT,131,166,0.7891566265060241,7,0.05343511450381679,1.0,0.842717497542411,-0.0016865289579520615,NO
PL1516,Mark Bunn,Aston Villa,False,FREE,SHORT_CENTRAL,131,166,0.7891566265060241,13,0.09923664122137404,1.0,0.8620778627421924,-0.0016590662833750375,CENTRAL_ZONE_PROXY_ONLY
PL1516,Mark Bunn,Aston Villa,False,FREE,SHORT_LEFT,131,166,0.7891566265060241,5,0.03816793893129771,1.0,0.8426469517712982,-0.0021665922350340037,NO
PL1516,Mark Bunn,Aston Villa,False,FREE,SHORT_RIGHT,131,166,0.7891566265060241,12,0.0916030534351145,1.0,0.8376038549420768,-0.0015079789565370573,NO
PL1516,Mark Bunn,Aston Villa,False,FREE,VERY_LONG_CENTRAL,131,166,0.7891566265060241,5,0.03816793893129771,0.6,0.5828026321326935,-0.006985710279647725,CENTRAL_ZONE_PROXY_ONLY
PL1516,Mark Bunn,Aston Villa,False,FREE,VERY_LONG_LEFT,131,166,0.7891566265060241,4,0.030534351145038167,0.5,0.6380631723691659,-0.005011815933950867,NO
PL1516,Mark Bunn,Aston Villa,False,FREE,VERY_LONG_RIGHT,131,166,0.7891566265060241,5,0.03816793893129771,0.0,0.6043529350588326,-0.004456483386937665,NO
PL1516,Mark Bunn,Aston Villa,False,PRESSURED,LONG_CENTRAL,3,5,0.6,1,0.3333333333333333,0.0,0.4647887323943662,-0.006335430131680972,CENTRAL_ZONE_PROXY_ONLY
PL1516,Mark Bunn,Aston Villa,False,PRESSURED,MEDIUM_LEFT,3,5,0.6,1,0.3333333333333333,1.0,0.5060240963855422,-0.020695665103743106,NO
PL1516,Mark Bunn,Aston Villa,False,PRESSURED,MEDIUM_RIGHT,3,5,0.6,1,0.3333333333333333,1.0,0.5194805194805194,-0.007536287465864234,NO
PL1516,Mark Bunn,Aston Villa,True,FREE,LONG_CENTRAL,76,98,0.7755102040816326,9,0.11842105263157894,0.4444444444444444,0.5894613655789747,-0.004120125145433687,CENTRAL_ZONE_PROXY_ONLY
PL1516,Mark Bunn,Aston Villa,True,FREE,LONG_LEFT,76,98,0.7755102040816326,25,0.32894736842105265,0.76,0.6173091918243085,-0.004382125393937194,NO
PL1516,Mark Bunn,Aston Villa,True,FREE,LONG_RIGHT,76,98,0.7755102040816326,29,0.3815789473684211,0.5517241379310345,0.6015257408790963,-0.0034926208191942794,NO
PL1516,Mark Bunn,Aston Villa,True,FREE,MEDIUM_LEFT,76,98,0.7755102040816326,1,0.013157894736842105,1.0,0.6290322580645161,-0.00448203149800393,NO
PL1516,Mark Bunn,Aston Villa,True,FREE,MEDIUM_RIGHT,76,98,0.7755102040816326,2,0.02631578947368421,1.0,0.5925343582576287,-0.0027525821899108526,NO
PL1516,Mark Bunn,Aston Villa,True,FREE,SHORT_LEFT,76,98,0.7755102040816326,1,0.013157894736842105,1.0,0.6216216216216216,-0.004461748651324344,NO
PL1516,Mark Bunn,Aston Villa,True,FREE,SHORT_RIGHT,76,98,0.7755102040816326,1,0.013157894736842105,1.0,0.5861456483126111,-0.0031155695269007135,NO
PL1516,Mark Bunn,Aston Villa,True,FREE,VERY_LONG_CENTRAL,76,98,0.7755102040816326,2,0.02631578947368421,0.0,0.6140493160188734,-0.004943453484225695,CENTRAL_ZONE_PROXY_ONLY
PL1516,Mark Bunn,Aston Villa,True,FREE,VERY_LONG_LEFT,76,98,0.7755102040816326,2,0.02631578947368421,0.5,0.5565458780485211,-0.0053435644099928915,NO
PL1516,Mark Bunn,Aston Villa,True,FREE,VERY_LONG_RIGHT,76,98,0.7755102040816326,4,0.05263157894736842,0.5,0.5781049949759791,-0.004416409567419527,NO
PL1516,Michel Vorm,Tottenham Hotspur,False,FREE,LONG_RIGHT,39,39,1.0,2,0.05128205128205128,0.0,0.6531968591413658,-0.004275423680502457,NO
PL1516,Michel Vorm,Tottenham Hotspur,False,FREE,MEDIUM_CENTRAL,39,39,1.0,1,0.02564102564102564,1.0,0.664440734557596,-0.007858306746673142,CENTRAL_ZONE_PROXY_ONLY
PL1516,Michel Vorm,Tottenham Hotspur,False,FREE,MEDIUM_LEFT,39,39,1.0,3,0.07692307692307693,1.0,0.6569448176134426,-0.004235785503837613,NO
PL1516,Michel Vorm,Tottenham Hotspur,False,FREE,MEDIUM_RIGHT,39,39,1.0,5,0.1282051282051282,1.0,0.7185972223349942,-0.003876744591062973,NO
PL1516,Michel Vorm,Tottenham Hotspur,False,FREE,SHORT_CENTRAL,39,39,1.0,6,0.15384615384615385,1.0,0.7158749500270206,-0.00464557660492318,CENTRAL_ZONE_PROXY_ONLY
PL1516,Michel Vorm,Tottenham Hotspur,False,FREE,SHORT_LEFT,39,39,1.0,10,0.2564102564102564,1.0,0.73430994954605,-0.0039291723271916166,NO
PL1516,Michel Vorm,Tottenham Hotspur,False,FREE,SHORT_RIGHT,39,39,1.0,12,0.3076923076923077,1.0,0.7400569026039009,-0.003850834005070105,NO
PL1516,Michel Vorm,Tottenham Hotspur,False,PRESSURED,LONG_RIGHT,3,3,1.0,2,0.6666666666666666,1.0,0.40939597315436244,-0.007731440632801751,NO
PL1516,Michel Vorm,Tottenham Hotspur,False,PRESSURED,SHORT_LEFT,3,3,1.0,1,0.3333333333333333,1.0,0.40939597315436244,-0.006682013852632794,NO
PL1516,Michel Vorm,Tottenham Hotspur,True,FREE,LONG_RIGHT,7,7,1.0,2,0.2857142857142857,1.0,0.664440734557596,-0.003831071076570393,NO
PL1516,Michel Vorm,Tottenham Hotspur,True,FREE,MEDIUM_LEFT,7,7,1.0,1,0.14285714285714285,1.0,0.664440734557596,-0.001757157046835947,NO
PL1516,Michel Vorm,Tottenham Hotspur,True,FREE,MEDIUM_RIGHT,7,7,1.0,1,0.14285714285714285,1.0,0.6419529837251357,-0.0022965388601752026,NO
PL1516,Michel Vorm,Tottenham Hotspur,True,FREE,SHORT_RIGHT,7,7,1.0,3,0.42857142857142855,1.0,0.6419529837251357,-0.0036785666999371983,NO
PL1516,Paulo Dino Gazzaniga,Southampton,False,FREE,LONG_CENTRAL,34,45,0.7555555555555555,4,0.11764705882352941,0.5,0.6554144195360093,-0.005038037357684,CENTRAL_ZONE_PROXY_ONLY
PL1516,Paulo Dino Gazzaniga,Southampton,False,FREE,LONG_LEFT,34,45,0.7555555555555555,7,0.20588235294117646,0.8571428571428571,0.6923143018614729,-0.0044780605121180535,NO
PL1516,Paulo Dino Gazzaniga,Southampton,False,FREE,LONG_RIGHT,34,45,0.7555555555555555,1,0.029411764705882353,1.0,0.692,-0.0038168996725590687,NO
PL1516,Paulo Dino Gazzaniga,Southampton,False,FREE,MEDIUM_LEFT,34,45,0.7555555555555555,3,0.08823529411764706,1.0,0.8167075812274368,-0.002689485852504217,NO
PL1516,Paulo Dino Gazzaniga,Southampton,False,FREE,MEDIUM_RIGHT,34,45,0.7555555555555555,3,0.08823529411764706,1.0,0.8770358004080876,-0.0009016920469333301,NO
PL1516,Paulo Dino Gazzaniga,Southampton,False,FREE,SHORT_CENTRAL,34,45,0.7555555555555555,7,0.20588235294117646,1.0,0.842736384294563,-0.002513949812982576,CENTRAL_ZONE_PROXY_ONLY
PL1516,Paulo Dino Gazzaniga,Southampton,False,FREE,SHORT_LEFT,34,45,0.7555555555555555,2,0.058823529411764705,1.0,0.678220367278798,-0.0060929801130880715,NO
PL1516,Paulo Dino Gazzaniga,Southampton,False,FREE,SHORT_RIGHT,34,45,0.7555555555555555,2,0.058823529411764705,1.0,0.6669764918625678,-0.0035271404556396204,NO
PL1516,Paulo Dino Gazzaniga,Southampton,False,FREE,VERY_LONG_CENTRAL,34,45,0.7555555555555555,2,0.058823529411764705,1.0,0.664440734557596,-0.00507240622037481,CENTRAL_ZONE_PROXY_ONLY
PL1516,Paulo Dino Gazzaniga,Southampton,False,FREE,VERY_LONG_LEFT,34,45,0.7555555555555555,2,0.058823529411764705,0.0,0.7112817391199533,-0.0028090442476794222,NO
PL1516,Paulo Dino Gazzaniga,Southampton,False,FREE,VERY_LONG_RIGHT,34,45,0.7555555555555555,1,0.029411764705882353,0.0,0.664440734557596,-0.00507240622037481,NO
PL1516,Paulo Dino Gazzaniga,Southampton,False,PRESSURED,SHORT_CENTRAL,1,1,1.0,1,1.0,1.0,0.5346534653465346,-0.004421382992462114,CENTRAL_ZONE_PROXY_ONLY
PL1516,Paulo Dino Gazzaniga,Southampton,True,FREE,LONG_CENTRAL,14,18,0.7777777777777778,2,0.14285714285714285,1.0,0.6531968591413658,-0.002026847953505575,CENTRAL_ZONE_PROXY_ONLY
PL1516,Paulo Dino Gazzaniga,Southampton,True,FREE,LONG_LEFT,14,18,0.7777777777777778,2,0.14285714285714285,1.0,0.6531968591413658,-0.0030633688333270718,NO
PL1516,Paulo Dino Gazzaniga,Southampton,True,FREE,SHORT_RIGHT,14,18,0.7777777777777778,1,0.07142857142857142,1.0,0.6419529837251357,-0.0022965388601752026,NO
PL1516,Paulo Dino Gazzaniga,Southampton,True,FREE,VERY_LONG_CENTRAL,14,18,0.7777777777777778,4,0.2857142857142857,0.75,0.6475749214332507,-0.0031982142866618856,CENTRAL_ZONE_PROXY_ONLY
PL1516,Paulo Dino Gazzaniga,Southampton,True,FREE,VERY_LONG_LEFT,14,18,0.7777777777777778,3,0.21428571428571427,1.0,0.6494489006692891,-0.003499063518854597,NO
PL1516,Paulo Dino Gazzaniga,Southampton,True,FREE,VERY_LONG_RIGHT,14,18,0.7777777777777778,2,0.14285714285714285,1.0,0.6116741662811724,-0.0030227939481281803,NO
PL1516,Petr Čech,Arsenal,False,FREE,LONG_CENTRAL,659,723,0.9114799446749654,72,0.10925644916540213,0.6388888888888888,0.6292341057434299,-0.006255397408621851,CENTRAL_ZONE_PROXY_ONLY
PL1516,Petr Čech,Arsenal,False,FREE,LONG_LEFT,659,723,0.9114799446749654,90,0.13657056145675264,0.6333333333333333,0.6487662648403407,-0.005203297838775586,NO
PL1516,Petr Čech,Arsenal,False,FREE,LONG_RIGHT,659,723,0.9114799446749654,56,0.08497723823975721,0.5714285714285714,0.6816674281072655,-0.005277835317517865,NO
PL1516,Petr Čech,Arsenal,False,FREE,MEDIUM_CENTRAL,659,723,0.9114799446749654,13,0.019726858877086494,1.0,0.7472432112620988,-0.0033790192207620207,CENTRAL_ZONE_PROXY_ONLY
PL1516,Petr Čech,Arsenal,False,FREE,MEDIUM_LEFT,659,723,0.9114799446749654,31,0.04704097116843703,0.9032258064516129,0.8266131803927403,-0.002392012815592758,NO
PL1516,Petr Čech,Arsenal,False,FREE,MEDIUM_RIGHT,659,723,0.9114799446749654,59,0.08952959028831563,0.9830508474576272,0.7892301687095633,-0.0029897981265147866,NO
PL1516,Petr Čech,Arsenal,False,FREE,SHORT_CENTRAL,659,723,0.9114799446749654,107,0.16236722306525037,1.0,0.8182291684598328,-0.0028884446693624674,CENTRAL_ZONE_PROXY_ONLY
PL1516,Petr Čech,Arsenal,False,FREE,SHORT_LEFT,659,723,0.9114799446749654,57,0.08649468892261002,1.0,0.7994834398248317,-0.0032398506149136403,NO
PL1516,Petr Čech,Arsenal,False,FREE,SHORT_RIGHT,659,723,0.9114799446749654,87,0.13201820940819423,1.0,0.8185249098314102,-0.0025547411349152744,NO
PL1516,Petr Čech,Arsenal,False,FREE,VERY_LONG_CENTRAL,659,723,0.9114799446749654,30,0.04552352048558422,0.5666666666666667,0.6206197398070834,-0.005922008649880185,CENTRAL_ZONE_PROXY_ONLY
PL1516,Petr Čech,Arsenal,False,FREE,VERY_LONG_LEFT,659,723,0.9114799446749654,27,0.0409711684370258,0.5925925925925926,0.5965416719316889,-0.006864895914970239,NO
PL1516,Petr Čech,Arsenal,False,FREE,VERY_LONG_RIGHT,659,723,0.9114799446749654,30,0.04552352048558422,0.5666666666666667,0.6206166054440921,-0.006462575152110448,NO
PL1516,Petr Čech,Arsenal,False,PRESSURED,LONG_CENTRAL,40,53,0.7547169811320755,10,0.25,0.6,0.4993591902113378,-0.006453719529173776,CENTRAL_ZONE_PROXY_ONLY
PL1516,Petr Čech,Arsenal,False,PRESSURED,LONG_LEFT,40,53,0.7547169811320755,10,0.25,0.6,0.5106610526638571,-0.006881999780959343,NO
PL1516,Petr Čech,Arsenal,False,PRESSURED,LONG_RIGHT,40,53,0.7547169811320755,6,0.15,0.8333333333333334,0.47779431174265113,-0.008544721625223498,NO
PL1516,Petr Čech,Arsenal,False,PRESSURED,MEDIUM_CENTRAL,40,53,0.7547169811320755,2,0.05,1.0,0.42663855209980667,-0.005874028431437962,CENTRAL_ZONE_PROXY_ONLY
PL1516,Petr Čech,Arsenal,False,PRESSURED,MEDIUM_LEFT,40,53,0.7547169811320755,1,0.025,1.0,0.5346534653465346,-0.0049539526162242714,NO
PL1516,Petr Čech,Arsenal,False,PRESSURED,MEDIUM_RIGHT,40,53,0.7547169811320755,2,0.05,1.0,0.5341880341880342,-0.007112409377023643,NO
PL1516,Petr Čech,Arsenal,False,PRESSURED,SHORT_CENTRAL,40,53,0.7547169811320755,1,0.025,1.0,0.5269461077844312,-0.011891792335817556,CENTRAL_ZONE_PROXY_ONLY
PL1516,Petr Čech,Arsenal,False,PRESSURED,SHORT_LEFT,40,53,0.7547169811320755,3,0.075,1.0,0.534103804129644,-0.005601660057194789,NO
PL1516,Petr Čech,Arsenal,False,PRESSURED,SHORT_RIGHT,40,53,0.7547169811320755,3,0.075,1.0,0.5229544118433008,-0.010070018922384748,NO
PL1516,Petr Čech,Arsenal,False,PRESSURED,VERY_LONG_CENTRAL,40,53,0.7547169811320755,1,0.025,0.0,0.4723247232472324,-0.007278919218438806,CENTRAL_ZONE_PROXY_ONLY
PL1516,Petr Čech,Arsenal,False,PRESSURED,VERY_LONG_RIGHT,40,53,0.7547169811320755,1,0.025,1.0,0.4864864864864865,-0.0190907797898127,NO
PL1516,Petr Čech,Arsenal,True,FREE,LONG_CENTRAL,202,249,0.8112449799196787,25,0.12376237623762376,0.68,0.610926806786163,-0.003940655854834905,CENTRAL_ZONE_PROXY_ONLY
PL1516,Petr Čech,Arsenal,True,FREE,LONG_LEFT,202,249,0.8112449799196787,21,0.10396039603960396,0.7619047619047619,0.6093269240719799,-0.004468259321706726,NO
PL1516,Petr Čech,Arsenal,True,FREE,LONG_RIGHT,202,249,0.8112449799196787,34,0.16831683168316833,0.8235294117647058,0.5987206410290256,-0.00399886354634417,NO
PL1516,Petr Čech,Arsenal,True,FREE,MEDIUM_CENTRAL,202,249,0.8112449799196787,2,0.009900990099009901,1.0,0.646736496311056,-0.0028410721901805354,CENTRAL_ZONE_PROXY_ONLY
PL1516,Petr Čech,Arsenal,True,FREE,MEDIUM_LEFT,202,249,0.8112449799196787,3,0.01485148514851485,1.0,0.5737637278855917,-0.0034469430860810716,NO
PL1516,Petr Čech,Arsenal,True,FREE,MEDIUM_RIGHT,202,249,0.8112449799196787,6,0.0297029702970297,1.0,0.6470414500214129,-0.0032267319719128987,NO
PL1516,Petr Čech,Arsenal,True,FREE,SHORT_CENTRAL,202,249,0.8112449799196787,6,0.0297029702970297,1.0,0.6032046702724164,-0.0044108041196008405,CENTRAL_ZONE_PROXY_ONLY
PL1516,Petr Čech,Arsenal,True,FREE,SHORT_LEFT,202,249,0.8112449799196787,8,0.039603960396039604,1.0,0.6162045272195931,-0.003887981404295821,NO
PL1516,Petr Čech,Arsenal,True,FREE,SHORT_RIGHT,202,249,0.8112449799196787,8,0.039603960396039604,1.0,0.6619166647087202,-0.0027965498655754305,NO
PL1516,Petr Čech,Arsenal,True,FREE,VERY_LONG_CENTRAL,202,249,0.8112449799196787,20,0.09900990099009901,0.45,0.6195900205800647,-0.003915008218598834,CENTRAL_ZONE_PROXY_ONLY
PL1516,Petr Čech,Arsenal,True,FREE,VERY_LONG_LEFT,202,249,0.8112449799196787,47,0.23267326732673269,0.6808510638297872,0.5979594691105133,-0.004797461525430119,NO
PL1516,Petr Čech,Arsenal,True,FREE,VERY_LONG_RIGHT,202,249,0.8112449799196787,22,0.10891089108910891,0.5454545454545454,0.6142735304378465,-0.0037966873834264104,NO
PL1516,Rob Elliot,Newcastle United,False,FREE,LONG_CENTRAL,406,454,0.8942731277533039,62,0.15270935960591134,0.5806451612903226,0.6433304875300396,-0.005748308053949124,CENTRAL_ZONE_PROXY_ONLY
PL1516,Rob Elliot,Newcastle United,False,FREE,LONG_LEFT,406,454,0.8942731277533039,82,0.2019704433497537,0.6341463414634146,0.6830293714408516,-0.004842421442441182,NO
PL1516,Rob Elliot,Newcastle United,False,FREE,LONG_RIGHT,406,454,0.8942731277533039,75,0.18472906403940886,0.56,0.6785987291845659,-0.0049085965426138726,NO
PL1516,Rob Elliot,Newcastle United,False,FREE,MEDIUM_CENTRAL,406,454,0.8942731277533039,4,0.009852216748768473,0.25,0.6386423329083241,-0.0047396453394932345,CENTRAL_ZONE_PROXY_ONLY
PL1516,Rob Elliot,Newcastle United,False,FREE,MEDIUM_LEFT,406,454,0.8942731277533039,21,0.05172413793103448,1.0,0.8115732505364187,-0.0025864974152297764,NO
PL1516,Rob Elliot,Newcastle United,False,FREE,MEDIUM_RIGHT,406,454,0.8942731277533039,23,0.05665024630541872,1.0,0.7597551265078547,-0.0033806795882052165,NO
PL1516,Rob Elliot,Newcastle United,False,FREE,SHORT_CENTRAL,406,454,0.8942731277533039,41,0.10098522167487685,1.0,0.8404977875346672,-0.002401531541534876,CENTRAL_ZONE_PROXY_ONLY
PL1516,Rob Elliot,Newcastle United,False,FREE,SHORT_LEFT,406,454,0.8942731277533039,18,0.04433497536945813,1.0,0.833029002544912,-0.0019050948819731067,NO
PL1516,Rob Elliot,Newcastle United,False,FREE,SHORT_RIGHT,406,454,0.8942731277533039,24,0.059113300492610835,1.0,0.86520998467993,-0.0015897313627126954,NO
PL1516,Rob Elliot,Newcastle United,False,FREE,VERY_LONG_CENTRAL,406,454,0.8942731277533039,15,0.03694581280788178,0.5333333333333333,0.5492043191785381,-0.007967608730207085,CENTRAL_ZONE_PROXY_ONLY
PL1516,Rob Elliot,Newcastle United,False,FREE,VERY_LONG_LEFT,406,454,0.8942731277533039,12,0.029556650246305417,0.4166666666666667,0.6746899160023009,-0.0046546296860963945,NO
PL1516,Rob Elliot,Newcastle United,False,FREE,VERY_LONG_RIGHT,406,454,0.8942731277533039,29,0.07142857142857142,0.6896551724137931,0.6283188463648556,-0.0046851119424664665,NO
PL1516,Rob Elliot,Newcastle United,False,PRESSURED,LONG_CENTRAL,29,33,0.8787878787878788,5,0.1724137931034483,0.6,0.5304928471371427,-0.006370971526053285,CENTRAL_ZONE_PROXY_ONLY
PL1516,Rob Elliot,Newcastle United,False,PRESSURED,LONG_LEFT,29,33,0.8787878787878788,10,0.3448275862068966,0.4,0.5432558237755103,-0.006108948898686105,NO
PL1516,Rob Elliot,Newcastle United,False,PRESSURED,LONG_RIGHT,29,33,0.8787878787878788,5,0.1724137931034483,0.2,0.49926231733460646,-0.007081808816363344,NO
PL1516,Rob Elliot,Newcastle United,False,PRESSURED,MEDIUM_CENTRAL,29,33,0.8787878787878788,1,0.034482758620689655,1.0,0.4864864864864865,-0.005802774648700554,CENTRAL_ZONE_PROXY_ONLY
PL1516,Rob Elliot,Newcastle United,False,PRESSURED,MEDIUM_LEFT,29,33,0.8787878787878788,1,0.034482758620689655,0.0,0.5861456483126111,-0.007542007068187645,NO
PL1516,Rob Elliot,Newcastle United,False,PRESSURED,MEDIUM_RIGHT,29,33,0.8787878787878788,2,0.06896551724137931,0.5,0.49965349965349964,-0.011640444562203457,NO
PL1516,Rob Elliot,Newcastle United,False,PRESSURED,SHORT_LEFT,29,33,0.8787878787878788,1,0.034482758620689655,1.0,0.5246913580246915,-0.005850543602496762,NO
PL1516,Rob Elliot,Newcastle United,False,PRESSURED,SHORT_RIGHT,29,33,0.8787878787878788,2,0.06896551724137931,1.0,0.724372514276668,0.0003223344723447038,NO
PL1516,Rob Elliot,Newcastle United,False,PRESSURED,VERY_LONG_CENTRAL,29,33,0.8787878787878788,2,0.06896551724137931,0.0,0.519883310302472,-0.006117799281015546,CENTRAL_ZONE_PROXY_ONLY
PL1516,Rob Elliot,Newcastle United,True,FREE,LONG_CENTRAL,168,198,0.8484848484848485,23,0.13690476190476192,0.782608695652174,0.6208542922303654,-0.003563000581742837,CENTRAL_ZONE_PROXY_ONLY
PL1516,Rob Elliot,Newcastle United,True,FREE,LONG_LEFT,168,198,0.8484848484848485,19,0.1130952380952381,0.7894736842105263,0.6282500737430332,-0.004009514493496884,NO
PL1516,Rob Elliot,Newcastle United,True,FREE,LONG_RIGHT,168,198,0.8484848484848485,64,0.38095238095238093,0.6875,0.6245594365860558,-0.0032943063778369417,NO
PL1516,Rob Elliot,Newcastle United,True,FREE,MEDIUM_CENTRAL,168,198,0.8484848484848485,2,0.011904761904761904,1.0,0.6245479204339963,-0.0034574618074809647,CENTRAL_ZONE_PROXY_ONLY
PL1516,Rob Elliot,Newcastle United,True,FREE,MEDIUM_LEFT,168,198,0.8484848484848485,3,0.017857142857142856,1.0,0.6364910664528529,-0.0031356781641578603,NO
PL1516,Rob Elliot,Newcastle United,True,FREE,MEDIUM_RIGHT,168,198,0.8484848484848485,10,0.05952380952380952,1.0,0.6517404066836228,-0.0034504460000785047,NO
PL1516,Rob Elliot,Newcastle United,True,FREE,SHORT_CENTRAL,168,198,0.8484848484848485,4,0.023809523809523808,1.0,0.6741731834029542,-0.002670668243759171,CENTRAL_ZONE_PROXY_ONLY
PL1516,Rob Elliot,Newcastle United,True,FREE,SHORT_LEFT,168,198,0.8484848484848485,3,0.017857142857142856,1.0,0.6135379600904094,-0.0042279688892418905,NO
PL1516,Rob Elliot,Newcastle United,True,FREE,SHORT_RIGHT,168,198,0.8484848484848485,6,0.03571428571428571,1.0,0.6324513375187536,-0.003182319132717189,NO
PL1516,Rob Elliot,Newcastle United,True,FREE,VERY_LONG_CENTRAL,168,198,0.8484848484848485,5,0.02976190476190476,0.8,0.6273498924535759,-0.0030535563712222645,CENTRAL_ZONE_PROXY_ONLY
PL1516,Rob Elliot,Newcastle United,True,FREE,VERY_LONG_LEFT,168,198,0.8484848484848485,6,0.03571428571428571,0.6666666666666666,0.6438318265087456,-0.003913668524789109,NO
PL1516,Rob Elliot,Newcastle United,True,FREE,VERY_LONG_RIGHT,168,198,0.8484848484848485,23,0.13690476190476192,0.5217391304347826,0.6423064260848594,-0.00307654994363521,NO
PL1516,Ryan Allsop,AFC Bournemouth,False,FREE,LONG_RIGHT,8,8,1.0,1,0.125,0.0,0.6623931623931624,-0.004726601511173143,NO
PL1516,Ryan Allsop,AFC Bournemouth,False,FREE,MEDIUM_LEFT,8,8,1.0,1,0.125,1.0,0.6949152542372882,-0.002365882988547915,NO
PL1516,Ryan Allsop,AFC Bournemouth,False,FREE,MEDIUM_RIGHT,8,8,1.0,1,0.125,1.0,0.9531772575250836,0.0007072180101311846,NO
PL1516,Ryan Allsop,AFC Bournemouth,False,FREE,SHORT_CENTRAL,8,8,1.0,1,0.125,1.0,0.6623931623931624,-0.004726601511173143,CENTRAL_ZONE_PROXY_ONLY
PL1516,Ryan Allsop,AFC Bournemouth,False,FREE,SHORT_LEFT,8,8,1.0,3,0.375,1.0,0.7749287749287749,-0.004840577785198569,NO
PL1516,Ryan Allsop,AFC Bournemouth,False,FREE,SHORT_RIGHT,8,8,1.0,1,0.125,1.0,0.6623931623931624,-0.004118516283323891,NO
PL1516,Ryan Allsop,AFC Bournemouth,True,FREE,SHORT_RIGHT,2,2,1.0,1,0.5,1.0,0.6267806267806267,-0.0027592490305004217,NO
PL1516,Ryan Allsop,AFC Bournemouth,True,FREE,VERY_LONG_LEFT,2,2,1.0,1,0.5,1.0,0.6413793103448276,-0.00378404953457428,NO
PL1516,Sergio Germán Romero,Manchester United,False,FREE,LONG_CENTRAL,93,106,0.8773584905660378,10,0.10752688172043011,0.3,0.6001549917839022,-0.005782346678284256,CENTRAL_ZONE_PROXY_ONLY
PL1516,Sergio Germán Romero,Manchester United,False,FREE,LONG_LEFT,93,106,0.8773584905660378,8,0.08602150537634409,0.75,0.643330201192214,-0.006151344053059048,NO
PL1516,Sergio Germán Romero,Manchester United,False,FREE,LONG_RIGHT,93,106,0.8773584905660378,4,0.043010752688172046,0.75,0.6347650453839269,-0.006542972138121955,NO
PL1516,Sergio Germán Romero,Manchester United,False,FREE,MEDIUM_CENTRAL,93,106,0.8773584905660378,3,0.03225806451612903,1.0,0.6147662041762271,-0.0055679461731743506,CENTRAL_ZONE_PROXY_ONLY
PL1516,Sergio Germán Romero,Manchester United,False,FREE,MEDIUM_LEFT,93,106,0.8773584905660378,10,0.10752688172043011,1.0,0.8399509983182893,-0.0028706419473056776,NO
PL1516,Sergio Germán Romero,Manchester United,False,FREE,MEDIUM_RIGHT,93,106,0.8773584905660378,9,0.0967741935483871,0.8888888888888888,0.7761940792242661,-0.002672076678176231,NO
PL1516,Sergio Germán Romero,Manchester United,False,FREE,SHORT_CENTRAL,93,106,0.8773584905660378,18,0.1935483870967742,1.0,0.72345589098227,-0.005303757682906916,CENTRAL_ZONE_PROXY_ONLY
PL1516,Sergio Germán Romero,Manchester United,False,FREE,SHORT_LEFT,93,106,0.8773584905660378,18,0.1935483870967742,1.0,0.7671116441911052,-0.003115028246035593,NO
PL1516,Sergio Germán Romero,Manchester United,False,FREE,SHORT_RIGHT,93,106,0.8773584905660378,7,0.07526881720430108,0.8571428571428571,0.7009347827452965,-0.005023879928874048,NO
PL1516,Sergio Germán Romero,Manchester United,False,FREE,VERY_LONG_CENTRAL,93,106,0.8773584905660378,1,0.010752688172043012,1.0,0.5861456483126111,-0.003836856690448087,CENTRAL_ZONE_PROXY_ONLY
PL1516,Sergio Germán Romero,Manchester United,False,FREE,VERY_LONG_LEFT,93,106,0.8773584905660378,4,0.043010752688172046,0.25,0.5632025647308665,-0.005878086385705264,NO
PL1516,Sergio Germán Romero,Manchester United,False,FREE,VERY_LONG_RIGHT,93,106,0.8773584905660378,1,0.010752688172043012,0.0,0.5861456483126111,-0.009287125946643665,NO
PL1516,Sergio Germán Romero,Manchester United,False,PRESSURED,LONG_CENTRAL,13,16,0.8125,2,0.15384615384615385,0.5,0.4755664755664756,-0.007342588274112387,CENTRAL_ZONE_PROXY_ONLY
PL1516,Sergio Germán Romero,Manchester United,False,PRESSURED,LONG_RIGHT,13,16,0.8125,3,0.23076923076923078,0.6666666666666666,0.513576490845068,-0.008496314553603461,NO
PL1516,Sergio Germán Romero,Manchester United,False,PRESSURED,MEDIUM_CENTRAL,13,16,0.8125,1,0.07692307692307693,0.0,0.4647887323943662,-0.0088789093861678,CENTRAL_ZONE_PROXY_ONLY
PL1516,Sergio Germán Romero,Manchester United,False,PRESSURED,MEDIUM_LEFT,13,16,0.8125,1,0.07692307692307693,0.0,0.5194805194805194,-0.00597857683677996,NO
PL1516,Sergio Germán Romero,Manchester United,False,PRESSURED,MEDIUM_RIGHT,13,16,0.8125,3,0.23076923076923078,0.6666666666666666,0.4878433193271388,-0.006357424532785483,NO
PL1516,Sergio Germán Romero,Manchester United,False,PRESSURED,SHORT_LEFT,13,16,0.8125,2,0.15384615384615385,1.0,0.4449254449254449,-0.005159011192557428,NO
PL1516,Sergio Germán Romero,Manchester United,False,PRESSURED,VERY_LONG_CENTRAL,13,16,0.8125,1,0.07692307692307693,1.0,0.375,-0.012486888124686072,CENTRAL_ZONE_PROXY_ONLY
PL1516,Sergio Germán Romero,Manchester United,True,FREE,LONG_CENTRAL,12,17,0.7058823529411765,2,0.16666666666666666,0.0,0.6354926208948259,-0.004425806058911063,CENTRAL_ZONE_PROXY_ONLY
PL1516,Sergio Germán Romero,Manchester United,True,FREE,LONG_RIGHT,12,17,0.7058823529411765,1,0.08333333333333333,1.0,0.5861456483126111,-0.005517326348633192,NO
PL1516,Sergio Germán Romero,Manchester United,True,FREE,MEDIUM_LEFT,12,17,0.7058823529411765,1,0.08333333333333333,1.0,0.6303501945525292,-0.0020016526203922224,NO
PL1516,Sergio Germán Romero,Manchester United,True,FREE,SHORT_CENTRAL,12,17,0.7058823529411765,2,0.16666666666666666,1.0,0.6140493160188734,-0.004943453484225695,CENTRAL_ZONE_PROXY_ONLY
PL1516,Sergio Germán Romero,Manchester United,True,FREE,SHORT_LEFT,12,17,0.7058823529411765,2,0.16666666666666666,1.0,0.5982999128160418,-0.005238452193684799,NO
PL1516,Sergio Germán Romero,Manchester United,True,FREE,SHORT_RIGHT,12,17,0.7058823529411765,2,0.16666666666666666,1.0,0.5639628732849071,-0.003810073797165418,NO
PL1516,Sergio Germán Romero,Manchester United,True,FREE,VERY_LONG_CENTRAL,12,17,0.7058823529411765,1,0.08333333333333333,0.0,0.5813953488372093,-0.005819741845217034,CENTRAL_ZONE_PROXY_ONLY
PL1516,Sergio Germán Romero,Manchester United,True,FREE,VERY_LONG_RIGHT,12,17,0.7058823529411765,1,0.08333333333333333,1.0,0.556497175141243,-0.006415973288931069,NO
PL1516,Shay Given,Stoke City,False,FREE,LONG_CENTRAL,37,41,0.9024390243902439,1,0.02702702702702703,1.0,0.6807653575025177,-0.008531836938818515,CENTRAL_ZONE_PROXY_ONLY
PL1516,Shay Given,Stoke City,False,FREE,LONG_LEFT,37,41,0.9024390243902439,5,0.13513513513513514,1.0,0.7305165332063701,-0.004273175756224857,NO
PL1516,Shay Given,Stoke City,False,FREE,LONG_RIGHT,37,41,0.9024390243902439,15,0.40540540540540543,0.7333333333333333,0.6534358745490778,-0.005362403252699596,NO
PL1516,Shay Given,Stoke City,False,FREE,MEDIUM_LEFT,37,41,0.9024390243902439,2,0.05405405405405406,0.5,0.6807653575025177,-0.0035478100143646143,NO
PL1516,Shay Given,Stoke City,False,FREE,MEDIUM_RIGHT,37,41,0.9024390243902439,3,0.08108108108108109,0.6666666666666666,0.768095159156712,-0.001984330167550684,NO
PL1516,Shay Given,Stoke City,False,FREE,SHORT_CENTRAL,37,41,0.9024390243902439,4,0.10810810810810811,1.0,0.8634522717260311,-0.002445128407226005,CENTRAL_ZONE_PROXY_ONLY
PL1516,Shay Given,Stoke City,False,FREE,SHORT_LEFT,37,41,0.9024390243902439,1,0.02702702702702703,1.0,0.9573170731707317,0.000606867876441179,NO
PL1516,Shay Given,Stoke City,False,FREE,SHORT_RIGHT,37,41,0.9024390243902439,2,0.05405405405405406,1.0,0.9801724137931034,0.0010178645183614857,NO
PL1516,Shay Given,Stoke City,False,FREE,VERY_LONG_CENTRAL,37,41,0.9024390243902439,1,0.02702702702702703,1.0,0.5714285714285714,-0.009829544767495885,CENTRAL_ZONE_PROXY_ONLY
PL1516,Shay Given,Stoke City,False,FREE,VERY_LONG_LEFT,37,41,0.9024390243902439,2,0.05405405405405406,1.0,0.6425344257333708,-0.005214717623709947,NO
PL1516,Shay Given,Stoke City,False,FREE,VERY_LONG_RIGHT,37,41,0.9024390243902439,1,0.02702702702702703,0.0,0.46464646464646464,-0.007323823503579547,NO
PL1516,Shay Given,Stoke City,False,PRESSURED,MEDIUM_RIGHT,1,2,0.5,1,1.0,1.0,0.5,-0.00451500611640397,NO
PL1516,Shay Given,Stoke City,True,FREE,LONG_CENTRAL,19,22,0.8636363636363636,2,0.10526315789473684,0.5,0.5307378452858705,-0.004278974280141963,CENTRAL_ZONE_PROXY_ONLY
PL1516,Shay Given,Stoke City,True,FREE,LONG_LEFT,19,22,0.8636363636363636,6,0.3157894736842105,1.0,0.6995840524950632,-0.0029523051261082997,NO
PL1516,Shay Given,Stoke City,True,FREE,LONG_RIGHT,19,22,0.8636363636363636,4,0.21052631578947367,0.5,0.6507741058961138,-0.00287168284878013,NO
PL1516,Shay Given,Stoke City,True,FREE,SHORT_CENTRAL,19,22,0.8636363636363636,3,0.15789473684210525,1.0,0.6542359002354224,-0.003052316550419575,CENTRAL_ZONE_PROXY_ONLY
PL1516,Shay Given,Stoke City,True,FREE,SHORT_LEFT,19,22,0.8636363636363636,2,0.10526315789473684,1.0,0.5982999128160418,-0.003922973096578173,NO
PL1516,Shay Given,Stoke City,True,FREE,VERY_LONG_LEFT,19,22,0.8636363636363636,1,0.05263157894736842,1.0,0.7581227436823105,-0.0015876872753115543,NO
PL1516,Shay Given,Stoke City,True,FREE,VERY_LONG_RIGHT,19,22,0.8636363636363636,1,0.05263157894736842,1.0,0.6290322580645161,-0.0018510733037906775,NO
PL1516,Simon Mignolet,Liverpool,False,FREE,LONG_CENTRAL,575,649,0.8859784283513097,65,0.11304347826086956,0.5076923076923077,0.6156533772326455,-0.005991658535565053,CENTRAL_ZONE_PROXY_ONLY
PL1516,Simon Mignolet,Liverpool,False,FREE,LONG_LEFT,575,649,0.8859784283513097,28,0.04869565217391304,0.6785714285714286,0.6803154032331723,-0.004412230433845059,NO
PL1516,Simon Mignolet,Liverpool,False,FREE,LONG_RIGHT,575,649,0.8859784283513097,71,0.12347826086956522,0.676056338028169,0.6016793383496449,-0.00664271240970203,NO
PL1516,Simon Mignolet,Liverpool,False,FREE,MEDIUM_CENTRAL,575,649,0.8859784283513097,11,0.019130434782608695,0.7272727272727273,0.7507962166715495,-0.0034813341954839953,CENTRAL_ZONE_PROXY_ONLY
PL1516,Simon Mignolet,Liverpool,False,FREE,MEDIUM_LEFT,575,649,0.8859784283513097,35,0.06086956521739131,0.9428571428571428,0.7449447984522811,-0.004144104867863451,NO
PL1516,Simon Mignolet,Liverpool,False,FREE,MEDIUM_RIGHT,575,649,0.8859784283513097,28,0.04869565217391304,0.9642857142857143,0.7668464256020419,-0.0035856811672147016,NO
PL1516,Simon Mignolet,Liverpool,False,FREE,SHORT_CENTRAL,575,649,0.8859784283513097,140,0.24347826086956523,1.0,0.7596684074946158,-0.0034787296278788516,CENTRAL_ZONE_PROXY_ONLY
PL1516,Simon Mignolet,Liverpool,False,FREE,SHORT_LEFT,575,649,0.8859784283513097,75,0.13043478260869565,1.0,0.7555737799062985,-0.0036711602610620844,NO
PL1516,Simon Mignolet,Liverpool,False,FREE,SHORT_RIGHT,575,649,0.8859784283513097,84,0.14608695652173914,1.0,0.7290867614183537,-0.004486941371391338,NO
PL1516,Simon Mignolet,Liverpool,False,FREE,VERY_LONG_CENTRAL,575,649,0.8859784283513097,10,0.017391304347826087,0.5,0.5185969139230219,-0.008047249503800542,CENTRAL_ZONE_PROXY_ONLY
PL1516,Simon Mignolet,Liverpool,False,FREE,VERY_LONG_LEFT,575,649,0.8859784283513097,12,0.020869565217391306,0.5833333333333334,0.6210643703755124,-0.005442268567416875,NO
PL1516,Simon Mignolet,Liverpool,False,FREE,VERY_LONG_RIGHT,575,649,0.8859784283513097,16,0.02782608695652174,0.5625,0.5544000856256348,-0.006842020876537226,NO
PL1516,Simon Mignolet,Liverpool,False,PRESSURED,LONG_CENTRAL,36,49,0.7346938775510204,4,0.1111111111111111,0.75,0.49257261803387253,-0.007813796269666001,CENTRAL_ZONE_PROXY_ONLY
PL1516,Simon Mignolet,Liverpool,False,PRESSURED,LONG_LEFT,36,49,0.7346938775510204,6,0.16666666666666666,0.6666666666666666,0.49143988196137744,-0.009425815939779087,NO
PL1516,Simon Mignolet,Liverpool,False,PRESSURED,LONG_RIGHT,36,49,0.7346938775510204,7,0.19444444444444445,0.7142857142857143,0.4945031848865194,-0.009703963070276973,NO
PL1516,Simon Mignolet,Liverpool,False,PRESSURED,MEDIUM_CENTRAL,36,49,0.7346938775510204,6,0.16666666666666666,0.6666666666666666,0.492368440656426,-0.0056831542328556325,CENTRAL_ZONE_PROXY_ONLY
PL1516,Simon Mignolet,Liverpool,False,PRESSURED,MEDIUM_LEFT,36,49,0.7346938775510204,1,0.027777777777777776,0.0,0.4723247232472324,-0.020813250958937192,NO
PL1516,Simon Mignolet,Liverpool,False,PRESSURED,MEDIUM_RIGHT,36,49,0.7346938775510204,5,0.1388888888888889,1.0,0.49592537037805196,-0.008263523325196717,NO
PL1516,Simon Mignolet,Liverpool,False,PRESSURED,SHORT_LEFT,36,49,0.7346938775510204,3,0.08333333333333333,1.0,0.5217059078258294,-0.007776192462359169,NO
PL1516,Simon Mignolet,Liverpool,False,PRESSURED,SHORT_RIGHT,36,49,0.7346938775510204,3,0.08333333333333333,1.0,0.48355784762666904,-0.012018900795666398,NO
PL1516,Simon Mignolet,Liverpool,False,PRESSURED,VERY_LONG_RIGHT,36,49,0.7346938775510204,1,0.027777777777777776,0.0,0.4723247232472324,-0.005648321482023739,NO
PL1516,Simon Mignolet,Liverpool,True,FREE,LONG_CENTRAL,206,231,0.8917748917748918,26,0.1262135922330097,0.5,0.5761048924170434,-0.0047726281125217325,CENTRAL_ZONE_PROXY_ONLY
PL1516,Simon Mignolet,Liverpool,True,FREE,LONG_LEFT,206,231,0.8917748917748918,27,0.13106796116504854,0.7037037037037037,0.585795770021949,-0.005398190790310873,NO
PL1516,Simon Mignolet,Liverpool,True,FREE,LONG_RIGHT,206,231,0.8917748917748918,29,0.1407766990291262,0.7241379310344828,0.5822140320219575,-0.0038890797671480783,NO
PL1516,Simon Mignolet,Liverpool,True,FREE,MEDIUM_CENTRAL,206,231,0.8917748917748918,4,0.019417475728155338,1.0,0.6230165980880685,-0.003574833251307177,CENTRAL_ZONE_PROXY_ONLY
PL1516,Simon Mignolet,Liverpool,True,FREE,MEDIUM_LEFT,206,231,0.8917748917748918,5,0.024271844660194174,1.0,0.598637027819007,-0.003986573153351104,NO
PL1516,Simon Mignolet,Liverpool,True,FREE,MEDIUM_RIGHT,206,231,0.8917748917748918,5,0.024271844660194174,1.0,0.5898678402530998,-0.004679633317433667,NO
PL1516,Simon Mignolet,Liverpool,True,FREE,SHORT_CENTRAL,206,231,0.8917748917748918,25,0.12135922330097088,1.0,0.5773168859741312,-0.005001107693425901,CENTRAL_ZONE_PROXY_ONLY
PL1516,Simon Mignolet,Liverpool,True,FREE,SHORT_LEFT,206,231,0.8917748917748918,16,0.07766990291262135,1.0,0.5944321559268959,-0.0049365285619947345,NO
PL1516,Simon Mignolet,Liverpool,True,FREE,SHORT_RIGHT,206,231,0.8917748917748918,19,0.09223300970873786,1.0,0.6052048958431454,-0.0034804037297608433,NO
PL1516,Simon Mignolet,Liverpool,True,FREE,VERY_LONG_CENTRAL,206,231,0.8917748917748918,19,0.09223300970873786,0.5789473684210527,0.5730816793174884,-0.004384753395108496,CENTRAL_ZONE_PROXY_ONLY
PL1516,Simon Mignolet,Liverpool,True,FREE,VERY_LONG_LEFT,206,231,0.8917748917748918,13,0.06310679611650485,0.8461538461538461,0.5909591594049789,-0.004221205635358507,NO
PL1516,Simon Mignolet,Liverpool,True,FREE,VERY_LONG_RIGHT,206,231,0.8917748917748918,18,0.08737864077669903,0.6111111111111112,0.5681256250780046,-0.004536913539370982,NO
PL1516,Thibaut Courtois,Chelsea,False,FREE,LONG_CENTRAL,386,441,0.8752834467120182,41,0.10621761658031088,0.5609756097560976,0.6484205360626625,-0.0054397708100785685,CENTRAL_ZONE_PROXY_ONLY
PL1516,Thibaut Courtois,Chelsea,False,FREE,LONG_LEFT,386,441,0.8752834467120182,37,0.09585492227979274,0.6216216216216216,0.7104977527821829,-0.00459274876619439,NO
PL1516,Thibaut Courtois,Chelsea,False,FREE,LONG_RIGHT,386,441,0.8752834467120182,51,0.13212435233160622,0.5490196078431373,0.6751506923650187,-0.005234729121920858,NO
PL1516,Thibaut Courtois,Chelsea,False,FREE,MEDIUM_CENTRAL,386,441,0.8752834467120182,5,0.012953367875647668,0.8,0.7388613726660028,-0.003656774958641488,CENTRAL_ZONE_PROXY_ONLY
PL1516,Thibaut Courtois,Chelsea,False,FREE,MEDIUM_LEFT,386,441,0.8752834467120182,22,0.05699481865284974,0.8636363636363636,0.765738293470131,-0.0034225225450167734,NO
PL1516,Thibaut Courtois,Chelsea,False,FREE,MEDIUM_RIGHT,386,441,0.8752834467120182,20,0.05181347150259067,0.95,0.7839883590685415,-0.0034116018539343622,NO
PL1516,Thibaut Courtois,Chelsea,False,FREE,SHORT_CENTRAL,386,441,0.8752834467120182,77,0.19948186528497408,1.0,0.8284807542363212,-0.002576304680154566,CENTRAL_ZONE_PROXY_ONLY
PL1516,Thibaut Courtois,Chelsea,False,FREE,SHORT_LEFT,386,441,0.8752834467120182,31,0.08031088082901554,1.0,0.8322865485621741,-0.002054689170913727,NO
PL1516,Thibaut Courtois,Chelsea,False,FREE,SHORT_RIGHT,386,441,0.8752834467120182,50,0.12953367875647667,1.0,0.8207488018835426,-0.0029427828598091125,NO
PL1516,Thibaut Courtois,Chelsea,False,FREE,VERY_LONG_CENTRAL,386,441,0.8752834467120182,14,0.03626943005181347,0.5,0.6389962383908373,-0.006354881574686286,CENTRAL_ZONE_PROXY_ONLY
PL1516,Thibaut Courtois,Chelsea,False,FREE,VERY_LONG_LEFT,386,441,0.8752834467120182,15,0.038860103626943004,0.5333333333333333,0.6411159007470963,-0.004862855139364137,NO
PL1516,Thibaut Courtois,Chelsea,False,FREE,VERY_LONG_RIGHT,386,441,0.8752834467120182,23,0.05958549222797927,0.43478260869565216,0.6077315148489657,-0.006447027387282104,NO
PL1516,Thibaut Courtois,Chelsea,False,PRESSURED,LONG_CENTRAL,18,24,0.75,3,0.16666666666666666,0.3333333333333333,0.5248066953171595,-0.009986600578279936,CENTRAL_ZONE_PROXY_ONLY
PL1516,Thibaut Courtois,Chelsea,False,PRESSURED,LONG_LEFT,18,24,0.75,1,0.05555555555555555,0.0,0.5128205128205128,-0.006642917206736211,NO
PL1516,Thibaut Courtois,Chelsea,False,PRESSURED,LONG_RIGHT,18,24,0.75,6,0.3333333333333333,0.3333333333333333,0.48318992277054346,-0.009156310612961766,NO
PL1516,Thibaut Courtois,Chelsea,False,PRESSURED,MEDIUM_LEFT,18,24,0.75,3,0.16666666666666666,1.0,0.48305419791976884,-0.006654567916807438,NO
PL1516,Thibaut Courtois,Chelsea,False,PRESSURED,MEDIUM_RIGHT,18,24,0.75,1,0.05555555555555555,0.0,0.38095238095238093,-0.01626497194640083,NO
PL1516,Thibaut Courtois,Chelsea,False,PRESSURED,SHORT_LEFT,18,24,0.75,1,0.05555555555555555,1.0,0.4647887323943662,-0.0043587697708996455,NO
PL1516,Thibaut Courtois,Chelsea,False,PRESSURED,SHORT_RIGHT,18,24,0.75,1,0.05555555555555555,1.0,0.38095238095238093,-0.009663251871283725,NO
PL1516,Thibaut Courtois,Chelsea,False,PRESSURED,VERY_LONG_CENTRAL,18,24,0.75,1,0.05555555555555555,1.0,0.5060240963855422,-0.007170022227510449,CENTRAL_ZONE_PROXY_ONLY
PL1516,Thibaut Courtois,Chelsea,False,PRESSURED,VERY_LONG_LEFT,18,24,0.75,1,0.05555555555555555,0.0,0.37037037037037035,-0.007724774876839345,NO
PL1516,Thibaut Courtois,Chelsea,True,FREE,LONG_CENTRAL,140,167,0.8383233532934131,15,0.10714285714285714,0.4666666666666667,0.5779105221517592,-0.004568203215648849,CENTRAL_ZONE_PROXY_ONLY
PL1516,Thibaut Courtois,Chelsea,True,FREE,LONG_LEFT,140,167,0.8383233532934131,7,0.05,1.0,0.5706603830061255,-0.005398801258519099,NO
PL1516,Thibaut Courtois,Chelsea,True,FREE,LONG_RIGHT,140,167,0.8383233532934131,40,0.2857142857142857,0.575,0.6218197388005038,-0.0032557472618879044,NO
PL1516,Thibaut Courtois,Chelsea,True,FREE,MEDIUM_CENTRAL,140,167,0.8383233532934131,2,0.014285714285714285,1.0,0.6578559244866813,-0.003062052874073201,CENTRAL_ZONE_PROXY_ONLY
PL1516,Thibaut Courtois,Chelsea,True,FREE,MEDIUM_LEFT,140,167,0.8383233532934131,4,0.02857142857142857,1.0,0.5941398745140518,-0.004816743760098278,NO
PL1516,Thibaut Courtois,Chelsea,True,FREE,MEDIUM_RIGHT,140,167,0.8383233532934131,11,0.07857142857142857,0.9090909090909091,0.5947880252097919,-0.004304340802690611,NO
PL1516,Thibaut Courtois,Chelsea,True,FREE,SHORT_CENTRAL,140,167,0.8383233532934131,8,0.05714285714285714,1.0,0.6098261533301129,-0.004225864251291038,CENTRAL_ZONE_PROXY_ONLY
PL1516,Thibaut Courtois,Chelsea,True,FREE,SHORT_LEFT,140,167,0.8383233532934131,9,0.06428571428571428,1.0,0.6016734939450167,-0.00464047502380732,NO
PL1516,Thibaut Courtois,Chelsea,True,FREE,SHORT_RIGHT,140,167,0.8383233532934131,17,0.12142857142857143,1.0,0.6198037877215729,-0.0034792349672711533,NO
PL1516,Thibaut Courtois,Chelsea,True,FREE,VERY_LONG_CENTRAL,140,167,0.8383233532934131,6,0.04285714285714286,0.16666666666666666,0.5912372276397629,-0.004294063865505764,CENTRAL_ZONE_PROXY_ONLY
PL1516,Thibaut Courtois,Chelsea,True,FREE,VERY_LONG_LEFT,140,167,0.8383233532934131,2,0.014285714285714285,0.5,0.6159254952028214,-0.004097980451502529,NO
PL1516,Thibaut Courtois,Chelsea,True,FREE,VERY_LONG_RIGHT,140,167,0.8383233532934131,19,0.1357142857142857,0.5789473684210527,0.5998276611816911,-0.004377864794658199,NO
PL1516,Tim Howard,Everton,False,FREE,LONG_CENTRAL,483,529,0.9130434782608695,46,0.09523809523809523,0.5434782608695652,0.6378418514911869,-0.005953821349072877,CENTRAL_ZONE_PROXY_ONLY
PL1516,Tim Howard,Everton,False,FREE,LONG_LEFT,483,529,0.9130434782608695,34,0.07039337474120083,0.7058823529411765,0.6723225826804922,-0.004664116245907869,NO
PL1516,Tim Howard,Everton,False,FREE,LONG_RIGHT,483,529,0.9130434782608695,49,0.10144927536231885,0.5714285714285714,0.6638015637083461,-0.0052545863162548135,NO
PL1516,Tim Howard,Everton,False,FREE,MEDIUM_CENTRAL,483,529,0.9130434782608695,19,0.039337474120082816,0.8421052631578947,0.7885922308760209,-0.002507387881881502,CENTRAL_ZONE_PROXY_ONLY
PL1516,Tim Howard,Everton,False,FREE,MEDIUM_LEFT,483,529,0.9130434782608695,29,0.060041407867494824,0.9310344827586207,0.8246583477300695,-0.003070185529756567,NO
PL1516,Tim Howard,Everton,False,FREE,MEDIUM_RIGHT,483,529,0.9130434782608695,13,0.026915113871635612,1.0,0.9041682749508356,-0.000977856516241254,NO
PL1516,Tim Howard,Everton,False,FREE,SHORT_CENTRAL,483,529,0.9130434782608695,114,0.2360248447204969,1.0,0.8399149609920858,-0.0022347127985158644,CENTRAL_ZONE_PROXY_ONLY
PL1516,Tim Howard,Everton,False,FREE,SHORT_LEFT,483,529,0.9130434782608695,72,0.14906832298136646,1.0,0.7976403796470629,-0.002944655971945669,NO
PL1516,Tim Howard,Everton,False,FREE,SHORT_RIGHT,483,529,0.9130434782608695,87,0.18012422360248448,1.0,0.7952094814606013,-0.00330823216534558,NO
PL1516,Tim Howard,Everton,False,FREE,VERY_LONG_CENTRAL,483,529,0.9130434782608695,6,0.012422360248447204,0.5,0.49048748792454105,-0.009642993715524087,CENTRAL_ZONE_PROXY_ONLY
PL1516,Tim Howard,Everton,False,FREE,VERY_LONG_LEFT,483,529,0.9130434782608695,9,0.018633540372670808,0.6666666666666666,0.6873390280069941,-0.0047402290048947264,NO
PL1516,Tim Howard,Everton,False,FREE,VERY_LONG_RIGHT,483,529,0.9130434782608695,5,0.010351966873706004,0.6,0.6786616693344897,-0.007298799832371364,NO
PL1516,Tim Howard,Everton,False,PRESSURED,LONG_CENTRAL,31,39,0.7948717948717948,9,0.2903225806451613,0.3333333333333333,0.4478574224620593,-0.009549278306452667,CENTRAL_ZONE_PROXY_ONLY
PL1516,Tim Howard,Everton,False,PRESSURED,LONG_LEFT,31,39,0.7948717948717948,4,0.12903225806451613,0.25,0.46506382319834505,-0.009796870197120718,NO
PL1516,Tim Howard,Everton,False,PRESSURED,LONG_RIGHT,31,39,0.7948717948717948,11,0.3548387096774194,0.45454545454545453,0.4660458167442363,-0.008968217565751462,NO
PL1516,Tim Howard,Everton,False,PRESSURED,MEDIUM_CENTRAL,31,39,0.7948717948717948,2,0.06451612903225806,1.0,0.46817104046939684,-0.009166793404907964,CENTRAL_ZONE_PROXY_ONLY
PL1516,Tim Howard,Everton,False,PRESSURED,MEDIUM_LEFT,31,39,0.7948717948717948,1,0.03225806451612903,1.0,0.5346534653465346,-0.004992124401479633,NO
PL1516,Tim Howard,Everton,False,PRESSURED,SHORT_LEFT,31,39,0.7948717948717948,1,0.03225806451612903,1.0,0.40939597315436244,-0.00696916366704658,NO
PL1516,Tim Howard,Everton,False,PRESSURED,SHORT_RIGHT,31,39,0.7948717948717948,1,0.03225806451612903,1.0,0.5346534653465346,-0.004202646329477237,NO
PL1516,Tim Howard,Everton,False,PRESSURED,VERY_LONG_CENTRAL,31,39,0.7948717948717948,1,0.03225806451612903,1.0,0.5346534653465346,-0.0039495067644695035,CENTRAL_ZONE_PROXY_ONLY
PL1516,Tim Howard,Everton,False,PRESSURED,VERY_LONG_RIGHT,31,39,0.7948717948717948,1,0.03225806451612903,1.0,0.5269461077844312,-0.006096097093281309,NO
PL1516,Tim Howard,Everton,True,FREE,LONG_CENTRAL,185,232,0.7974137931034483,16,0.08648648648648649,0.5625,0.5880691751596049,-0.0038118357897641867,CENTRAL_ZONE_PROXY_ONLY
PL1516,Tim Howard,Everton,True,FREE,LONG_LEFT,185,232,0.7974137931034483,24,0.12972972972972974,0.5833333333333334,0.5875547274406567,-0.0049876603984236574,NO
PL1516,Tim Howard,Everton,True,FREE,LONG_RIGHT,185,232,0.7974137931034483,29,0.15675675675675677,0.6896551724137931,0.5766851459917086,-0.003859190232322127,NO
PL1516,Tim Howard,Everton,True,FREE,MEDIUM_CENTRAL,185,232,0.7974137931034483,4,0.021621621621621623,1.0,0.6063364073942024,-0.0045419195498366425,CENTRAL_ZONE_PROXY_ONLY
PL1516,Tim Howard,Everton,True,FREE,MEDIUM_LEFT,185,232,0.7974137931034483,11,0.05945945945945946,1.0,0.6067771720979536,-0.0038982773507859575,NO
PL1516,Tim Howard,Everton,True,FREE,MEDIUM_RIGHT,185,232,0.7974137931034483,9,0.04864864864864865,1.0,0.6039329618102836,-0.0038247057877358534,NO
PL1516,Tim Howard,Everton,True,FREE,SHORT_CENTRAL,185,232,0.7974137931034483,25,0.13513513513513514,1.0,0.5983585459645032,-0.0039341157311849825,CENTRAL_ZONE_PROXY_ONLY
PL1516,Tim Howard,Everton,True,FREE,SHORT_LEFT,185,232,0.7974137931034483,12,0.06486486486486487,1.0,0.6157814674375814,-0.004387090143046649,NO
PL1516,Tim Howard,Everton,True,FREE,SHORT_RIGHT,185,232,0.7974137931034483,18,0.0972972972972973,1.0,0.615053803947064,-0.0031216249694541245,NO
PL1516,Tim Howard,Everton,True,FREE,VERY_LONG_CENTRAL,185,232,0.7974137931034483,7,0.03783783783783784,0.42857142857142855,0.6000248315149918,-0.003782987543224437,CENTRAL_ZONE_PROXY_ONLY
PL1516,Tim Howard,Everton,True,FREE,VERY_LONG_LEFT,185,232,0.7974137931034483,13,0.07027027027027027,0.6923076923076923,0.5875945314954878,-0.004750476024539952,NO
PL1516,Tim Howard,Everton,True,FREE,VERY_LONG_RIGHT,185,232,0.7974137931034483,17,0.0918918918918919,0.7647058823529411,0.5875557662391495,-0.0041630014819750705,NO
PL1516,Timothy Michael Krul,Newcastle United,False,FREE,LONG_CENTRAL,165,194,0.8505154639175257,17,0.10303030303030303,0.5882352941176471,0.7017202489768788,-0.004082279000358681,CENTRAL_ZONE_PROXY_ONLY
PL1516,Timothy Michael Krul,Newcastle United,False,FREE,LONG_LEFT,165,194,0.8505154639175257,16,0.09696969696969697,0.5625,0.7061252826049741,-0.0043173026860784175,NO
PL1516,Timothy Michael Krul,Newcastle United,False,FREE,LONG_RIGHT,165,194,0.8505154639175257,26,0.15757575757575756,0.5,0.7097776591111605,-0.004058928898582335,NO
PL1516,Timothy Michael Krul,Newcastle United,False,FREE,MEDIUM_CENTRAL,165,194,0.8505154639175257,2,0.012121212121212121,1.0,0.7906630406630406,-0.0032398314844004033,CENTRAL_ZONE_PROXY_ONLY
PL1516,Timothy Michael Krul,Newcastle United,False,FREE,MEDIUM_LEFT,165,194,0.8505154639175257,15,0.09090909090909091,0.9333333333333333,0.7784232240083132,-0.00389779009214932,NO
PL1516,Timothy Michael Krul,Newcastle United,False,FREE,MEDIUM_RIGHT,165,194,0.8505154639175257,17,0.10303030303030303,0.9411764705882353,0.7811457610443762,-0.003257073261176664,NO
PL1516,Timothy Michael Krul,Newcastle United,False,FREE,SHORT_CENTRAL,165,194,0.8505154639175257,19,0.11515151515151516,1.0,0.8144903369926595,-0.0026651973557168056,CENTRAL_ZONE_PROXY_ONLY
PL1516,Timothy Michael Krul,Newcastle United,False,FREE,SHORT_LEFT,165,194,0.8505154639175257,18,0.10909090909090909,1.0,0.7671849934516588,-0.003575396291530211,NO
PL1516,Timothy Michael Krul,Newcastle United,False,FREE,SHORT_RIGHT,165,194,0.8505154639175257,18,0.10909090909090909,1.0,0.7759328028644679,-0.003610081475736583,NO
PL1516,Timothy Michael Krul,Newcastle United,False,FREE,VERY_LONG_CENTRAL,165,194,0.8505154639175257,7,0.04242424242424243,0.7142857142857143,0.5303177903957648,-0.006278155542541288,CENTRAL_ZONE_PROXY_ONLY
PL1516,Timothy Michael Krul,Newcastle United,False,FREE,VERY_LONG_LEFT,165,194,0.8505154639175257,3,0.01818181818181818,0.3333333333333333,0.6500424708296156,-0.0038042039881694364,NO
PL1516,Timothy Michael Krul,Newcastle United,False,FREE,VERY_LONG_RIGHT,165,194,0.8505154639175257,7,0.04242424242424243,0.5714285714285714,0.6573045671198666,-0.005699317664801855,NO
PL1516,Timothy Michael Krul,Newcastle United,False,PRESSURED,LONG_CENTRAL,8,14,0.5714285714285714,1,0.125,1.0,0.5269461077844312,-0.01039699158196275,CENTRAL_ZONE_PROXY_ONLY
PL1516,Timothy Michael Krul,Newcastle United,False,PRESSURED,LONG_LEFT,8,14,0.5714285714285714,1,0.125,0.0,0.5269461077844312,-0.005206660529397085,NO
PL1516,Timothy Michael Krul,Newcastle United,False,PRESSURED,MEDIUM_CENTRAL,8,14,0.5714285714285714,2,0.25,0.5,0.519883310302472,-0.0074864585145020725,CENTRAL_ZONE_PROXY_ONLY
PL1516,Timothy Michael Krul,Newcastle United,False,PRESSURED,MEDIUM_LEFT,8,14,0.5714285714285714,2,0.25,1.0,0.5128205128205128,-0.003171152320947006,NO
PL1516,Timothy Michael Krul,Newcastle United,False,PRESSURED,MEDIUM_RIGHT,8,14,0.5714285714285714,1,0.125,1.0,0.5269461077844312,-0.009239842196426346,NO
PL1516,Timothy Michael Krul,Newcastle United,False,PRESSURED,SHORT_RIGHT,8,14,0.5714285714285714,1,0.125,1.0,0.5861456483126111,-0.004923607150063031,NO
PL1516,Timothy Michael Krul,Newcastle United,True,FREE,LONG_CENTRAL,51,70,0.7285714285714285,5,0.09803921568627451,0.4,0.594523400933357,-0.0039284910907805585,CENTRAL_ZONE_PROXY_ONLY
PL1516,Timothy Michael Krul,Newcastle United,True,FREE,LONG_LEFT,51,70,0.7285714285714285,6,0.11764705882352941,0.8333333333333334,0.6803351930752769,-0.0024037374547712176,NO
PL1516,Timothy Michael Krul,Newcastle United,True,FREE,LONG_RIGHT,51,70,0.7285714285714285,15,0.29411764705882354,0.7333333333333333,0.6390976746396793,-0.002741182301716784,NO
PL1516,Timothy Michael Krul,Newcastle United,True,FREE,MEDIUM_CENTRAL,51,70,0.7285714285714285,1,0.0196078431372549,1.0,0.6807653575025177,-0.001187645126562227,CENTRAL_ZONE_PROXY_ONLY
PL1516,Timothy Michael Krul,Newcastle United,True,FREE,MEDIUM_RIGHT,51,70,0.7285714285714285,5,0.09803921568627451,1.0,0.6153445652084002,-0.0033104499641762584,NO
PL1516,Timothy Michael Krul,Newcastle United,True,FREE,SHORT_CENTRAL,51,70,0.7285714285714285,3,0.058823529411764705,1.0,0.6807653575025178,-0.0013892189268721988,CENTRAL_ZONE_PROXY_ONLY
PL1516,Timothy Michael Krul,Newcastle United,True,FREE,SHORT_LEFT,51,70,0.7285714285714285,1,0.0196078431372549,1.0,0.6548117154811716,-0.0018595472869796098,NO
PL1516,Timothy Michael Krul,Newcastle United,True,FREE,SHORT_RIGHT,51,70,0.7285714285714285,4,0.0784313725490196,1.0,0.6441623079235117,-0.003113535134507906,NO
PL1516,Timothy Michael Krul,Newcastle United,True,FREE,VERY_LONG_RIGHT,51,70,0.7285714285714285,11,0.21568627450980393,0.8181818181818182,0.6316321444869615,-0.0035908061658906807,NO
PL1516,Vito Mannone,Sunderland,False,FREE,LONG_CENTRAL,396,439,0.9020501138952164,58,0.14646464646464646,0.3793103448275862,0.640022268393745,-0.005160676489766211,CENTRAL_ZONE_PROXY_ONLY
PL1516,Vito Mannone,Sunderland,False,FREE,LONG_LEFT,396,439,0.9020501138952164,57,0.14393939393939395,0.6666666666666666,0.6609403144097661,-0.004876098242214989,NO
PL1516,Vito Mannone,Sunderland,False,FREE,LONG_RIGHT,396,439,0.9020501138952164,85,0.21464646464646464,0.6588235294117647,0.6276119939718808,-0.005787914322517914,NO
PL1516,Vito Mannone,Sunderland,False,FREE,MEDIUM_CENTRAL,396,439,0.9020501138952164,3,0.007575757575757576,1.0,0.8868563601484979,-0.000991802820390912,CENTRAL_ZONE_PROXY_ONLY
PL1516,Vito Mannone,Sunderland,False,FREE,MEDIUM_LEFT,396,439,0.9020501138952164,28,0.0707070707070707,0.8928571428571429,0.7959066542444014,-0.0031715035238586114,NO
PL1516,Vito Mannone,Sunderland,False,FREE,MEDIUM_RIGHT,396,439,0.9020501138952164,16,0.04040404040404041,0.875,0.8058070095005836,-0.0023113348564274237,NO
PL1516,Vito Mannone,Sunderland,False,FREE,SHORT_CENTRAL,396,439,0.9020501138952164,27,0.06818181818181818,1.0,0.7512872852206298,-0.003712668932981574,CENTRAL_ZONE_PROXY_ONLY
PL1516,Vito Mannone,Sunderland,False,FREE,SHORT_LEFT,396,439,0.9020501138952164,21,0.05303030303030303,1.0,0.7617172283454455,-0.002684679824166261,NO
PL1516,Vito Mannone,Sunderland,False,FREE,SHORT_RIGHT,396,439,0.9020501138952164,28,0.0707070707070707,1.0,0.8051568891492575,-0.0023994643654033604,NO
PL1516,Vito Mannone,Sunderland,False,FREE,VERY_LONG_CENTRAL,396,439,0.9020501138952164,26,0.06565656565656566,0.3076923076923077,0.6022773209690981,-0.004972716177439173,CENTRAL_ZONE_PROXY_ONLY
PL1516,Vito Mannone,Sunderland,False,FREE,VERY_LONG_LEFT,396,439,0.9020501138952164,11,0.027777777777777776,0.45454545454545453,0.5840007504128268,-0.006640695484537855,NO
PL1516,Vito Mannone,Sunderland,False,FREE,VERY_LONG_RIGHT,396,439,0.9020501138952164,36,0.09090909090909091,0.6111111111111112,0.5613962387248889,-0.00615142068284579,NO
PL1516,Vito Mannone,Sunderland,False,PRESSURED,LONG_CENTRAL,18,22,0.8181818181818182,7,0.3888888888888889,0.0,0.5073386521067108,-0.009136405672672798,CENTRAL_ZONE_PROXY_ONLY
PL1516,Vito Mannone,Sunderland,False,PRESSURED,LONG_LEFT,18,22,0.8181818181818182,1,0.05555555555555555,1.0,0.5246913580246915,-0.0028613394532528607,NO
PL1516,Vito Mannone,Sunderland,False,PRESSURED,LONG_RIGHT,18,22,0.8181818181818182,4,0.2222222222222222,0.5,0.4839122700614482,-0.007374276183180778,NO
PL1516,Vito Mannone,Sunderland,False,PRESSURED,SHORT_CENTRAL,18,22,0.8181818181818182,2,0.1111111111111111,1.0,0.49324324324324326,-0.006081131411129577,CENTRAL_ZONE_PROXY_ONLY
PL1516,Vito Mannone,Sunderland,False,PRESSURED,SHORT_RIGHT,18,22,0.8181818181818182,1,0.05555555555555555,1.0,0.4723247232472324,-0.0097338569794691,NO
PL1516,Vito Mannone,Sunderland,False,PRESSURED,VERY_LONG_LEFT,18,22,0.8181818181818182,2,0.1111111111111111,1.0,0.4959026213638759,-0.008220798326951785,NO
PL1516,Vito Mannone,Sunderland,False,PRESSURED,VERY_LONG_RIGHT,18,22,0.8181818181818182,1,0.05555555555555555,1.0,0.40939597315436244,-0.008780867412970707,NO
PL1516,Vito Mannone,Sunderland,True,FREE,LONG_CENTRAL,132,165,0.8,8,0.06060606060606061,0.5,0.6175279294565268,-0.003911903616800624,CENTRAL_ZONE_PROXY_ONLY
PL1516,Vito Mannone,Sunderland,True,FREE,LONG_LEFT,132,165,0.8,9,0.06818181818181818,0.2222222222222222,0.5997837590465382,-0.004557387902489067,NO
PL1516,Vito Mannone,Sunderland,True,FREE,LONG_RIGHT,132,165,0.8,27,0.20454545454545456,0.5555555555555556,0.5655349768181513,-0.004149652006202832,NO
PL1516,Vito Mannone,Sunderland,True,FREE,MEDIUM_LEFT,132,165,0.8,5,0.03787878787878788,1.0,0.6324356412387789,-0.0034818762912887705,NO
PL1516,Vito Mannone,Sunderland,True,FREE,MEDIUM_RIGHT,132,165,0.8,1,0.007575757575757576,1.0,0.6290322580645161,-0.0018510733037906775,NO
PL1516,Vito Mannone,Sunderland,True,FREE,SHORT_CENTRAL,132,165,0.8,4,0.030303030303030304,1.0,0.5644480930618985,-0.004555611419395538,CENTRAL_ZONE_PROXY_ONLY
PL1516,Vito Mannone,Sunderland,True,FREE,SHORT_LEFT,132,165,0.8,4,0.030303030303030304,1.0,0.5644480930618985,-0.004872269655058543,NO
PL1516,Vito Mannone,Sunderland,True,FREE,SHORT_RIGHT,132,165,0.8,1,0.007575757575757576,1.0,0.6290322580645161,-0.0018510733037906775,NO
PL1516,Vito Mannone,Sunderland,True,FREE,VERY_LONG_CENTRAL,132,165,0.8,20,0.15151515151515152,0.3,0.6080932166884407,-0.0035648383398411898,CENTRAL_ZONE_PROXY_ONLY
PL1516,Vito Mannone,Sunderland,True,FREE,VERY_LONG_LEFT,132,165,0.8,13,0.09848484848484848,0.6153846153846154,0.6104310735768895,-0.004386692977523281,NO
PL1516,Vito Mannone,Sunderland,True,FREE,VERY_LONG_RIGHT,132,165,0.8,40,0.30303030303030304,0.525,0.5965358940459593,-0.003687058704076575,NO
PL1516,Wayne Hennessey,Crystal Palace,False,FREE,LONG_CENTRAL,455,571,0.7968476357267951,53,0.11648351648351649,0.5283018867924528,0.6625492792613283,-0.004958417766172982,CENTRAL_ZONE_PROXY_ONLY
PL1516,Wayne Hennessey,Crystal Palace,False,FREE,LONG_LEFT,455,571,0.7968476357267951,38,0.08351648351648351,0.6578947368421053,0.7007102334394071,-0.004236344820349275,NO
PL1516,Wayne Hennessey,Crystal Palace,False,FREE,LONG_RIGHT,455,571,0.7968476357267951,41,0.09010989010989011,0.6341463414634146,0.6469250382984696,-0.005606876632138096,NO
PL1516,Wayne Hennessey,Crystal Palace,False,FREE,MEDIUM_CENTRAL,455,571,0.7968476357267951,3,0.006593406593406593,0.6666666666666666,0.8147022109702098,-0.004413779650323201,CENTRAL_ZONE_PROXY_ONLY
PL1516,Wayne Hennessey,Crystal Palace,False,FREE,MEDIUM_LEFT,455,571,0.7968476357267951,34,0.07472527472527472,0.9705882352941176,0.794693589405818,-0.0028439350910578584,NO
PL1516,Wayne Hennessey,Crystal Palace,False,FREE,MEDIUM_RIGHT,455,571,0.7968476357267951,31,0.06813186813186813,0.9032258064516129,0.8110191060345028,-0.0025059212967473753,NO
PL1516,Wayne Hennessey,Crystal Palace,False,FREE,SHORT_CENTRAL,455,571,0.7968476357267951,52,0.11428571428571428,1.0,0.8083235363259553,-0.003084523448929238,CENTRAL_ZONE_PROXY_ONLY
PL1516,Wayne Hennessey,Crystal Palace,False,FREE,SHORT_LEFT,455,571,0.7968476357267951,45,0.0989010989010989,1.0,0.846862671524907,-0.0025326725528011253,NO
PL1516,Wayne Hennessey,Crystal Palace,False,FREE,SHORT_RIGHT,455,571,0.7968476357267951,38,0.08351648351648351,1.0,0.7923936484949444,-0.0033825402688571773,NO
PL1516,Wayne Hennessey,Crystal Palace,False,FREE,VERY_LONG_CENTRAL,455,571,0.7968476357267951,42,0.09230769230769231,0.5,0.635500510970143,-0.0051353521658125114,CENTRAL_ZONE_PROXY_ONLY
PL1516,Wayne Hennessey,Crystal Palace,False,FREE,VERY_LONG_LEFT,455,571,0.7968476357267951,48,0.1054945054945055,0.6458333333333334,0.6245332835245325,-0.005697853571990766,NO
PL1516,Wayne Hennessey,Crystal Palace,False,FREE,VERY_LONG_RIGHT,455,571,0.7968476357267951,30,0.06593406593406594,0.7333333333333333,0.6059004451113867,-0.0057311477759862065,NO
PL1516,Wayne Hennessey,Crystal Palace,False,PRESSURED,LONG_CENTRAL,38,45,0.8444444444444444,15,0.39473684210526316,0.26666666666666666,0.49973955758047384,-0.007617850077548487,CENTRAL_ZONE_PROXY_ONLY
PL1516,Wayne Hennessey,Crystal Palace,False,PRESSURED,LONG_LEFT,38,45,0.8444444444444444,3,0.07894736842105263,0.6666666666666666,0.4947909720061056,-0.007473205187638631,NO
PL1516,Wayne Hennessey,Crystal Palace,False,PRESSURED,LONG_RIGHT,38,45,0.8444444444444444,6,0.15789473684210525,0.6666666666666666,0.4898049386677376,-0.007610082162633306,NO
PL1516,Wayne Hennessey,Crystal Palace,False,PRESSURED,MEDIUM_CENTRAL,38,45,0.8444444444444444,1,0.02631578947368421,1.0,0.591324200913242,-0.015308473640078079,CENTRAL_ZONE_PROXY_ONLY
PL1516,Wayne Hennessey,Crystal Palace,False,PRESSURED,MEDIUM_RIGHT,38,45,0.8444444444444444,2,0.05263157894736842,1.0,0.44086034820079745,-0.006167352687299368,NO
PL1516,Wayne Hennessey,Crystal Palace,False,PRESSURED,SHORT_CENTRAL,38,45,0.8444444444444444,1,0.02631578947368421,1.0,0.40939597315436244,-0.006682013852632794,CENTRAL_ZONE_PROXY_ONLY
PL1516,Wayne Hennessey,Crystal Palace,False,PRESSURED,SHORT_LEFT,38,45,0.8444444444444444,3,0.07894736842105263,1.0,0.5696065965527044,-0.009405736030303409,NO
PL1516,Wayne Hennessey,Crystal Palace,False,PRESSURED,VERY_LONG_CENTRAL,38,45,0.8444444444444444,2,0.05263157894736842,0.5,0.5094223046030275,-0.007929989296251029,CENTRAL_ZONE_PROXY_ONLY
PL1516,Wayne Hennessey,Crystal Palace,False,PRESSURED,VERY_LONG_LEFT,38,45,0.8444444444444444,3,0.07894736842105263,0.3333333333333333,0.49712650794358354,-0.007660331395026088,NO
PL1516,Wayne Hennessey,Crystal Palace,False,PRESSURED,VERY_LONG_RIGHT,38,45,0.8444444444444444,2,0.05263157894736842,1.0,0.4582008178100863,-0.010814892615497475,NO
PL1516,Wayne Hennessey,Crystal Palace,True,FREE,LONG_CENTRAL,177,245,0.7224489795918367,9,0.05084745762711865,0.3333333333333333,0.5966399060585831,-0.003982490812936321,CENTRAL_ZONE_PROXY_ONLY
PL1516,Wayne Hennessey,Crystal Palace,True,FREE,LONG_LEFT,177,245,0.7224489795918367,9,0.05084745762711865,0.6666666666666666,0.6451189668779097,-0.003950504495592856,NO
PL1516,Wayne Hennessey,Crystal Palace,True,FREE,LONG_RIGHT,177,245,0.7224489795918367,20,0.11299435028248588,0.7,0.6156135966085069,-0.002935751590492123,NO
PL1516,Wayne Hennessey,Crystal Palace,True,FREE,MEDIUM_CENTRAL,177,245,0.7224489795918367,3,0.01694915254237288,1.0,0.6136672859480661,-0.003296704719860146,CENTRAL_ZONE_PROXY_ONLY
PL1516,Wayne Hennessey,Crystal Palace,True,FREE,MEDIUM_LEFT,177,245,0.7224489795918367,7,0.03954802259887006,1.0,0.6013131970563391,-0.004473141144630243,NO
PL1516,Wayne Hennessey,Crystal Palace,True,FREE,MEDIUM_RIGHT,177,245,0.7224489795918367,4,0.022598870056497175,1.0,0.6355029776275556,-0.0038466573710385817,NO
PL1516,Wayne Hennessey,Crystal Palace,True,FREE,SHORT_CENTRAL,177,245,0.7224489795918367,4,0.022598870056497175,1.0,0.5964823850636463,-0.004239785757853588,CENTRAL_ZONE_PROXY_ONLY
PL1516,Wayne Hennessey,Crystal Palace,True,FREE,SHORT_LEFT,177,245,0.7224489795918367,8,0.04519774011299435,1.0,0.6133690086588492,-0.00455898777116349,NO
PL1516,Wayne Hennessey,Crystal Palace,True,FREE,SHORT_RIGHT,177,245,0.7224489795918367,2,0.011299435028248588,1.0,0.5841817379188565,-0.00404036260130052,NO
PL1516,Wayne Hennessey,Crystal Palace,True,FREE,VERY_LONG_CENTRAL,177,245,0.7224489795918367,40,0.22598870056497175,0.6,0.5983664574699894,-0.003980954890551129,CENTRAL_ZONE_PROXY_ONLY
PL1516,Wayne Hennessey,Crystal Palace,True,FREE,VERY_LONG_LEFT,177,245,0.7224489795918367,26,0.14689265536723164,0.6923076923076923,0.6134611289679528,-0.004533174689759973,NO
PL1516,Wayne Hennessey,Crystal Palace,True,FREE,VERY_LONG_RIGHT,177,245,0.7224489795918367,45,0.2542372881355932,0.7111111111111111,0.6014257570807675,-0.0034340165077056772,NO
PL1516,Wilfredo Daniel Caballero,Manchester City,False,FREE,LONG_CENTRAL,51,62,0.8225806451612904,3,0.058823529411764705,0.6666666666666666,0.6172547336108644,-0.007806070808613732,CENTRAL_ZONE_PROXY_ONLY
PL1516,Wilfredo Daniel Caballero,Manchester City,False,FREE,LONG_LEFT,51,62,0.8225806451612904,5,0.09803921568627451,0.8,0.5990159165226066,-0.005757046959710344,NO
PL1516,Wilfredo Daniel Caballero,Manchester City,False,FREE,LONG_RIGHT,51,62,0.8225806451612904,11,0.21568627450980393,0.7272727272727273,0.6237176804112464,-0.005814065344242145,NO
PL1516,Wilfredo Daniel Caballero,Manchester City,False,FREE,MEDIUM_LEFT,51,62,0.8225806451612904,4,0.0784313725490196,1.0,0.6487136937162822,-0.005997932501168467,NO
PL1516,Wilfredo Daniel Caballero,Manchester City,False,FREE,MEDIUM_RIGHT,51,62,0.8225806451612904,2,0.0392156862745098,1.0,0.7295768357586809,-0.00361849217851291,NO
PL1516,Wilfredo Daniel Caballero,Manchester City,False,FREE,SHORT_CENTRAL,51,62,0.8225806451612904,10,0.19607843137254902,1.0,0.7073331065137793,-0.005031019328401913,CENTRAL_ZONE_PROXY_ONLY
PL1516,Wilfredo Daniel Caballero,Manchester City,False,FREE,SHORT_LEFT,51,62,0.8225806451612904,5,0.09803921568627451,1.0,0.7160366081520411,-0.005646349640485106,NO
PL1516,Wilfredo Daniel Caballero,Manchester City,False,FREE,SHORT_RIGHT,51,62,0.8225806451612904,6,0.11764705882352941,1.0,0.5781431078139659,-0.007933103459957805,NO
PL1516,Wilfredo Daniel Caballero,Manchester City,False,FREE,VERY_LONG_CENTRAL,51,62,0.8225806451612904,2,0.0392156862745098,0.5,0.6094730538922155,-0.004096795220251669,CENTRAL_ZONE_PROXY_ONLY
PL1516,Wilfredo Daniel Caballero,Manchester City,False,FREE,VERY_LONG_LEFT,51,62,0.8225806451612904,2,0.0392156862745098,0.5,0.5203387808660385,-0.006407959216323176,NO
PL1516,Wilfredo Daniel Caballero,Manchester City,False,FREE,VERY_LONG_RIGHT,51,62,0.8225806451612904,1,0.0196078431372549,1.0,0.5770392749244712,-0.011020491045211269,NO
PL1516,Wilfredo Daniel Caballero,Manchester City,False,PRESSURED,LONG_CENTRAL,5,7,0.7142857142857143,2,0.4,0.0,0.39517417705337166,-0.010502040704310517,CENTRAL_ZONE_PROXY_ONLY
PL1516,Wilfredo Daniel Caballero,Manchester City,False,PRESSURED,LONG_RIGHT,5,7,0.7142857142857143,2,0.4,0.5,0.5173267326732673,-0.009319163003865297,NO
PL1516,Wilfredo Daniel Caballero,Manchester City,False,PRESSURED,MEDIUM_RIGHT,5,7,0.7142857142857143,1,0.2,0.0,0.5194805194805194,-0.007536287465864234,NO
PL1516,Wilfredo Daniel Caballero,Manchester City,True,FREE,LONG_CENTRAL,14,22,0.6363636363636364,1,0.07142857142857142,0.0,0.5128205128205128,-0.007315720787290905,CENTRAL_ZONE_PROXY_ONLY
PL1516,Wilfredo Daniel Caballero,Manchester City,True,FREE,LONG_LEFT,14,22,0.6363636363636364,3,0.21428571428571427,1.0,0.544616627354452,-0.006500217573046209,NO
PL1516,Wilfredo Daniel Caballero,Manchester City,True,FREE,LONG_RIGHT,14,22,0.6363636363636364,4,0.2857142857142857,0.5,0.5787176305195356,-0.0033902314914942807,NO
PL1516,Wilfredo Daniel Caballero,Manchester City,True,FREE,MEDIUM_RIGHT,14,22,0.6363636363636364,1,0.07142857142857142,1.0,0.6166666666666667,-0.0021565070571374616,NO
PL1516,Wilfredo Daniel Caballero,Manchester City,True,FREE,SHORT_LEFT,14,22,0.6363636363636364,1,0.07142857142857142,1.0,0.6419529837251357,-0.0022965388601752026,NO
PL1516,Wilfredo Daniel Caballero,Manchester City,True,FREE,SHORT_RIGHT,14,22,0.6363636363636364,1,0.07142857142857142,1.0,0.6290322580645161,-0.0018510733037906775,NO
PL1516,Wilfredo Daniel Caballero,Manchester City,True,FREE,VERY_LONG_RIGHT,14,22,0.6363636363636364,3,0.21428571428571427,0.6666666666666666,0.5320879319153957,-0.004826449730834436,NO
PL1516,Ádám Bogdán,Liverpool,False,FREE,LONG_CENTRAL,22,30,0.7333333333333333,3,0.13636363636363635,0.6666666666666666,0.6455535753428573,-0.005248903696424004,CENTRAL_ZONE_PROXY_ONLY
PL1516,Ádám Bogdán,Liverpool,False,FREE,LONG_LEFT,22,30,0.7333333333333333,2,0.09090909090909091,1.0,0.6548117154811716,-0.005176010785973164,NO
PL1516,Ádám Bogdán,Liverpool,False,FREE,LONG_RIGHT,22,30,0.7333333333333333,2,0.09090909090909091,0.5,0.6677885364918446,-0.006294282497717933,NO
PL1516,Ádám Bogdán,Liverpool,False,FREE,MEDIUM_CENTRAL,22,30,0.7333333333333333,1,0.045454545454545456,1.0,0.6807653575025177,-0.010377848108138719,CENTRAL_ZONE_PROXY_ONLY
PL1516,Ádám Bogdán,Liverpool,False,FREE,MEDIUM_RIGHT,22,30,0.7333333333333333,1,0.045454545454545456,1.0,1.0,0.00022302180002007135,NO
PL1516,Ádám Bogdán,Liverpool,False,FREE,SHORT_CENTRAL,22,30,0.7333333333333333,4,0.18181818181818182,1.0,0.8904800322710771,-0.0027834618195161473,CENTRAL_ZONE_PROXY_ONLY
PL1516,Ádám Bogdán,Liverpool,False,FREE,SHORT_LEFT,22,30,0.7333333333333333,4,0.18181818181818182,1.0,0.9106453194751319,-0.001888594156622876,NO
PL1516,Ádám Bogdán,Liverpool,False,FREE,SHORT_RIGHT,22,30,0.7333333333333333,2,0.09090909090909091,1.0,0.8274058577405858,-0.00362450300632883,NO
PL1516,Ádám Bogdán,Liverpool,False,FREE,VERY_LONG_LEFT,22,30,0.7333333333333333,2,0.09090909090909091,1.0,0.8254573056169305,-0.0007086989111181319,NO
PL1516,Ádám Bogdán,Liverpool,False,FREE,VERY_LONG_RIGHT,22,30,0.7333333333333333,1,0.045454545454545456,0.0,0.6798107255520504,-0.005958285454759969,NO
PL1516,Ádám Bogdán,Liverpool,False,PRESSURED,LONG_RIGHT,1,1,1.0,1,1.0,1.0,0.5128205128205128,-0.0079342365028099,NO
PL1516,Ádám Bogdán,Liverpool,True,FREE,LONG_CENTRAL,9,17,0.5294117647058824,1,0.1111111111111111,0.0,0.5770392749244712,-0.00387296300674645,CENTRAL_ZONE_PROXY_ONLY
PL1516,Ádám Bogdán,Liverpool,True,FREE,LONG_LEFT,9,17,0.5294117647058824,1,0.1111111111111111,1.0,0.6768916155419223,-0.003291663324616073,NO
PL1516,Ádám Bogdán,Liverpool,True,FREE,LONG_RIGHT,9,17,0.5294117647058824,1,0.1111111111111111,1.0,0.5770392749244712,-0.005595535354921654,NO
PL1516,Ádám Bogdán,Liverpool,True,FREE,MEDIUM_LEFT,9,17,0.5294117647058824,1,0.1111111111111111,1.0,0.6548117154811716,-0.0018595472869796098,NO
PL1516,Ádám Bogdán,Liverpool,True,FREE,SHORT_LEFT,9,17,0.5294117647058824,1,0.1111111111111111,1.0,0.5770392749244712,-0.005595535354921654,NO
PL1516,Ádám Bogdán,Liverpool,True,FREE,SHORT_RIGHT,9,17,0.5294117647058824,3,0.3333333333333333,1.0,0.6029634217767046,-0.004982235366062308,NO
PL1516,Ádám Bogdán,Liverpool,True,FREE,VERY_LONG_RIGHT,9,17,0.5294117647058824,1,0.1111111111111111,1.0,0.6768916155419223,-0.0008288484610273188,NO
PL1516,Łukasz Fabiański,Swansea City,False,FREE,LONG_CENTRAL,744,827,0.8996372430471584,47,0.06317204301075269,0.40425531914893614,0.607055958975644,-0.006469773934059587,CENTRAL_ZONE_PROXY_ONLY
PL1516,Łukasz Fabiański,Swansea City,False,FREE,LONG_LEFT,744,827,0.8996372430471584,65,0.08736559139784947,0.7076923076923077,0.6660761999777085,-0.005437020846465365,NO
PL1516,Łukasz Fabiański,Swansea City,False,FREE,LONG_RIGHT,744,827,0.8996372430471584,117,0.15725806451612903,0.6666666666666666,0.6316502077868491,-0.00589639788445244,NO
PL1516,Łukasz Fabiański,Swansea City,False,FREE,MEDIUM_CENTRAL,744,827,0.8996372430471584,10,0.013440860215053764,0.7,0.769832233427726,-0.002194596175914669,CENTRAL_ZONE_PROXY_ONLY
PL1516,Łukasz Fabiański,Swansea City,False,FREE,MEDIUM_LEFT,744,827,0.8996372430471584,54,0.07258064516129033,0.9259259259259259,0.7545525677774951,-0.0036447447737039066,NO
PL1516,Łukasz Fabiański,Swansea City,False,FREE,MEDIUM_RIGHT,744,827,0.8996372430471584,58,0.07795698924731183,0.9655172413793104,0.8144467158503911,-0.00279905683492799,NO
PL1516,Łukasz Fabiański,Swansea City,False,FREE,SHORT_CENTRAL,744,827,0.8996372430471584,120,0.16129032258064516,1.0,0.813934992493495,-0.002791675368424351,CENTRAL_ZONE_PROXY_ONLY
PL1516,Łukasz Fabiański,Swansea City,False,FREE,SHORT_LEFT,744,827,0.8996372430471584,114,0.1532258064516129,0.9912280701754386,0.773762733194789,-0.0035569908136303505,NO
PL1516,Łukasz Fabiański,Swansea City,False,FREE,SHORT_RIGHT,744,827,0.8996372430471584,107,0.14381720430107528,1.0,0.741930478976824,-0.004238352909549095,NO
PL1516,Łukasz Fabiański,Swansea City,False,FREE,VERY_LONG_CENTRAL,744,827,0.8996372430471584,13,0.01747311827956989,0.6153846153846154,0.5882945796266662,-0.005175465662916923,CENTRAL_ZONE_PROXY_ONLY
PL1516,Łukasz Fabiański,Swansea City,False,FREE,VERY_LONG_LEFT,744,827,0.8996372430471584,11,0.01478494623655914,0.7272727272727273,0.5001054672540434,-0.008014017717813156,NO
PL1516,Łukasz Fabiański,Swansea City,False,FREE,VERY_LONG_RIGHT,744,827,0.8996372430471584,28,0.03763440860215054,0.5357142857142857,0.6086198327291275,-0.006382245997878009,NO
PL1516,Łukasz Fabiański,Swansea City,False,PRESSURED,LONG_CENTRAL,64,76,0.8421052631578947,11,0.171875,0.36363636363636365,0.517612954296136,-0.0058944850348443675,CENTRAL_ZONE_PROXY_ONLY
PL1516,Łukasz Fabiański,Swansea City,False,PRESSURED,LONG_LEFT,64,76,0.8421052631578947,9,0.140625,0.3333333333333333,0.5083982615313792,-0.009208821776648493,NO
PL1516,Łukasz Fabiański,Swansea City,False,PRESSURED,LONG_RIGHT,64,76,0.8421052631578947,19,0.296875,0.5789473684210527,0.49536752340845763,-0.009423503989975593,NO
PL1516,Łukasz Fabiański,Swansea City,False,PRESSURED,MEDIUM_CENTRAL,64,76,0.8421052631578947,3,0.046875,0.3333333333333333,0.5166482592038242,-0.011093571541921837,CENTRAL_ZONE_PROXY_ONLY
PL1516,Łukasz Fabiański,Swansea City,False,PRESSURED,MEDIUM_LEFT,64,76,0.8421052631578947,2,0.03125,0.5,0.47940560486685946,-0.008231835696386214,NO
PL1516,Łukasz Fabiański,Swansea City,False,PRESSURED,MEDIUM_RIGHT,64,76,0.8421052631578947,6,0.09375,0.8333333333333334,0.4673347452662746,-0.008002983683779547,NO
PL1516,Łukasz Fabiański,Swansea City,False,PRESSURED,SHORT_CENTRAL,64,76,0.8421052631578947,1,0.015625,1.0,0.4723247232472324,-0.008029358598175503,CENTRAL_ZONE_PROXY_ONLY
PL1516,Łukasz Fabiański,Swansea City,False,PRESSURED,SHORT_LEFT,64,76,0.8421052631578947,5,0.078125,0.6,0.5235089225109185,-0.008972446431603031,NO
PL1516,Łukasz Fabiański,Swansea City,False,PRESSURED,SHORT_RIGHT,64,76,0.8421052631578947,6,0.09375,1.0,0.4901350840948157,-0.006395524838832126,NO
PL1516,Łukasz Fabiański,Swansea City,False,PRESSURED,VERY_LONG_RIGHT,64,76,0.8421052631578947,2,0.03125,0.0,0.4754983388704319,-0.008749790782810131,NO
PL1516,Łukasz Fabiański,Swansea City,True,FREE,LONG_CENTRAL,241,299,0.8060200668896321,10,0.04149377593360996,0.4,0.587138844431996,-0.004218975704473715,CENTRAL_ZONE_PROXY_ONLY
PL1516,Łukasz Fabiański,Swansea City,True,FREE,LONG_LEFT,241,299,0.8060200668896321,13,0.05394190871369295,0.6153846153846154,0.6120740774629876,-0.0038605781019857427,NO
PL1516,Łukasz Fabiański,Swansea City,True,FREE,LONG_RIGHT,241,299,0.8060200668896321,104,0.4315352697095436,0.7019230769230769,0.5837890828423736,-0.0038160059347502723,NO
PL1516,Łukasz Fabiański,Swansea City,True,FREE,MEDIUM_CENTRAL,241,299,0.8060200668896321,4,0.016597510373443983,1.0,0.6098976476800663,-0.004402719742126475,CENTRAL_ZONE_PROXY_ONLY
PL1516,Łukasz Fabiański,Swansea City,True,FREE,MEDIUM_LEFT,241,299,0.8060200668896321,6,0.024896265560165973,1.0,0.6019045962740237,-0.004093811826715849,NO
PL1516,Łukasz Fabiański,Swansea City,True,FREE,MEDIUM_RIGHT,241,299,0.8060200668896321,10,0.04149377593360996,1.0,0.6160006667473589,-0.002771956518536785,NO
PL1516,Łukasz Fabiański,Swansea City,True,FREE,SHORT_CENTRAL,241,299,0.8060200668896321,11,0.04564315352697095,1.0,0.6054481013922114,-0.0032160285151472154,CENTRAL_ZONE_PROXY_ONLY
PL1516,Łukasz Fabiański,Swansea City,True,FREE,SHORT_LEFT,241,299,0.8060200668896321,22,0.0912863070539419,1.0,0.6119528279860229,-0.004419718205190115,NO
PL1516,Łukasz Fabiański,Swansea City,True,FREE,SHORT_RIGHT,241,299,0.8060200668896321,15,0.06224066390041494,1.0,0.6218929448537074,-0.0030743052186717077,NO
PL1516,Łukasz Fabiański,Swansea City,True,FREE,VERY_LONG_CENTRAL,241,299,0.8060200668896321,10,0.04149377593360996,0.0,0.584217638922049,-0.004089610321426544,CENTRAL_ZONE_PROXY_ONLY
PL1516,Łukasz Fabiański,Swansea City,True,FREE,VERY_LONG_LEFT,241,299,0.8060200668896321,1,0.004149377593360996,0.0,0.5861456483126111,-0.0031155695269007135,NO
PL1516,Łukasz Fabiański,Swansea City,True,FREE,VERY_LONG_RIGHT,241,299,0.8060200668896321,35,0.14522821576763487,0.4857142857142857,0.5760157931756705,-0.004468844979421186,NO
T2024,Alexander Domínguez Carabalí,Ecuador,False,FREE,LONG_LEFT,49,65,0.7538461538461538,2,0.04081632653061224,1.0,0.758695652173913,-0.005217589726338074,NO
T2024,Alexander Domínguez Carabalí,Ecuador,False,FREE,LONG_RIGHT,49,65,0.7538461538461538,2,0.04081632653061224,1.0,0.7628959377236937,-0.005997720962767522,NO
T2024,Alexander Domínguez Carabalí,Ecuador,False,FREE,MEDIUM_LEFT,49,65,0.7538461538461538,4,0.08163265306122448,1.0,0.8367973269014937,-0.0028150007180882492,NO
T2024,Alexander Domínguez Carabalí,Ecuador,False,FREE,MEDIUM_RIGHT,49,65,0.7538461538461538,4,0.08163265306122448,1.0,0.8231349604235747,-0.005121594522683546,NO
T2024,Alexander Domínguez Carabalí,Ecuador,False,FREE,SHORT_CENTRAL,49,65,0.7538461538461538,5,0.10204081632653061,1.0,0.8170246522722102,-0.005078362209872438,CENTRAL_ZONE_PROXY_ONLY
T2024,Alexander Domínguez Carabalí,Ecuador,False,FREE,SHORT_LEFT,49,65,0.7538461538461538,7,0.14285714285714285,1.0,0.8040686552832833,-0.005891949359969303,NO
T2024,Alexander Domínguez Carabalí,Ecuador,False,FREE,SHORT_RIGHT,49,65,0.7538461538461538,15,0.30612244897959184,1.0,0.8305263159509512,-0.0043271421812014965,NO
T2024,Alexander Domínguez Carabalí,Ecuador,False,FREE,VERY_LONG_CENTRAL,49,65,0.7538461538461538,4,0.08163265306122448,0.25,0.7630518040717598,-0.007298163843731814,CENTRAL_ZONE_PROXY_ONLY
T2024,Alexander Domínguez Carabalí,Ecuador,False,FREE,VERY_LONG_LEFT,49,65,0.7538461538461538,2,0.04081632653061224,0.5,0.35812356979405036,-0.013719881886046687,NO
T2024,Alexander Domínguez Carabalí,Ecuador,False,FREE,VERY_LONG_RIGHT,49,65,0.7538461538461538,4,0.08163265306122448,0.5,0.5580113726505289,-0.010594272616854099,NO
T2024,Alexander Domínguez Carabalí,Ecuador,False,PRESSURED,LONG_RIGHT,9,14,0.6428571428571429,2,0.2222222222222222,0.0,0.656441717791411,-0.009112237998521146,NO
T2024,Alexander Domínguez Carabalí,Ecuador,False,PRESSURED,MEDIUM_LEFT,9,14,0.6428571428571429,2,0.2222222222222222,1.0,0.6835927597221518,-0.008683037495137751,NO
T2024,Alexander Domínguez Carabalí,Ecuador,False,PRESSURED,MEDIUM_RIGHT,9,14,0.6428571428571429,1,0.1111111111111111,1.0,0.6395348837209304,-0.015189872775230309,NO
T2024,Alexander Domínguez Carabalí,Ecuador,False,PRESSURED,SHORT_LEFT,9,14,0.6428571428571429,1,0.1111111111111111,1.0,0.6395348837209304,-0.012266685862020267,NO
T2024,Alexander Domínguez Carabalí,Ecuador,False,PRESSURED,SHORT_RIGHT,9,14,0.6428571428571429,1,0.1111111111111111,1.0,0.7107438016528925,-0.0011089682053310231,NO
T2024,Alexander Domínguez Carabalí,Ecuador,False,PRESSURED,VERY_LONG_RIGHT,9,14,0.6428571428571429,2,0.2222222222222222,0.5,0.7107438016528925,-0.013547891115562608,NO
T2024,Alexander Domínguez Carabalí,Ecuador,True,FREE,LONG_CENTRAL,24,25,0.96,1,0.041666666666666664,0.0,0.7804878048780488,-0.000736615577747964,CENTRAL_ZONE_PROXY_ONLY
T2024,Alexander Domínguez Carabalí,Ecuador,True,FREE,LONG_LEFT,24,25,0.96,1,0.041666666666666664,1.0,0.7107438016528925,-0.002724428819779365,NO
T2024,Alexander Domínguez Carabalí,Ecuador,True,FREE,LONG_RIGHT,24,25,0.96,1,0.041666666666666664,1.0,0.6567164179104478,-0.0048399169958061525,NO
T2024,Alexander Domínguez Carabalí,Ecuador,True,FREE,MEDIUM_LEFT,24,25,0.96,1,0.041666666666666664,1.0,0.7,-0.0018873377992865694,NO
T2024,Alexander Domínguez Carabalí,Ecuador,True,FREE,SHORT_CENTRAL,24,25,0.96,5,0.20833333333333334,1.0,0.7106411126187246,-0.004743746682707307,CENTRAL_ZONE_PROXY_ONLY
T2024,Alexander Domínguez Carabalí,Ecuador,True,FREE,SHORT_LEFT,24,25,0.96,4,0.16666666666666666,1.0,0.714915353690277,-0.006575535696429529,NO
T2024,Alexander Domínguez Carabalí,Ecuador,True,FREE,SHORT_RIGHT,24,25,0.96,1,0.041666666666666664,1.0,0.7401852618012724,-0.0019759258007019513,NO
T2024,Alexander Domínguez Carabalí,Ecuador,True,FREE,VERY_LONG_CENTRAL,24,25,0.96,4,0.16666666666666666,0.25,0.6968020520108207,-0.0029363291595523016,CENTRAL_ZONE_PROXY_ONLY
T2024,Alexander Domínguez Carabalí,Ecuador,True,FREE,VERY_LONG_LEFT,24,25,0.96,1,0.041666666666666664,0.0,0.6395348837209304,-0.0034373535490825986,NO
T2024,Alexander Domínguez Carabalí,Ecuador,True,FREE,VERY_LONG_RIGHT,24,25,0.96,5,0.20833333333333334,0.4,0.7180571089203545,-0.004866340625637496,NO
T2024,Alisson Ramsés Becker,Brazil,False,FREE,LONG_CENTRAL,87,90,0.9666666666666667,1,0.011494252873563218,0.0,0.8333333333333334,-0.002409799774975354,CENTRAL_ZONE_PROXY_ONLY
T2024,Alisson Ramsés Becker,Brazil,False,FREE,LONG_LEFT,87,90,0.9666666666666667,1,0.011494252873563218,1.0,0.8490566037735849,-0.004160282016080378,NO
T2024,Alisson Ramsés Becker,Brazil,False,FREE,LONG_RIGHT,87,90,0.9666666666666667,2,0.022988505747126436,0.5,0.792962962962963,-0.0063373757201778715,NO
T2024,Alisson Ramsés Becker,Brazil,False,FREE,MEDIUM_CENTRAL,87,90,0.9666666666666667,1,0.011494252873563218,1.0,0.7711864406779662,-0.007626728631348121,CENTRAL_ZONE_PROXY_ONLY
T2024,Alisson Ramsés Becker,Brazil,False,FREE,MEDIUM_LEFT,87,90,0.9666666666666667,6,0.06896551724137931,0.8333333333333334,0.9194462863312239,-0.0015808102499761062,NO
T2024,Alisson Ramsés Becker,Brazil,False,FREE,MEDIUM_RIGHT,87,90,0.9666666666666667,9,0.10344827586206896,1.0,0.8326422814161937,-0.002188435398281207,NO
T2024,Alisson Ramsés Becker,Brazil,False,FREE,SHORT_CENTRAL,87,90,0.9666666666666667,27,0.3103448275862069,1.0,0.8241322465785547,-0.004068289974339928,CENTRAL_ZONE_PROXY_ONLY
T2024,Alisson Ramsés Becker,Brazil,False,FREE,SHORT_LEFT,87,90,0.9666666666666667,25,0.28735632183908044,1.0,0.8367105422195991,-0.0037217970562362966,NO
T2024,Alisson Ramsés Becker,Brazil,False,FREE,SHORT_RIGHT,87,90,0.9666666666666667,12,0.13793103448275862,1.0,0.7911827550661424,-0.003750733372132307,NO
T2024,Alisson Ramsés Becker,Brazil,False,FREE,VERY_LONG_LEFT,87,90,0.9666666666666667,1,0.011494252873563218,1.0,0.7933333333333333,-0.005702600069059626,NO
T2024,Alisson Ramsés Becker,Brazil,False,FREE,VERY_LONG_RIGHT,87,90,0.9666666666666667,2,0.022988505747126436,1.0,0.7520385674931129,-0.0016557348051349382,NO
T2024,Alisson Ramsés Becker,Brazil,False,PRESSURED,MEDIUM_CENTRAL,16,19,0.8421052631578947,1,0.0625,1.0,0.6470588235294118,-0.008208109352947253,CENTRAL_ZONE_PROXY_ONLY
T2024,Alisson Ramsés Becker,Brazil,False,PRESSURED,MEDIUM_LEFT,16,19,0.8421052631578947,1,0.0625,1.0,0.63,-0.005141985971791618,NO
T2024,Alisson Ramsés Becker,Brazil,False,PRESSURED,MEDIUM_RIGHT,16,19,0.8421052631578947,2,0.125,1.0,0.6789013125911522,-0.009025371909657597,NO
T2024,Alisson Ramsés Becker,Brazil,False,PRESSURED,SHORT_CENTRAL,16,19,0.8421052631578947,3,0.1875,1.0,0.6455890711407073,-0.009252906521283641,CENTRAL_ZONE_PROXY_ONLY
T2024,Alisson Ramsés Becker,Brazil,False,PRESSURED,SHORT_LEFT,16,19,0.8421052631578947,4,0.25,1.0,0.700448717948718,-0.008104114922339348,NO
T2024,Alisson Ramsés Becker,Brazil,False,PRESSURED,SHORT_RIGHT,16,19,0.8421052631578947,4,0.25,1.0,0.617685950413223,-0.009033361511984146,NO
T2024,Alisson Ramsés Becker,Brazil,False,PRESSURED,VERY_LONG_RIGHT,16,19,0.8421052631578947,1,0.0625,1.0,0.63,-0.0041971029110462275,NO
T2024,Alisson Ramsés Becker,Brazil,True,FREE,LONG_LEFT,23,24,0.9583333333333334,1,0.043478260869565216,1.0,0.7384615384615385,-0.002530285694261984,NO
T2024,Alisson Ramsés Becker,Brazil,True,FREE,MEDIUM_LEFT,23,24,0.9583333333333334,1,0.043478260869565216,1.0,0.7107438016528925,-0.008926498457515537,NO
T2024,Alisson Ramsés Becker,Brazil,True,FREE,SHORT_CENTRAL,23,24,0.9583333333333334,11,0.4782608695652174,1.0,0.7280556998243178,-0.005950886888805327,CENTRAL_ZONE_PROXY_ONLY
T2024,Alisson Ramsés Becker,Brazil,True,FREE,SHORT_LEFT,23,24,0.9583333333333334,5,0.21739130434782608,1.0,0.7329914193454039,-0.007225780001817545,NO
T2024,Alisson Ramsés Becker,Brazil,True,FREE,SHORT_RIGHT,23,24,0.9583333333333334,2,0.08695652173913043,1.0,0.695662621650847,-0.006795663933290102,NO
T2024,Alisson Ramsés Becker,Brazil,True,FREE,VERY_LONG_CENTRAL,23,24,0.9583333333333334,2,0.08695652173913043,0.5,0.7522598870056497,-0.005121443184253011,CENTRAL_ZONE_PROXY_ONLY
T2024,Alisson Ramsés Becker,Brazil,True,FREE,VERY_LONG_RIGHT,23,24,0.9583333333333334,1,0.043478260869565216,1.0,0.7933333333333333,-0.007061268878246181,NO
T2024,Altay Bayındır,Turkey,False,FREE,LONG_LEFT,24,24,1.0,3,0.125,0.6666666666666666,0.8252410901467506,-0.0006085625032687978,NO
T2024,Altay Bayındır,Turkey,False,FREE,MEDIUM_LEFT,24,24,1.0,3,0.125,1.0,0.8580555555555556,-0.0014263673173476258,NO
T2024,Altay Bayındır,Turkey,False,FREE,MEDIUM_RIGHT,24,24,1.0,2,0.08333333333333333,1.0,0.7933333333333333,-0.0017065067140574915,NO
T2024,Altay Bayındır,Turkey,False,FREE,SHORT_CENTRAL,24,24,1.0,2,0.08333333333333333,1.0,0.8333333333333334,-0.001878218227572104,CENTRAL_ZONE_PROXY_ONLY
T2024,Altay Bayındır,Turkey,False,FREE,SHORT_LEFT,24,24,1.0,6,0.25,1.0,0.8806761006289309,-0.001748021299370162,NO
T2024,Altay Bayındır,Turkey,False,FREE,SHORT_RIGHT,24,24,1.0,5,0.20833333333333334,1.0,0.8347672955974843,-0.0036010340798043675,NO
T2024,Altay Bayındır,Turkey,False,FREE,VERY_LONG_CENTRAL,24,24,1.0,2,0.08333333333333333,0.0,0.8411949685534592,-0.0034181036001620447,CENTRAL_ZONE_PROXY_ONLY
T2024,Altay Bayındır,Turkey,False,FREE,VERY_LONG_LEFT,24,24,1.0,1,0.041666666666666664,1.0,0.8490566037735849,0.0001754522061660378,NO
T2024,Altay Bayındır,Turkey,False,PRESSURED,LONG_CENTRAL,8,8,1.0,1,0.125,0.0,0.6470588235294118,-0.012168083056850753,CENTRAL_ZONE_PROXY_ONLY
T2024,Altay Bayındır,Turkey,False,PRESSURED,MEDIUM_RIGHT,8,8,1.0,2,0.25,0.5,0.6385294117647059,-0.00717380982963944,NO
T2024,Altay Bayındır,Turkey,False,PRESSURED,SHORT_CENTRAL,8,8,1.0,1,0.125,1.0,0.63,-0.012256697665235938,CENTRAL_ZONE_PROXY_ONLY
T2024,Altay Bayındır,Turkey,False,PRESSURED,SHORT_LEFT,8,8,1.0,1,0.125,1.0,0.6470588235294118,-0.005696347564749783,NO
T2024,Altay Bayındır,Turkey,False,PRESSURED,SHORT_RIGHT,8,8,1.0,2,0.25,1.0,0.6385294117647059,-0.005777140705060297,NO
T2024,Altay Bayındır,Turkey,False,PRESSURED,VERY_LONG_LEFT,8,8,1.0,1,0.125,0.0,0.6470588235294118,-0.008208109352947253,NO
T2024,Altay Bayındır,Turkey,True,FREE,SHORT_CENTRAL,3,3,1.0,1,0.3333333333333333,1.0,0.6470588235294118,-0.003405884259924944,CENTRAL_ZONE_PROXY_ONLY
T2024,Altay Bayındır,Turkey,True,FREE,SHORT_LEFT,3,3,1.0,2,0.6666666666666666,1.0,0.7933333333333333,-0.007061268878246181,NO
T2024,Anatolii Trubin,Ukraine,False,FREE,LONG_CENTRAL,49,50,0.98,4,0.08163265306122448,0.5,0.7905255237874753,-0.005218821634782877,CENTRAL_ZONE_PROXY_ONLY
T2024,Anatolii Trubin,Ukraine,False,FREE,LONG_LEFT,49,50,0.98,2,0.04081632653061224,0.5,0.7640287052726005,-0.00851918151046162,NO
T2024,Anatolii Trubin,Ukraine,False,FREE,LONG_RIGHT,49,50,0.98,3,0.061224489795918366,0.6666666666666666,0.7820096562003824,-0.0003052804687459047,NO
T2024,Anatolii Trubin,Ukraine,False,FREE,MEDIUM_CENTRAL,49,50,0.98,2,0.04081632653061224,1.0,0.7730144843005735,-0.005001162781185643,CENTRAL_ZONE_PROXY_ONLY
T2024,Anatolii Trubin,Ukraine,False,FREE,MEDIUM_LEFT,49,50,0.98,1,0.02040816326530612,0.0,0.7559055118110236,-0.006533627314691294,NO
T2024,Anatolii Trubin,Ukraine,False,FREE,MEDIUM_RIGHT,49,50,0.98,1,0.02040816326530612,1.0,0.9871794871794872,-0.001435829058336599,NO
T2024,Anatolii Trubin,Ukraine,False,FREE,SHORT_CENTRAL,49,50,0.98,14,0.2857142857142857,1.0,0.8602330208520972,-0.003244780589418509,CENTRAL_ZONE_PROXY_ONLY
T2024,Anatolii Trubin,Ukraine,False,FREE,SHORT_LEFT,49,50,0.98,15,0.30612244897959184,1.0,0.8241054488523749,-0.004248348508675537,NO
T2024,Anatolii Trubin,Ukraine,False,FREE,SHORT_RIGHT,49,50,0.98,7,0.14285714285714285,1.0,0.8324228440099226,-0.00513460192782879,NO
T2024,Anatolii Trubin,Ukraine,False,PRESSURED,LONG_RIGHT,5,7,0.7142857142857143,1,0.2,0.0,0.656441717791411,-0.012324607495927908,NO
T2024,Anatolii Trubin,Ukraine,False,PRESSURED,SHORT_LEFT,5,7,0.7142857142857143,1,0.2,1.0,0.5957446808510638,-0.013353892201023109,NO
T2024,Anatolii Trubin,Ukraine,False,PRESSURED,SHORT_RIGHT,5,7,0.7142857142857143,3,0.6,1.0,0.6159770264978462,-0.012543644343420382,NO
T2024,Anatolii Trubin,Ukraine,True,FREE,LONG_CENTRAL,12,13,0.9230769230769231,2,0.16666666666666666,0.5,0.6565790678509293,-0.004843417843702715,CENTRAL_ZONE_PROXY_ONLY
T2024,Anatolii Trubin,Ukraine,True,FREE,LONG_RIGHT,12,13,0.9230769230769231,2,0.16666666666666666,0.0,0.6395348837209304,-0.009389011596054181,NO
T2024,Anatolii Trubin,Ukraine,True,FREE,MEDIUM_LEFT,12,13,0.9230769230769231,4,0.3333333333333333,1.0,0.6718164644900331,-0.008528625190019304,NO
T2024,Anatolii Trubin,Ukraine,True,FREE,SHORT_CENTRAL,12,13,0.9230769230769231,1,0.08333333333333333,1.0,0.6567164179104478,-0.0048399169958061525,CENTRAL_ZONE_PROXY_ONLY
T2024,Anatolii Trubin,Ukraine,True,FREE,SHORT_LEFT,12,13,0.9230769230769231,1,0.08333333333333333,1.0,0.717391304347826,-0.0032934047532680814,NO
T2024,Anatolii Trubin,Ukraine,True,FREE,SHORT_RIGHT,12,13,0.9230769230769231,1,0.08333333333333333,1.0,0.7698863636363638,-9.580954302100108e-05,NO
T2024,Anatolii Trubin,Ukraine,True,FREE,VERY_LONG_RIGHT,12,13,0.9230769230769231,1,0.08333333333333333,1.0,0.6395348837209304,-0.009389011596054181,NO
T2024,Andriy Lunin,Ukraine,False,FREE,MEDIUM_LEFT,16,17,0.9411764705882353,1,0.0625,1.0,1.0,-0.0005494358249250632,NO
T2024,Andriy Lunin,Ukraine,False,FREE,SHORT_CENTRAL,16,17,0.9411764705882353,11,0.6875,1.0,0.8945454545454545,-0.0016527368345487015,CENTRAL_ZONE_PROXY_ONLY
T2024,Andriy Lunin,Ukraine,False,FREE,SHORT_LEFT,16,17,0.9411764705882353,1,0.0625,1.0,0.8490566037735849,0.0024182065088236755,NO
T2024,Andriy Lunin,Ukraine,False,FREE,SHORT_RIGHT,16,17,0.9411764705882353,3,0.1875,1.0,0.8119077568134173,-0.004334615463035168,NO
T2024,Andriy Lunin,Ukraine,False,PRESSURED,MEDIUM_RIGHT,2,2,1.0,1,0.5,1.0,0.63,-0.008648180574846991,NO
T2024,Andriy Lunin,Ukraine,False,PRESSURED,SHORT_RIGHT,2,2,1.0,1,0.5,1.0,0.7333333333333333,-0.00028935323267221136,NO
T2024,Andriy Lunin,Ukraine,True,FREE,SHORT_CENTRAL,4,4,1.0,3,0.75,1.0,0.7933333333333333,-0.004431231000535607,CENTRAL_ZONE_PROXY_ONLY
T2024,Andriy Lunin,Ukraine,True,FREE,SHORT_LEFT,4,4,1.0,1,0.25,1.0,0.7333333333333333,-0.0011024304214839777,NO
T2024,Angus Gunn,Scotland,False,FREE,LONG_CENTRAL,69,72,0.9583333333333334,6,0.08695652173913043,0.16666666666666666,0.7012664690382082,-0.004977184688737625,CENTRAL_ZONE_PROXY_ONLY
T2024,Angus Gunn,Scotland,False,FREE,LONG_LEFT,69,72,0.9583333333333334,6,0.08695652173913043,0.6666666666666666,0.7964231942062131,-0.005974202798974365,NO
T2024,Angus Gunn,Scotland,False,FREE,LONG_RIGHT,69,72,0.9583333333333334,15,0.21739130434782608,0.7333333333333333,0.7727763483895559,-0.0027162539931479737,NO
T2024,Angus Gunn,Scotland,False,FREE,MEDIUM_LEFT,69,72,0.9583333333333334,2,0.028985507246376812,1.0,0.8854307116104869,-0.003110817633576572,NO
T2024,Angus Gunn,Scotland,False,FREE,SHORT_CENTRAL,69,72,0.9583333333333334,15,0.21739130434782608,1.0,0.8691004022987275,-0.0035066389428436294,CENTRAL_ZONE_PROXY_ONLY
T2024,Angus Gunn,Scotland,False,FREE,SHORT_LEFT,69,72,0.9583333333333334,8,0.11594202898550725,1.0,0.8639849556889652,-0.003250485316645198,NO
T2024,Angus Gunn,Scotland,False,FREE,SHORT_RIGHT,69,72,0.9583333333333334,10,0.14492753623188406,1.0,0.8692606684825787,-0.001950981629364263,NO
T2024,Angus Gunn,Scotland,False,FREE,VERY_LONG_CENTRAL,69,72,0.9583333333333334,1,0.014492753623188406,0.0,0.7698863636363638,-0.006358440739025516,CENTRAL_ZONE_PROXY_ONLY
T2024,Angus Gunn,Scotland,False,FREE,VERY_LONG_LEFT,69,72,0.9583333333333334,4,0.057971014492753624,1.0,0.6871694406866649,-0.006684899515700128,NO
T2024,Angus Gunn,Scotland,False,FREE,VERY_LONG_RIGHT,69,72,0.9583333333333334,2,0.028985507246376812,0.5,0.7816098484848486,-0.004913868047016489,NO
T2024,Angus Gunn,Scotland,False,PRESSURED,LONG_CENTRAL,19,21,0.9047619047619048,1,0.05263157894736842,0.0,0.63,-0.00590266777855059,CENTRAL_ZONE_PROXY_ONLY
T2024,Angus Gunn,Scotland,False,PRESSURED,LONG_LEFT,19,21,0.9047619047619048,5,0.2631578947368421,0.6,0.6561422708618331,-0.008725325698971673,NO
T2024,Angus Gunn,Scotland,False,PRESSURED,LONG_RIGHT,19,21,0.9047619047619048,8,0.42105263157894735,0.625,0.6238198911429986,-0.009218126732229681,NO
T2024,Angus Gunn,Scotland,False,PRESSURED,MEDIUM_CENTRAL,19,21,0.9047619047619048,1,0.05263157894736842,0.0,0.5957446808510638,-0.007515815653220608,CENTRAL_ZONE_PROXY_ONLY
T2024,Angus Gunn,Scotland,False,PRESSURED,MEDIUM_RIGHT,19,21,0.9047619047619048,1,0.05263157894736842,1.0,0.63,-0.00523784059624416,NO
T2024,Angus Gunn,Scotland,False,PRESSURED,SHORT_LEFT,19,21,0.9047619047619048,3,0.15789473684210525,1.0,0.6388645690834474,-0.010790924282589152,NO
T2024,Angus Gunn,Scotland,True,FREE,LONG_LEFT,17,22,0.7727272727272727,1,0.058823529411764705,1.0,0.6470588235294118,-0.0107589322801999,NO
T2024,Angus Gunn,Scotland,True,FREE,LONG_RIGHT,17,22,0.7727272727272727,2,0.11764705882352941,0.5,0.6659212880143113,-0.0020229679122239904,NO
T2024,Angus Gunn,Scotland,True,FREE,SHORT_CENTRAL,17,22,0.7727272727272727,2,0.11764705882352941,1.0,0.6816666666666666,-0.0024818851633685115,CENTRAL_ZONE_PROXY_ONLY
T2024,Angus Gunn,Scotland,True,FREE,VERY_LONG_CENTRAL,17,22,0.7727272727272727,2,0.11764705882352941,0.0,0.6999431818181818,-0.0019785747241370232,CENTRAL_ZONE_PROXY_ONLY
T2024,Angus Gunn,Scotland,True,FREE,VERY_LONG_LEFT,17,22,0.7727272727272727,3,0.17647058823529413,0.6666666666666666,0.6829853770260748,-0.0074068704085165455,NO
T2024,Angus Gunn,Scotland,True,FREE,VERY_LONG_RIGHT,17,22,0.7727272727272727,7,0.4117647058823529,0.7142857142857143,0.6680776268511303,-0.002283964764548397,NO
T2024,Bart Verbruggen,Netherlands,False,FREE,LONG_CENTRAL,162,164,0.9878048780487805,14,0.08641975308641975,0.5,0.6881548781740874,-0.006827819605478027,CENTRAL_ZONE_PROXY_ONLY
T2024,Bart Verbruggen,Netherlands,False,FREE,LONG_LEFT,162,164,0.9878048780487805,7,0.043209876543209874,1.0,0.7625517779600984,-0.006082284618905602,NO
T2024,Bart Verbruggen,Netherlands,False,FREE,LONG_RIGHT,162,164,0.9878048780487805,12,0.07407407407407407,0.5,0.7481130329006307,-0.005106416687190359,NO
T2024,Bart Verbruggen,Netherlands,False,FREE,MEDIUM_CENTRAL,162,164,0.9878048780487805,3,0.018518518518518517,0.6666666666666666,0.8370409604519775,-2.1986947187732425e-05,CENTRAL_ZONE_PROXY_ONLY
T2024,Bart Verbruggen,Netherlands,False,FREE,MEDIUM_LEFT,162,164,0.9878048780487805,11,0.06790123456790123,1.0,0.8471548855620493,-0.0030219864728339677,NO
T2024,Bart Verbruggen,Netherlands,False,FREE,MEDIUM_RIGHT,162,164,0.9878048780487805,5,0.030864197530864196,1.0,0.638530789711892,-0.00992700319389032,NO
T2024,Bart Verbruggen,Netherlands,False,FREE,SHORT_CENTRAL,162,164,0.9878048780487805,48,0.2962962962962963,1.0,0.8111341259072532,-0.0042655330963243775,CENTRAL_ZONE_PROXY_ONLY
T2024,Bart Verbruggen,Netherlands,False,FREE,SHORT_LEFT,162,164,0.9878048780487805,22,0.13580246913580246,1.0,0.7920381492382681,-0.005834374151547084,NO
T2024,Bart Verbruggen,Netherlands,False,FREE,SHORT_RIGHT,162,164,0.9878048780487805,34,0.20987654320987653,1.0,0.8044747182347207,-0.004666404687746358,NO
T2024,Bart Verbruggen,Netherlands,False,FREE,VERY_LONG_CENTRAL,162,164,0.9878048780487805,2,0.012345679012345678,0.5,0.7346884634564363,-0.006645950243450556,CENTRAL_ZONE_PROXY_ONLY
T2024,Bart Verbruggen,Netherlands,False,FREE,VERY_LONG_LEFT,162,164,0.9878048780487805,4,0.024691358024691357,0.75,0.7792095026396222,-0.0078048083898667065,NO
T2024,Bart Verbruggen,Netherlands,False,PRESSURED,LONG_CENTRAL,21,22,0.9545454545454546,1,0.047619047619047616,1.0,0.5,-0.007129217600595208,CENTRAL_ZONE_PROXY_ONLY
T2024,Bart Verbruggen,Netherlands,False,PRESSURED,LONG_LEFT,21,22,0.9545454545454546,1,0.047619047619047616,1.0,0.656441717791411,-0.0028045679767976835,NO
T2024,Bart Verbruggen,Netherlands,False,PRESSURED,LONG_RIGHT,21,22,0.9545454545454546,2,0.09523809523809523,0.5,0.656441717791411,-0.007564587736362796,NO
T2024,Bart Verbruggen,Netherlands,False,PRESSURED,MEDIUM_CENTRAL,21,22,0.9545454545454546,1,0.047619047619047616,1.0,0.656441717791411,-0.003907434266849743,CENTRAL_ZONE_PROXY_ONLY
T2024,Bart Verbruggen,Netherlands,False,PRESSURED,MEDIUM_LEFT,21,22,0.9545454545454546,2,0.09523809523809523,1.0,0.7384615384615385,-0.005893874392735164,NO
T2024,Bart Verbruggen,Netherlands,False,PRESSURED,MEDIUM_RIGHT,21,22,0.9545454545454546,3,0.14285714285714285,0.6666666666666666,0.6412402913354891,-0.010430978252588692,NO
T2024,Bart Verbruggen,Netherlands,False,PRESSURED,SHORT_CENTRAL,21,22,0.9545454545454546,6,0.2857142857142857,1.0,0.6486675878371554,-0.007795194901269714,CENTRAL_ZONE_PROXY_ONLY
T2024,Bart Verbruggen,Netherlands,False,PRESSURED,SHORT_LEFT,21,22,0.9545454545454546,2,0.09523809523809523,1.0,0.6336395781075281,-0.008308909869050515,NO
T2024,Bart Verbruggen,Netherlands,False,PRESSURED,SHORT_RIGHT,21,22,0.9545454545454546,2,0.09523809523809523,1.0,0.6615865491352242,-0.007096025108052781,NO
T2024,Bart Verbruggen,Netherlands,False,PRESSURED,VERY_LONG_RIGHT,21,22,0.9545454545454546,1,0.047619047619047616,1.0,0.6108374384236454,-0.012710385471251286,NO
T2024,Bart Verbruggen,Netherlands,True,FREE,LONG_CENTRAL,21,22,0.9545454545454546,1,0.047619047619047616,1.0,0.656441717791411,-0.0021459393844610397,CENTRAL_ZONE_PROXY_ONLY
T2024,Bart Verbruggen,Netherlands,True,FREE,LONG_LEFT,21,22,0.9545454545454546,2,0.09523809523809523,0.5,0.7409651211654293,-0.005985503862610347,NO
T2024,Bart Verbruggen,Netherlands,True,FREE,MEDIUM_CENTRAL,21,22,0.9545454545454546,1,0.047619047619047616,1.0,0.6108374384236454,-0.009006749536441039,CENTRAL_ZONE_PROXY_ONLY
T2024,Bart Verbruggen,Netherlands,True,FREE,SHORT_CENTRAL,21,22,0.9545454545454546,5,0.23809523809523808,1.0,0.6958171517296833,-0.003912855667150555,CENTRAL_ZONE_PROXY_ONLY
T2024,Bart Verbruggen,Netherlands,True,FREE,SHORT_LEFT,21,22,0.9545454545454546,2,0.09523809523809523,1.0,0.7804878048780488,-0.005299439744038896,NO
T2024,Bart Verbruggen,Netherlands,True,FREE,SHORT_RIGHT,21,22,0.9545454545454546,5,0.23809523809523808,1.0,0.7135279778215731,-0.006301200774279933,NO
T2024,Bart Verbruggen,Netherlands,True,FREE,VERY_LONG_CENTRAL,21,22,0.9545454545454546,1,0.047619047619047616,1.0,0.6108374384236454,-0.005905281975830282,CENTRAL_ZONE_PROXY_ONLY
T2024,Bart Verbruggen,Netherlands,True,FREE,VERY_LONG_LEFT,21,22,0.9545454545454546,2,0.09523809523809523,0.5,0.7107438016528925,-0.0055128474929022715,NO
T2024,Bart Verbruggen,Netherlands,True,FREE,VERY_LONG_RIGHT,21,22,0.9545454545454546,2,0.09523809523809523,1.0,0.6108374384236454,-0.005905281975830282,NO
T2024,Camilo Andrés Vargas Gil,Colombia,False,FREE,LONG_CENTRAL,115,131,0.8778625954198473,3,0.02608695652173913,1.0,0.43086419753086425,-0.014855457533104762,CENTRAL_ZONE_PROXY_ONLY
T2024,Camilo Andrés Vargas Gil,Colombia,False,FREE,LONG_LEFT,115,131,0.8778625954198473,7,0.06086956521739131,0.8571428571428571,0.5616574037634897,-0.009861005997480438,NO
T2024,Camilo Andrés Vargas Gil,Colombia,False,FREE,LONG_RIGHT,115,131,0.8778625954198473,6,0.05217391304347826,0.5,0.7034534542109337,-0.006451437053827609,NO
T2024,Camilo Andrés Vargas Gil,Colombia,False,FREE,MEDIUM_CENTRAL,115,131,0.8778625954198473,1,0.008695652173913044,1.0,0.7721518987341772,-0.002535344948328038,CENTRAL_ZONE_PROXY_ONLY
T2024,Camilo Andrés Vargas Gil,Colombia,False,FREE,MEDIUM_LEFT,115,131,0.8778625954198473,8,0.06956521739130435,1.0,0.8263685713079403,-0.004043154657251521,NO
T2024,Camilo Andrés Vargas Gil,Colombia,False,FREE,MEDIUM_RIGHT,115,131,0.8778625954198473,3,0.02608695652173913,1.0,0.8312293949150318,-0.003904307038817534,NO
T2024,Camilo Andrés Vargas Gil,Colombia,False,FREE,SHORT_CENTRAL,115,131,0.8778625954198473,22,0.19130434782608696,1.0,0.845409502533138,-0.003860416258951312,CENTRAL_ZONE_PROXY_ONLY
T2024,Camilo Andrés Vargas Gil,Colombia,False,FREE,SHORT_LEFT,115,131,0.8778625954198473,20,0.17391304347826086,1.0,0.8023574104385439,-0.005088375826382943,NO
T2024,Camilo Andrés Vargas Gil,Colombia,False,FREE,SHORT_RIGHT,115,131,0.8778625954198473,31,0.26956521739130435,1.0,0.8194604226035648,-0.0041903566478003924,NO
T2024,Camilo Andrés Vargas Gil,Colombia,False,FREE,VERY_LONG_CENTRAL,115,131,0.8778625954198473,6,0.05217391304347826,0.16666666666666666,0.625608275623308,-0.009366057350560708,CENTRAL_ZONE_PROXY_ONLY
T2024,Camilo Andrés Vargas Gil,Colombia,False,FREE,VERY_LONG_LEFT,115,131,0.8778625954198473,5,0.043478260869565216,0.6,0.8105752445825969,-0.0046695239833447885,NO
T2024,Camilo Andrés Vargas Gil,Colombia,False,FREE,VERY_LONG_RIGHT,115,131,0.8778625954198473,3,0.02608695652173913,0.0,0.7292222928586565,-0.005457990212731222,NO
T2024,Camilo Andrés Vargas Gil,Colombia,False,PRESSURED,LONG_LEFT,13,23,0.5652173913043478,5,0.38461538461538464,0.6,0.6799021122347468,-0.010513715058305225,NO
T2024,Camilo Andrés Vargas Gil,Colombia,False,PRESSURED,LONG_RIGHT,13,23,0.5652173913043478,3,0.23076923076923078,0.3333333333333333,0.5991164475649993,-0.007105694022963034,NO
T2024,Camilo Andrés Vargas Gil,Colombia,False,PRESSURED,MEDIUM_LEFT,13,23,0.5652173913043478,1,0.07692307692307693,1.0,0.7107438016528925,-0.012470272103655236,NO
T2024,Camilo Andrés Vargas Gil,Colombia,False,PRESSURED,SHORT_LEFT,13,23,0.5652173913043478,1,0.07692307692307693,1.0,0.7107438016528925,-0.012680734659862757,NO
T2024,Camilo Andrés Vargas Gil,Colombia,False,PRESSURED,SHORT_RIGHT,13,23,0.5652173913043478,2,0.15384615384615385,1.0,0.6607906200382689,-0.011303941043839187,NO
T2024,Camilo Andrés Vargas Gil,Colombia,False,PRESSURED,VERY_LONG_LEFT,13,23,0.5652173913043478,1,0.07692307692307693,1.0,0.6108374384236454,-0.0094943098410549,NO
T2024,Camilo Andrés Vargas Gil,Colombia,True,FREE,LONG_RIGHT,48,59,0.8135593220338984,2,0.041666666666666664,1.0,0.7711864406779662,-0.00202203376014321,NO
T2024,Camilo Andrés Vargas Gil,Colombia,True,FREE,MEDIUM_LEFT,48,59,0.8135593220338984,3,0.0625,1.0,0.7432656051270298,-0.005889730955705594,NO
T2024,Camilo Andrés Vargas Gil,Colombia,True,FREE,SHORT_CENTRAL,48,59,0.8135593220338984,9,0.1875,1.0,0.7365276508060019,-0.004225588399737169,CENTRAL_ZONE_PROXY_ONLY
T2024,Camilo Andrés Vargas Gil,Colombia,True,FREE,SHORT_LEFT,48,59,0.8135593220338984,4,0.08333333333333333,1.0,0.7456158032654707,-0.007966381841930534,NO
T2024,Camilo Andrés Vargas Gil,Colombia,True,FREE,SHORT_RIGHT,48,59,0.8135593220338984,8,0.16666666666666666,1.0,0.6941109375010346,-0.004470109360406649,NO
T2024,Camilo Andrés Vargas Gil,Colombia,True,FREE,VERY_LONG_CENTRAL,48,59,0.8135593220338984,9,0.1875,0.5555555555555556,0.7020259405478091,-0.008088959223160854,CENTRAL_ZONE_PROXY_ONLY
T2024,Camilo Andrés Vargas Gil,Colombia,True,FREE,VERY_LONG_LEFT,48,59,0.8135593220338984,7,0.14583333333333334,0.42857142857142855,0.6854262023988849,-0.0077234330500042464,NO
T2024,Camilo Andrés Vargas Gil,Colombia,True,FREE,VERY_LONG_RIGHT,48,59,0.8135593220338984,6,0.125,0.8333333333333334,0.7012151478089241,-0.006694853098117821,NO
T2024,Claudio Andrés Bravo Muñoz,Chile,False,FREE,LONG_CENTRAL,50,54,0.9259259259259259,3,0.06,0.3333333333333333,0.7308913479945837,-0.002962945806833738,CENTRAL_ZONE_PROXY_ONLY
T2024,Claudio Andrés Bravo Muñoz,Chile,False,FREE,LONG_LEFT,50,54,0.9259259259259259,4,0.08,0.5,0.8420186530356022,-0.0018402883645452946,NO
T2024,Claudio Andrés Bravo Muñoz,Chile,False,FREE,MEDIUM_CENTRAL,50,54,0.9259259259259259,2,0.04,1.0,0.7394736842105263,-0.005561647226804203,CENTRAL_ZONE_PROXY_ONLY
T2024,Claudio Andrés Bravo Muñoz,Chile,False,FREE,MEDIUM_LEFT,50,54,0.9259259259259259,9,0.18,0.8888888888888888,0.8753179938075829,-0.002517103977964414,NO
T2024,Claudio Andrés Bravo Muñoz,Chile,False,FREE,MEDIUM_RIGHT,50,54,0.9259259259259259,4,0.08,1.0,0.8965560086657322,-0.002345171861233703,NO
T2024,Claudio Andrés Bravo Muñoz,Chile,False,FREE,SHORT_CENTRAL,50,54,0.9259259259259259,8,0.16,1.0,0.8454066937922102,-0.00202616159664068,CENTRAL_ZONE_PROXY_ONLY
T2024,Claudio Andrés Bravo Muñoz,Chile,False,FREE,SHORT_LEFT,50,54,0.9259259259259259,5,0.1,1.0,0.8213988324946231,-0.0042577122558902485,NO
T2024,Claudio Andrés Bravo Muñoz,Chile,False,FREE,SHORT_RIGHT,50,54,0.9259259259259259,4,0.08,1.0,0.7792095026396222,-0.004790360753410333,NO
T2024,Claudio Andrés Bravo Muñoz,Chile,False,FREE,VERY_LONG_CENTRAL,50,54,0.9259259259259259,2,0.04,0.5,0.7844850065189048,-0.004494017851273605,CENTRAL_ZONE_PROXY_ONLY
T2024,Claudio Andrés Bravo Muñoz,Chile,False,FREE,VERY_LONG_LEFT,50,54,0.9259259259259259,6,0.12,0.5,0.7292199716762094,-0.0056633841351135415,NO
T2024,Claudio Andrés Bravo Muñoz,Chile,False,FREE,VERY_LONG_RIGHT,50,54,0.9259259259259259,3,0.06,0.0,0.7308913479945837,-0.003029136311082181,NO
T2024,Claudio Andrés Bravo Muñoz,Chile,False,PRESSURED,LONG_LEFT,7,7,1.0,1,0.14285714285714285,1.0,0.7107438016528925,-0.013547891115562608,NO
T2024,Claudio Andrés Bravo Muñoz,Chile,False,PRESSURED,LONG_RIGHT,7,7,1.0,1,0.14285714285714285,1.0,0.7107438016528925,-0.013547891115562608,NO
T2024,Claudio Andrés Bravo Muñoz,Chile,False,PRESSURED,MEDIUM_LEFT,7,7,1.0,3,0.42857142857142855,0.6666666666666666,0.6229112334589009,-0.008696014421976123,NO
T2024,Claudio Andrés Bravo Muñoz,Chile,False,PRESSURED,MEDIUM_RIGHT,7,7,1.0,1,0.14285714285714285,0.0,0.7107438016528925,-0.013547891115562608,NO
T2024,Claudio Andrés Bravo Muñoz,Chile,False,PRESSURED,SHORT_CENTRAL,7,7,1.0,1,0.14285714285714285,1.0,0.7107438016528925,-0.013547891115562608,CENTRAL_ZONE_PROXY_ONLY
T2024,Claudio Andrés Bravo Muñoz,Chile,True,FREE,LONG_LEFT,12,16,0.75,2,0.16666666666666666,1.0,0.7594746716697937,-0.004025462041764622,NO
T2024,Claudio Andrés Bravo Muñoz,Chile,True,FREE,MEDIUM_LEFT,12,16,0.75,1,0.08333333333333333,1.0,0.6108374384236454,-0.010653207799568718,NO
T2024,Claudio Andrés Bravo Muñoz,Chile,True,FREE,SHORT_CENTRAL,12,16,0.75,3,0.25,1.0,0.738421191888064,-0.004231286822393585,CENTRAL_ZONE_PROXY_ONLY
T2024,Claudio Andrés Bravo Muñoz,Chile,True,FREE,SHORT_LEFT,12,16,0.75,3,0.25,1.0,0.7507608922243069,-0.007541707938512973,NO
T2024,Claudio Andrés Bravo Muñoz,Chile,True,FREE,VERY_LONG_CENTRAL,12,16,0.75,1,0.08333333333333333,0.0,0.7384615384615385,-0.002530285694261984,CENTRAL_ZONE_PROXY_ONLY
T2024,Claudio Andrés Bravo Muñoz,Chile,True,FREE,VERY_LONG_LEFT,12,16,0.75,1,0.08333333333333333,0.0,0.6108374384236454,-0.005905281975830282,NO
T2024,Claudio Andrés Bravo Muñoz,Chile,True,FREE,VERY_LONG_RIGHT,12,16,0.75,1,0.08333333333333333,1.0,0.7107438016528925,-0.002724428819779365,NO
T2024,Damián Emiliano Martínez,Argentina,False,FREE,LONG_CENTRAL,146,156,0.9358974358974359,4,0.0273972602739726,0.0,0.6810074353723032,-0.008526150683607889,CENTRAL_ZONE_PROXY_ONLY
T2024,Damián Emiliano Martínez,Argentina,False,FREE,LONG_LEFT,146,156,0.9358974358974359,2,0.0136986301369863,0.5,0.8779527559055118,-8.118220617851801e-05,NO
T2024,Damián Emiliano Martínez,Argentina,False,FREE,LONG_RIGHT,146,156,0.9358974358974359,3,0.02054794520547945,0.3333333333333333,0.8721025809633405,-0.0029248790174015416,NO
T2024,Damián Emiliano Martínez,Argentina,False,FREE,MEDIUM_CENTRAL,146,156,0.9358974358974359,1,0.00684931506849315,1.0,1.0,-0.001124384015992132,CENTRAL_ZONE_PROXY_ONLY
T2024,Damián Emiliano Martínez,Argentina,False,FREE,MEDIUM_LEFT,146,156,0.9358974358974359,6,0.0410958904109589,1.0,0.886715208381665,-0.0041768283691274105,NO
T2024,Damián Emiliano Martínez,Argentina,False,FREE,MEDIUM_RIGHT,146,156,0.9358974358974359,5,0.03424657534246575,1.0,0.8977622377622378,-0.0034951472295052847,NO
T2024,Damián Emiliano Martínez,Argentina,False,FREE,SHORT_CENTRAL,146,156,0.9358974358974359,31,0.21232876712328766,1.0,0.8779614286288162,-0.003206944889267387,CENTRAL_ZONE_PROXY_ONLY
T2024,Damián Emiliano Martínez,Argentina,False,FREE,SHORT_LEFT,146,156,0.9358974358974359,39,0.2671232876712329,1.0,0.8292469337604097,-0.0042156281117543305,NO
T2024,Damián Emiliano Martínez,Argentina,False,FREE,SHORT_RIGHT,146,156,0.9358974358974359,39,0.2671232876712329,1.0,0.8308456350187615,-0.004492286890738378,NO
T2024,Damián Emiliano Martínez,Argentina,False,FREE,VERY_LONG_CENTRAL,146,156,0.9358974358974359,6,0.0410958904109589,0.8333333333333334,0.5457970702295255,-0.008406046087667986,CENTRAL_ZONE_PROXY_ONLY
T2024,Damián Emiliano Martínez,Argentina,False,FREE,VERY_LONG_LEFT,146,156,0.9358974358974359,6,0.0410958904109589,0.8333333333333334,0.6728527402141059,-0.006950080434386513,NO
T2024,Damián Emiliano Martínez,Argentina,False,FREE,VERY_LONG_RIGHT,146,156,0.9358974358974359,4,0.0273972602739726,0.5,0.19753086419753085,-0.02007574324392023,NO
T2024,Damián Emiliano Martínez,Argentina,False,PRESSURED,LONG_LEFT,25,27,0.9259259259259259,1,0.04,1.0,0.63,-0.005700073798270723,NO
T2024,Damián Emiliano Martínez,Argentina,False,PRESSURED,LONG_RIGHT,25,27,0.9259259259259259,2,0.08,0.0,0.6565790678509293,-0.011056021057965021,NO
T2024,Damián Emiliano Martínez,Argentina,False,PRESSURED,MEDIUM_LEFT,25,27,0.9259259259259259,1,0.04,0.0,0.656441717791411,-0.004230631614039423,NO
T2024,Damián Emiliano Martínez,Argentina,False,PRESSURED,MEDIUM_RIGHT,25,27,0.9259259259259259,3,0.12,1.0,0.6362093721446286,-0.010474708090657495,NO
T2024,Damián Emiliano Martínez,Argentina,False,PRESSURED,SHORT_CENTRAL,25,27,0.9259259259259259,1,0.04,1.0,0.5957446808510638,-0.013353892201023109,CENTRAL_ZONE_PROXY_ONLY
T2024,Damián Emiliano Martínez,Argentina,False,PRESSURED,SHORT_LEFT,25,27,0.9259259259259259,11,0.44,1.0,0.6504714139968153,-0.007421617804648944,NO
T2024,Damián Emiliano Martínez,Argentina,False,PRESSURED,SHORT_RIGHT,25,27,0.9259259259259259,5,0.2,1.0,0.6405766871165645,-0.00673377856756424,NO
T2024,Damián Emiliano Martínez,Argentina,False,PRESSURED,VERY_LONG_LEFT,25,27,0.9259259259259259,1,0.04,1.0,0.656441717791411,-0.004230631614039423,NO
T2024,Damián Emiliano Martínez,Argentina,True,FREE,LONG_RIGHT,32,34,0.9411764705882353,1,0.03125,0.0,0.7559055118110236,0.00038924418443403094,NO
T2024,Damián Emiliano Martínez,Argentina,True,FREE,MEDIUM_CENTRAL,32,34,0.9411764705882353,2,0.0625,1.0,0.7333333333333333,-0.0037319893509184508,CENTRAL_ZONE_PROXY_ONLY
T2024,Damián Emiliano Martínez,Argentina,True,FREE,MEDIUM_RIGHT,32,34,0.9411764705882353,1,0.03125,1.0,0.7,-0.009420635874667054,NO
T2024,Damián Emiliano Martínez,Argentina,True,FREE,SHORT_CENTRAL,32,34,0.9411764705882353,11,0.34375,1.0,0.7035474226834334,-0.005762528331713829,CENTRAL_ZONE_PROXY_ONLY
T2024,Damián Emiliano Martínez,Argentina,True,FREE,SHORT_LEFT,32,34,0.9411764705882353,2,0.0625,1.0,0.7559055118110236,-0.003651319758139915,NO
T2024,Damián Emiliano Martínez,Argentina,True,FREE,SHORT_RIGHT,32,34,0.9411764705882353,2,0.0625,1.0,0.7446194225721785,-0.00022088752478059692,NO
T2024,Damián Emiliano Martínez,Argentina,True,FREE,VERY_LONG_CENTRAL,32,34,0.9411764705882353,7,0.21875,0.5714285714285714,0.6620190688197399,-0.007233057962570579,CENTRAL_ZONE_PROXY_ONLY
T2024,Damián Emiliano Martínez,Argentina,True,FREE,VERY_LONG_LEFT,32,34,0.9411764705882353,6,0.1875,0.5,0.6565295927472619,-0.008160002575377712,NO
T2024,David Raya Martin,Spain,False,FREE,LONG_LEFT,33,33,1.0,3,0.09090909090909091,0.3333333333333333,0.7933333333333333,-0.0028051486931408207,NO
T2024,David Raya Martin,Spain,False,FREE,MEDIUM_LEFT,33,33,1.0,4,0.12121212121212122,1.0,0.8904166666666666,-0.002602783039395674,NO
T2024,David Raya Martin,Spain,False,FREE,MEDIUM_RIGHT,33,33,1.0,3,0.09090909090909091,1.0,0.9227777777777778,-0.004348778844950802,NO
T2024,David Raya Martin,Spain,False,FREE,SHORT_CENTRAL,33,33,1.0,13,0.3939393939393939,1.0,0.8476753749395258,-0.002516023831342194,CENTRAL_ZONE_PROXY_ONLY
T2024,David Raya Martin,Spain,False,FREE,SHORT_LEFT,33,33,1.0,5,0.15151515151515152,1.0,0.8710000000000001,-0.0012293614906579205,NO
T2024,David Raya Martin,Spain,False,FREE,SHORT_RIGHT,33,33,1.0,3,0.09090909090909091,1.0,0.7933333333333333,-0.006290809005447141,NO
T2024,David Raya Martin,Spain,False,FREE,VERY_LONG_LEFT,33,33,1.0,1,0.030303030303030304,0.0,0.0,-0.023938359961553225,NO
T2024,David Raya Martin,Spain,False,FREE,VERY_LONG_RIGHT,33,33,1.0,1,0.030303030303030304,1.0,0.7333333333333333,-0.009791000891942863,NO
T2024,David Raya Martin,Spain,False,PRESSURED,SHORT_CENTRAL,2,3,0.6666666666666666,2,1.0,1.0,0.6385294117647059,-0.012070327398318287,CENTRAL_ZONE_PROXY_ONLY
T2024,David Raya Martin,Spain,True,FREE,LONG_LEFT,3,4,0.75,1,0.3333333333333333,1.0,0.6470588235294118,-0.0107589322801999,NO
T2024,David Raya Martin,Spain,True,FREE,SHORT_CENTRAL,3,4,0.75,1,0.3333333333333333,1.0,0.7933333333333333,0.0004995170207045168,CENTRAL_ZONE_PROXY_ONLY
T2024,David Raya Martin,Spain,True,FREE,VERY_LONG_LEFT,3,4,0.75,1,0.3333333333333333,1.0,0.63,-0.011190161121982706,NO
T2024,Dayne Tristan St. Clair,Canada,False,FREE,LONG_CENTRAL,15,18,0.8333333333333334,1,0.06666666666666667,0.0,0.7933333333333333,-0.007034741270376737,CENTRAL_ZONE_PROXY_ONLY
T2024,Dayne Tristan St. Clair,Canada,False,FREE,LONG_LEFT,15,18,0.8333333333333334,1,0.06666666666666667,1.0,0.4090909090909091,-0.008197668439594671,NO
T2024,Dayne Tristan St. Clair,Canada,False,FREE,SHORT_CENTRAL,15,18,0.8333333333333334,5,0.3333333333333333,1.0,0.8544559748427674,-0.0036863556821474406,CENTRAL_ZONE_PROXY_ONLY
T2024,Dayne Tristan St. Clair,Canada,False,FREE,SHORT_LEFT,15,18,0.8333333333333334,3,0.2,1.0,0.9227777777777778,-0.0024408488637406136,NO
T2024,Dayne Tristan St. Clair,Canada,False,FREE,SHORT_RIGHT,15,18,0.8333333333333334,5,0.3333333333333333,1.0,0.8710000000000001,-0.0029368709900210945,NO
T2024,Dayne Tristan St. Clair,Canada,False,PRESSURED,LONG_CENTRAL,4,5,0.8,1,0.25,0.0,0.6470588235294118,-0.006575076223386741,CENTRAL_ZONE_PROXY_ONLY
T2024,Dayne Tristan St. Clair,Canada,False,PRESSURED,LONG_RIGHT,4,5,0.8,1,0.25,0.0,0.63,-0.010264349744331453,NO
T2024,Dayne Tristan St. Clair,Canada,False,PRESSURED,SHORT_CENTRAL,4,5,0.8,1,0.25,1.0,0.7333333333333333,-0.010204869514018743,CENTRAL_ZONE_PROXY_ONLY
T2024,Dayne Tristan St. Clair,Canada,False,PRESSURED,SHORT_LEFT,4,5,0.8,1,0.25,1.0,0.6470588235294118,-0.005482252736137734,NO
T2024,Dayne Tristan St. Clair,Canada,True,FREE,LONG_RIGHT,1,2,0.5,1,1.0,0.0,0.7333333333333333,-0.0008200908340212751,NO
T2024,Diogo Meireles Costa,Portugal,False,FREE,LONG_LEFT,103,103,1.0,3,0.02912621359223301,0.6666666666666666,0.7928395061728395,-0.003738059390752904,NO
T2024,Diogo Meireles Costa,Portugal,False,FREE,MEDIUM_CENTRAL,103,103,1.0,2,0.019417475728155338,0.5,0.88988603988604,-0.0035933202047900947,CENTRAL_ZONE_PROXY_ONLY
T2024,Diogo Meireles Costa,Portugal,False,FREE,MEDIUM_LEFT,103,103,1.0,10,0.0970873786407767,1.0,0.8744198834848909,-0.003476923275135107,NO
T2024,Diogo Meireles Costa,Portugal,False,FREE,MEDIUM_RIGHT,103,103,1.0,11,0.10679611650485436,0.8181818181818182,0.8292174623438483,-0.003201989724990405,NO
T2024,Diogo Meireles Costa,Portugal,False,FREE,SHORT_CENTRAL,103,103,1.0,26,0.2524271844660194,1.0,0.882246795315051,-0.0021384273934520084,CENTRAL_ZONE_PROXY_ONLY
T2024,Diogo Meireles Costa,Portugal,False,FREE,SHORT_LEFT,103,103,1.0,19,0.18446601941747573,1.0,0.8321957432481305,-0.004188228003949771,NO
T2024,Diogo Meireles Costa,Portugal,False,FREE,SHORT_RIGHT,103,103,1.0,28,0.27184466019417475,1.0,0.854769651264778,-0.002820234715325952,NO
T2024,Diogo Meireles Costa,Portugal,False,FREE,VERY_LONG_CENTRAL,103,103,1.0,1,0.009708737864077669,0.0,0.7333333333333333,-5.152680252983998e-05,CENTRAL_ZONE_PROXY_ONLY
T2024,Diogo Meireles Costa,Portugal,False,FREE,VERY_LONG_LEFT,103,103,1.0,3,0.02912621359223301,0.3333333333333333,0.7780668639254498,-0.005538716974968422,NO
T2024,Diogo Meireles Costa,Portugal,False,PRESSURED,LONG_CENTRAL,18,20,0.9,2,0.1111111111111111,0.0,0.5195454545454545,-0.00648705926971358,CENTRAL_ZONE_PROXY_ONLY
T2024,Diogo Meireles Costa,Portugal,False,PRESSURED,LONG_LEFT,18,20,0.9,3,0.16666666666666666,0.6666666666666666,0.6476278118609408,-0.007592729684246726,NO
T2024,Diogo Meireles Costa,Portugal,False,PRESSURED,MEDIUM_CENTRAL,18,20,0.9,1,0.05555555555555555,1.0,0.63,-0.010025900011762807,CENTRAL_ZONE_PROXY_ONLY
T2024,Diogo Meireles Costa,Portugal,False,PRESSURED,MEDIUM_LEFT,18,20,0.9,2,0.1111111111111111,1.0,0.63,-0.01275837042377885,NO
T2024,Diogo Meireles Costa,Portugal,False,PRESSURED,MEDIUM_RIGHT,18,20,0.9,1,0.05555555555555555,1.0,0.7107438016528925,-0.006232472219780886,NO
T2024,Diogo Meireles Costa,Portugal,False,PRESSURED,SHORT_LEFT,18,20,0.9,3,0.16666666666666666,1.0,0.6565332844977566,-0.011047044224691075,NO
T2024,Diogo Meireles Costa,Portugal,False,PRESSURED,SHORT_RIGHT,18,20,0.9,6,0.3333333333333333,1.0,0.6344069529652351,-0.00826792000478606,NO
T2024,Diogo Meireles Costa,Portugal,True,FREE,MEDIUM_LEFT,29,30,0.9666666666666667,8,0.27586206896551724,1.0,0.7004030227408862,-0.008718369880120617,NO
T2024,Diogo Meireles Costa,Portugal,True,FREE,MEDIUM_RIGHT,29,30,0.9666666666666667,2,0.06896551724137931,1.0,0.717391304347826,-0.0012217232348446876,NO
T2024,Diogo Meireles Costa,Portugal,True,FREE,SHORT_CENTRAL,29,30,0.9666666666666667,10,0.3448275862068966,1.0,0.6811729219906668,-0.006144847585947318,CENTRAL_ZONE_PROXY_ONLY
T2024,Diogo Meireles Costa,Portugal,True,FREE,SHORT_LEFT,29,30,0.9666666666666667,3,0.10344827586206896,1.0,0.6566248512041022,-0.008672643117574907,NO
T2024,Diogo Meireles Costa,Portugal,True,FREE,SHORT_RIGHT,29,30,0.9666666666666667,5,0.1724137931034483,1.0,0.7195446151132268,-0.006279266914234291,NO
T2024,Diogo Meireles Costa,Portugal,True,FREE,VERY_LONG_CENTRAL,29,30,0.9666666666666667,1,0.034482758620689655,0.0,0.7804878048780488,-0.000736615577747964,CENTRAL_ZONE_PROXY_ONLY
T2024,Dominik Livaković,Croatia,False,FREE,LONG_CENTRAL,52,58,0.896551724137931,3,0.057692307692307696,0.3333333333333333,0.6820777762414155,-0.009297154729495825,CENTRAL_ZONE_PROXY_ONLY
T2024,Dominik Livaković,Croatia,False,FREE,LONG_LEFT,52,58,0.896551724137931,2,0.038461538461538464,0.5,0.7950617283950617,-0.007467440242238265,NO
T2024,Dominik Livaković,Croatia,False,FREE,LONG_RIGHT,52,58,0.896551724137931,1,0.019230769230769232,1.0,0.7698863636363638,-0.005875861750517946,NO
T2024,Dominik Livaković,Croatia,False,FREE,MEDIUM_RIGHT,52,58,0.896551724137931,4,0.07692307692307693,1.0,0.8943203193203193,-0.0028173673679118,NO
T2024,Dominik Livaković,Croatia,False,FREE,SHORT_CENTRAL,52,58,0.896551724137931,23,0.4423076923076923,1.0,0.8737283528141478,-0.0024337062574571284,CENTRAL_ZONE_PROXY_ONLY
T2024,Dominik Livaković,Croatia,False,FREE,SHORT_LEFT,52,58,0.896551724137931,4,0.07692307692307693,1.0,0.8330404297901661,-0.0041525861655540685,NO
T2024,Dominik Livaković,Croatia,False,FREE,SHORT_RIGHT,52,58,0.896551724137931,11,0.21153846153846154,1.0,0.8945729904063238,-0.0032928557255179946,NO
T2024,Dominik Livaković,Croatia,False,FREE,VERY_LONG_CENTRAL,52,58,0.896551724137931,2,0.038461538461538464,1.0,0.7349431818181819,-0.007441511527620473,CENTRAL_ZONE_PROXY_ONLY
T2024,Dominik Livaković,Croatia,False,FREE,VERY_LONG_LEFT,52,58,0.896551724137931,2,0.038461538461538464,0.5,0.7559055118110236,-0.0010662470113131054,NO
T2024,Dominik Livaković,Croatia,False,PRESSURED,LONG_CENTRAL,12,16,0.75,2,0.16666666666666666,0.5,0.656441717791411,-0.007980408165043106,CENTRAL_ZONE_PROXY_ONLY
T2024,Dominik Livaković,Croatia,False,PRESSURED,LONG_LEFT,12,16,0.75,1,0.08333333333333333,0.0,0.656441717791411,-0.0037585305779687652,NO
T2024,Dominik Livaković,Croatia,False,PRESSURED,LONG_RIGHT,12,16,0.75,4,0.3333333333333333,0.25,0.656441717791411,-0.004224604872080769,NO
T2024,Dominik Livaković,Croatia,False,PRESSURED,MEDIUM_CENTRAL,12,16,0.75,1,0.08333333333333333,1.0,0.656441717791411,-0.003907434266849743,CENTRAL_ZONE_PROXY_ONLY
T2024,Dominik Livaković,Croatia,False,PRESSURED,MEDIUM_RIGHT,12,16,0.75,1,0.08333333333333333,1.0,0.656441717791411,-0.014465945419073527,NO
T2024,Dominik Livaković,Croatia,False,PRESSURED,SHORT_CENTRAL,12,16,0.75,1,0.08333333333333333,1.0,0.656441717791411,-0.012024233629578676,CENTRAL_ZONE_PROXY_ONLY
T2024,Dominik Livaković,Croatia,False,PRESSURED,SHORT_RIGHT,12,16,0.75,2,0.16666666666666666,1.0,0.656441717791411,-0.0028045679767976835,NO
T2024,Dominik Livaković,Croatia,True,FREE,LONG_RIGHT,13,15,0.8666666666666667,1,0.07692307692307693,1.0,0.7559055118110236,-0.0023117351227042076,NO
T2024,Dominik Livaković,Croatia,True,FREE,MEDIUM_LEFT,13,15,0.8666666666666667,1,0.07692307692307693,1.0,0.7,-0.007856939382133632,NO
T2024,Dominik Livaković,Croatia,True,FREE,MEDIUM_RIGHT,13,15,0.8666666666666667,1,0.07692307692307693,1.0,0.7,-0.0018873377992865694,NO
T2024,Dominik Livaković,Croatia,True,FREE,SHORT_CENTRAL,13,15,0.8666666666666667,5,0.38461538461538464,1.0,0.7293187264635399,-0.003848321103230401,CENTRAL_ZONE_PROXY_ONLY
T2024,Dominik Livaković,Croatia,True,FREE,SHORT_LEFT,13,15,0.8666666666666667,1,0.07692307692307693,1.0,0.717391304347826,-0.0032934047532680814,NO
T2024,Dominik Livaković,Croatia,True,FREE,SHORT_RIGHT,13,15,0.8666666666666667,2,0.15384615384615385,1.0,0.7630903743026306,-0.001750255462835014,NO
T2024,Dominik Livaković,Croatia,True,FREE,VERY_LONG_CENTRAL,13,15,0.8666666666666667,1,0.07692307692307693,1.0,0.656441717791411,-0.010278461092787884,CENTRAL_ZONE_PROXY_ONLY
T2024,Dominik Livaković,Croatia,True,FREE,VERY_LONG_RIGHT,13,15,0.8666666666666667,1,0.07692307692307693,1.0,0.717391304347826,-0.0032934047532680814,NO
T2024,Ethan Horvath,United States,False,FREE,LONG_RIGHT,8,12,0.6666666666666666,1,0.125,0.0,0.7107438016528925,-0.004246316525620443,NO
T2024,Ethan Horvath,United States,False,FREE,MEDIUM_LEFT,8,12,0.6666666666666666,1,0.125,1.0,0.7804878048780488,-0.008118420498966251,NO
T2024,Ethan Horvath,United States,False,FREE,VERY_LONG_LEFT,8,12,0.6666666666666666,3,0.375,0.0,0.7339918027279446,-0.002187812989302602,NO
T2024,Ethan Horvath,United States,False,FREE,VERY_LONG_RIGHT,8,12,0.6666666666666666,3,0.375,0.3333333333333333,0.7612747330411779,-0.0013709022686396411,NO
T2024,Ethan Horvath,United States,False,PRESSURED,LONG_RIGHT,1,2,0.5,1,1.0,1.0,0.7107438016528925,-0.013547891115562608,NO
T2024,Ethan Horvath,United States,True,FREE,VERY_LONG_LEFT,2,6,0.3333333333333333,2,1.0,0.0,0.7107438016528925,-0.002724428819779365,NO
T2024,Fehmi Mert Günok,Turkey,False,FREE,LONG_CENTRAL,73,76,0.9605263157894737,3,0.0410958904109589,0.0,0.7783218246495083,-0.005306435899890126,CENTRAL_ZONE_PROXY_ONLY
T2024,Fehmi Mert Günok,Turkey,False,FREE,LONG_LEFT,73,76,0.9605263157894737,6,0.0821917808219178,0.6666666666666666,0.7004778632056458,-0.005778380718799443,NO
T2024,Fehmi Mert Günok,Turkey,False,FREE,MEDIUM_CENTRAL,73,76,0.9605263157894737,2,0.0273972602739726,1.0,0.9830634278002699,-0.0030542625345666894,CENTRAL_ZONE_PROXY_ONLY
T2024,Fehmi Mert Günok,Turkey,False,FREE,MEDIUM_LEFT,73,76,0.9605263157894737,11,0.1506849315068493,1.0,0.9030851990709262,-0.003988933888187795,NO
T2024,Fehmi Mert Günok,Turkey,False,FREE,MEDIUM_RIGHT,73,76,0.9605263157894737,3,0.0410958904109589,1.0,0.9137245908326096,-0.0024208059553114275,NO
T2024,Fehmi Mert Günok,Turkey,False,FREE,SHORT_CENTRAL,73,76,0.9605263157894737,9,0.1232876712328767,1.0,0.7768167478915354,-0.005317021131937493,CENTRAL_ZONE_PROXY_ONLY
T2024,Fehmi Mert Günok,Turkey,False,FREE,SHORT_LEFT,73,76,0.9605263157894737,8,0.1095890410958904,1.0,0.8248182514206241,-0.006312556065871005,NO
T2024,Fehmi Mert Günok,Turkey,False,FREE,SHORT_RIGHT,73,76,0.9605263157894737,14,0.1917808219178082,1.0,0.8219000643606329,-0.004342060212896913,NO
T2024,Fehmi Mert Günok,Turkey,False,FREE,VERY_LONG_CENTRAL,73,76,0.9605263157894737,3,0.0410958904109589,0.0,0.7493698392003477,-0.0044001925155277575,CENTRAL_ZONE_PROXY_ONLY
T2024,Fehmi Mert Günok,Turkey,False,FREE,VERY_LONG_LEFT,73,76,0.9605263157894737,8,0.1095890410958904,0.25,0.7871796196775527,-0.005875710372088769,NO
T2024,Fehmi Mert Günok,Turkey,False,FREE,VERY_LONG_RIGHT,73,76,0.9605263157894737,6,0.0821917808219178,0.3333333333333333,0.7806802861141261,-0.0038504002447885596,NO
T2024,Fehmi Mert Günok,Turkey,False,PRESSURED,LONG_CENTRAL,21,21,1.0,3,0.14285714285714285,0.6666666666666666,0.5890930520716854,-0.011867015292902829,CENTRAL_ZONE_PROXY_ONLY
T2024,Fehmi Mert Günok,Turkey,False,PRESSURED,LONG_LEFT,21,21,1.0,3,0.14285714285714285,0.0,0.6260388648795673,-0.008632202413346413,NO
T2024,Fehmi Mert Günok,Turkey,False,PRESSURED,LONG_RIGHT,21,21,1.0,5,0.23809523809523808,0.4,0.6132478806459998,-0.007983153918639317,NO
T2024,Fehmi Mert Günok,Turkey,False,PRESSURED,MEDIUM_LEFT,21,21,1.0,1,0.047619047619047616,1.0,0.6923076923076923,-0.010242908549413057,NO
T2024,Fehmi Mert Günok,Turkey,False,PRESSURED,MEDIUM_RIGHT,21,21,1.0,1,0.047619047619047616,1.0,0.7107438016528925,-0.013547891115562608,NO
T2024,Fehmi Mert Günok,Turkey,False,PRESSURED,SHORT_LEFT,21,21,1.0,2,0.09523809523809523,1.0,0.6336395781075281,-0.010009641370828198,NO
T2024,Fehmi Mert Günok,Turkey,False,PRESSURED,SHORT_RIGHT,21,21,1.0,2,0.09523809523809523,1.0,0.7107438016528925,-0.008407230969989639,NO
T2024,Fehmi Mert Günok,Turkey,False,PRESSURED,VERY_LONG_CENTRAL,21,21,1.0,1,0.047619047619047616,1.0,0.6923076923076923,-0.007122464326591304,CENTRAL_ZONE_PROXY_ONLY
T2024,Fehmi Mert Günok,Turkey,False,PRESSURED,VERY_LONG_RIGHT,21,21,1.0,3,0.14285714285714285,0.3333333333333333,0.6593409859559829,-0.0049208267463894785,NO
T2024,Fehmi Mert Günok,Turkey,True,FREE,LONG_CENTRAL,30,30,1.0,4,0.13333333333333333,0.25,0.7131588427826673,-0.004438419077842107,CENTRAL_ZONE_PROXY_ONLY
T2024,Fehmi Mert Günok,Turkey,True,FREE,LONG_LEFT,30,30,1.0,4,0.13333333333333333,0.25,0.69662579991842,-0.007624293291241929,NO
T2024,Fehmi Mert Günok,Turkey,True,FREE,LONG_RIGHT,30,30,1.0,3,0.1,0.3333333333333333,0.6108374384236454,-0.004962783511263944,NO
T2024,Fehmi Mert Günok,Turkey,True,FREE,MEDIUM_CENTRAL,30,30,1.0,1,0.03333333333333333,1.0,0.7559055118110236,-0.0023117351227042076,CENTRAL_ZONE_PROXY_ONLY
T2024,Fehmi Mert Günok,Turkey,True,FREE,MEDIUM_LEFT,30,30,1.0,2,0.06666666666666667,1.0,0.6910119395508058,-0.005358491972510511,NO
T2024,Fehmi Mert Günok,Turkey,True,FREE,MEDIUM_RIGHT,30,30,1.0,2,0.06666666666666667,1.0,0.674649488442592,-0.0043852123909369324,NO
T2024,Fehmi Mert Günok,Turkey,True,FREE,SHORT_CENTRAL,30,30,1.0,2,0.06666666666666667,1.0,0.6565790678509293,-0.007559189044297018,CENTRAL_ZONE_PROXY_ONLY
T2024,Fehmi Mert Günok,Turkey,True,FREE,SHORT_LEFT,30,30,1.0,1,0.03333333333333333,1.0,0.7384615384615385,-0.002530285694261984,NO
T2024,Fehmi Mert Günok,Turkey,True,FREE,SHORT_RIGHT,30,30,1.0,5,0.16666666666666666,1.0,0.7181436745073109,-0.00363048588668282,NO
T2024,Fehmi Mert Günok,Turkey,True,FREE,VERY_LONG_CENTRAL,30,30,1.0,3,0.1,0.3333333333333333,0.6412402913354892,-0.00816577687884387,CENTRAL_ZONE_PROXY_ONLY
T2024,Fehmi Mert Günok,Turkey,True,FREE,VERY_LONG_RIGHT,30,30,1.0,3,0.1,0.6666666666666666,0.6562133545353165,-0.0071455876543466525,NO
T2024,Florin Constantin Niţă,Romania,False,FREE,LONG_LEFT,82,89,0.9213483146067416,17,0.2073170731707317,0.5294117647058824,0.7862853616000482,-0.0037850164455089635,NO
T2024,Florin Constantin Niţă,Romania,False,FREE,LONG_RIGHT,82,89,0.9213483146067416,20,0.24390243902439024,0.55,0.6120883823458854,-0.007859827221695334,NO
T2024,Florin Constantin Niţă,Romania,False,FREE,MEDIUM_LEFT,82,89,0.9213483146067416,6,0.07317073170731707,1.0,0.8465186210833816,-0.002422379158240949,NO
T2024,Florin Constantin Niţă,Romania,False,FREE,MEDIUM_RIGHT,82,89,0.9213483146067416,3,0.036585365853658534,1.0,0.9819118381619326,0.0006040741232917504,NO
T2024,Florin Constantin Niţă,Romania,False,FREE,SHORT_CENTRAL,82,89,0.9213483146067416,8,0.0975609756097561,1.0,0.7813681468611242,-0.005477570976354263,CENTRAL_ZONE_PROXY_ONLY
T2024,Florin Constantin Niţă,Romania,False,FREE,SHORT_LEFT,82,89,0.9213483146067416,12,0.14634146341463414,1.0,0.8395761991994452,-0.002940017631691884,NO
T2024,Florin Constantin Niţă,Romania,False,FREE,SHORT_RIGHT,82,89,0.9213483146067416,12,0.14634146341463414,1.0,0.8001627763029281,-0.0029037271768300125,NO
T2024,Florin Constantin Niţă,Romania,False,FREE,VERY_LONG_LEFT,82,89,0.9213483146067416,2,0.024390243902439025,0.5,0.7822598870056497,-0.003098122928056144,NO
T2024,Florin Constantin Niţă,Romania,False,FREE,VERY_LONG_RIGHT,82,89,0.9213483146067416,2,0.024390243902439025,0.5,0.0,-0.02406041424546028,NO
T2024,Florin Constantin Niţă,Romania,False,PRESSURED,LONG_CENTRAL,8,11,0.7272727272727273,2,0.25,0.5,0.656441717791411,-0.008116020881388825,CENTRAL_ZONE_PROXY_ONLY
T2024,Florin Constantin Niţă,Romania,False,PRESSURED,LONG_LEFT,8,11,0.7272727272727273,2,0.25,1.0,0.656441717791411,-0.014604041829313484,NO
T2024,Florin Constantin Niţă,Romania,False,PRESSURED,MEDIUM_LEFT,8,11,0.7272727272727273,1,0.125,1.0,0.63,-0.008648180574846991,NO
T2024,Florin Constantin Niţă,Romania,False,PRESSURED,MEDIUM_RIGHT,8,11,0.7272727272727273,1,0.125,0.0,0.656441717791411,-0.012024233629578676,NO
T2024,Florin Constantin Niţă,Romania,False,PRESSURED,SHORT_RIGHT,8,11,0.7272727272727273,1,0.125,1.0,0.63,-0.0033445269009752324,NO
T2024,Florin Constantin Niţă,Romania,False,PRESSURED,VERY_LONG_CENTRAL,8,11,0.7272727272727273,1,0.125,1.0,0.656441717791411,-0.014465945419073527,CENTRAL_ZONE_PROXY_ONLY
T2024,Florin Constantin Niţă,Romania,True,FREE,LONG_CENTRAL,38,46,0.8260869565217391,2,0.05263157894736842,0.5,0.7366484080794249,-0.0028025699379861445,CENTRAL_ZONE_PROXY_ONLY
T2024,Florin Constantin Niţă,Romania,True,FREE,LONG_LEFT,38,46,0.8260869565217391,17,0.4473684210526316,0.5294117647058824,0.710439483881236,-0.006854196086013416,NO
T2024,Florin Constantin Niţă,Romania,True,FREE,LONG_RIGHT,38,46,0.8260869565217391,5,0.13157894736842105,0.6,0.6953333333333334,-0.005094918558006092,NO
T2024,Florin Constantin Niţă,Romania,True,FREE,MEDIUM_LEFT,38,46,0.8260869565217391,2,0.05263157894736842,1.0,0.6336395781075281,-0.009642605314614461,NO
T2024,Florin Constantin Niţă,Romania,True,FREE,MEDIUM_RIGHT,38,46,0.8260869565217391,1,0.02631578947368421,1.0,0.7933333333333333,-0.006981142346158078,NO
T2024,Florin Constantin Niţă,Romania,True,FREE,SHORT_CENTRAL,38,46,0.8260869565217391,3,0.07894736842105263,1.0,0.6686717982652105,-0.00796133591807402,CENTRAL_ZONE_PROXY_ONLY
T2024,Florin Constantin Niţă,Romania,True,FREE,SHORT_LEFT,38,46,0.8260869565217391,4,0.10526315789473684,1.0,0.6883674371605407,-0.007321902224074695,NO
T2024,Florin Constantin Niţă,Romania,True,FREE,VERY_LONG_CENTRAL,38,46,0.8260869565217391,1,0.02631578947368421,0.0,0.63,-0.0038613399052530454,CENTRAL_ZONE_PROXY_ONLY
T2024,Florin Constantin Niţă,Romania,True,FREE,VERY_LONG_LEFT,38,46,0.8260869565217391,2,0.05263157894736842,0.5,0.6927601809954751,-0.00903662039299059,NO
T2024,Florin Constantin Niţă,Romania,True,FREE,VERY_LONG_RIGHT,38,46,0.8260869565217391,1,0.02631578947368421,1.0,0.656441717791411,-0.010278461092787884,NO
T2024,Gabriel Arias Arroyo,Chile,False,FREE,LONG_RIGHT,24,34,0.7058823529411765,1,0.041666666666666664,1.0,0.5957446808510638,-0.006278202723815612,NO
T2024,Gabriel Arias Arroyo,Chile,False,FREE,SHORT_CENTRAL,24,34,0.7058823529411765,9,0.375,1.0,0.8044347106847108,-0.004677595928561627,CENTRAL_ZONE_PROXY_ONLY
T2024,Gabriel Arias Arroyo,Chile,False,FREE,SHORT_LEFT,24,34,0.7058823529411765,3,0.125,1.0,0.8151443682104059,-0.0050834690174136965,NO
T2024,Gabriel Arias Arroyo,Chile,False,FREE,SHORT_RIGHT,24,34,0.7058823529411765,6,0.25,1.0,0.8391002723867892,-0.004895500532267332,NO
T2024,Gabriel Arias Arroyo,Chile,False,FREE,VERY_LONG_CENTRAL,24,34,0.7058823529411765,2,0.08333333333333333,1.0,0.7698863636363638,-0.007074627573490262,CENTRAL_ZONE_PROXY_ONLY
T2024,Gabriel Arias Arroyo,Chile,False,FREE,VERY_LONG_LEFT,24,34,0.7058823529411765,2,0.08333333333333333,1.0,0.8579161547911549,0.002036330780540833,NO
T2024,Gabriel Arias Arroyo,Chile,False,FREE,VERY_LONG_RIGHT,24,34,0.7058823529411765,1,0.041666666666666664,1.0,0.7,-0.00955444507871846,NO
T2024,Gabriel Arias Arroyo,Chile,False,PRESSURED,SHORT_CENTRAL,1,2,0.5,1,1.0,1.0,0.5957446808510638,-0.007515815653220608,CENTRAL_ZONE_PROXY_ONLY
T2024,Gabriel Arias Arroyo,Chile,True,FREE,SHORT_CENTRAL,5,8,0.625,2,0.4,1.0,0.7047106236786471,-0.0017665815460517998,CENTRAL_ZONE_PROXY_ONLY
T2024,Gabriel Arias Arroyo,Chile,True,FREE,SHORT_RIGHT,5,8,0.625,2,0.4,1.0,0.6697674418604651,-0.002662345674184584,NO
T2024,Gabriel Arias Arroyo,Chile,True,FREE,VERY_LONG_CENTRAL,5,8,0.625,1,0.2,1.0,0.6395348837209304,-0.0019614066723767087,CENTRAL_ZONE_PROXY_ONLY
T2024,Gianluigi Donnarumma,Italy,False,FREE,LONG_CENTRAL,67,68,0.9852941176470589,6,0.08955223880597014,0.16666666666666666,0.7696346318629969,-0.004022910178052172,CENTRAL_ZONE_PROXY_ONLY
T2024,Gianluigi Donnarumma,Italy,False,FREE,LONG_RIGHT,67,68,0.9852941176470589,4,0.05970149253731343,0.75,0.7887169870292233,-0.004522580240666946,NO
T2024,Gianluigi Donnarumma,Italy,False,FREE,MEDIUM_CENTRAL,67,68,0.9852941176470589,1,0.014925373134328358,1.0,0.7721518987341772,-0.006628834540529994,CENTRAL_ZONE_PROXY_ONLY
T2024,Gianluigi Donnarumma,Italy,False,FREE,MEDIUM_LEFT,67,68,0.9852941176470589,4,0.05970149253731343,1.0,0.8126877119423723,-0.0057463747433995176,NO
T2024,Gianluigi Donnarumma,Italy,False,FREE,MEDIUM_RIGHT,67,68,0.9852941176470589,3,0.04477611940298507,1.0,0.7951360401283359,-0.0018024129136480598,NO
T2024,Gianluigi Donnarumma,Italy,False,FREE,SHORT_CENTRAL,67,68,0.9852941176470589,18,0.26865671641791045,1.0,0.8682609473722143,-0.002931158786217405,CENTRAL_ZONE_PROXY_ONLY
T2024,Gianluigi Donnarumma,Italy,False,FREE,SHORT_LEFT,67,68,0.9852941176470589,16,0.23880597014925373,1.0,0.8402549752015495,-0.004347055699915586,NO
T2024,Gianluigi Donnarumma,Italy,False,FREE,SHORT_RIGHT,67,68,0.9852941176470589,13,0.19402985074626866,1.0,0.7977508277158614,-0.004421235578769623,NO
T2024,Gianluigi Donnarumma,Italy,False,FREE,VERY_LONG_RIGHT,67,68,0.9852941176470589,2,0.029850746268656716,0.5,0.7414478501935349,-0.0073314346657884655,NO
T2024,Gianluigi Donnarumma,Italy,False,PRESSURED,LONG_CENTRAL,16,16,1.0,3,0.1875,0.6666666666666666,0.6926431070323987,-0.0064548550568551445,CENTRAL_ZONE_PROXY_ONLY
T2024,Gianluigi Donnarumma,Italy,False,PRESSURED,LONG_LEFT,16,16,1.0,2,0.125,0.0,0.6176397822859971,-0.010908491833003492,NO
T2024,Gianluigi Donnarumma,Italy,False,PRESSURED,LONG_RIGHT,16,16,1.0,1,0.0625,1.0,0.7107438016528925,-0.0008074854548566403,NO
T2024,Gianluigi Donnarumma,Italy,False,PRESSURED,MEDIUM_LEFT,16,16,1.0,2,0.125,0.5,0.7107438016528925,-0.002244398155142428,NO
T2024,Gianluigi Donnarumma,Italy,False,PRESSURED,MEDIUM_RIGHT,16,16,1.0,1,0.0625,1.0,0.7107438016528925,-0.0015636769217043456,NO
T2024,Gianluigi Donnarumma,Italy,False,PRESSURED,SHORT_CENTRAL,16,16,1.0,1,0.0625,1.0,0.5957446808510638,-0.013068879577850119,CENTRAL_ZONE_PROXY_ONLY
T2024,Gianluigi Donnarumma,Italy,False,PRESSURED,SHORT_LEFT,16,16,1.0,3,0.1875,1.0,0.6926431070323987,-0.01276504012735028,NO
T2024,Gianluigi Donnarumma,Italy,False,PRESSURED,SHORT_RIGHT,16,16,1.0,3,0.1875,1.0,0.6870074956755717,-0.01283177054581521,NO
T2024,Gianluigi Donnarumma,Italy,True,FREE,LONG_CENTRAL,16,16,1.0,1,0.0625,0.0,0.7107438016528925,-0.0055128474929022715,CENTRAL_ZONE_PROXY_ONLY
T2024,Gianluigi Donnarumma,Italy,True,FREE,LONG_LEFT,16,16,1.0,1,0.0625,0.0,0.7698863636363638,-0.0060861504967696,NO
T2024,Gianluigi Donnarumma,Italy,True,FREE,LONG_RIGHT,16,16,1.0,1,0.0625,1.0,0.7804878048780488,0.0018416906826545878,NO
T2024,Gianluigi Donnarumma,Italy,True,FREE,MEDIUM_LEFT,16,16,1.0,1,0.0625,1.0,0.7,-0.007856939382133632,NO
T2024,Gianluigi Donnarumma,Italy,True,FREE,MEDIUM_RIGHT,16,16,1.0,2,0.125,1.0,0.7133013907734058,-0.005183563500015814,NO
T2024,Gianluigi Donnarumma,Italy,True,FREE,SHORT_CENTRAL,16,16,1.0,6,0.375,1.0,0.6842649913836137,-0.006608670896990278,CENTRAL_ZONE_PROXY_ONLY
T2024,Gianluigi Donnarumma,Italy,True,FREE,SHORT_LEFT,16,16,1.0,3,0.1875,1.0,0.7299696840784476,-0.005731434130837552,NO
T2024,Gianluigi Donnarumma,Italy,True,FREE,SHORT_RIGHT,16,16,1.0,1,0.0625,1.0,0.7559055118110236,-0.007691883700713861,NO
T2024,Giorgi Mamardashvili,Georgia,False,FREE,LONG_CENTRAL,61,72,0.8472222222222222,1,0.01639344262295082,0.0,0.7721518987341772,-0.00824008107858796,CENTRAL_ZONE_PROXY_ONLY
T2024,Giorgi Mamardashvili,Georgia,False,FREE,LONG_LEFT,61,72,0.8472222222222222,8,0.13114754098360656,0.125,0.7262147293722787,-0.0034318414029009007,NO
T2024,Giorgi Mamardashvili,Georgia,False,FREE,LONG_RIGHT,61,72,0.8472222222222222,11,0.18032786885245902,0.6363636363636364,0.7112293456869777,-0.00650721149796715,NO
T2024,Giorgi Mamardashvili,Georgia,False,FREE,MEDIUM_LEFT,61,72,0.8472222222222222,2,0.03278688524590164,1.0,0.922077922077922,0.0009115808958383496,NO
T2024,Giorgi Mamardashvili,Georgia,False,FREE,MEDIUM_RIGHT,61,72,0.8472222222222222,2,0.03278688524590164,1.0,0.9873397435897436,0.0020456701907273713,NO
T2024,Giorgi Mamardashvili,Georgia,False,FREE,SHORT_CENTRAL,61,72,0.8472222222222222,12,0.19672131147540983,1.0,0.9255126624430422,-0.0024558548016845342,CENTRAL_ZONE_PROXY_ONLY
T2024,Giorgi Mamardashvili,Georgia,False,FREE,SHORT_LEFT,61,72,0.8472222222222222,11,0.18032786885245902,1.0,0.9144779301729531,-0.0030153598339298397,NO
T2024,Giorgi Mamardashvili,Georgia,False,FREE,SHORT_RIGHT,61,72,0.8472222222222222,6,0.09836065573770492,1.0,0.8330502557372635,-0.0015753213924887277,NO
T2024,Giorgi Mamardashvili,Georgia,False,FREE,VERY_LONG_LEFT,61,72,0.8472222222222222,3,0.04918032786885246,0.3333333333333333,0.748560187645256,-0.0042180775707005985,NO
T2024,Giorgi Mamardashvili,Georgia,False,FREE,VERY_LONG_RIGHT,61,72,0.8472222222222222,5,0.08196721311475409,0.6,0.8104062026660547,-0.0031322431164648445,NO
T2024,Giorgi Mamardashvili,Georgia,False,PRESSURED,LONG_LEFT,5,6,0.8333333333333334,1,0.2,0.0,0.63,-0.006673287649971912,NO
T2024,Giorgi Mamardashvili,Georgia,False,PRESSURED,MEDIUM_LEFT,5,6,0.8333333333333334,1,0.2,1.0,0.656441717791411,-0.01474213823955344,NO
T2024,Giorgi Mamardashvili,Georgia,False,PRESSURED,SHORT_LEFT,5,6,0.8333333333333334,1,0.2,1.0,0.656441717791411,-0.011500585361962292,NO
T2024,Giorgi Mamardashvili,Georgia,False,PRESSURED,SHORT_RIGHT,5,6,0.8333333333333334,1,0.2,1.0,0.656441717791411,-0.01260080031640782,NO
T2024,Giorgi Mamardashvili,Georgia,False,PRESSURED,VERY_LONG_LEFT,5,6,0.8333333333333334,1,0.2,0.0,0.656441717791411,-0.00370698334642304,NO
T2024,Giorgi Mamardashvili,Georgia,True,FREE,LONG_CENTRAL,36,44,0.8181818181818182,1,0.027777777777777776,0.0,0.7559055118110236,-0.0015646860185991062,CENTRAL_ZONE_PROXY_ONLY
T2024,Giorgi Mamardashvili,Georgia,True,FREE,LONG_LEFT,36,44,0.8181818181818182,5,0.1388888888888889,0.2,0.7227284290200547,-0.008063644063888839,NO
T2024,Giorgi Mamardashvili,Georgia,True,FREE,LONG_RIGHT,36,44,0.8181818181818182,7,0.19444444444444445,0.42857142857142855,0.6781352301730024,-0.0035997657894399756,NO
T2024,Giorgi Mamardashvili,Georgia,True,FREE,MEDIUM_CENTRAL,36,44,0.8181818181818182,1,0.027777777777777776,1.0,0.6567164179104478,-0.0048399169958061525,CENTRAL_ZONE_PROXY_ONLY
T2024,Giorgi Mamardashvili,Georgia,True,FREE,MEDIUM_LEFT,36,44,0.8181818181818182,1,0.027777777777777776,1.0,0.6567164179104478,-0.0048399169958061525,NO
T2024,Giorgi Mamardashvili,Georgia,True,FREE,MEDIUM_RIGHT,36,44,0.8181818181818182,1,0.027777777777777776,1.0,0.7559055118110236,-0.0023117351227042076,NO
T2024,Giorgi Mamardashvili,Georgia,True,FREE,SHORT_CENTRAL,36,44,0.8181818181818182,4,0.1111111111111111,1.0,0.6852909908353125,-0.008149016733924546,CENTRAL_ZONE_PROXY_ONLY
T2024,Giorgi Mamardashvili,Georgia,True,FREE,SHORT_LEFT,36,44,0.8181818181818182,2,0.05555555555555555,1.0,0.6566500940821387,-0.007557341991852448,NO
T2024,Giorgi Mamardashvili,Georgia,True,FREE,SHORT_RIGHT,36,44,0.8181818181818182,5,0.1388888888888889,1.0,0.7085270327581538,-0.005583033681089961,NO
T2024,Giorgi Mamardashvili,Georgia,True,FREE,VERY_LONG_LEFT,36,44,0.8181818181818182,1,0.027777777777777776,1.0,0.6470588235294118,-0.006155048808704408,NO
T2024,Giorgi Mamardashvili,Georgia,True,FREE,VERY_LONG_RIGHT,36,44,0.8181818181818182,8,0.2222222222222222,0.375,0.6869934091763524,-0.0019388118486017426,NO
T2024,Guillermo Viscarra Bruckner,Bolivia,False,FREE,LONG_CENTRAL,41,42,0.9761904761904762,6,0.14634146341463414,0.3333333333333333,0.7026419640300555,-0.007057614580129397,CENTRAL_ZONE_PROXY_ONLY
T2024,Guillermo Viscarra Bruckner,Bolivia,False,FREE,LONG_LEFT,41,42,0.9761904761904762,3,0.07317073170731707,0.6666666666666666,0.8918489136649516,-0.0018582072168436192,NO
T2024,Guillermo Viscarra Bruckner,Bolivia,False,FREE,LONG_RIGHT,41,42,0.9761904761904762,6,0.14634146341463414,0.16666666666666666,0.7914666200612529,-0.004778515942977366,NO
T2024,Guillermo Viscarra Bruckner,Bolivia,False,FREE,MEDIUM_CENTRAL,41,42,0.9761904761904762,1,0.024390243902439025,1.0,0.8333333333333334,-0.0027847180969655058,CENTRAL_ZONE_PROXY_ONLY
T2024,Guillermo Viscarra Bruckner,Bolivia,False,FREE,MEDIUM_RIGHT,41,42,0.9761904761904762,3,0.07317073170731707,1.0,0.8178698472483784,-0.004394112663714358,NO
T2024,Guillermo Viscarra Bruckner,Bolivia,False,FREE,SHORT_CENTRAL,41,42,0.9761904761904762,7,0.17073170731707318,1.0,0.8517764699856161,-0.0027122898547799683,CENTRAL_ZONE_PROXY_ONLY
T2024,Guillermo Viscarra Bruckner,Bolivia,False,FREE,SHORT_LEFT,41,42,0.9761904761904762,4,0.0975609756097561,1.0,0.9028354519774011,-0.0026845047094998633,NO
T2024,Guillermo Viscarra Bruckner,Bolivia,False,FREE,SHORT_RIGHT,41,42,0.9761904761904762,4,0.0975609756097561,1.0,0.8874947390572392,-0.0012554129253994938,NO
T2024,Guillermo Viscarra Bruckner,Bolivia,False,FREE,VERY_LONG_CENTRAL,41,42,0.9761904761904762,1,0.024390243902439025,0.0,0.7698863636363638,-0.004325170534758003,CENTRAL_ZONE_PROXY_ONLY
T2024,Guillermo Viscarra Bruckner,Bolivia,False,FREE,VERY_LONG_LEFT,41,42,0.9761904761904762,3,0.07317073170731707,0.0,0.7788899091929395,-0.004877488999567148,NO
T2024,Guillermo Viscarra Bruckner,Bolivia,False,FREE,VERY_LONG_RIGHT,41,42,0.9761904761904762,3,0.07317073170731707,0.3333333333333333,0.8032458374482389,-0.0017241351377209316,NO
T2024,Guillermo Viscarra Bruckner,Bolivia,False,PRESSURED,LONG_LEFT,5,7,0.7142857142857143,1,0.2,0.0,0.7107438016528925,-0.0015636769217043456,NO
T2024,Guillermo Viscarra Bruckner,Bolivia,False,PRESSURED,LONG_RIGHT,5,7,0.7142857142857143,2,0.4,0.5,0.6385294117647059,-0.011568654639775373,NO
T2024,Guillermo Viscarra Bruckner,Bolivia,False,PRESSURED,SHORT_CENTRAL,5,7,0.7142857142857143,1,0.2,1.0,0.63,-0.002867729824086604,CENTRAL_ZONE_PROXY_ONLY
T2024,Guillermo Viscarra Bruckner,Bolivia,False,PRESSURED,VERY_LONG_RIGHT,5,7,0.7142857142857143,1,0.2,1.0,0.5957446808510638,-0.016294948799246898,NO
T2024,Guillermo Viscarra Bruckner,Bolivia,True,FREE,LONG_CENTRAL,26,27,0.9629629629629629,1,0.038461538461538464,0.0,0.7933333333333333,-0.007061268878246181,CENTRAL_ZONE_PROXY_ONLY
T2024,Guillermo Viscarra Bruckner,Bolivia,True,FREE,LONG_LEFT,26,27,0.9629629629629629,3,0.11538461538461539,1.0,0.7232954545454545,-0.006385488932569513,NO
T2024,Guillermo Viscarra Bruckner,Bolivia,True,FREE,LONG_RIGHT,26,27,0.9629629629629629,2,0.07692307692307693,0.5,0.7865401987353207,-0.0005641128807542949,NO
T2024,Guillermo Viscarra Bruckner,Bolivia,True,FREE,MEDIUM_RIGHT,26,27,0.9629629629629629,3,0.11538461538461539,1.0,0.7928395061728395,-0.004708622699663472,NO
T2024,Guillermo Viscarra Bruckner,Bolivia,True,FREE,SHORT_CENTRAL,26,27,0.9629629629629629,8,0.3076923076923077,1.0,0.7636432028619529,-0.004887227296929356,CENTRAL_ZONE_PROXY_ONLY
T2024,Guillermo Viscarra Bruckner,Bolivia,True,FREE,SHORT_RIGHT,26,27,0.9629629629629629,1,0.038461538461538464,1.0,0.7804878048780488,-0.0007329249094039036,NO
T2024,Guillermo Viscarra Bruckner,Bolivia,True,FREE,VERY_LONG_LEFT,26,27,0.9629629629629629,5,0.19230769230769232,0.4,0.7386206172139241,-0.00545477185296535,NO
T2024,Guillermo Viscarra Bruckner,Bolivia,True,FREE,VERY_LONG_RIGHT,26,27,0.9629629629629629,3,0.11538461538461539,0.0,0.7774551066217734,0.0002975725356344206,NO
T2024,Jahmali Waite,Jamaica,False,FREE,LONG_CENTRAL,54,58,0.9310344827586207,1,0.018518518518518517,1.0,0.7721518987341772,-0.004852680987844393,CENTRAL_ZONE_PROXY_ONLY
T2024,Jahmali Waite,Jamaica,False,FREE,LONG_LEFT,54,58,0.9310344827586207,2,0.037037037037037035,0.0,0.8737072267620021,-0.0036300944356547414,NO
T2024,Jahmali Waite,Jamaica,False,FREE,LONG_RIGHT,54,58,0.9310344827586207,3,0.05555555555555555,0.6666666666666666,0.662453656892484,-0.005774844617706318,NO
T2024,Jahmali Waite,Jamaica,False,FREE,MEDIUM_CENTRAL,54,58,0.9310344827586207,2,0.037037037037037035,0.5,0.7559055118110236,-0.005709693055292762,CENTRAL_ZONE_PROXY_ONLY
T2024,Jahmali Waite,Jamaica,False,FREE,MEDIUM_LEFT,54,58,0.9310344827586207,5,0.09259259259259259,0.8,0.7626676770321298,-0.005673263073442747,NO
T2024,Jahmali Waite,Jamaica,False,FREE,MEDIUM_RIGHT,54,58,0.9310344827586207,4,0.07407407407407407,1.0,0.9098265863539741,-0.0017296157749946315,NO
T2024,Jahmali Waite,Jamaica,False,FREE,SHORT_CENTRAL,54,58,0.9310344827586207,12,0.2222222222222222,1.0,0.9366681329220242,-0.002572284959966757,CENTRAL_ZONE_PROXY_ONLY
T2024,Jahmali Waite,Jamaica,False,FREE,SHORT_LEFT,54,58,0.9310344827586207,12,0.2222222222222222,1.0,0.8849319556102841,-0.002799535109161177,NO
T2024,Jahmali Waite,Jamaica,False,FREE,SHORT_RIGHT,54,58,0.9310344827586207,13,0.24074074074074073,1.0,0.8644696551919584,-0.0033303849976953808,NO
T2024,Jahmali Waite,Jamaica,False,PRESSURED,LONG_CENTRAL,17,22,0.7727272727272727,5,0.29411764705882354,0.4,0.6321629030152721,-0.006418402112031799,CENTRAL_ZONE_PROXY_ONLY
T2024,Jahmali Waite,Jamaica,False,PRESSURED,LONG_LEFT,17,22,0.7727272727272727,2,0.11764705882352941,1.0,0.6176397822859971,-0.009295457222305101,NO
T2024,Jahmali Waite,Jamaica,False,PRESSURED,LONG_RIGHT,17,22,0.7727272727272727,2,0.11764705882352941,0.5,0.656441717791411,-0.007854196747580634,NO
T2024,Jahmali Waite,Jamaica,False,PRESSURED,MEDIUM_LEFT,17,22,0.7727272727272727,2,0.11764705882352941,1.0,0.6176397822859971,-0.005743857356161343,NO
T2024,Jahmali Waite,Jamaica,False,PRESSURED,SHORT_LEFT,17,22,0.7727272727272727,2,0.11764705882352941,1.0,0.6260931993212374,-0.006826468440461253,NO
T2024,Jahmali Waite,Jamaica,False,PRESSURED,SHORT_RIGHT,17,22,0.7727272727272727,4,0.23529411764705882,1.0,0.6218664908036172,-0.009145405004448158,NO
T2024,Jahmali Waite,Jamaica,True,FREE,LONG_CENTRAL,26,31,0.8387096774193549,2,0.07692307692307693,0.5,0.6176397822859971,-0.00707760435096687,CENTRAL_ZONE_PROXY_ONLY
T2024,Jahmali Waite,Jamaica,True,FREE,LONG_LEFT,26,31,0.8387096774193549,1,0.038461538461538464,1.0,0.7559055118110236,-0.0023117351227042076,NO
T2024,Jahmali Waite,Jamaica,True,FREE,MEDIUM_LEFT,26,31,0.8387096774193549,2,0.07692307692307693,1.0,0.7047106236786471,-0.007837793401708875,NO
T2024,Jahmali Waite,Jamaica,True,FREE,SHORT_CENTRAL,26,31,0.8387096774193549,3,0.11538461538461539,1.0,0.7042073099071571,-0.00481535616300157,CENTRAL_ZONE_PROXY_ONLY
T2024,Jahmali Waite,Jamaica,True,FREE,SHORT_LEFT,26,31,0.8387096774193549,7,0.2692307692307692,1.0,0.7031097824228184,-0.0061388026550517755,NO
T2024,Jahmali Waite,Jamaica,True,FREE,SHORT_RIGHT,26,31,0.8387096774193549,4,0.15384615384615385,1.0,0.724174728835371,-0.0061903326860411265,NO
T2024,Jahmali Waite,Jamaica,True,FREE,VERY_LONG_CENTRAL,26,31,0.8387096774193549,6,0.23076923076923078,0.3333333333333333,0.6654062788836713,-0.005373839664224149,CENTRAL_ZONE_PROXY_ONLY
T2024,Jahmali Waite,Jamaica,True,FREE,VERY_LONG_LEFT,26,31,0.8387096774193549,1,0.038461538461538464,1.0,0.6395348837209304,-0.009389011596054181,NO
T2024,Jan Oblak,Slovenia,False,FREE,LONG_CENTRAL,65,72,0.9027777777777778,12,0.18461538461538463,0.75,0.7528861240920769,-0.004968584488289687,CENTRAL_ZONE_PROXY_ONLY
T2024,Jan Oblak,Slovenia,False,FREE,LONG_LEFT,65,72,0.9027777777777778,8,0.12307692307692308,0.875,0.8001582588986961,-0.0007531707332604703,NO
T2024,Jan Oblak,Slovenia,False,FREE,LONG_RIGHT,65,72,0.9027777777777778,8,0.12307692307692308,0.625,0.7717869610532158,-0.003506395771275154,NO
T2024,Jan Oblak,Slovenia,False,FREE,MEDIUM_LEFT,65,72,0.9027777777777778,6,0.09230769230769231,0.6666666666666666,0.7706973118332,-0.0059812609643642885,NO
T2024,Jan Oblak,Slovenia,False,FREE,MEDIUM_RIGHT,65,72,0.9027777777777778,5,0.07692307692307693,1.0,0.8519674823843078,-0.0025561216117489676,NO
T2024,Jan Oblak,Slovenia,False,FREE,SHORT_CENTRAL,65,72,0.9027777777777778,5,0.07692307692307693,1.0,0.7722847159160462,-0.004953582574428739,CENTRAL_ZONE_PROXY_ONLY
T2024,Jan Oblak,Slovenia,False,FREE,SHORT_LEFT,65,72,0.9027777777777778,7,0.1076923076923077,1.0,0.808686741291636,-0.005223135397190603,NO
T2024,Jan Oblak,Slovenia,False,FREE,SHORT_RIGHT,65,72,0.9027777777777778,6,0.09230769230769231,1.0,0.8807504339807467,-0.002973676560915092,NO
T2024,Jan Oblak,Slovenia,False,FREE,VERY_LONG_CENTRAL,65,72,0.9027777777777778,1,0.015384615384615385,0.0,0.656441717791411,-0.006793838048890005,CENTRAL_ZONE_PROXY_ONLY
T2024,Jan Oblak,Slovenia,False,FREE,VERY_LONG_LEFT,65,72,0.9027777777777778,3,0.046153846153846156,1.0,0.7652260796945837,-0.005345628937027035,NO
T2024,Jan Oblak,Slovenia,False,FREE,VERY_LONG_RIGHT,65,72,0.9027777777777778,4,0.06153846153846154,0.5,0.7437243213114431,-0.006375404892301276,NO
T2024,Jan Oblak,Slovenia,False,PRESSURED,LONG_CENTRAL,12,12,1.0,1,0.08333333333333333,1.0,0.656441717791411,-0.014465945419073527,CENTRAL_ZONE_PROXY_ONLY
T2024,Jan Oblak,Slovenia,False,PRESSURED,LONG_LEFT,12,12,1.0,1,0.08333333333333333,1.0,0.6395348837209304,-0.005245316155052708,NO
T2024,Jan Oblak,Slovenia,False,PRESSURED,LONG_RIGHT,12,12,1.0,5,0.4166666666666667,0.4,0.6443023104033416,-0.006379486512869755,NO
T2024,Jan Oblak,Slovenia,False,PRESSURED,MEDIUM_CENTRAL,12,12,1.0,1,0.08333333333333333,0.0,0.6108374384236454,-0.005244106356395118,CENTRAL_ZONE_PROXY_ONLY
T2024,Jan Oblak,Slovenia,False,PRESSURED,MEDIUM_RIGHT,12,12,1.0,2,0.16666666666666666,1.0,0.6336395781075281,-0.013767202089898654,NO
T2024,Jan Oblak,Slovenia,False,PRESSURED,SHORT_LEFT,12,12,1.0,1,0.08333333333333333,1.0,0.6108374384236454,-0.014117677772215105,NO
T2024,Jan Oblak,Slovenia,False,PRESSURED,SHORT_RIGHT,12,12,1.0,1,0.08333333333333333,1.0,0.5957446808510638,-0.0041189267966658775,NO
T2024,Jan Oblak,Slovenia,True,FREE,LONG_CENTRAL,40,44,0.9090909090909091,2,0.05,1.0,0.6833714751173345,-0.006482471461136462,CENTRAL_ZONE_PROXY_ONLY
T2024,Jan Oblak,Slovenia,True,FREE,LONG_LEFT,40,44,0.9090909090909091,5,0.125,0.6,0.7136949545061672,-0.007836868109130094,NO
T2024,Jan Oblak,Slovenia,True,FREE,LONG_RIGHT,40,44,0.9090909090909091,7,0.175,0.42857142857142855,0.6565594464138554,-0.004843917964830796,NO
T2024,Jan Oblak,Slovenia,True,FREE,MEDIUM_LEFT,40,44,0.9090909090909091,5,0.125,1.0,0.7195029044211483,-0.004922366904934613,NO
T2024,Jan Oblak,Slovenia,True,FREE,MEDIUM_RIGHT,40,44,0.9090909090909091,4,0.1,1.0,0.6695687951832474,-0.005499879210568466,NO
T2024,Jan Oblak,Slovenia,True,FREE,SHORT_CENTRAL,40,44,0.9090909090909091,6,0.15,1.0,0.6892460021499436,-0.005994561287834097,CENTRAL_ZONE_PROXY_ONLY
T2024,Jan Oblak,Slovenia,True,FREE,SHORT_LEFT,40,44,0.9090909090909091,3,0.075,1.0,0.6970747754956877,-0.007421773269798454,NO
T2024,Jan Oblak,Slovenia,True,FREE,VERY_LONG_CENTRAL,40,44,0.9090909090909091,2,0.05,0.0,0.6565790678509293,-0.003492928190133596,CENTRAL_ZONE_PROXY_ONLY
T2024,Jan Oblak,Slovenia,True,FREE,VERY_LONG_LEFT,40,44,0.9090909090909091,5,0.125,0.2,0.6314922124399198,-0.008113722767426224,NO
T2024,Jan Oblak,Slovenia,True,FREE,VERY_LONG_RIGHT,40,44,0.9090909090909091,1,0.025,1.0,0.6567164179104478,-0.002138937688667914,NO
T2024,Jindřich Staněk,Czech Republic,False,FREE,LONG_CENTRAL,39,41,0.9512195121951219,2,0.05128205128205128,0.0,0.8008474576271187,-0.004131221116067056,CENTRAL_ZONE_PROXY_ONLY
T2024,Jindřich Staněk,Czech Republic,False,FREE,LONG_LEFT,39,41,0.9512195121951219,3,0.07692307692307693,0.6666666666666666,0.7783218246495083,-0.0038863765034897386,NO
T2024,Jindřich Staněk,Czech Republic,False,FREE,LONG_RIGHT,39,41,0.9512195121951219,8,0.20512820512820512,0.625,0.7732596084652721,-0.0042632613740727805,NO
T2024,Jindřich Staněk,Czech Republic,False,FREE,MEDIUM_CENTRAL,39,41,0.9512195121951219,1,0.02564102564102564,1.0,0.7925925925925926,-0.008287684094410355,CENTRAL_ZONE_PROXY_ONLY
T2024,Jindřich Staněk,Czech Republic,False,FREE,MEDIUM_LEFT,39,41,0.9512195121951219,5,0.1282051282051282,0.8,0.8610179149162199,-0.005290465778727148,NO
T2024,Jindřich Staněk,Czech Republic,False,FREE,MEDIUM_RIGHT,39,41,0.9512195121951219,3,0.07692307692307693,1.0,0.8066666666666666,-0.003373910341124152,NO
T2024,Jindřich Staněk,Czech Republic,False,FREE,SHORT_CENTRAL,39,41,0.9512195121951219,5,0.1282051282051282,1.0,0.7900376799285616,-0.00606909281205514,CENTRAL_ZONE_PROXY_ONLY
T2024,Jindřich Staněk,Czech Republic,False,FREE,SHORT_LEFT,39,41,0.9512195121951219,7,0.1794871794871795,1.0,0.9316171785395693,-0.0006702399939087759,NO
T2024,Jindřich Staněk,Czech Republic,False,FREE,SHORT_RIGHT,39,41,0.9512195121951219,3,0.07692307692307693,1.0,0.8471124535076218,-0.0035156989472916265,NO
T2024,Jindřich Staněk,Czech Republic,False,FREE,VERY_LONG_RIGHT,39,41,0.9512195121951219,2,0.05128205128205128,0.0,0.5599173553719008,-0.007659219904714948,NO
T2024,Jindřich Staněk,Czech Republic,False,PRESSURED,LONG_CENTRAL,9,9,1.0,3,0.3333333333333333,0.3333333333333333,0.7107438016528925,-0.0017124594014529153,CENTRAL_ZONE_PROXY_ONLY
T2024,Jindřich Staněk,Czech Republic,False,PRESSURED,LONG_LEFT,9,9,1.0,1,0.1111111111111111,0.0,0.7711864406779662,-0.016200543250043685,NO
T2024,Jindřich Staněk,Czech Republic,False,PRESSURED,LONG_RIGHT,9,9,1.0,2,0.2222222222222222,0.5,0.7107438016528925,-0.0007048161178537819,NO
T2024,Jindřich Staněk,Czech Republic,False,PRESSURED,MEDIUM_RIGHT,9,9,1.0,1,0.1111111111111111,0.0,0.7107438016528925,-0.006232472219780886,NO
T2024,Jindřich Staněk,Czech Republic,False,PRESSURED,SHORT_CENTRAL,9,9,1.0,1,0.1111111111111111,1.0,0.6108374384236454,-0.0069286172048304276,CENTRAL_ZONE_PROXY_ONLY
T2024,Jindřich Staněk,Czech Republic,False,PRESSURED,SHORT_LEFT,9,9,1.0,1,0.1111111111111111,1.0,0.7107438016528925,-0.0020100243609500546,NO
T2024,Jindřich Staněk,Czech Republic,True,FREE,LONG_CENTRAL,23,24,0.9583333333333334,3,0.13043478260869565,0.3333333333333333,0.7688045769346582,-0.005253282025785379,CENTRAL_ZONE_PROXY_ONLY
T2024,Jindřich Staněk,Czech Republic,True,FREE,LONG_LEFT,23,24,0.9583333333333334,1,0.043478260869565216,0.0,0.7804878048780488,-0.0070062652263455285,NO
T2024,Jindřich Staněk,Czech Republic,True,FREE,LONG_RIGHT,23,24,0.9583333333333334,4,0.17391304347826086,0.5,0.713064208518754,-0.0022256159405845037,NO
T2024,Jindřich Staněk,Czech Republic,True,FREE,MEDIUM_LEFT,23,24,0.9583333333333334,1,0.043478260869565216,1.0,0.7804878048780488,-0.0070062652263455285,NO
T2024,Jindřich Staněk,Czech Republic,True,FREE,SHORT_CENTRAL,23,24,0.9583333333333334,3,0.13043478260869565,1.0,0.7238131141038258,-0.006833253410033578,CENTRAL_ZONE_PROXY_ONLY
T2024,Jindřich Staněk,Czech Republic,True,FREE,SHORT_LEFT,23,24,0.9583333333333334,3,0.13043478260869565,1.0,0.7690514905149052,-0.003500926269673022,NO
T2024,Jindřich Staněk,Czech Republic,True,FREE,VERY_LONG_CENTRAL,23,24,0.9583333333333334,3,0.13043478260869565,0.6666666666666666,0.7339918027279446,-0.006196537497593013,CENTRAL_ZONE_PROXY_ONLY
T2024,Jindřich Staněk,Czech Republic,True,FREE,VERY_LONG_LEFT,23,24,0.9583333333333334,1,0.043478260869565216,1.0,0.7804878048780488,-0.0070062652263455285,NO
T2024,Jindřich Staněk,Czech Republic,True,FREE,VERY_LONG_RIGHT,23,24,0.9583333333333334,4,0.17391304347826086,0.75,0.6851560550467195,-0.0037693663059176277,NO
T2024,Jordan Pickford,England,False,FREE,LONG_CENTRAL,190,203,0.9359605911330049,7,0.03684210526315789,0.42857142857142855,0.7843955314698496,-0.004111038421657959,CENTRAL_ZONE_PROXY_ONLY
T2024,Jordan Pickford,England,False,FREE,LONG_LEFT,190,203,0.9359605911330049,7,0.03684210526315789,0.42857142857142855,0.7553777549857997,-0.005358521468301706,NO
T2024,Jordan Pickford,England,False,FREE,LONG_RIGHT,190,203,0.9359605911330049,17,0.08947368421052632,0.4117647058823529,0.7899705017358327,-0.005805397504676283,NO
T2024,Jordan Pickford,England,False,FREE,MEDIUM_CENTRAL,190,203,0.9359605911330049,5,0.02631578947368421,1.0,0.7376496095711224,-0.004578146995979741,CENTRAL_ZONE_PROXY_ONLY
T2024,Jordan Pickford,England,False,FREE,MEDIUM_LEFT,190,203,0.9359605911330049,13,0.06842105263157895,1.0,0.8332643790445425,-0.004258492055632715,NO
T2024,Jordan Pickford,England,False,FREE,MEDIUM_RIGHT,190,203,0.9359605911330049,17,0.08947368421052632,1.0,0.8872025559887811,-0.0018437141642033115,NO
T2024,Jordan Pickford,England,False,FREE,SHORT_CENTRAL,190,203,0.9359605911330049,37,0.19473684210526315,1.0,0.8509720562067965,-0.003745826968451369,CENTRAL_ZONE_PROXY_ONLY
T2024,Jordan Pickford,England,False,FREE,SHORT_LEFT,190,203,0.9359605911330049,28,0.14736842105263157,1.0,0.8542821760047584,-0.0032298340961206366,NO
T2024,Jordan Pickford,England,False,FREE,SHORT_RIGHT,190,203,0.9359605911330049,45,0.23684210526315788,1.0,0.8462824513802545,-0.0038705235381169007,NO
T2024,Jordan Pickford,England,False,FREE,VERY_LONG_CENTRAL,190,203,0.9359605911330049,3,0.015789473684210527,0.3333333333333333,0.876276227848555,-0.0007743690184811818,CENTRAL_ZONE_PROXY_ONLY
T2024,Jordan Pickford,England,False,FREE,VERY_LONG_LEFT,190,203,0.9359605911330049,5,0.02631578947368421,0.6,0.7397747033668086,-0.005908530448168088,NO
T2024,Jordan Pickford,England,False,FREE,VERY_LONG_RIGHT,190,203,0.9359605911330049,6,0.031578947368421054,0.5,0.7445751693278035,-0.003920281976031713,NO
T2024,Jordan Pickford,England,False,PRESSURED,LONG_CENTRAL,50,51,0.9803921568627451,11,0.22,0.36363636363636365,0.6404460283661355,-0.008830129630289233,CENTRAL_ZONE_PROXY_ONLY
T2024,Jordan Pickford,England,False,PRESSURED,LONG_LEFT,50,51,0.9803921568627451,8,0.16,0.25,0.6768660961040855,-0.005511733072338224,NO
T2024,Jordan Pickford,England,False,PRESSURED,LONG_RIGHT,50,51,0.9803921568627451,7,0.14,0.2857142857142857,0.6446544671854374,-0.006535835997921292,NO
T2024,Jordan Pickford,England,False,PRESSURED,MEDIUM_CENTRAL,50,51,0.9803921568627451,1,0.02,1.0,0.6395348837209304,-0.013245441590011023,CENTRAL_ZONE_PROXY_ONLY
T2024,Jordan Pickford,England,False,PRESSURED,MEDIUM_LEFT,50,51,0.9803921568627451,1,0.02,1.0,0.656441717791411,-0.00370698334642304,NO
T2024,Jordan Pickford,England,False,PRESSURED,MEDIUM_RIGHT,50,51,0.9803921568627451,3,0.06,1.0,0.6593409859559829,-0.006636442149638433,NO
T2024,Jordan Pickford,England,False,PRESSURED,SHORT_CENTRAL,50,51,0.9803921568627451,5,0.1,1.0,0.6471838439642011,-0.009716775249987958,CENTRAL_ZONE_PROXY_ONLY
T2024,Jordan Pickford,England,False,PRESSURED,SHORT_LEFT,50,51,0.9803921568627451,7,0.14,1.0,0.6546145883403065,-0.004047647204197913,NO
T2024,Jordan Pickford,England,False,PRESSURED,SHORT_RIGHT,50,51,0.9803921568627451,5,0.1,1.0,0.6607348003896519,-0.007349913096409063,NO
T2024,Jordan Pickford,England,False,PRESSURED,VERY_LONG_CENTRAL,50,51,0.9803921568627451,1,0.02,0.0,0.6108374384236454,-0.0094943098410549,CENTRAL_ZONE_PROXY_ONLY
T2024,Jordan Pickford,England,False,PRESSURED,VERY_LONG_RIGHT,50,51,0.9803921568627451,1,0.02,1.0,0.6108374384236454,-0.015361471955218538,NO
T2024,Jordan Pickford,England,True,FREE,LONG_CENTRAL,43,50,0.86,2,0.046511627906976744,0.5,0.6720853858784893,-0.003627810368292021,CENTRAL_ZONE_PROXY_ONLY
T2024,Jordan Pickford,England,True,FREE,LONG_LEFT,43,50,0.86,1,0.023255813953488372,0.0,0.7333333333333333,-0.008556710988193605,NO
T2024,Jordan Pickford,England,True,FREE,LONG_RIGHT,43,50,0.86,9,0.20930232558139536,0.8888888888888888,0.6788912547773773,-0.002086835348560098,NO
T2024,Jordan Pickford,England,True,FREE,MEDIUM_CENTRAL,43,50,0.86,1,0.023255813953488372,1.0,0.7333333333333333,0.0008405713815752098,CENTRAL_ZONE_PROXY_ONLY
T2024,Jordan Pickford,England,True,FREE,MEDIUM_RIGHT,43,50,0.86,2,0.046511627906976744,1.0,0.7633333333333333,-0.00454787373653728,NO
T2024,Jordan Pickford,England,True,FREE,SHORT_CENTRAL,43,50,0.86,4,0.09302325581395349,1.0,0.768976377952756,-0.005922161746964598,CENTRAL_ZONE_PROXY_ONLY
T2024,Jordan Pickford,England,True,FREE,SHORT_LEFT,43,50,0.86,3,0.06976744186046512,1.0,0.7352268543119226,-0.008343871223915977,NO
T2024,Jordan Pickford,England,True,FREE,SHORT_RIGHT,43,50,0.86,6,0.13953488372093023,1.0,0.6845480910931854,-0.00438914921954191,NO
T2024,Jordan Pickford,England,True,FREE,VERY_LONG_CENTRAL,43,50,0.86,6,0.13953488372093023,0.6666666666666666,0.6879149952023731,-0.004270509628035741,CENTRAL_ZONE_PROXY_ONLY
T2024,Jordan Pickford,England,True,FREE,VERY_LONG_LEFT,43,50,0.86,2,0.046511627906976744,1.0,0.656441717791411,-0.010592617829944412,NO
T2024,Jordan Pickford,England,True,FREE,VERY_LONG_RIGHT,43,50,0.86,7,0.16279069767441862,0.5714285714285714,0.703161783933421,-0.002256229268042593,NO
T2024,Julio José González Vela-Alvizu,Mexico,False,FREE,LONG_CENTRAL,78,78,1.0,3,0.038461538461538464,0.0,0.7677398989898991,-0.005282478676513561,CENTRAL_ZONE_PROXY_ONLY
T2024,Julio José González Vela-Alvizu,Mexico,False,FREE,LONG_RIGHT,78,78,1.0,4,0.05128205128205128,0.5,0.733348193029791,-0.006388841495172087,NO
T2024,Julio José González Vela-Alvizu,Mexico,False,FREE,MEDIUM_LEFT,78,78,1.0,2,0.02564102564102564,1.0,0.8737072267620021,-0.003234955050616193,NO
T2024,Julio José González Vela-Alvizu,Mexico,False,FREE,MEDIUM_RIGHT,78,78,1.0,7,0.08974358974358974,1.0,0.8406858310229097,-0.004534614910268827,NO
T2024,Julio José González Vela-Alvizu,Mexico,False,FREE,SHORT_CENTRAL,78,78,1.0,18,0.23076923076923078,1.0,0.7918090976312784,-0.004804139676420549,CENTRAL_ZONE_PROXY_ONLY
T2024,Julio José González Vela-Alvizu,Mexico,False,FREE,SHORT_LEFT,78,78,1.0,19,0.24358974358974358,1.0,0.8311749466319375,-0.0031851389659591596,NO
T2024,Julio José González Vela-Alvizu,Mexico,False,FREE,SHORT_RIGHT,78,78,1.0,21,0.2692307692307692,1.0,0.824693539310616,-0.0038714231978012317,NO
T2024,Julio José González Vela-Alvizu,Mexico,False,FREE,VERY_LONG_CENTRAL,78,78,1.0,1,0.01282051282051282,0.0,0.7698863636363638,-0.006116653193060745,CENTRAL_ZONE_PROXY_ONLY
T2024,Julio José González Vela-Alvizu,Mexico,False,FREE,VERY_LONG_RIGHT,78,78,1.0,3,0.038461538461538464,0.3333333333333333,0.6555896847888235,-0.007678720927188718,NO
T2024,Julio José González Vela-Alvizu,Mexico,False,PRESSURED,LONG_RIGHT,7,9,0.7777777777777778,1,0.14285714285714285,0.0,0.5957446808510638,-0.004791962459945676,NO
T2024,Julio José González Vela-Alvizu,Mexico,False,PRESSURED,SHORT_LEFT,7,9,0.7777777777777778,1,0.14285714285714285,1.0,0.5957446808510638,-0.008397014745764105,NO
T2024,Julio José González Vela-Alvizu,Mexico,False,PRESSURED,SHORT_RIGHT,7,9,0.7777777777777778,5,0.7142857142857143,1.0,0.5549190026461288,-0.010436885330138217,NO
T2024,Julio José González Vela-Alvizu,Mexico,True,FREE,LONG_LEFT,15,17,0.8823529411764706,1,0.06666666666666667,1.0,0.7333333333333333,-0.008578004804516743,NO
T2024,Julio José González Vela-Alvizu,Mexico,True,FREE,LONG_RIGHT,15,17,0.8823529411764706,2,0.13333333333333333,1.0,0.6645390070921986,-0.006556182514374119,NO
T2024,Julio José González Vela-Alvizu,Mexico,True,FREE,MEDIUM_RIGHT,15,17,0.8823529411764706,1,0.06666666666666667,1.0,0.7,-0.0018873377992865694,NO
T2024,Julio José González Vela-Alvizu,Mexico,True,FREE,SHORT_CENTRAL,15,17,0.8823529411764706,6,0.4,1.0,0.7058437121663866,-0.0047574705616493405,CENTRAL_ZONE_PROXY_ONLY
T2024,Julio José González Vela-Alvizu,Mexico,True,FREE,SHORT_LEFT,15,17,0.8823529411764706,2,0.13333333333333333,1.0,0.7516098484848486,-0.0035942904591267887,NO
T2024,Julio José González Vela-Alvizu,Mexico,True,FREE,SHORT_RIGHT,15,17,0.8823529411764706,2,0.13333333333333333,1.0,0.7698863636363638,-9.580954302100108e-05,NO
T2024,Julio José González Vela-Alvizu,Mexico,True,FREE,VERY_LONG_CENTRAL,15,17,0.8823529411764706,1,0.06666666666666667,1.0,0.7933333333333333,0.0004995170207045168,CENTRAL_ZONE_PROXY_ONLY
T2024,Kasper Schmeichel,Denmark,False,FREE,LONG_CENTRAL,72,77,0.935064935064935,3,0.041666666666666664,0.3333333333333333,0.6647890167575207,-0.008264889375619403,CENTRAL_ZONE_PROXY_ONLY
T2024,Kasper Schmeichel,Denmark,False,FREE,LONG_LEFT,72,77,0.935064935064935,4,0.05555555555555555,0.75,0.5970480271310967,-0.008535094962141571,NO
T2024,Kasper Schmeichel,Denmark,False,FREE,LONG_RIGHT,72,77,0.935064935064935,3,0.041666666666666664,0.6666666666666666,0.5233785822021116,-0.010637265998863547,NO
T2024,Kasper Schmeichel,Denmark,False,FREE,MEDIUM_CENTRAL,72,77,0.935064935064935,1,0.013888888888888888,1.0,0.9789473684210527,-0.0026883981759144456,CENTRAL_ZONE_PROXY_ONLY
T2024,Kasper Schmeichel,Denmark,False,FREE,MEDIUM_LEFT,72,77,0.935064935064935,9,0.125,1.0,0.8017394666811172,-0.004655644405305293,NO
T2024,Kasper Schmeichel,Denmark,False,FREE,MEDIUM_RIGHT,72,77,0.935064935064935,6,0.08333333333333333,1.0,0.8215225925441388,-0.00432951937723709,NO
T2024,Kasper Schmeichel,Denmark,False,FREE,SHORT_CENTRAL,72,77,0.935064935064935,19,0.2638888888888889,1.0,0.8551866333504479,-0.004203297760921047,CENTRAL_ZONE_PROXY_ONLY
T2024,Kasper Schmeichel,Denmark,False,FREE,SHORT_LEFT,72,77,0.935064935064935,11,0.1527777777777778,1.0,0.8198583116468476,-0.004111430953354333,NO
T2024,Kasper Schmeichel,Denmark,False,FREE,SHORT_RIGHT,72,77,0.935064935064935,13,0.18055555555555555,1.0,0.8337192621248791,-0.0030071028345197088,NO
T2024,Kasper Schmeichel,Denmark,False,FREE,VERY_LONG_LEFT,72,77,0.935064935064935,1,0.013888888888888888,0.0,0.7,-0.00955444507871846,NO
T2024,Kasper Schmeichel,Denmark,False,FREE,VERY_LONG_RIGHT,72,77,0.935064935064935,2,0.027777777777777776,0.5,0.5666666666666667,-0.0087208606944963,NO
T2024,Kasper Schmeichel,Denmark,False,PRESSURED,LONG_CENTRAL,11,12,0.9166666666666666,1,0.09090909090909091,0.0,0.6108374384236454,-0.005244106356395118,CENTRAL_ZONE_PROXY_ONLY
T2024,Kasper Schmeichel,Denmark,False,PRESSURED,LONG_LEFT,11,12,0.9166666666666666,1,0.09090909090909091,0.0,0.656441717791411,-0.00370698334642304,NO
T2024,Kasper Schmeichel,Denmark,False,PRESSURED,LONG_RIGHT,11,12,0.9166666666666666,1,0.09090909090909091,1.0,0.6108374384236454,-0.00461536055443502,NO
T2024,Kasper Schmeichel,Denmark,False,PRESSURED,MEDIUM_LEFT,11,12,0.9166666666666666,2,0.18181818181818182,0.5,0.5957446808510638,-0.011309588690918417,NO
T2024,Kasper Schmeichel,Denmark,False,PRESSURED,MEDIUM_RIGHT,11,12,0.9166666666666666,2,0.18181818181818182,1.0,0.6251861610722879,-0.010575500303768396,NO
T2024,Kasper Schmeichel,Denmark,False,PRESSURED,SHORT_LEFT,11,12,0.9166666666666666,2,0.18181818181818182,1.0,0.6336395781075281,-0.008487946513786763,NO
T2024,Kasper Schmeichel,Denmark,False,PRESSURED,SHORT_RIGHT,11,12,0.9166666666666666,2,0.18181818181818182,1.0,0.6032910596373546,-0.00744968425063046,NO
T2024,Kasper Schmeichel,Denmark,True,FREE,LONG_LEFT,21,23,0.9130434782608695,1,0.047619047619047616,1.0,0.6108374384236454,-0.010653207799568718,NO
T2024,Kasper Schmeichel,Denmark,True,FREE,LONG_RIGHT,21,23,0.9130434782608695,1,0.047619047619047616,1.0,0.7698863636363638,-9.580954302100108e-05,NO
T2024,Kasper Schmeichel,Denmark,True,FREE,MEDIUM_LEFT,21,23,0.9130434782608695,2,0.09523809523809523,1.0,0.7548239895697524,-0.006886234369049851,NO
T2024,Kasper Schmeichel,Denmark,True,FREE,MEDIUM_RIGHT,21,23,0.9130434782608695,3,0.14285714285714285,1.0,0.7041897535732708,-0.001711710914166321,NO
T2024,Kasper Schmeichel,Denmark,True,FREE,SHORT_CENTRAL,21,23,0.9130434782608695,4,0.19047619047619047,1.0,0.6427434634331186,-0.008631501520187249,CENTRAL_ZONE_PROXY_ONLY
T2024,Kasper Schmeichel,Denmark,True,FREE,SHORT_LEFT,21,23,0.9130434782608695,1,0.047619047619047616,1.0,0.6108374384236454,-0.010653207799568718,NO
T2024,Kasper Schmeichel,Denmark,True,FREE,SHORT_RIGHT,21,23,0.9130434782608695,1,0.047619047619047616,1.0,0.6567164179104478,-0.010271317457010626,NO
T2024,Kasper Schmeichel,Denmark,True,FREE,VERY_LONG_CENTRAL,21,23,0.9130434782608695,3,0.14285714285714285,0.3333333333333333,0.6738529209408473,-0.005653058378624581,CENTRAL_ZONE_PROXY_ONLY
T2024,Kasper Schmeichel,Denmark,True,FREE,VERY_LONG_LEFT,21,23,0.9130434782608695,2,0.09523809523809523,1.0,0.6251861610722879,-0.00467131776245644,NO
T2024,Kasper Schmeichel,Denmark,True,FREE,VERY_LONG_RIGHT,21,23,0.9130434782608695,3,0.14285714285714285,1.0,0.656441717791411,-0.004846918691599278,NO
T2024,Koen Casteels,Belgium,False,FREE,LONG_CENTRAL,83,86,0.9651162790697675,1,0.012048192771084338,0.0,0.7559055118110236,-0.0018531783356040671,CENTRAL_ZONE_PROXY_ONLY
T2024,Koen Casteels,Belgium,False,FREE,LONG_LEFT,83,86,0.9651162790697675,1,0.012048192771084338,1.0,0.7711864406779662,-0.0074202306938923384,NO
T2024,Koen Casteels,Belgium,False,FREE,LONG_RIGHT,83,86,0.9651162790697675,1,0.012048192771084338,0.0,0.717391304347826,-0.007578203961407016,NO
T2024,Koen Casteels,Belgium,False,FREE,MEDIUM_LEFT,83,86,0.9651162790697675,7,0.08433734939759036,1.0,0.8765241245467233,-0.003487115692796913,NO
T2024,Koen Casteels,Belgium,False,FREE,MEDIUM_RIGHT,83,86,0.9651162790697675,3,0.03614457831325301,1.0,0.9432209868379312,-0.00213319532294281,NO
T2024,Koen Casteels,Belgium,False,FREE,SHORT_CENTRAL,83,86,0.9651162790697675,18,0.21686746987951808,1.0,0.8478581070626601,-0.004438671964426611,CENTRAL_ZONE_PROXY_ONLY
T2024,Koen Casteels,Belgium,False,FREE,SHORT_LEFT,83,86,0.9651162790697675,22,0.26506024096385544,1.0,0.8224314749186874,-0.003990878175207615,NO
T2024,Koen Casteels,Belgium,False,FREE,SHORT_RIGHT,83,86,0.9651162790697675,26,0.3132530120481928,1.0,0.8164308578286179,-0.004297169478624055,NO
T2024,Koen Casteels,Belgium,False,FREE,VERY_LONG_CENTRAL,83,86,0.9651162790697675,2,0.024096385542168676,1.0,0.7779527559055118,-0.0003410936880260864,CENTRAL_ZONE_PROXY_ONLY
T2024,Koen Casteels,Belgium,False,FREE,VERY_LONG_RIGHT,83,86,0.9651162790697675,2,0.024096385542168676,0.5,0.713951429294207,-0.0044793493284406224,NO
T2024,Koen Casteels,Belgium,False,PRESSURED,LONG_LEFT,21,22,0.9545454545454546,6,0.2857142857142857,0.5,0.6393446839348171,-0.008583148163325468,NO
T2024,Koen Casteels,Belgium,False,PRESSURED,MEDIUM_LEFT,21,22,0.9545454545454546,1,0.047619047619047616,1.0,0.656441717791411,-0.011500585361962292,NO
T2024,Koen Casteels,Belgium,False,PRESSURED,MEDIUM_RIGHT,21,22,0.9545454545454546,3,0.14285714285714285,1.0,0.6838732247211324,-0.005850333659846613,NO
T2024,Koen Casteels,Belgium,False,PRESSURED,SHORT_LEFT,21,22,0.9545454545454546,4,0.19047619047619047,1.0,0.6450406479494696,-0.00937578244656869,NO
T2024,Koen Casteels,Belgium,False,PRESSURED,SHORT_RIGHT,21,22,0.9545454545454546,4,0.19047619047619047,1.0,0.6565103928211702,-0.01055509596545281,NO
T2024,Koen Casteels,Belgium,False,PRESSURED,VERY_LONG_CENTRAL,21,22,0.9545454545454546,2,0.09523809523809523,0.5,0.656441717791411,-0.0071460100364925914,CENTRAL_ZONE_PROXY_ONLY
T2024,Koen Casteels,Belgium,False,PRESSURED,VERY_LONG_RIGHT,21,22,0.9545454545454546,1,0.047619047619047616,0.0,0.6567164179104478,-0.009306436112727034,NO
T2024,Koen Casteels,Belgium,True,FREE,LONG_CENTRAL,34,35,0.9714285714285714,1,0.029411764705882353,1.0,0.656441717791411,-0.004166646480702161,CENTRAL_ZONE_PROXY_ONLY
T2024,Koen Casteels,Belgium,True,FREE,LONG_LEFT,34,35,0.9714285714285714,1,0.029411764705882353,1.0,0.656441717791411,-0.010592617829944412,NO
T2024,Koen Casteels,Belgium,True,FREE,LONG_RIGHT,34,35,0.9714285714285714,1,0.029411764705882353,1.0,0.7384615384615385,-0.002530285694261984,NO
T2024,Koen Casteels,Belgium,True,FREE,MEDIUM_CENTRAL,34,35,0.9714285714285714,1,0.029411764705882353,1.0,0.7711864406779662,-0.0016648815639892793,CENTRAL_ZONE_PROXY_ONLY
T2024,Koen Casteels,Belgium,True,FREE,MEDIUM_LEFT,34,35,0.9714285714285714,3,0.08823529411764706,1.0,0.6413318580418347,-0.008163395666918117,NO
T2024,Koen Casteels,Belgium,True,FREE,MEDIUM_RIGHT,34,35,0.9714285714285714,1,0.029411764705882353,1.0,0.6108374384236454,-0.006153190315100064,NO
T2024,Koen Casteels,Belgium,True,FREE,SHORT_CENTRAL,34,35,0.9714285714285714,12,0.35294117647058826,1.0,0.7080890130788249,-0.005285100462615012,CENTRAL_ZONE_PROXY_ONLY
T2024,Koen Casteels,Belgium,True,FREE,SHORT_LEFT,34,35,0.9714285714285714,4,0.11764705882352941,1.0,0.7019499715233645,-0.006708764314812052,NO
T2024,Koen Casteels,Belgium,True,FREE,SHORT_RIGHT,34,35,0.9714285714285714,1,0.029411764705882353,1.0,0.7384615384615385,-0.0028651428060435823,NO
T2024,Koen Casteels,Belgium,True,FREE,VERY_LONG_CENTRAL,34,35,0.9714285714285714,5,0.14705882352941177,0.6,0.6768334029868146,-0.003229061116779658,CENTRAL_ZONE_PROXY_ONLY
T2024,Koen Casteels,Belgium,True,FREE,VERY_LONG_RIGHT,34,35,0.9714285714285714,4,0.11764705882352941,0.0,0.7061736148012174,-0.003222496578401188,NO
T2024,Manuel Neuer,Germany,False,FREE,LONG_CENTRAL,94,96,0.9791666666666666,1,0.010638297872340425,1.0,0.7925925925925926,-0.008287684094410355,CENTRAL_ZONE_PROXY_ONLY
T2024,Manuel Neuer,Germany,False,FREE,LONG_LEFT,94,96,0.9791666666666666,2,0.02127659574468085,0.5,0.7409651211654293,-0.00484674166141973,NO
T2024,Manuel Neuer,Germany,False,FREE,LONG_RIGHT,94,96,0.9791666666666666,5,0.05319148936170213,0.8,0.777227381494623,-0.002737412863019793,NO
T2024,Manuel Neuer,Germany,False,FREE,MEDIUM_CENTRAL,94,96,0.9791666666666666,2,0.02127659574468085,0.0,0.7865401987353207,-0.0065217234707334246,CENTRAL_ZONE_PROXY_ONLY
T2024,Manuel Neuer,Germany,False,FREE,MEDIUM_LEFT,94,96,0.9791666666666666,12,0.1276595744680851,1.0,0.8896153810697381,-0.0020502272234216115,NO
T2024,Manuel Neuer,Germany,False,FREE,MEDIUM_RIGHT,94,96,0.9791666666666666,16,0.1702127659574468,0.9375,0.845600567865207,-0.0040241495255177425,NO
T2024,Manuel Neuer,Germany,False,FREE,SHORT_CENTRAL,94,96,0.9791666666666666,23,0.24468085106382978,1.0,0.8575594384005933,-0.0034740777616711336,CENTRAL_ZONE_PROXY_ONLY
T2024,Manuel Neuer,Germany,False,FREE,SHORT_LEFT,94,96,0.9791666666666666,20,0.2127659574468085,1.0,0.8369310170559586,-0.00494923485046753,NO
T2024,Manuel Neuer,Germany,False,FREE,SHORT_RIGHT,94,96,0.9791666666666666,13,0.13829787234042554,1.0,0.8217620062434913,-0.004319395462506415,NO
T2024,Manuel Neuer,Germany,False,PRESSURED,LONG_CENTRAL,29,29,1.0,1,0.034482758620689655,0.0,0.5,-0.015177471437695503,CENTRAL_ZONE_PROXY_ONLY
T2024,Manuel Neuer,Germany,False,PRESSURED,LONG_LEFT,29,29,1.0,2,0.06896551724137931,0.0,0.7107438016528925,-0.00292511938858051,NO
T2024,Manuel Neuer,Germany,False,PRESSURED,LONG_RIGHT,29,29,1.0,8,0.27586206896551724,0.25,0.6388986780244368,-0.00755437727669377,NO
T2024,Manuel Neuer,Germany,False,PRESSURED,MEDIUM_LEFT,29,29,1.0,5,0.1724137931034483,0.8,0.6877439774925267,-0.010724034895778976,NO
T2024,Manuel Neuer,Germany,False,PRESSURED,MEDIUM_RIGHT,29,29,1.0,2,0.06896551724137931,1.0,0.6032910596373546,-0.010113100562235947,NO
T2024,Manuel Neuer,Germany,False,PRESSURED,SHORT_CENTRAL,29,29,1.0,3,0.10344827586206896,1.0,0.5231669879346041,-0.013711578174828758,CENTRAL_ZONE_PROXY_ONLY
T2024,Manuel Neuer,Germany,False,PRESSURED,SHORT_LEFT,29,29,1.0,4,0.13793103448275862,1.0,0.6857672108455807,-0.009435330313639483,NO
T2024,Manuel Neuer,Germany,False,PRESSURED,SHORT_RIGHT,29,29,1.0,4,0.13793103448275862,1.0,0.7107438016528925,-0.008253422840554483,NO
T2024,Manuel Neuer,Germany,True,FREE,LONG_CENTRAL,16,18,0.8888888888888888,1,0.0625,1.0,0.7333333333333333,-0.008304550083412111,CENTRAL_ZONE_PROXY_ONLY
T2024,Manuel Neuer,Germany,True,FREE,LONG_LEFT,16,18,0.8888888888888888,1,0.0625,1.0,0.7804878048780488,-0.0070062652263455285,NO
T2024,Manuel Neuer,Germany,True,FREE,MEDIUM_LEFT,16,18,0.8888888888888888,1,0.0625,1.0,0.7804878048780488,-0.0070062652263455285,NO
T2024,Manuel Neuer,Germany,True,FREE,MEDIUM_RIGHT,16,18,0.8888888888888888,2,0.125,1.0,0.7804878048780488,-0.000736615577747964,NO
T2024,Manuel Neuer,Germany,True,FREE,SHORT_CENTRAL,16,18,0.8888888888888888,5,0.3125,1.0,0.7201020986954054,-0.004184902306919258,CENTRAL_ZONE_PROXY_ONLY
T2024,Manuel Neuer,Germany,True,FREE,SHORT_LEFT,16,18,0.8888888888888888,3,0.1875,1.0,0.7536585365853657,-0.005299956083992541,NO
T2024,Manuel Neuer,Germany,True,FREE,SHORT_RIGHT,16,18,0.8888888888888888,3,0.1875,1.0,0.6712963107947433,-0.0035492680138935946,NO
T2024,Martin Dúbravka,Slovakia,False,FREE,LONG_CENTRAL,107,116,0.9224137931034483,7,0.06542056074766354,0.42857142857142855,0.7766911443654985,-0.005815045167827035,CENTRAL_ZONE_PROXY_ONLY
T2024,Martin Dúbravka,Slovakia,False,FREE,LONG_LEFT,107,116,0.9224137931034483,7,0.06542056074766354,0.5714285714285714,0.7560278889990618,-0.004896054680770812,NO
T2024,Martin Dúbravka,Slovakia,False,FREE,LONG_RIGHT,107,116,0.9224137931034483,11,0.102803738317757,0.5454545454545454,0.6352573275525875,-0.009100083172938754,NO
T2024,Martin Dúbravka,Slovakia,False,FREE,MEDIUM_CENTRAL,107,116,0.9224137931034483,1,0.009345794392523364,0.0,0.8032786885245902,-0.003972774450316327,CENTRAL_ZONE_PROXY_ONLY
T2024,Martin Dúbravka,Slovakia,False,FREE,MEDIUM_LEFT,107,116,0.9224137931034483,6,0.056074766355140186,0.6666666666666666,0.8581052993115371,-0.001860323728593691,NO
T2024,Martin Dúbravka,Slovakia,False,FREE,MEDIUM_RIGHT,107,116,0.9224137931034483,5,0.04672897196261682,0.6,0.784214560862866,-0.002947120843842045,NO
T2024,Martin Dúbravka,Slovakia,False,FREE,SHORT_CENTRAL,107,116,0.9224137931034483,21,0.19626168224299065,1.0,0.8548155015569636,-0.003093953721565237,CENTRAL_ZONE_PROXY_ONLY
T2024,Martin Dúbravka,Slovakia,False,FREE,SHORT_LEFT,107,116,0.9224137931034483,22,0.205607476635514,1.0,0.8629299044771351,-0.0037006628620197437,NO
T2024,Martin Dúbravka,Slovakia,False,FREE,SHORT_RIGHT,107,116,0.9224137931034483,24,0.22429906542056074,0.9583333333333334,0.8170382949351186,-0.004513098064144852,NO
T2024,Martin Dúbravka,Slovakia,False,FREE,VERY_LONG_RIGHT,107,116,0.9224137931034483,3,0.028037383177570093,0.3333333333333333,0.7733333333333333,-0.0031066016700183816,NO
T2024,Martin Dúbravka,Slovakia,False,PRESSURED,LONG_CENTRAL,21,21,1.0,2,0.09523809523809523,0.5,0.6385294117647059,-0.0097643960945809,CENTRAL_ZONE_PROXY_ONLY
T2024,Martin Dúbravka,Slovakia,False,PRESSURED,LONG_LEFT,21,21,1.0,3,0.14285714285714285,0.0,0.6242678347934918,-0.01103142062519386,NO
T2024,Martin Dúbravka,Slovakia,False,PRESSURED,LONG_RIGHT,21,21,1.0,4,0.19047619047619047,0.0,0.6294740654882642,-0.005645287883585196,NO
T2024,Martin Dúbravka,Slovakia,False,PRESSURED,MEDIUM_LEFT,21,21,1.0,2,0.09523809523809523,1.0,0.6108374384236454,-0.008412787490338828,NO
T2024,Martin Dúbravka,Slovakia,False,PRESSURED,MEDIUM_RIGHT,21,21,1.0,2,0.09523809523809523,0.0,0.6204187192118227,-0.007789057647668945,NO
T2024,Martin Dúbravka,Slovakia,False,PRESSURED,SHORT_CENTRAL,21,21,1.0,1,0.047619047619047616,1.0,0.5957446808510638,-0.007782652756441868,CENTRAL_ZONE_PROXY_ONLY
T2024,Martin Dúbravka,Slovakia,False,PRESSURED,SHORT_LEFT,21,21,1.0,3,0.14285714285714285,1.0,0.6236124794745485,-0.006563939346609559,NO
T2024,Martin Dúbravka,Slovakia,False,PRESSURED,SHORT_RIGHT,21,21,1.0,3,0.14285714285714285,1.0,0.6121940397582364,-0.010544738822166866,NO
T2024,Martin Dúbravka,Slovakia,False,PRESSURED,VERY_LONG_RIGHT,21,21,1.0,1,0.047619047619047616,0.0,0.63,-0.002530993215942679,NO
T2024,Martin Dúbravka,Slovakia,True,FREE,LONG_LEFT,23,26,0.8846153846153846,4,0.17391304347826086,0.25,0.6565894501036489,-0.009979152426883152,NO
T2024,Martin Dúbravka,Slovakia,True,FREE,LONG_RIGHT,23,26,0.8846153846153846,2,0.08695652173913043,1.0,0.6204187192118227,-0.004883310940541664,NO
T2024,Martin Dúbravka,Slovakia,True,FREE,SHORT_CENTRAL,23,26,0.8846153846153846,5,0.21739130434782608,1.0,0.7026520747834019,-0.004621752747800191,CENTRAL_ZONE_PROXY_ONLY
T2024,Martin Dúbravka,Slovakia,True,FREE,SHORT_LEFT,23,26,0.8846153846153846,3,0.13043478260869565,1.0,0.7733333333333333,-0.0025547274263418808,NO
T2024,Martin Dúbravka,Slovakia,True,FREE,VERY_LONG_CENTRAL,23,26,0.8846153846153846,2,0.08695652173913043,0.5,0.6901960784313725,-0.005930681350841939,CENTRAL_ZONE_PROXY_ONLY
T2024,Martin Dúbravka,Slovakia,True,FREE,VERY_LONG_LEFT,23,26,0.8846153846153846,3,0.13043478260869565,0.6666666666666666,0.6405582922824302,-0.009693531070225603,NO
T2024,Martin Dúbravka,Slovakia,True,FREE,VERY_LONG_RIGHT,23,26,0.8846153846153846,4,0.17391304347826086,0.25,0.6733333333333332,-0.0017328769621428747,NO
T2024,Matthew Charles Turner,United States,False,FREE,LONG_CENTRAL,44,58,0.7586206896551724,2,0.045454545454545456,0.0,0.7872325646012781,-0.005511353328657156,CENTRAL_ZONE_PROXY_ONLY
T2024,Matthew Charles Turner,United States,False,FREE,LONG_LEFT,44,58,0.7586206896551724,5,0.11363636363636363,0.6,0.7786851168623461,-0.005285623413439305,NO
T2024,Matthew Charles Turner,United States,False,FREE,MEDIUM_CENTRAL,44,58,0.7586206896551724,1,0.022727272727272728,1.0,0.7698863636363638,-0.007790814407955008,CENTRAL_ZONE_PROXY_ONLY
T2024,Matthew Charles Turner,United States,False,FREE,MEDIUM_LEFT,44,58,0.7586206896551724,2,0.045454545454545456,1.0,0.8860143442622951,-0.0035718477959740527,NO
T2024,Matthew Charles Turner,United States,False,FREE,MEDIUM_RIGHT,44,58,0.7586206896551724,2,0.045454545454545456,0.5,0.8394736842105264,-0.004461974938090369,NO
T2024,Matthew Charles Turner,United States,False,FREE,SHORT_CENTRAL,44,58,0.7586206896551724,9,0.20454545454545456,1.0,0.8707310516080025,-0.0044771199571429976,CENTRAL_ZONE_PROXY_ONLY
T2024,Matthew Charles Turner,United States,False,FREE,SHORT_LEFT,44,58,0.7586206896551724,11,0.25,1.0,0.8311672954684035,-0.0042062217897940405,NO
T2024,Matthew Charles Turner,United States,False,FREE,SHORT_RIGHT,44,58,0.7586206896551724,9,0.20454545454545456,1.0,0.8040351439567419,-0.0061538780804621185,NO
T2024,Matthew Charles Turner,United States,False,FREE,VERY_LONG_CENTRAL,44,58,0.7586206896551724,1,0.022727272727272728,0.0,0.7107438016528925,-0.004061355106213782,CENTRAL_ZONE_PROXY_ONLY
T2024,Matthew Charles Turner,United States,False,FREE,VERY_LONG_LEFT,44,58,0.7586206896551724,1,0.022727272727272728,0.0,0.7925925925925926,-0.006816209249967331,NO
T2024,Matthew Charles Turner,United States,False,FREE,VERY_LONG_RIGHT,44,58,0.7586206896551724,1,0.022727272727272728,1.0,0.7,-0.007949076809099469,NO
T2024,Matthew Charles Turner,United States,False,PRESSURED,LONG_LEFT,7,9,0.7777777777777778,2,0.2857142857142857,0.0,0.5957446808510638,-0.007053440669515901,NO
T2024,Matthew Charles Turner,United States,False,PRESSURED,LONG_RIGHT,7,9,0.7777777777777778,2,0.2857142857142857,0.0,0.6671031096563012,-0.00862151073203562,NO
T2024,Matthew Charles Turner,United States,False,PRESSURED,VERY_LONG_LEFT,7,9,0.7777777777777778,2,0.2857142857142857,0.5,0.6532442412519781,-0.010325629514728343,NO
T2024,Matthew Charles Turner,United States,False,PRESSURED,VERY_LONG_RIGHT,7,9,0.7777777777777778,1,0.14285714285714285,1.0,0.6707637940601263,-0.0032144293518361683,NO
T2024,Matthew Charles Turner,United States,True,FREE,LONG_CENTRAL,17,21,0.8095238095238095,1,0.058823529411764705,1.0,0.6108374384236454,-0.009006749536441039,CENTRAL_ZONE_PROXY_ONLY
T2024,Matthew Charles Turner,United States,True,FREE,LONG_LEFT,17,21,0.8095238095238095,1,0.058823529411764705,0.0,0.7333333333333333,-0.008304550083412111,NO
T2024,Matthew Charles Turner,United States,True,FREE,LONG_RIGHT,17,21,0.8095238095238095,1,0.058823529411764705,0.0,0.7333333333333333,-0.002080591814026999,NO
T2024,Matthew Charles Turner,United States,True,FREE,SHORT_CENTRAL,17,21,0.8095238095238095,2,0.11764705882352941,1.0,0.674649488442592,-0.004217783835046133,CENTRAL_ZONE_PROXY_ONLY
T2024,Matthew Charles Turner,United States,True,FREE,SHORT_LEFT,17,21,0.8095238095238095,4,0.23529411764705882,1.0,0.7180614524565482,-0.004268081952286522,NO
T2024,Matthew Charles Turner,United States,True,FREE,SHORT_RIGHT,17,21,0.8095238095238095,4,0.23529411764705882,1.0,0.6828307139966989,-0.005863119089359509,NO
T2024,Matthew Charles Turner,United States,True,FREE,VERY_LONG_LEFT,17,21,0.8095238095238095,2,0.11764705882352941,1.0,0.6176397822859971,-0.003998631756353259,NO
T2024,Matthew Charles Turner,United States,True,FREE,VERY_LONG_RIGHT,17,21,0.8095238095238095,2,0.11764705882352941,0.5,0.674649488442592,-0.004217783835046133,NO
T2024,Matěj Kovář,Czech Republic,False,FREE,LONG_CENTRAL,8,14,0.5714285714285714,1,0.125,1.0,0.7384615384615385,-0.0052542562889511795,CENTRAL_ZONE_PROXY_ONLY
T2024,Matěj Kovář,Czech Republic,False,FREE,LONG_LEFT,8,14,0.5714285714285714,1,0.125,0.0,0.4230769230769231,-0.01326001629003716,NO
T2024,Matěj Kovář,Czech Republic,False,FREE,LONG_RIGHT,8,14,0.5714285714285714,2,0.25,1.0,0.794892403422349,0.0003828664203646907,NO
T2024,Matěj Kovář,Czech Republic,False,FREE,MEDIUM_CENTRAL,8,14,0.5714285714285714,1,0.125,1.0,0.7384615384615385,-0.0051015533087194085,CENTRAL_ZONE_PROXY_ONLY
T2024,Matěj Kovář,Czech Republic,False,FREE,MEDIUM_LEFT,8,14,0.5714285714285714,1,0.125,1.0,0.96875,0.0026268479143403316,NO
T2024,Matěj Kovář,Czech Republic,False,FREE,SHORT_CENTRAL,8,14,0.5714285714285714,1,0.125,1.0,0.7711864406779662,-0.00491721554249383,CENTRAL_ZONE_PROXY_ONLY
T2024,Matěj Kovář,Czech Republic,False,FREE,VERY_LONG_RIGHT,8,14,0.5714285714285714,1,0.125,1.0,0.7711864406779662,-0.00491721554249383,NO
T2024,Matěj Kovář,Czech Republic,True,FREE,MEDIUM_RIGHT,2,2,1.0,1,0.5,1.0,0.6108374384236454,-0.011074444497163143,NO
T2024,Matěj Kovář,Czech Republic,True,FREE,VERY_LONG_CENTRAL,2,2,1.0,1,0.5,1.0,0.6108374384236454,-0.010653207799568718,CENTRAL_ZONE_PROXY_ONLY
T2024,Maxime Crépeau,Canada,False,FREE,LONG_CENTRAL,84,93,0.9032258064516129,3,0.03571428571428571,0.3333333333333333,0.6374486203226071,-0.008125792920404067,CENTRAL_ZONE_PROXY_ONLY
T2024,Maxime Crépeau,Canada,False,FREE,LONG_LEFT,84,93,0.9032258064516129,3,0.03571428571428571,0.6666666666666666,0.8477794464707146,-0.005221047972429026,NO
T2024,Maxime Crépeau,Canada,False,FREE,LONG_RIGHT,84,93,0.9032258064516129,4,0.047619047619047616,0.75,0.7151950637626366,-0.0061733661704678425,NO
T2024,Maxime Crépeau,Canada,False,FREE,MEDIUM_LEFT,84,93,0.9032258064516129,8,0.09523809523809523,0.875,0.8960037202906743,-0.002303162185500334,NO
T2024,Maxime Crépeau,Canada,False,FREE,MEDIUM_RIGHT,84,93,0.9032258064516129,7,0.08333333333333333,1.0,0.8432843197351885,-0.0031968432490553787,NO
T2024,Maxime Crépeau,Canada,False,FREE,SHORT_CENTRAL,84,93,0.9032258064516129,19,0.2261904761904762,1.0,0.8559123610386933,-0.004170621875942626,CENTRAL_ZONE_PROXY_ONLY
T2024,Maxime Crépeau,Canada,False,FREE,SHORT_LEFT,84,93,0.9032258064516129,23,0.27380952380952384,1.0,0.8781783181721007,-0.0030245415410890017,NO
T2024,Maxime Crépeau,Canada,False,FREE,SHORT_RIGHT,84,93,0.9032258064516129,11,0.13095238095238096,1.0,0.8495834301260259,-0.0047619271015104615,NO
T2024,Maxime Crépeau,Canada,False,FREE,VERY_LONG_CENTRAL,84,93,0.9032258064516129,1,0.011904761904761904,1.0,0.8490566037735849,-0.0051961559716535875,CENTRAL_ZONE_PROXY_ONLY
T2024,Maxime Crépeau,Canada,False,FREE,VERY_LONG_LEFT,84,93,0.9032258064516129,1,0.011904761904761904,1.0,0.7711864406779662,-0.009804137959990755,NO
T2024,Maxime Crépeau,Canada,False,FREE,VERY_LONG_RIGHT,84,93,0.9032258064516129,4,0.047619047619047616,0.75,0.6910119395508058,-0.0062306235966550294,NO
T2024,Maxime Crépeau,Canada,False,PRESSURED,LONG_LEFT,8,10,0.8,1,0.125,0.0,0.656441717791411,-0.011500585361962292,NO
T2024,Maxime Crépeau,Canada,False,PRESSURED,LONG_RIGHT,8,10,0.8,2,0.25,1.0,0.6128723404255318,-0.005752503303587814,NO
T2024,Maxime Crépeau,Canada,False,PRESSURED,MEDIUM_CENTRAL,8,10,0.8,1,0.125,0.0,0.6470588235294118,-0.0038403393616691485,CENTRAL_ZONE_PROXY_ONLY
T2024,Maxime Crépeau,Canada,False,PRESSURED,MEDIUM_LEFT,8,10,0.8,1,0.125,0.0,0.6470588235294118,-0.006228197569624404,NO
T2024,Maxime Crépeau,Canada,False,PRESSURED,SHORT_LEFT,8,10,0.8,1,0.125,1.0,0.6108374384236454,-0.005147316334130395,NO
T2024,Maxime Crépeau,Canada,False,PRESSURED,SHORT_RIGHT,8,10,0.8,2,0.25,1.0,0.6347674418604652,-0.012757727039550734,NO
T2024,Maxime Crépeau,Canada,True,FREE,LONG_LEFT,33,42,0.7857142857142857,1,0.030303030303030304,0.0,0.7,-0.007856939382133632,NO
T2024,Maxime Crépeau,Canada,True,FREE,MEDIUM_LEFT,33,42,0.7857142857142857,1,0.030303030303030304,1.0,0.6108374384236454,-0.005905281975830282,NO
T2024,Maxime Crépeau,Canada,True,FREE,MEDIUM_RIGHT,33,42,0.7857142857142857,2,0.06060606060606061,1.0,0.7253623188405797,-0.004756772398680335,NO
T2024,Maxime Crépeau,Canada,True,FREE,SHORT_CENTRAL,33,42,0.7857142857142857,10,0.30303030303030304,1.0,0.7003609219568597,-0.005409477095131706,CENTRAL_ZONE_PROXY_ONLY
T2024,Maxime Crépeau,Canada,True,FREE,SHORT_LEFT,33,42,0.7857142857142857,4,0.12121212121212122,1.0,0.7193605170273687,-0.006701906118259702,NO
T2024,Maxime Crépeau,Canada,True,FREE,SHORT_RIGHT,33,42,0.7857142857142857,3,0.09090909090909091,1.0,0.6830996589617279,-0.005275641700831098,NO
T2024,Maxime Crépeau,Canada,True,FREE,VERY_LONG_CENTRAL,33,42,0.7857142857142857,4,0.12121212121212122,0.25,0.6294815446196672,-0.006208940080071938,CENTRAL_ZONE_PROXY_ONLY
T2024,Maxime Crépeau,Canada,True,FREE,VERY_LONG_LEFT,33,42,0.7857142857142857,6,0.18181818181818182,0.6666666666666666,0.7091301562422253,-0.007067763983217974,NO
T2024,Maxime Crépeau,Canada,True,FREE,VERY_LONG_RIGHT,33,42,0.7857142857142857,2,0.06060606060606061,1.0,0.6262305493807558,-0.0039619400413620914,NO
T2024,Mike Maignan,France,False,FREE,LONG_CENTRAL,106,107,0.9906542056074766,2,0.018867924528301886,0.5,0.7822598870056497,-0.0035414798164948988,CENTRAL_ZONE_PROXY_ONLY
T2024,Mike Maignan,France,False,FREE,LONG_LEFT,106,107,0.9906542056074766,6,0.05660377358490566,0.5,0.808671995377504,-0.003544239482596715,NO
T2024,Mike Maignan,France,False,FREE,LONG_RIGHT,106,107,0.9906542056074766,7,0.0660377358490566,0.7142857142857143,0.7570256350884575,-0.005088994502240664,NO
T2024,Mike Maignan,France,False,FREE,MEDIUM_CENTRAL,106,107,0.9906542056074766,1,0.009433962264150943,1.0,0.7925925925925926,0.000530860341711974,CENTRAL_ZONE_PROXY_ONLY
T2024,Mike Maignan,France,False,FREE,MEDIUM_LEFT,106,107,0.9906542056074766,8,0.07547169811320754,1.0,0.8338675869457337,-0.002941294275593823,NO
T2024,Mike Maignan,France,False,FREE,MEDIUM_RIGHT,106,107,0.9906542056074766,9,0.08490566037735849,0.8888888888888888,0.832158062288262,-0.003185793268012264,NO
T2024,Mike Maignan,France,False,FREE,SHORT_CENTRAL,106,107,0.9906542056074766,26,0.24528301886792453,1.0,0.8683672977444654,-0.0037185161536155173,CENTRAL_ZONE_PROXY_ONLY
T2024,Mike Maignan,France,False,FREE,SHORT_LEFT,106,107,0.9906542056074766,21,0.19811320754716982,1.0,0.8809253799159703,-0.002964978723967451,NO
T2024,Mike Maignan,France,False,FREE,SHORT_RIGHT,106,107,0.9906542056074766,23,0.2169811320754717,1.0,0.8273824958098746,-0.003510151157245866,NO
T2024,Mike Maignan,France,False,FREE,VERY_LONG_CENTRAL,106,107,0.9906542056074766,1,0.009433962264150943,0.0,0.7,-0.0021178417327065782,CENTRAL_ZONE_PROXY_ONLY
T2024,Mike Maignan,France,False,FREE,VERY_LONG_LEFT,106,107,0.9906542056074766,1,0.009433962264150943,0.0,0.7925925925925926,-0.006816209249967331,NO
T2024,Mike Maignan,France,False,FREE,VERY_LONG_RIGHT,106,107,0.9906542056074766,1,0.009433962264150943,0.0,0.7107438016528925,-0.005500396600340874,NO
T2024,Mike Maignan,France,False,PRESSURED,LONG_CENTRAL,33,34,0.9705882352941176,2,0.06060606060606061,0.0,0.6433582089552239,-0.008629233823170709,CENTRAL_ZONE_PROXY_ONLY
T2024,Mike Maignan,France,False,PRESSURED,LONG_LEFT,33,34,0.9705882352941176,5,0.15151515151515152,0.8,0.6375395767751494,-0.007214946994159784,NO
T2024,Mike Maignan,France,False,PRESSURED,LONG_RIGHT,33,34,0.9705882352941176,5,0.15151515151515152,0.4,0.6445860400590734,-0.004917240505385698,NO
T2024,Mike Maignan,France,False,PRESSURED,MEDIUM_LEFT,33,34,0.9705882352941176,1,0.030303030303030304,1.0,0.656441717791411,-0.0076530747005694065,NO
T2024,Mike Maignan,France,False,PRESSURED,MEDIUM_RIGHT,33,34,0.9705882352941176,3,0.09090909090909091,1.0,0.6443817102437791,-0.005351286936094814,NO
T2024,Mike Maignan,France,False,PRESSURED,SHORT_CENTRAL,33,34,0.9705882352941176,6,0.18181818181818182,1.0,0.6644262395885137,-0.008655887157610608,CENTRAL_ZONE_PROXY_ONLY
T2024,Mike Maignan,France,False,PRESSURED,SHORT_LEFT,33,34,0.9705882352941176,3,0.09090909090909091,1.0,0.6330817407239622,-0.01158761327395049,NO
T2024,Mike Maignan,France,False,PRESSURED,SHORT_RIGHT,33,34,0.9705882352941176,5,0.15151515151515152,1.0,0.6856416012942037,-0.00851243534823231,NO
T2024,Mike Maignan,France,False,PRESSURED,VERY_LONG_LEFT,33,34,0.9705882352941176,1,0.030303030303030304,0.0,0.7333333333333333,-0.010604289887784304,NO
T2024,Mike Maignan,France,False,PRESSURED,VERY_LONG_RIGHT,33,34,0.9705882352941176,2,0.06060606060606061,0.5,0.6607906200382689,-0.005956462873956907,NO
T2024,Mike Maignan,France,True,FREE,LONG_RIGHT,20,22,0.9090909090909091,1,0.05,1.0,0.7,-0.0018873377992865694,NO
T2024,Mike Maignan,France,True,FREE,MEDIUM_LEFT,20,22,0.9090909090909091,1,0.05,1.0,0.6567164179104478,-0.010271317457010626,NO
T2024,Mike Maignan,France,True,FREE,MEDIUM_RIGHT,20,22,0.9090909090909091,2,0.1,1.0,0.6567164179104478,-0.0048399169958061525,NO
T2024,Mike Maignan,France,True,FREE,SHORT_CENTRAL,20,22,0.9090909090909091,7,0.35,1.0,0.6943697391096177,-0.005043806714817701,CENTRAL_ZONE_PROXY_ONLY
T2024,Mike Maignan,France,True,FREE,SHORT_LEFT,20,22,0.9090909090909091,5,0.25,1.0,0.6549097919236727,-0.009902270553431937,NO
T2024,Mike Maignan,France,True,FREE,SHORT_RIGHT,20,22,0.9090909090909091,2,0.1,1.0,0.7250248756218906,-0.003914399316623461,NO
T2024,Mike Maignan,France,True,FREE,VERY_LONG_CENTRAL,20,22,0.9090909090909091,2,0.1,0.0,0.6517502706604115,-0.006842172676356414,CENTRAL_ZONE_PROXY_ONLY
T2024,Orlando Mosquera,Panama,False,FREE,LONG_CENTRAL,89,94,0.9468085106382979,5,0.056179775280898875,0.4,0.8124779874213838,-0.003784729304102879,CENTRAL_ZONE_PROXY_ONLY
T2024,Orlando Mosquera,Panama,False,FREE,LONG_LEFT,89,94,0.9468085106382979,4,0.0449438202247191,0.75,0.8558058176100629,-0.0035746284973675953,NO
T2024,Orlando Mosquera,Panama,False,FREE,LONG_RIGHT,89,94,0.9468085106382979,11,0.12359550561797752,0.45454545454545453,0.7580355052105495,-0.0027351289216652527,NO
T2024,Orlando Mosquera,Panama,False,FREE,MEDIUM_CENTRAL,89,94,0.9468085106382979,3,0.033707865168539325,0.6666666666666666,0.8580555555555556,-0.004727973566147515,CENTRAL_ZONE_PROXY_ONLY
T2024,Orlando Mosquera,Panama,False,FREE,MEDIUM_LEFT,89,94,0.9468085106382979,8,0.0898876404494382,1.0,0.8641616900271546,-0.003726471084699292,NO
T2024,Orlando Mosquera,Panama,False,FREE,MEDIUM_RIGHT,89,94,0.9468085106382979,4,0.0449438202247191,1.0,0.894611859698078,-0.0004144982395680286,NO
T2024,Orlando Mosquera,Panama,False,FREE,SHORT_CENTRAL,89,94,0.9468085106382979,11,0.12359550561797752,1.0,0.873945606924856,-0.0019867534399927245,CENTRAL_ZONE_PROXY_ONLY
T2024,Orlando Mosquera,Panama,False,FREE,SHORT_LEFT,89,94,0.9468085106382979,10,0.11235955056179775,1.0,0.8729563636880375,-0.0024132294504769667,NO
T2024,Orlando Mosquera,Panama,False,FREE,SHORT_RIGHT,89,94,0.9468085106382979,21,0.23595505617977527,1.0,0.8588108220286372,-0.0031854125978559703,NO
T2024,Orlando Mosquera,Panama,False,FREE,VERY_LONG_CENTRAL,89,94,0.9468085106382979,3,0.033707865168539325,1.0,0.7325013683634373,-0.005014919113083522,CENTRAL_ZONE_PROXY_ONLY
T2024,Orlando Mosquera,Panama,False,FREE,VERY_LONG_LEFT,89,94,0.9468085106382979,5,0.056179775280898875,0.4,0.8013333333333333,-0.0014501263823334001,NO
T2024,Orlando Mosquera,Panama,False,FREE,VERY_LONG_RIGHT,89,94,0.9468085106382979,4,0.0449438202247191,0.0,0.7726859504132232,-0.0030696398418363193,NO
T2024,Orlando Mosquera,Panama,False,PRESSURED,LONG_CENTRAL,12,15,0.8,2,0.16666666666666666,0.0,0.6204187192118227,-0.00589757013789484,CENTRAL_ZONE_PROXY_ONLY
T2024,Orlando Mosquera,Panama,False,PRESSURED,LONG_RIGHT,12,15,0.8,4,0.3333333333333333,0.75,0.6294740654882643,-0.009622536565206431,NO
T2024,Orlando Mosquera,Panama,False,PRESSURED,MEDIUM_LEFT,12,15,0.8,1,0.08333333333333333,1.0,0.6108374384236454,-0.012710385471251286,NO
T2024,Orlando Mosquera,Panama,False,PRESSURED,MEDIUM_RIGHT,12,15,0.8,1,0.08333333333333333,1.0,0.6108374384236454,-0.01306845876072378,NO
T2024,Orlando Mosquera,Panama,False,PRESSURED,SHORT_RIGHT,12,15,0.8,1,0.08333333333333333,1.0,0.63,-0.002530993215942679,NO
T2024,Orlando Mosquera,Panama,False,PRESSURED,VERY_LONG_CENTRAL,12,15,0.8,1,0.08333333333333333,1.0,0.63,-0.007636331122562486,CENTRAL_ZONE_PROXY_ONLY
T2024,Orlando Mosquera,Panama,False,PRESSURED,VERY_LONG_LEFT,12,15,0.8,1,0.08333333333333333,0.0,0.63,-0.008648180574846991,NO
T2024,Orlando Mosquera,Panama,False,PRESSURED,VERY_LONG_RIGHT,12,15,0.8,1,0.08333333333333333,1.0,0.63,-0.008648180574846991,NO
T2024,Orlando Mosquera,Panama,True,FREE,LONG_LEFT,8,8,1.0,1,0.125,1.0,0.7107438016528925,-0.008926498457515537,NO
T2024,Orlando Mosquera,Panama,True,FREE,MEDIUM_CENTRAL,8,8,1.0,1,0.125,1.0,0.7107438016528925,-0.008926498457515537,CENTRAL_ZONE_PROXY_ONLY
T2024,Orlando Mosquera,Panama,True,FREE,MEDIUM_LEFT,8,8,1.0,1,0.125,1.0,0.7107438016528925,-0.008926498457515537,NO
T2024,Orlando Mosquera,Panama,True,FREE,SHORT_CENTRAL,8,8,1.0,3,0.375,1.0,0.7647696476964768,-0.0011846076565076424,CENTRAL_ZONE_PROXY_ONLY
T2024,Orlando Mosquera,Panama,True,FREE,VERY_LONG_CENTRAL,8,8,1.0,1,0.125,1.0,0.7107438016528925,-0.008926498457515537,CENTRAL_ZONE_PROXY_ONLY
T2024,Orlando Mosquera,Panama,True,FREE,VERY_LONG_RIGHT,8,8,1.0,1,0.125,1.0,0.7333333333333333,0.0008405713815752098,NO
T2024,Patrick Gilmar Sequeira Mejías,Costa Rica,False,FREE,LONG_CENTRAL,31,36,0.8611111111111112,3,0.0967741935483871,0.6666666666666666,0.6650056116722783,-0.006122001413654261,CENTRAL_ZONE_PROXY_ONLY
T2024,Patrick Gilmar Sequeira Mejías,Costa Rica,False,FREE,LONG_LEFT,31,36,0.8611111111111112,3,0.0967741935483871,0.3333333333333333,0.8045254592616282,-0.003624402438812594,NO
T2024,Patrick Gilmar Sequeira Mejías,Costa Rica,False,FREE,LONG_RIGHT,31,36,0.8611111111111112,2,0.06451612903225806,0.5,0.7822598870056497,-0.0015028837170730064,NO
T2024,Patrick Gilmar Sequeira Mejías,Costa Rica,False,FREE,MEDIUM_LEFT,31,36,0.8611111111111112,3,0.0967741935483871,0.6666666666666666,0.9308641975308642,-0.0025296370391165008,NO
T2024,Patrick Gilmar Sequeira Mejías,Costa Rica,False,FREE,MEDIUM_RIGHT,31,36,0.8611111111111112,1,0.03225806451612903,1.0,0.9875,0.0031716205993510757,NO
T2024,Patrick Gilmar Sequeira Mejías,Costa Rica,False,FREE,SHORT_CENTRAL,31,36,0.8611111111111112,3,0.0967741935483871,1.0,0.9266975308641975,-0.0009337065914449919,CENTRAL_ZONE_PROXY_ONLY
T2024,Patrick Gilmar Sequeira Mejías,Costa Rica,False,FREE,SHORT_LEFT,31,36,0.8611111111111112,5,0.16129032258064516,1.0,0.9500267618198037,0.0002772332641014265,NO
T2024,Patrick Gilmar Sequeira Mejías,Costa Rica,False,FREE,SHORT_RIGHT,31,36,0.8611111111111112,1,0.03225806451612903,1.0,0.7711864406779662,-0.006312096715926553,NO
T2024,Patrick Gilmar Sequeira Mejías,Costa Rica,False,FREE,VERY_LONG_CENTRAL,31,36,0.8611111111111112,1,0.03225806451612903,0.0,0.7711864406779662,-0.00491721554249383,CENTRAL_ZONE_PROXY_ONLY
T2024,Patrick Gilmar Sequeira Mejías,Costa Rica,False,FREE,VERY_LONG_LEFT,31,36,0.8611111111111112,3,0.0967741935483871,0.6666666666666666,0.5462488129154796,-0.008993342375275716,NO
T2024,Patrick Gilmar Sequeira Mejías,Costa Rica,False,FREE,VERY_LONG_RIGHT,31,36,0.8611111111111112,6,0.1935483870967742,0.3333333333333333,0.6270440883084561,-0.009358683167134773,NO
T2024,Patrick Gilmar Sequeira Mejías,Costa Rica,False,PRESSURED,LONG_CENTRAL,2,5,0.4,2,1.0,0.5,0.7107438016528925,-0.0007561507863552111,CENTRAL_ZONE_PROXY_ONLY
T2024,Patrick Gilmar Sequeira Mejías,Costa Rica,True,FREE,LONG_CENTRAL,30,34,0.8823529411764706,1,0.03333333333333333,1.0,0.6470588235294118,-0.010822234525761028,CENTRAL_ZONE_PROXY_ONLY
T2024,Patrick Gilmar Sequeira Mejías,Costa Rica,True,FREE,LONG_RIGHT,30,34,0.8823529411764706,4,0.13333333333333333,0.25,0.7267647058823529,-0.0012778070205470957,NO
T2024,Patrick Gilmar Sequeira Mejías,Costa Rica,True,FREE,MEDIUM_LEFT,30,34,0.8823529411764706,3,0.1,1.0,0.7890514905149052,-0.0070429343276126296,NO
T2024,Patrick Gilmar Sequeira Mejías,Costa Rica,True,FREE,MEDIUM_RIGHT,30,34,0.8823529411764706,1,0.03333333333333333,1.0,0.7333333333333333,-0.0011024304214839777,NO
T2024,Patrick Gilmar Sequeira Mejías,Costa Rica,True,FREE,SHORT_CENTRAL,30,34,0.8823529411764706,4,0.13333333333333333,1.0,0.7276621511325935,-0.00264530026986946,CENTRAL_ZONE_PROXY_ONLY
T2024,Patrick Gilmar Sequeira Mejías,Costa Rica,True,FREE,SHORT_LEFT,30,34,0.8823529411764706,1,0.03333333333333333,1.0,0.7711864406779662,-0.006458160232318422,NO
T2024,Patrick Gilmar Sequeira Mejías,Costa Rica,True,FREE,VERY_LONG_LEFT,30,34,0.8823529411764706,7,0.23333333333333334,0.5714285714285714,0.701776752623803,-0.008125582374130108,NO
T2024,Patrick Gilmar Sequeira Mejías,Costa Rica,True,FREE,VERY_LONG_RIGHT,30,34,0.8823529411764706,9,0.3,0.4444444444444444,0.6938194140019697,-0.0030788014481606795,NO
T2024,Patrick Pentz,Austria,False,FREE,LONG_CENTRAL,108,115,0.9391304347826087,4,0.037037037037037035,0.25,0.7432904622154499,-0.005888633917758052,CENTRAL_ZONE_PROXY_ONLY
T2024,Patrick Pentz,Austria,False,FREE,LONG_LEFT,108,115,0.9391304347826087,4,0.037037037037037035,1.0,0.7966236992939904,-0.006768692264321618,NO
T2024,Patrick Pentz,Austria,False,FREE,LONG_RIGHT,108,115,0.9391304347826087,4,0.037037037037037035,1.0,0.7706820941525365,-0.0051824035809638295,NO
T2024,Patrick Pentz,Austria,False,FREE,MEDIUM_CENTRAL,108,115,0.9391304347826087,3,0.027777777777777776,1.0,0.7711864406779662,-0.00570337695600983,CENTRAL_ZONE_PROXY_ONLY
T2024,Patrick Pentz,Austria,False,FREE,MEDIUM_LEFT,108,115,0.9391304347826087,3,0.027777777777777776,1.0,0.9047651383456469,-0.0028360321242916764,NO
T2024,Patrick Pentz,Austria,False,FREE,MEDIUM_RIGHT,108,115,0.9391304347826087,15,0.1388888888888889,0.9333333333333333,0.7864223287349537,-0.004764108588140507,NO
T2024,Patrick Pentz,Austria,False,FREE,SHORT_CENTRAL,108,115,0.9391304347826087,35,0.32407407407407407,1.0,0.8009803179348318,-0.004706319367862003,CENTRAL_ZONE_PROXY_ONLY
T2024,Patrick Pentz,Austria,False,FREE,SHORT_LEFT,108,115,0.9391304347826087,11,0.10185185185185185,1.0,0.8385813350061063,-0.003060843113208475,NO
T2024,Patrick Pentz,Austria,False,FREE,SHORT_RIGHT,108,115,0.9391304347826087,25,0.23148148148148148,1.0,0.7901257338210218,-0.005837268497997442,NO
T2024,Patrick Pentz,Austria,False,FREE,VERY_LONG_LEFT,108,115,0.9391304347826087,2,0.018518518518518517,0.5,0.770536402157165,-0.01321434209765458,NO
T2024,Patrick Pentz,Austria,False,FREE,VERY_LONG_RIGHT,108,115,0.9391304347826087,2,0.018518518518518517,0.5,0.7758371227780074,-0.004175501937202607,NO
T2024,Patrick Pentz,Austria,False,PRESSURED,LONG_CENTRAL,13,15,0.8666666666666667,2,0.15384615384615385,0.5,0.6053719008264462,-0.004358636377051592,CENTRAL_ZONE_PROXY_ONLY
T2024,Patrick Pentz,Austria,False,PRESSURED,LONG_LEFT,13,15,0.8666666666666667,4,0.3076923076923077,0.5,0.6312050018946571,-0.00856132038460729,NO
T2024,Patrick Pentz,Austria,False,PRESSURED,LONG_RIGHT,13,15,0.8666666666666667,2,0.15384615384615385,0.5,0.6053719008264462,-0.006109130840896306,NO
T2024,Patrick Pentz,Austria,False,PRESSURED,MEDIUM_RIGHT,13,15,0.8666666666666667,2,0.15384615384615385,1.0,0.7107438016528925,-0.007499155378364896,NO
T2024,Patrick Pentz,Austria,False,PRESSURED,SHORT_CENTRAL,13,15,0.8666666666666667,2,0.15384615384615385,1.0,0.7246026700572155,-0.005330355804024544,CENTRAL_ZONE_PROXY_ONLY
T2024,Patrick Pentz,Austria,False,PRESSURED,SHORT_RIGHT,13,15,0.8666666666666667,1,0.07692307692307693,1.0,0.6108374384236454,-0.014835133047600063,NO
T2024,Patrick Pentz,Austria,True,FREE,LONG_CENTRAL,15,15,1.0,2,0.13333333333333333,0.0,0.7107438016528925,-0.002691210866779298,CENTRAL_ZONE_PROXY_ONLY
T2024,Patrick Pentz,Austria,True,FREE,SHORT_CENTRAL,15,15,1.0,7,0.4666666666666667,1.0,0.7057868723088756,-0.006359198984536086,CENTRAL_ZONE_PROXY_ONLY
T2024,Patrick Pentz,Austria,True,FREE,SHORT_LEFT,15,15,1.0,2,0.13333333333333333,1.0,0.7698863636363638,-0.0060861504967696,NO
T2024,Patrick Pentz,Austria,True,FREE,VERY_LONG_LEFT,15,15,1.0,3,0.2,1.0,0.6638537468278849,-0.008862860409322734,NO
T2024,Patrick Pentz,Austria,True,FREE,VERY_LONG_RIGHT,15,15,1.0,1,0.06666666666666667,0.0,0.7107438016528925,-0.0026579929137792307,NO
T2024,Pedro David Gallese Quiróz,Peru,False,FREE,LONG_CENTRAL,51,53,0.9622641509433962,7,0.13725490196078433,0.42857142857142855,0.691176032432411,-0.00497019714026332,CENTRAL_ZONE_PROXY_ONLY
T2024,Pedro David Gallese Quiróz,Peru,False,FREE,LONG_LEFT,51,53,0.9622641509433962,11,0.21568627450980393,0.6363636363636364,0.7108082263239087,-0.007062069430729331,NO
T2024,Pedro David Gallese Quiróz,Peru,False,FREE,LONG_RIGHT,51,53,0.9622641509433962,9,0.17647058823529413,0.5555555555555556,0.6312316164223275,-0.007054814858851348,NO
T2024,Pedro David Gallese Quiróz,Peru,False,FREE,MEDIUM_LEFT,51,53,0.9622641509433962,3,0.058823529411764705,0.6666666666666666,0.840440083258995,-0.006088769522223286,NO
T2024,Pedro David Gallese Quiróz,Peru,False,FREE,MEDIUM_RIGHT,51,53,0.9622641509433962,1,0.0196078431372549,1.0,0.7711864406779662,-0.004125024624444402,NO
T2024,Pedro David Gallese Quiróz,Peru,False,FREE,SHORT_CENTRAL,51,53,0.9622641509433962,6,0.11764705882352941,1.0,0.9186915803853898,-0.0035623172651439564,CENTRAL_ZONE_PROXY_ONLY
T2024,Pedro David Gallese Quiróz,Peru,False,FREE,SHORT_LEFT,51,53,0.9622641509433962,2,0.0392156862745098,1.0,0.9719275228507434,-0.0010428013986083005,NO
T2024,Pedro David Gallese Quiróz,Peru,False,FREE,SHORT_RIGHT,51,53,0.9622641509433962,3,0.058823529411764705,1.0,0.9096937258400238,-0.0002330891135545059,NO
T2024,Pedro David Gallese Quiróz,Peru,False,FREE,VERY_LONG_CENTRAL,51,53,0.9622641509433962,3,0.058823529411764705,0.3333333333333333,0.6748909683309927,-0.006446319184753427,CENTRAL_ZONE_PROXY_ONLY
T2024,Pedro David Gallese Quiróz,Peru,False,FREE,VERY_LONG_LEFT,51,53,0.9622641509433962,3,0.058823529411764705,0.3333333333333333,0.5140298169038037,-0.011879725536709221,NO
T2024,Pedro David Gallese Quiróz,Peru,False,FREE,VERY_LONG_RIGHT,51,53,0.9622641509433962,3,0.058823529411764705,0.3333333333333333,0.6542832167832169,-0.00734331242239203,NO
T2024,Pedro David Gallese Quiróz,Peru,False,PRESSURED,LONG_CENTRAL,4,5,0.8,1,0.25,0.0,0.6395348837209304,-0.008325068342778099,CENTRAL_ZONE_PROXY_ONLY
T2024,Pedro David Gallese Quiróz,Peru,False,PRESSURED,LONG_LEFT,4,5,0.8,1,0.25,1.0,0.5957446808510638,-0.004791962459945676,NO
T2024,Pedro David Gallese Quiróz,Peru,False,PRESSURED,LONG_RIGHT,4,5,0.8,2,0.5,0.5,0.6032910596373546,-0.007544492753122146,NO
T2024,Pedro David Gallese Quiróz,Peru,True,FREE,LONG_CENTRAL,18,21,0.8571428571428571,2,0.1111111111111111,0.0,0.6889982110912345,-0.0062272895563458665,CENTRAL_ZONE_PROXY_ONLY
T2024,Pedro David Gallese Quiróz,Peru,True,FREE,LONG_LEFT,18,21,0.8571428571428571,1,0.05555555555555555,0.0,0.7711864406779662,-0.006844045292149801,NO
T2024,Pedro David Gallese Quiróz,Peru,True,FREE,LONG_RIGHT,18,21,0.8571428571428571,3,0.16666666666666666,0.6666666666666666,0.6204032535227403,-0.006808641023968336,NO
T2024,Pedro David Gallese Quiróz,Peru,True,FREE,SHORT_CENTRAL,18,21,0.8571428571428571,1,0.05555555555555555,1.0,0.7711864406779662,-0.00202203376014321,CENTRAL_ZONE_PROXY_ONLY
T2024,Pedro David Gallese Quiróz,Peru,True,FREE,SHORT_LEFT,18,21,0.8571428571428571,5,0.2777777777777778,1.0,0.7230808751447267,-0.0062368337634915155,NO
T2024,Pedro David Gallese Quiróz,Peru,True,FREE,SHORT_RIGHT,18,21,0.8571428571428571,1,0.05555555555555555,1.0,0.7711864406779662,-0.00202203376014321,NO
T2024,Pedro David Gallese Quiróz,Peru,True,FREE,VERY_LONG_CENTRAL,18,21,0.8571428571428571,1,0.05555555555555555,1.0,0.6108374384236454,-0.011074444497163143,CENTRAL_ZONE_PROXY_ONLY
T2024,Pedro David Gallese Quiróz,Peru,True,FREE,VERY_LONG_LEFT,18,21,0.8571428571428571,1,0.05555555555555555,1.0,0.7,-0.008031325764207427,NO
T2024,Pedro David Gallese Quiróz,Peru,True,FREE,VERY_LONG_RIGHT,18,21,0.8571428571428571,3,0.16666666666666666,0.6666666666666666,0.6805355563976253,-0.005971609169086928,NO
T2024,Predrag Rajković,Serbia,False,FREE,LONG_CENTRAL,59,63,0.9365079365079365,5,0.0847457627118644,0.6,0.7628475712950568,-0.0049213477090607975,CENTRAL_ZONE_PROXY_ONLY
T2024,Predrag Rajković,Serbia,False,FREE,LONG_LEFT,59,63,0.9365079365079365,4,0.06779661016949153,0.5,0.8200771614391897,-0.0024836818364783702,NO
T2024,Predrag Rajković,Serbia,False,FREE,LONG_RIGHT,59,63,0.9365079365079365,2,0.03389830508474576,0.5,0.770536402157165,0.00043901580294060274,NO
T2024,Predrag Rajković,Serbia,False,FREE,MEDIUM_CENTRAL,59,63,0.9365079365079365,1,0.01694915254237288,1.0,0.9789473684210527,-0.002791408223651991,CENTRAL_ZONE_PROXY_ONLY
T2024,Predrag Rajković,Serbia,False,FREE,MEDIUM_LEFT,59,63,0.9365079365079365,4,0.06779661016949153,1.0,0.8799752428108932,-0.0059385763230690326,NO
T2024,Predrag Rajković,Serbia,False,FREE,MEDIUM_RIGHT,59,63,0.9365079365079365,6,0.1016949152542373,1.0,0.9311598629311696,-0.001587669699429923,NO
T2024,Predrag Rajković,Serbia,False,FREE,SHORT_CENTRAL,59,63,0.9365079365079365,17,0.288135593220339,1.0,0.8722312765099028,-0.003263856497433208,CENTRAL_ZONE_PROXY_ONLY
T2024,Predrag Rajković,Serbia,False,FREE,SHORT_LEFT,59,63,0.9365079365079365,7,0.11864406779661017,1.0,0.868265272625683,-0.003605875012638706,NO
T2024,Predrag Rajković,Serbia,False,FREE,SHORT_RIGHT,59,63,0.9365079365079365,9,0.15254237288135594,1.0,0.823638725488755,-0.00375415506122096,NO
T2024,Predrag Rajković,Serbia,False,FREE,VERY_LONG_CENTRAL,59,63,0.9365079365079365,1,0.01694915254237288,1.0,0.7,-0.005714221234705884,CENTRAL_ZONE_PROXY_ONLY
T2024,Predrag Rajković,Serbia,False,FREE,VERY_LONG_LEFT,59,63,0.9365079365079365,3,0.05084745762711865,0.6666666666666666,0.7134031032336118,-0.004558722548629989,NO
T2024,Predrag Rajković,Serbia,False,PRESSURED,LONG_CENTRAL,22,23,0.9565217391304348,9,0.4090909090909091,0.3333333333333333,0.6089951242658166,-0.006732488056274991,CENTRAL_ZONE_PROXY_ONLY
T2024,Predrag Rajković,Serbia,False,PRESSURED,LONG_LEFT,22,23,0.9565217391304348,2,0.09090909090909091,0.5,0.6214017521902377,-0.005991844851236413,NO
T2024,Predrag Rajković,Serbia,False,PRESSURED,LONG_RIGHT,22,23,0.9565217391304348,7,0.3181818181818182,0.42857142857142855,0.5771514418496858,-0.00848566584232258,NO
T2024,Predrag Rajković,Serbia,False,PRESSURED,MEDIUM_CENTRAL,22,23,0.9565217391304348,1,0.045454545454545456,0.0,0.5957446808510638,-0.008956423954634361,CENTRAL_ZONE_PROXY_ONLY
T2024,Predrag Rajković,Serbia,False,PRESSURED,MEDIUM_RIGHT,22,23,0.9565217391304348,1,0.045454545454545456,0.0,0.6108374384236454,-0.012521926340898139,NO
T2024,Predrag Rajković,Serbia,False,PRESSURED,SHORT_CENTRAL,22,23,0.9565217391304348,2,0.09090909090909091,1.0,0.5957446808510638,-0.010683265102894642,CENTRAL_ZONE_PROXY_ONLY
T2024,Predrag Rajković,Serbia,True,FREE,MEDIUM_CENTRAL,15,17,0.8823529411764706,1,0.06666666666666667,1.0,0.6395348837209304,-0.0034373535490825986,CENTRAL_ZONE_PROXY_ONLY
T2024,Predrag Rajković,Serbia,True,FREE,MEDIUM_LEFT,15,17,0.8823529411764706,1,0.06666666666666667,1.0,0.6108374384236454,-0.010653207799568718,NO
T2024,Predrag Rajković,Serbia,True,FREE,SHORT_CENTRAL,15,17,0.8823529411764706,4,0.26666666666666666,1.0,0.6856409751068797,-0.002289253496837211,CENTRAL_ZONE_PROXY_ONLY
T2024,Predrag Rajković,Serbia,True,FREE,SHORT_LEFT,15,17,0.8823529411764706,3,0.2,1.0,0.7256410256410257,-0.0043058369235525334,NO
T2024,Predrag Rajković,Serbia,True,FREE,SHORT_RIGHT,15,17,0.8823529411764706,2,0.13333333333333333,1.0,0.7047106236786471,-0.004766173547840591,NO
T2024,Predrag Rajković,Serbia,True,FREE,VERY_LONG_CENTRAL,15,17,0.8823529411764706,1,0.06666666666666667,0.0,0.6395348837209304,-0.0034373535490825986,CENTRAL_ZONE_PROXY_ONLY
T2024,Predrag Rajković,Serbia,True,FREE,VERY_LONG_LEFT,15,17,0.8823529411764706,3,0.2,0.6666666666666666,0.6829853770260749,-0.00630417188063546,NO
T2024,Péter Gulácsi,Hungary,False,FREE,LONG_CENTRAL,68,71,0.9577464788732394,4,0.058823529411764705,0.5,0.797471590909091,-0.004733878513439842,CENTRAL_ZONE_PROXY_ONLY
T2024,Péter Gulácsi,Hungary,False,FREE,LONG_LEFT,68,71,0.9577464788732394,8,0.11764705882352941,0.625,0.8354853280059649,-0.0036095403342855086,NO
T2024,Péter Gulácsi,Hungary,False,FREE,LONG_RIGHT,68,71,0.9577464788732394,7,0.10294117647058823,0.5714285714285714,0.8182142857142856,-0.001992833974597661,NO
T2024,Péter Gulácsi,Hungary,False,FREE,MEDIUM_LEFT,68,71,0.9577464788732394,3,0.04411764705882353,1.0,0.8807966457023061,-0.0014607102461217632,NO
T2024,Péter Gulácsi,Hungary,False,FREE,MEDIUM_RIGHT,68,71,0.9577464788732394,8,0.11764705882352941,0.75,0.8496630488288653,-0.0021557297285345793,NO
T2024,Péter Gulácsi,Hungary,False,FREE,SHORT_CENTRAL,68,71,0.9577464788732394,6,0.08823529411764706,1.0,0.849305384930385,-0.003911367144545612,CENTRAL_ZONE_PROXY_ONLY
T2024,Péter Gulácsi,Hungary,False,FREE,SHORT_LEFT,68,71,0.9577464788732394,15,0.22058823529411764,1.0,0.8557417716490752,-0.0039040260376854738,NO
T2024,Péter Gulácsi,Hungary,False,FREE,SHORT_RIGHT,68,71,0.9577464788732394,15,0.22058823529411764,1.0,0.8745923673881061,-0.0015688761719817993,NO
T2024,Péter Gulácsi,Hungary,False,FREE,VERY_LONG_CENTRAL,68,71,0.9577464788732394,1,0.014705882352941176,0.0,0.7333333333333333,-0.004989527627491053,CENTRAL_ZONE_PROXY_ONLY
T2024,Péter Gulácsi,Hungary,False,FREE,VERY_LONG_RIGHT,68,71,0.9577464788732394,1,0.014705882352941176,1.0,0.7933333333333333,-0.0032398245247165615,NO
T2024,Péter Gulácsi,Hungary,False,PRESSURED,MEDIUM_LEFT,8,8,1.0,4,0.5,0.75,0.6517647058823529,-0.0060443696198204284,NO
T2024,Péter Gulácsi,Hungary,False,PRESSURED,MEDIUM_RIGHT,8,8,1.0,2,0.25,0.5,0.6128723404255318,-0.006200623119571113,NO
T2024,Péter Gulácsi,Hungary,False,PRESSURED,SHORT_LEFT,8,8,1.0,1,0.125,1.0,0.5957446808510638,-0.007515815653220608,NO
T2024,Péter Gulácsi,Hungary,False,PRESSURED,SHORT_RIGHT,8,8,1.0,1,0.125,1.0,0.5957446808510638,-0.013353892201023109,NO
T2024,Péter Gulácsi,Hungary,True,FREE,LONG_CENTRAL,15,15,1.0,1,0.06666666666666667,0.0,0.63,-0.0038613399052530454,CENTRAL_ZONE_PROXY_ONLY
T2024,Péter Gulácsi,Hungary,True,FREE,LONG_LEFT,15,15,1.0,4,0.26666666666666666,0.75,0.7816098484848486,-0.00657370968750789,NO
T2024,Péter Gulácsi,Hungary,True,FREE,MEDIUM_RIGHT,15,15,1.0,2,0.13333333333333333,1.0,0.6176397822859971,-0.0032606583180003145,NO
T2024,Péter Gulácsi,Hungary,True,FREE,SHORT_CENTRAL,15,15,1.0,2,0.13333333333333333,1.0,0.7633333333333333,-0.0040818496498650795,CENTRAL_ZONE_PROXY_ONLY
T2024,Péter Gulácsi,Hungary,True,FREE,SHORT_LEFT,15,15,1.0,4,0.26666666666666666,1.0,0.6829606440071556,-0.00719169419581975,NO
T2024,Péter Gulácsi,Hungary,True,FREE,SHORT_RIGHT,15,15,1.0,1,0.06666666666666667,1.0,0.7,-0.0018873377992865694,NO
T2024,Péter Gulácsi,Hungary,True,FREE,VERY_LONG_LEFT,15,15,1.0,1,0.06666666666666667,1.0,0.7698863636363638,-0.0060861504967696,NO
T2024,Rafael Enrique Romo Pérez,Venezuela,False,FREE,LONG_CENTRAL,72,75,0.96,6,0.08333333333333333,0.3333333333333333,0.8115752403310367,-0.0033705081364036674,CENTRAL_ZONE_PROXY_ONLY
T2024,Rafael Enrique Romo Pérez,Venezuela,False,FREE,LONG_LEFT,72,75,0.96,3,0.041666666666666664,0.3333333333333333,0.8229600247760626,-0.0028353238476737813,NO
T2024,Rafael Enrique Romo Pérez,Venezuela,False,FREE,LONG_RIGHT,72,75,0.96,2,0.027777777777777776,0.5,0.7866363853693521,-0.003055919314423603,NO
T2024,Rafael Enrique Romo Pérez,Venezuela,False,FREE,MEDIUM_CENTRAL,72,75,0.96,1,0.013888888888888888,1.0,0.7804878048780488,-0.00518341480199867,CENTRAL_ZONE_PROXY_ONLY
T2024,Rafael Enrique Romo Pérez,Venezuela,False,FREE,MEDIUM_LEFT,72,75,0.96,2,0.027777777777777776,0.5,0.8016098484848486,-0.005432318724238478,NO
T2024,Rafael Enrique Romo Pérez,Venezuela,False,FREE,MEDIUM_RIGHT,72,75,0.96,3,0.041666666666666664,1.0,0.846669015372199,-0.0016480463249783953,NO
T2024,Rafael Enrique Romo Pérez,Venezuela,False,FREE,SHORT_CENTRAL,72,75,0.96,10,0.1388888888888889,1.0,0.7315364562062674,-0.00624044822430375,CENTRAL_ZONE_PROXY_ONLY
T2024,Rafael Enrique Romo Pérez,Venezuela,False,FREE,SHORT_LEFT,72,75,0.96,16,0.2222222222222222,1.0,0.8682093118326093,-0.0028073961116659167,NO
T2024,Rafael Enrique Romo Pérez,Venezuela,False,FREE,SHORT_RIGHT,72,75,0.96,19,0.2638888888888889,1.0,0.8912654122861435,-0.00324053138911665,NO
T2024,Rafael Enrique Romo Pérez,Venezuela,False,FREE,VERY_LONG_CENTRAL,72,75,0.96,3,0.041666666666666664,0.3333333333333333,0.7388888888888889,-0.006466513726388253,CENTRAL_ZONE_PROXY_ONLY
T2024,Rafael Enrique Romo Pérez,Venezuela,False,FREE,VERY_LONG_LEFT,72,75,0.96,5,0.06944444444444445,0.8,0.6678124200020341,-0.006332591699448793,NO
T2024,Rafael Enrique Romo Pérez,Venezuela,False,FREE,VERY_LONG_RIGHT,72,75,0.96,2,0.027777777777777776,1.0,0.7520385674931129,-0.006778278466072706,NO
T2024,Rafael Enrique Romo Pérez,Venezuela,False,PRESSURED,LONG_CENTRAL,11,11,1.0,1,0.09090909090909091,1.0,0.7107438016528925,-0.00847991745122591,CENTRAL_ZONE_PROXY_ONLY
T2024,Rafael Enrique Romo Pérez,Venezuela,False,PRESSURED,LONG_LEFT,11,11,1.0,3,0.2727272727272727,0.3333333333333333,0.6128493950771797,-0.006389021061262522,NO
T2024,Rafael Enrique Romo Pérez,Venezuela,False,PRESSURED,MEDIUM_CENTRAL,11,11,1.0,1,0.09090909090909091,0.0,0.6395348837209304,-0.015189872775230309,CENTRAL_ZONE_PROXY_ONLY
T2024,Rafael Enrique Romo Pérez,Venezuela,False,PRESSURED,MEDIUM_LEFT,11,11,1.0,2,0.18181818181818182,1.0,0.7015257469802925,-0.0021216113209468392,NO
T2024,Rafael Enrique Romo Pérez,Venezuela,False,PRESSURED,SHORT_CENTRAL,11,11,1.0,2,0.18181818181818182,1.0,0.5957446808510638,-0.0062936985298814975,CENTRAL_ZONE_PROXY_ONLY
T2024,Rafael Enrique Romo Pérez,Venezuela,False,PRESSURED,SHORT_LEFT,11,11,1.0,1,0.09090909090909091,1.0,0.63,-0.011320682836214548,NO
T2024,Rafael Enrique Romo Pérez,Venezuela,False,PRESSURED,VERY_LONG_RIGHT,11,11,1.0,1,0.09090909090909091,0.0,0.6470588235294118,-0.01088061161431481,NO
T2024,Rafael Enrique Romo Pérez,Venezuela,True,FREE,LONG_LEFT,35,39,0.8974358974358975,1,0.02857142857142857,1.0,0.7107438016528925,-0.008926498457515537,NO
T2024,Rafael Enrique Romo Pérez,Venezuela,True,FREE,LONG_RIGHT,35,39,0.8974358974358975,1,0.02857142857142857,1.0,0.7333333333333333,-0.008578004804516743,NO
T2024,Rafael Enrique Romo Pérez,Venezuela,True,FREE,MEDIUM_LEFT,35,39,0.8974358974358975,4,0.11428571428571428,1.0,0.7498655409631019,-0.002667967292934821,NO
T2024,Rafael Enrique Romo Pérez,Venezuela,True,FREE,MEDIUM_RIGHT,35,39,0.8974358974358975,2,0.05714285714285714,1.0,0.7466666666666666,-0.0006939103892910263,NO
T2024,Rafael Enrique Romo Pérez,Venezuela,True,FREE,SHORT_CENTRAL,35,39,0.8974358974358975,6,0.17142857142857143,1.0,0.7383040233198797,-0.002401032184734825,CENTRAL_ZONE_PROXY_ONLY
T2024,Rafael Enrique Romo Pérez,Venezuela,True,FREE,SHORT_LEFT,35,39,0.8974358974358975,2,0.05714285714285714,1.0,0.6395348837209304,-0.009389011596054181,NO
T2024,Rafael Enrique Romo Pérez,Venezuela,True,FREE,SHORT_RIGHT,35,39,0.8974358974358975,7,0.2,1.0,0.7199217403855442,-0.004177419014607272,NO
T2024,Rafael Enrique Romo Pérez,Venezuela,True,FREE,VERY_LONG_CENTRAL,35,39,0.8974358974358975,5,0.14285714285714285,0.8,0.7766439393939394,-0.002650163151018145,CENTRAL_ZONE_PROXY_ONLY
T2024,Rafael Enrique Romo Pérez,Venezuela,True,FREE,VERY_LONG_LEFT,35,39,0.8974358974358975,7,0.2,0.5714285714285714,0.631322791362958,-0.008973719694294887,NO
T2024,Rodrigo Mario Morínigo Acosta,Paraguay,False,FREE,LONG_CENTRAL,49,52,0.9423076923076923,2,0.04081632653061224,0.0,0.8008474576271187,-0.0044172785097313875,CENTRAL_ZONE_PROXY_ONLY
T2024,Rodrigo Mario Morínigo Acosta,Paraguay,False,FREE,LONG_LEFT,49,52,0.9423076923076923,1,0.02040816326530612,0.0,0.8032786885245902,-0.004099969086276946,NO
T2024,Rodrigo Mario Morínigo Acosta,Paraguay,False,FREE,LONG_RIGHT,49,52,0.9423076923076923,6,0.12244897959183673,0.8333333333333334,0.7779855936325553,-0.005360642293225216,NO
T2024,Rodrigo Mario Morínigo Acosta,Paraguay,False,FREE,MEDIUM_LEFT,49,52,0.9423076923076923,6,0.12244897959183673,1.0,0.8093809539542517,-0.0033388028847885776,NO
T2024,Rodrigo Mario Morínigo Acosta,Paraguay,False,FREE,MEDIUM_RIGHT,49,52,0.9423076923076923,2,0.04081632653061224,1.0,0.8860143442622951,0.0008745856616683625,NO
T2024,Rodrigo Mario Morínigo Acosta,Paraguay,False,FREE,SHORT_CENTRAL,49,52,0.9423076923076923,15,0.30612244897959184,1.0,0.8327019113746419,-0.004397444233968139,CENTRAL_ZONE_PROXY_ONLY
T2024,Rodrigo Mario Morínigo Acosta,Paraguay,False,FREE,SHORT_LEFT,49,52,0.9423076923076923,10,0.20408163265306123,1.0,0.7994176365862946,-0.004235318627438718,NO
T2024,Rodrigo Mario Morínigo Acosta,Paraguay,False,FREE,SHORT_RIGHT,49,52,0.9423076923076923,5,0.10204081632653061,1.0,0.8522513380909903,-0.0033084164064812447,NO
T2024,Rodrigo Mario Morínigo Acosta,Paraguay,False,FREE,VERY_LONG_CENTRAL,49,52,0.9423076923076923,1,0.02040816326530612,1.0,0.7804878048780488,-0.0021265837636719256,CENTRAL_ZONE_PROXY_ONLY
T2024,Rodrigo Mario Morínigo Acosta,Paraguay,False,FREE,VERY_LONG_RIGHT,49,52,0.9423076923076923,1,0.02040816326530612,0.0,0.7711864406779662,-0.0045154425185011116,NO
T2024,Rodrigo Mario Morínigo Acosta,Paraguay,False,PRESSURED,LONG_CENTRAL,6,6,1.0,2,0.3333333333333333,0.5,0.674649488442592,-0.008190387310705205,CENTRAL_ZONE_PROXY_ONLY
T2024,Rodrigo Mario Morínigo Acosta,Paraguay,False,PRESSURED,LONG_RIGHT,6,6,1.0,1,0.16666666666666666,1.0,0.6108374384236454,-0.005244106356395118,NO
T2024,Rodrigo Mario Morínigo Acosta,Paraguay,False,PRESSURED,SHORT_CENTRAL,6,6,1.0,1,0.16666666666666666,1.0,0.6108374384236454,-0.003433008296687903,CENTRAL_ZONE_PROXY_ONLY
T2024,Rodrigo Mario Morínigo Acosta,Paraguay,False,PRESSURED,SHORT_RIGHT,6,6,1.0,2,0.3333333333333333,1.0,0.6108374384236454,-0.006329572563044776,NO
T2024,Rodrigo Mario Morínigo Acosta,Paraguay,True,FREE,LONG_CENTRAL,7,12,0.5833333333333334,1,0.14285714285714285,0.0,0.7107438016528925,-0.008926498457515537,CENTRAL_ZONE_PROXY_ONLY
T2024,Rodrigo Mario Morínigo Acosta,Paraguay,True,FREE,LONG_LEFT,7,12,0.5833333333333334,1,0.14285714285714285,1.0,0.6108374384236454,-0.010653207799568718,NO
T2024,Rodrigo Mario Morínigo Acosta,Paraguay,True,FREE,LONG_RIGHT,7,12,0.5833333333333334,2,0.2857142857142857,1.0,0.638752052545156,-0.003753337348827772,NO
T2024,Rodrigo Mario Morínigo Acosta,Paraguay,True,FREE,SHORT_CENTRAL,7,12,0.5833333333333334,1,0.14285714285714285,1.0,0.7804878048780488,-0.000736615577747964,CENTRAL_ZONE_PROXY_ONLY
T2024,Rodrigo Mario Morínigo Acosta,Paraguay,True,FREE,VERY_LONG_LEFT,7,12,0.5833333333333334,1,0.14285714285714285,1.0,0.7925925925925926,-0.00667298903698361,NO
T2024,Rodrigo Mario Morínigo Acosta,Paraguay,True,FREE,VERY_LONG_RIGHT,7,12,0.5833333333333334,1,0.14285714285714285,1.0,0.6666666666666666,-0.004428888115524278,NO
T2024,Sergio Rochet Álvarez,Uruguay,False,FREE,LONG_CENTRAL,70,84,0.8333333333333334,1,0.014285714285714285,1.0,0.7107438016528925,-0.007117374062322515,CENTRAL_ZONE_PROXY_ONLY
T2024,Sergio Rochet Álvarez,Uruguay,False,FREE,LONG_LEFT,70,84,0.8333333333333334,3,0.04285714285714286,0.6666666666666666,0.8799450974327251,-0.0029293691409593404,NO
T2024,Sergio Rochet Álvarez,Uruguay,False,FREE,LONG_RIGHT,70,84,0.8333333333333334,3,0.04285714285714286,0.6666666666666666,0.8622222222222223,-0.0048703210476642375,NO
T2024,Sergio Rochet Álvarez,Uruguay,False,FREE,MEDIUM_LEFT,70,84,0.8333333333333334,9,0.12857142857142856,1.0,0.8897148552359196,-0.003116570274169249,NO
T2024,Sergio Rochet Álvarez,Uruguay,False,FREE,MEDIUM_RIGHT,70,84,0.8333333333333334,3,0.04285714285714286,1.0,0.7859510357815442,-0.003305046195493988,NO
T2024,Sergio Rochet Álvarez,Uruguay,False,FREE,SHORT_CENTRAL,70,84,0.8333333333333334,22,0.3142857142857143,1.0,0.863811018621109,-0.0020981848778734314,CENTRAL_ZONE_PROXY_ONLY
T2024,Sergio Rochet Álvarez,Uruguay,False,FREE,SHORT_LEFT,70,84,0.8333333333333334,12,0.17142857142857143,1.0,0.8441896981274931,-0.0032621891883479553,NO
T2024,Sergio Rochet Álvarez,Uruguay,False,FREE,SHORT_RIGHT,70,84,0.8333333333333334,10,0.14285714285714285,1.0,0.8429149196366177,-0.0023681651119017285,NO
T2024,Sergio Rochet Álvarez,Uruguay,False,FREE,VERY_LONG_LEFT,70,84,0.8333333333333334,5,0.07142857142857142,0.6,0.5532406551389603,-0.013677501968719336,NO
T2024,Sergio Rochet Álvarez,Uruguay,False,FREE,VERY_LONG_RIGHT,70,84,0.8333333333333334,2,0.02857142857142857,0.0,0.0,-0.021632884132914153,NO
T2024,Sergio Rochet Álvarez,Uruguay,False,PRESSURED,LONG_LEFT,11,16,0.6875,2,0.18181818181818182,0.5,0.6720853858784893,-0.006136826347374982,NO
T2024,Sergio Rochet Álvarez,Uruguay,False,PRESSURED,LONG_RIGHT,11,16,0.6875,2,0.18181818181818182,0.0,0.63,-0.003518208782210963,NO
T2024,Sergio Rochet Álvarez,Uruguay,False,PRESSURED,MEDIUM_LEFT,11,16,0.6875,1,0.09090909090909091,1.0,0.63,-0.0033445269009752324,NO
T2024,Sergio Rochet Álvarez,Uruguay,False,PRESSURED,MEDIUM_RIGHT,11,16,0.6875,2,0.18181818181818182,1.0,0.63,-0.010103656571815093,NO
T2024,Sergio Rochet Álvarez,Uruguay,False,PRESSURED,SHORT_CENTRAL,11,16,0.6875,1,0.09090909090909091,1.0,0.7107438016528925,-0.0007048161178537819,CENTRAL_ZONE_PROXY_ONLY
T2024,Sergio Rochet Álvarez,Uruguay,False,PRESSURED,SHORT_LEFT,11,16,0.6875,1,0.09090909090909091,1.0,0.7107438016528925,-0.013135443376236079,NO
T2024,Sergio Rochet Álvarez,Uruguay,False,PRESSURED,SHORT_RIGHT,11,16,0.6875,1,0.09090909090909091,0.0,0.7107438016528925,-0.01388934255139877,NO
T2024,Sergio Rochet Álvarez,Uruguay,False,PRESSURED,VERY_LONG_CENTRAL,11,16,0.6875,1,0.09090909090909091,1.0,0.63,-0.002530993215942679,CENTRAL_ZONE_PROXY_ONLY
T2024,Sergio Rochet Álvarez,Uruguay,True,FREE,LONG_CENTRAL,30,34,0.8823529411764706,1,0.03333333333333333,0.0,0.7333333333333333,-0.008578004804516743,CENTRAL_ZONE_PROXY_ONLY
T2024,Sergio Rochet Álvarez,Uruguay,True,FREE,LONG_LEFT,30,34,0.8823529411764706,3,0.1,1.0,0.7333333333333333,-0.006086146676839155,NO
T2024,Sergio Rochet Álvarez,Uruguay,True,FREE,LONG_RIGHT,30,34,0.8823529411764706,2,0.06666666666666667,0.5,0.6901960784313725,-0.004959180449312345,NO
T2024,Sergio Rochet Álvarez,Uruguay,True,FREE,MEDIUM_CENTRAL,30,34,0.8823529411764706,1,0.03333333333333333,1.0,0.7107438016528925,-0.002724428819779365,CENTRAL_ZONE_PROXY_ONLY
T2024,Sergio Rochet Álvarez,Uruguay,True,FREE,MEDIUM_LEFT,30,34,0.8823529411764706,1,0.03333333333333333,1.0,0.7933333333333333,-0.007061268878246181,NO
T2024,Sergio Rochet Álvarez,Uruguay,True,FREE,MEDIUM_RIGHT,30,34,0.8823529411764706,2,0.06666666666666667,1.0,0.709122632103689,-0.004153463874507778,NO
T2024,Sergio Rochet Álvarez,Uruguay,True,FREE,SHORT_CENTRAL,30,34,0.8823529411764706,11,0.36666666666666664,1.0,0.7557122038331946,-0.003268922937599711,CENTRAL_ZONE_PROXY_ONLY
T2024,Sergio Rochet Álvarez,Uruguay,True,FREE,SHORT_LEFT,30,34,0.8823529411764706,3,0.1,1.0,0.7222222222222222,-0.005712258493761817,NO
T2024,Sergio Rochet Álvarez,Uruguay,True,FREE,SHORT_RIGHT,30,34,0.8823529411764706,3,0.1,1.0,0.709928927254411,-0.004779218366943011,NO
T2024,Sergio Rochet Álvarez,Uruguay,True,FREE,VERY_LONG_LEFT,30,34,0.8823529411764706,1,0.03333333333333333,0.0,0.6470588235294118,-0.0107589322801999,NO
T2024,Sergio Rochet Álvarez,Uruguay,True,FREE,VERY_LONG_RIGHT,30,34,0.8823529411764706,2,0.06666666666666667,0.5,0.63,-0.007525750513617875,NO
T2024,Thomas Strakosha,Albania,False,FREE,LONG_CENTRAL,52,54,0.9629629629629629,9,0.17307692307692307,0.6666666666666666,0.5504944336722433,-0.01092493881737108,CENTRAL_ZONE_PROXY_ONLY
T2024,Thomas Strakosha,Albania,False,FREE,LONG_LEFT,52,54,0.9629629629629629,7,0.1346153846153846,0.42857142857142855,0.7864225589225589,-0.0038417585568796065,NO
T2024,Thomas Strakosha,Albania,False,FREE,LONG_RIGHT,52,54,0.9629629629629629,3,0.057692307692307696,0.3333333333333333,0.785023849607183,-0.004924241193750648,NO
T2024,Thomas Strakosha,Albania,False,FREE,MEDIUM_CENTRAL,52,54,0.9629629629629629,2,0.038461538461538464,0.5,0.8211949685534592,-0.003522543055336683,CENTRAL_ZONE_PROXY_ONLY
T2024,Thomas Strakosha,Albania,False,FREE,MEDIUM_LEFT,52,54,0.9629629629629629,3,0.057692307692307696,1.0,0.7855176767676769,-0.00372179523666024,NO
T2024,Thomas Strakosha,Albania,False,FREE,MEDIUM_RIGHT,52,54,0.9629629629629629,1,0.019230769230769232,1.0,0.7804878048780488,-0.00518341480199867,NO
T2024,Thomas Strakosha,Albania,False,FREE,SHORT_CENTRAL,52,54,0.9629629629629629,5,0.09615384615384616,1.0,0.93437270978844,-0.002649262492768434,CENTRAL_ZONE_PROXY_ONLY
T2024,Thomas Strakosha,Albania,False,FREE,SHORT_LEFT,52,54,0.9629629629629629,13,0.25,1.0,0.8960618462093085,-0.0035461433499648786,NO
T2024,Thomas Strakosha,Albania,False,FREE,SHORT_RIGHT,52,54,0.9629629629629629,8,0.15384615384615385,1.0,0.8551322006809812,-0.0035374564050480424,NO
T2024,Thomas Strakosha,Albania,False,FREE,VERY_LONG_CENTRAL,52,54,0.9629629629629629,1,0.019230769230769232,0.0,0.34782608695652173,-0.014889310652436274,CENTRAL_ZONE_PROXY_ONLY
T2024,Thomas Strakosha,Albania,False,PRESSURED,LONG_CENTRAL,5,7,0.7142857142857143,2,0.4,0.0,0.6751393426869114,-0.009249579040900577,CENTRAL_ZONE_PROXY_ONLY
T2024,Thomas Strakosha,Albania,False,PRESSURED,LONG_LEFT,5,7,0.7142857142857143,3,0.6,0.6666666666666666,0.6766666666666666,-0.007137568096439495,NO
T2024,Thomas Strakosha,Albania,True,FREE,LONG_CENTRAL,25,28,0.8928571428571429,3,0.12,0.3333333333333333,0.7111111111111111,-0.0036155692009680594,CENTRAL_ZONE_PROXY_ONLY
T2024,Thomas Strakosha,Albania,True,FREE,LONG_LEFT,25,28,0.8928571428571429,5,0.2,1.0,0.7695284552845528,-0.004513336706586506,NO
T2024,Thomas Strakosha,Albania,True,FREE,LONG_RIGHT,25,28,0.8928571428571429,1,0.04,1.0,0.7804878048780488,-0.000736615577747964,NO
T2024,Thomas Strakosha,Albania,True,FREE,MEDIUM_CENTRAL,25,28,0.8928571428571429,1,0.04,1.0,0.7933333333333333,-0.007061268878246181,CENTRAL_ZONE_PROXY_ONLY
T2024,Thomas Strakosha,Albania,True,FREE,MEDIUM_LEFT,25,28,0.8928571428571429,2,0.08,1.0,0.7633333333333333,-0.007819636841381462,NO
T2024,Thomas Strakosha,Albania,True,FREE,SHORT_CENTRAL,25,28,0.8928571428571429,1,0.04,1.0,0.7804878048780488,-0.0070062652263455285,CENTRAL_ZONE_PROXY_ONLY
T2024,Thomas Strakosha,Albania,True,FREE,SHORT_LEFT,25,28,0.8928571428571429,2,0.08,1.0,0.7751870842572063,-0.006546207861557564,NO
T2024,Thomas Strakosha,Albania,True,FREE,SHORT_RIGHT,25,28,0.8928571428571429,2,0.08,1.0,0.7128205128205127,-0.004665988674687345,NO
T2024,Thomas Strakosha,Albania,True,FREE,VERY_LONG_CENTRAL,25,28,0.8928571428571429,5,0.2,0.6,0.7226712043864626,-0.0054462442598438065,CENTRAL_ZONE_PROXY_ONLY
T2024,Thomas Strakosha,Albania,True,FREE,VERY_LONG_LEFT,25,28,0.8928571428571429,2,0.08,1.0,0.6395348837209304,-0.00641318257256839,NO
T2024,Thomas Strakosha,Albania,True,FREE,VERY_LONG_RIGHT,25,28,0.8928571428571429,1,0.04,0.0,0.7333333333333333,-0.0011024304214839777,NO
T2024,Unai Simón Mendibil,Spain,False,FREE,LONG_CENTRAL,165,174,0.9482758620689655,6,0.03636363636363636,0.3333333333333333,0.7553821268209241,-0.006149362328903167,CENTRAL_ZONE_PROXY_ONLY
T2024,Unai Simón Mendibil,Spain,False,FREE,LONG_LEFT,165,174,0.9482758620689655,8,0.048484848484848485,0.625,0.7687803120707688,-0.005498190178490863,NO
T2024,Unai Simón Mendibil,Spain,False,FREE,LONG_RIGHT,165,174,0.9482758620689655,9,0.05454545454545454,0.5555555555555556,0.7674576723882922,-0.006280410670889266,NO
T2024,Unai Simón Mendibil,Spain,False,FREE,MEDIUM_CENTRAL,165,174,0.9482758620689655,10,0.06060606060606061,0.9,0.8211759865226351,-0.0037753712547519344,CENTRAL_ZONE_PROXY_ONLY
T2024,Unai Simón Mendibil,Spain,False,FREE,MEDIUM_LEFT,165,174,0.9482758620689655,13,0.07878787878787878,0.8461538461538461,0.8468029180338643,-0.003783286898688144,NO
T2024,Unai Simón Mendibil,Spain,False,FREE,MEDIUM_RIGHT,165,174,0.9482758620689655,7,0.04242424242424243,1.0,0.8146296060138315,-0.003786092262194165,NO
T2024,Unai Simón Mendibil,Spain,False,FREE,SHORT_CENTRAL,165,174,0.9482758620689655,49,0.296969696969697,1.0,0.825842452631441,-0.00443909695280941,CENTRAL_ZONE_PROXY_ONLY
T2024,Unai Simón Mendibil,Spain,False,FREE,SHORT_LEFT,165,174,0.9482758620689655,21,0.12727272727272726,1.0,0.8069504312241381,-0.004953247564819708,NO
T2024,Unai Simón Mendibil,Spain,False,FREE,SHORT_RIGHT,165,174,0.9482758620689655,34,0.20606060606060606,1.0,0.8142947577982426,-0.004173234581659852,NO
T2024,Unai Simón Mendibil,Spain,False,FREE,VERY_LONG_CENTRAL,165,174,0.9482758620689655,1,0.006060606060606061,0.0,0.5,-0.004112764431265559,CENTRAL_ZONE_PROXY_ONLY
T2024,Unai Simón Mendibil,Spain,False,FREE,VERY_LONG_LEFT,165,174,0.9482758620689655,3,0.01818181818181818,0.3333333333333333,0.7489466249001904,-0.007193264169224597,NO
T2024,Unai Simón Mendibil,Spain,False,FREE,VERY_LONG_RIGHT,165,174,0.9482758620689655,4,0.024242424242424242,0.25,0.5679298528522475,-0.00896858462938101,NO
T2024,Unai Simón Mendibil,Spain,False,PRESSURED,LONG_LEFT,31,35,0.8857142857142857,5,0.16129032258064516,0.4,0.6998833848805962,-0.006349291189517261,NO
T2024,Unai Simón Mendibil,Spain,False,PRESSURED,LONG_RIGHT,31,35,0.8857142857142857,6,0.1935483870967742,0.6666666666666666,0.6446396628390932,-0.007207836605843804,NO
T2024,Unai Simón Mendibil,Spain,False,PRESSURED,MEDIUM_CENTRAL,31,35,0.8857142857142857,2,0.06451612903225806,1.0,0.7107438016528925,-0.0017100554064087194,CENTRAL_ZONE_PROXY_ONLY
T2024,Unai Simón Mendibil,Spain,False,PRESSURED,MEDIUM_LEFT,31,35,0.8857142857142857,4,0.12903225806451613,1.0,0.6700172387567814,-0.012115558976773369,NO
T2024,Unai Simón Mendibil,Spain,False,PRESSURED,MEDIUM_RIGHT,31,35,0.8857142857142857,1,0.03225806451612903,1.0,0.656441717791411,-0.014465945419073527,NO
T2024,Unai Simón Mendibil,Spain,False,PRESSURED,SHORT_CENTRAL,31,35,0.8857142857142857,2,0.06451612903225806,1.0,0.656441717791411,-0.008116020881388825,CENTRAL_ZONE_PROXY_ONLY
T2024,Unai Simón Mendibil,Spain,False,PRESSURED,SHORT_LEFT,31,35,0.8857142857142857,5,0.16129032258064516,1.0,0.6685950413223141,-0.00888763121276687,NO
T2024,Unai Simón Mendibil,Spain,False,PRESSURED,SHORT_RIGHT,31,35,0.8857142857142857,6,0.1935483870967742,0.8333333333333334,0.6926431070323987,-0.00940285503150349,NO
T2024,Unai Simón Mendibil,Spain,True,FREE,LONG_CENTRAL,30,35,0.8571428571428571,3,0.1,0.6666666666666666,0.7107438016528925,-0.0018649933996451812,CENTRAL_ZONE_PROXY_ONLY
T2024,Unai Simón Mendibil,Spain,True,FREE,MEDIUM_LEFT,30,35,0.8571428571428571,1,0.03333333333333333,1.0,0.7107438016528925,-0.0026579929137792307,NO
T2024,Unai Simón Mendibil,Spain,True,FREE,SHORT_CENTRAL,30,35,0.8571428571428571,7,0.23333333333333334,1.0,0.7158599845321404,-0.005405395404628303,CENTRAL_ZONE_PROXY_ONLY
T2024,Unai Simón Mendibil,Spain,True,FREE,SHORT_LEFT,30,35,0.8571428571428571,3,0.1,1.0,0.7107438016528925,-0.006859141911603479,NO
T2024,Unai Simón Mendibil,Spain,True,FREE,SHORT_RIGHT,30,35,0.8571428571428571,5,0.16666666666666666,1.0,0.7054476663200473,-0.005737524623316335,NO
T2024,Unai Simón Mendibil,Spain,True,FREE,VERY_LONG_LEFT,30,35,0.8571428571428571,6,0.2,0.8333333333333334,0.6835927597221518,-0.007663544435330914,NO
T2024,Unai Simón Mendibil,Spain,True,FREE,VERY_LONG_RIGHT,30,35,0.8571428571428571,5,0.16666666666666666,0.4,0.6998833848805962,-0.0026332655420628374,NO
T2024,Wojciech Szczęsny,Poland,False,FREE,LONG_CENTRAL,39,39,1.0,2,0.05128205128205128,0.0,0.7818895166352794,-0.005927197276049444,CENTRAL_ZONE_PROXY_ONLY
T2024,Wojciech Szczęsny,Poland,False,FREE,LONG_LEFT,39,39,1.0,5,0.1282051282051282,0.4,0.7545637162586315,-0.005167068513861723,NO
T2024,Wojciech Szczęsny,Poland,False,FREE,LONG_RIGHT,39,39,1.0,2,0.05128205128205128,0.0,0.7363977485928705,-0.006014885902082198,NO
T2024,Wojciech Szczęsny,Poland,False,FREE,MEDIUM_CENTRAL,39,39,1.0,4,0.10256410256410256,0.75,0.7334245311644065,-0.006593211971625025,CENTRAL_ZONE_PROXY_ONLY
T2024,Wojciech Szczęsny,Poland,False,FREE,MEDIUM_LEFT,39,39,1.0,6,0.15384615384615385,0.8333333333333334,0.8149355352745183,-0.0025515226438278926,NO
T2024,Wojciech Szczęsny,Poland,False,FREE,MEDIUM_RIGHT,39,39,1.0,2,0.05128205128205128,1.0,0.8774233896185115,0.00047069742963360035,NO
T2024,Wojciech Szczęsny,Poland,False,FREE,SHORT_CENTRAL,39,39,1.0,10,0.2564102564102564,1.0,0.8680541938473663,-0.003557182948194389,CENTRAL_ZONE_PROXY_ONLY
T2024,Wojciech Szczęsny,Poland,False,FREE,SHORT_LEFT,39,39,1.0,5,0.1282051282051282,1.0,0.825119378174656,-0.004530143377743673,NO
T2024,Wojciech Szczęsny,Poland,False,FREE,SHORT_RIGHT,39,39,1.0,2,0.05128205128205128,1.0,0.7655270655270656,-0.004545526050145625,NO
T2024,Wojciech Szczęsny,Poland,False,FREE,VERY_LONG_LEFT,39,39,1.0,1,0.02564102564102564,1.0,0.7384615384615385,-0.006873168216456638,NO
T2024,Wojciech Szczęsny,Poland,False,PRESSURED,LONG_CENTRAL,13,14,0.9285714285714286,3,0.23076923076923078,0.3333333333333333,0.6774416805764768,-0.001974859856267342,CENTRAL_ZONE_PROXY_ONLY
T2024,Wojciech Szczęsny,Poland,False,PRESSURED,LONG_LEFT,13,14,0.9285714285714286,1,0.07692307692307693,1.0,0.7107438016528925,-0.00847991745122591,NO
T2024,Wojciech Szczęsny,Poland,False,PRESSURED,LONG_RIGHT,13,14,0.9285714285714286,3,0.23076923076923078,0.0,0.6497351133714769,-0.008309355797014714,NO
T2024,Wojciech Szczęsny,Poland,False,PRESSURED,MEDIUM_RIGHT,13,14,0.9285714285714286,1,0.07692307692307693,1.0,0.7107438016528925,-0.0008074854548566403,NO
T2024,Wojciech Szczęsny,Poland,False,PRESSURED,SHORT_CENTRAL,13,14,0.9285714285714286,3,0.23076923076923078,1.0,0.6441395595000611,-0.00993673942229675,CENTRAL_ZONE_PROXY_ONLY
T2024,Wojciech Szczęsny,Poland,False,PRESSURED,SHORT_RIGHT,13,14,0.9285714285714286,1,0.07692307692307693,1.0,0.7107438016528925,-0.006232472219780886,NO
T2024,Wojciech Szczęsny,Poland,False,PRESSURED,VERY_LONG_RIGHT,13,14,0.9285714285714286,1,0.07692307692307693,1.0,0.6108374384236454,-0.014559842760666856,NO
T2024,Wojciech Szczęsny,Poland,True,FREE,LONG_CENTRAL,11,12,0.9166666666666666,1,0.09090909090909091,1.0,0.7107438016528925,-0.008926498457515537,CENTRAL_ZONE_PROXY_ONLY
T2024,Wojciech Szczęsny,Poland,True,FREE,LONG_RIGHT,11,12,0.9166666666666666,1,0.09090909090909091,1.0,0.7107438016528925,-0.008926498457515537,NO
T2024,Wojciech Szczęsny,Poland,True,FREE,MEDIUM_RIGHT,11,12,0.9166666666666666,1,0.09090909090909091,1.0,0.7384615384615385,-3.764741234456607e-05,NO
T2024,Wojciech Szczęsny,Poland,True,FREE,SHORT_CENTRAL,11,12,0.9166666666666666,3,0.2727272727272727,1.0,0.7127634766867844,-0.004388876334782296,CENTRAL_ZONE_PROXY_ONLY
T2024,Wojciech Szczęsny,Poland,True,FREE,SHORT_RIGHT,11,12,0.9166666666666666,1,0.09090909090909091,1.0,0.7107438016528925,-0.008926498457515537,NO
T2024,Wojciech Szczęsny,Poland,True,FREE,VERY_LONG_CENTRAL,11,12,0.9166666666666666,1,0.09090909090909091,0.0,0.7925925925925926,-0.0003916101837606258,CENTRAL_ZONE_PROXY_ONLY
T2024,Wojciech Szczęsny,Poland,True,FREE,VERY_LONG_LEFT,11,12,0.9166666666666666,1,0.09090909090909091,0.0,0.6108374384236454,-0.009006749536441039,NO
T2024,Wojciech Szczęsny,Poland,True,FREE,VERY_LONG_RIGHT,11,12,0.9166666666666666,2,0.18181818181818182,0.0,0.695662621650847,-0.001907201079939615,NO
T2024,Yann Sommer,Switzerland,False,FREE,LONG_CENTRAL,114,116,0.9827586206896551,6,0.05263157894736842,0.3333333333333333,0.8119203905445914,-0.0024187954409696333,CENTRAL_ZONE_PROXY_ONLY
T2024,Yann Sommer,Switzerland,False,FREE,LONG_LEFT,114,116,0.9827586206896551,6,0.05263157894736842,0.3333333333333333,0.7532090404737667,-0.0067295386387303075,NO
T2024,Yann Sommer,Switzerland,False,FREE,LONG_RIGHT,114,116,0.9827586206896551,3,0.02631578947368421,0.6666666666666666,0.8269159289524458,-0.0007108809926824927,NO
T2024,Yann Sommer,Switzerland,False,FREE,MEDIUM_CENTRAL,114,116,0.9827586206896551,1,0.008771929824561403,1.0,0.9775280898876404,-0.0020507916410670082,CENTRAL_ZONE_PROXY_ONLY
T2024,Yann Sommer,Switzerland,False,FREE,MEDIUM_LEFT,114,116,0.9827586206896551,8,0.07017543859649122,0.875,0.8050189393939395,-0.002842682483615508,NO
T2024,Yann Sommer,Switzerland,False,FREE,MEDIUM_RIGHT,114,116,0.9827586206896551,12,0.10526315789473684,1.0,0.824285600109283,-0.005326066783313865,NO
T2024,Yann Sommer,Switzerland,False,FREE,SHORT_CENTRAL,114,116,0.9827586206896551,45,0.39473684210526316,1.0,0.8496361471464483,-0.00329293564597917,CENTRAL_ZONE_PROXY_ONLY
T2024,Yann Sommer,Switzerland,False,FREE,SHORT_LEFT,114,116,0.9827586206896551,23,0.20175438596491227,1.0,0.8280352563528709,-0.004925144388654068,NO
T2024,Yann Sommer,Switzerland,False,FREE,SHORT_RIGHT,114,116,0.9827586206896551,9,0.07894736842105263,1.0,0.8531285072951741,-0.0032404102688400054,NO
T2024,Yann Sommer,Switzerland,False,FREE,VERY_LONG_CENTRAL,114,116,0.9827586206896551,1,0.008771929824561403,1.0,0.0,-0.027793229464423606,CENTRAL_ZONE_PROXY_ONLY
T2024,Yann Sommer,Switzerland,False,PRESSURED,LONG_CENTRAL,31,33,0.9393939393939394,4,0.12903225806451613,0.25,0.6532442412519781,-0.006342224568988,CENTRAL_ZONE_PROXY_ONLY
T2024,Yann Sommer,Switzerland,False,PRESSURED,LONG_LEFT,31,33,0.9393939393939394,3,0.0967741935483871,0.6666666666666666,0.6688294941679853,-0.004401285921669473,NO
T2024,Yann Sommer,Switzerland,False,PRESSURED,LONG_RIGHT,31,33,0.9393939393939394,2,0.06451612903225806,0.5,0.6703719008264463,-0.004727833014851816,NO
T2024,Yann Sommer,Switzerland,False,PRESSURED,MEDIUM_LEFT,31,33,0.9393939393939394,2,0.06451612903225806,1.0,0.6128723404255318,-0.005875131366545289,NO
T2024,Yann Sommer,Switzerland,False,PRESSURED,MEDIUM_RIGHT,31,33,0.9393939393939394,5,0.16129032258064516,1.0,0.5866768673804678,-0.00803073800554346,NO
T2024,Yann Sommer,Switzerland,False,PRESSURED,SHORT_CENTRAL,31,33,0.9393939393939394,4,0.12903225806451613,1.0,0.633058290838755,-0.0069812502729973205,CENTRAL_ZONE_PROXY_ONLY
T2024,Yann Sommer,Switzerland,False,PRESSURED,SHORT_LEFT,31,33,0.9393939393939394,2,0.06451612903225806,1.0,0.6395348837209304,-0.010821044083705503,NO
T2024,Yann Sommer,Switzerland,False,PRESSURED,SHORT_RIGHT,31,33,0.9393939393939394,9,0.2903225806451613,1.0,0.6397029218913075,-0.010404182337317257,NO
T2024,Yann Sommer,Switzerland,True,FREE,LONG_LEFT,16,17,0.9411764705882353,1,0.0625,0.0,0.6395348837209304,-0.006745449132725855,NO
T2024,Yann Sommer,Switzerland,True,FREE,LONG_RIGHT,16,17,0.9411764705882353,7,0.4375,0.2857142857142857,0.7005710990911836,-0.0024484549001937287,NO
T2024,Yann Sommer,Switzerland,True,FREE,MEDIUM_LEFT,16,17,0.9411764705882353,1,0.0625,1.0,0.7804878048780488,-0.007686045890749921,NO
T2024,Yann Sommer,Switzerland,True,FREE,MEDIUM_RIGHT,16,17,0.9411764705882353,1,0.0625,1.0,0.7698863636363638,-9.580954302100108e-05,NO
T2024,Yann Sommer,Switzerland,True,FREE,SHORT_CENTRAL,16,17,0.9411764705882353,3,0.1875,1.0,0.7031404157857647,-0.003796700824745744,CENTRAL_ZONE_PROXY_ONLY
T2024,Yann Sommer,Switzerland,True,FREE,SHORT_LEFT,16,17,0.9411764705882353,1,0.0625,1.0,0.6470588235294118,-0.003405884259924944,NO
T2024,Yann Sommer,Switzerland,True,FREE,SHORT_RIGHT,16,17,0.9411764705882353,2,0.125,1.0,0.7107438016528925,-0.005825463638647451,NO
T2024,Łukasz Skorupski,Poland,False,FREE,LONG_RIGHT,15,15,1.0,3,0.2,0.3333333333333333,0.7388888888888889,-0.0032890263803606393,NO
T2024,Łukasz Skorupski,Poland,False,FREE,MEDIUM_RIGHT,15,15,1.0,2,0.13333333333333333,1.0,0.36666666666666664,-0.013311205880202605,NO
T2024,Łukasz Skorupski,Poland,False,FREE,SHORT_CENTRAL,15,15,1.0,7,0.4666666666666667,1.0,0.844492362982929,-0.00018285472990065246,CENTRAL_ZONE_PROXY_ONLY
T2024,Łukasz Skorupski,Poland,False,FREE,SHORT_LEFT,15,15,1.0,2,0.13333333333333333,1.0,0.9104166666666667,-0.004857098124545786,NO
T2024,Łukasz Skorupski,Poland,False,FREE,VERY_LONG_LEFT,15,15,1.0,1,0.06666666666666667,0.0,0.8490566037735849,-0.0005490906489899966,NO
T2024,Łukasz Skorupski,Poland,False,PRESSURED,MEDIUM_RIGHT,1,1,1.0,1,1.0,1.0,0.63,-0.011320682836214548,NO
T2024,Łukasz Skorupski,Poland,True,FREE,LONG_CENTRAL,13,13,1.0,1,0.07692307692307693,1.0,0.7333333333333333,-0.003910819087460122,CENTRAL_ZONE_PROXY_ONLY
T2024,Łukasz Skorupski,Poland,True,FREE,SHORT_CENTRAL,13,13,1.0,5,0.38461538461538464,1.0,0.7453333333333333,-0.008274657619262632,CENTRAL_ZONE_PROXY_ONLY
T2024,Łukasz Skorupski,Poland,True,FREE,SHORT_LEFT,13,13,1.0,3,0.23076923076923078,1.0,0.7733333333333333,-0.003519260820306573,NO
T2024,Łukasz Skorupski,Poland,True,FREE,VERY_LONG_CENTRAL,13,13,1.0,3,0.23076923076923078,0.3333333333333333,0.7333333333333333,-0.008578004804516743,CENTRAL_ZONE_PROXY_ONLY
T2024,Łukasz Skorupski,Poland,True,FREE,VERY_LONG_RIGHT,13,13,1.0,1,0.07692307692307693,0.0,0.6470588235294118,-0.006091746563143278,NO
WC2018,Abdullah Ibrahim Al Maiouf,Saudi Arabia,False,FREE,LONG_CENTRAL,25,28,0.8928571428571429,3,0.12,0.0,0.7515669515669515,-0.0022070435742659006,CENTRAL_ZONE_PROXY_ONLY
WC2018,Abdullah Ibrahim Al Maiouf,Saudi Arabia,False,FREE,LONG_LEFT,25,28,0.8928571428571429,5,0.2,0.6,0.7418803418803419,-0.002870093641086284,NO
WC2018,Abdullah Ibrahim Al Maiouf,Saudi Arabia,False,FREE,LONG_RIGHT,25,28,0.8928571428571429,4,0.16,0.0,0.732905982905983,-0.005146532570322897,NO
WC2018,Abdullah Ibrahim Al Maiouf,Saudi Arabia,False,FREE,MEDIUM_LEFT,25,28,0.8928571428571429,3,0.12,0.6666666666666666,0.8232232232232232,-0.002276790501338054,NO
WC2018,Abdullah Ibrahim Al Maiouf,Saudi Arabia,False,FREE,SHORT_CENTRAL,25,28,0.8928571428571429,1,0.04,1.0,0.7777777777777778,-0.009123064463906799,CENTRAL_ZONE_PROXY_ONLY
WC2018,Abdullah Ibrahim Al Maiouf,Saudi Arabia,False,FREE,SHORT_LEFT,25,28,0.8928571428571429,2,0.08,1.0,0.8888888888888888,-0.0028785653360900673,NO
WC2018,Abdullah Ibrahim Al Maiouf,Saudi Arabia,False,FREE,SHORT_RIGHT,25,28,0.8928571428571429,2,0.08,1.0,0.9459459459459459,0.0015035051173189797,NO
WC2018,Abdullah Ibrahim Al Maiouf,Saudi Arabia,False,FREE,VERY_LONG_CENTRAL,25,28,0.8928571428571429,1,0.04,0.0,0.8918918918918919,0.0031309818925087836,CENTRAL_ZONE_PROXY_ONLY
WC2018,Abdullah Ibrahim Al Maiouf,Saudi Arabia,False,FREE,VERY_LONG_LEFT,25,28,0.8928571428571429,2,0.08,0.0,0.7078507078507079,-0.004414278776144014,NO
WC2018,Abdullah Ibrahim Al Maiouf,Saudi Arabia,False,FREE,VERY_LONG_RIGHT,25,28,0.8928571428571429,2,0.08,0.5,0.7273504273504274,-0.0027447707044754343,NO
WC2018,Abdullah Ibrahim Al Maiouf,Saudi Arabia,False,PRESSURED,SHORT_LEFT,1,2,0.5,1,1.0,1.0,0.5432098765432098,-0.003787218318990075,NO
WC2018,Abdullah Ibrahim Al Maiouf,Saudi Arabia,True,FREE,LONG_LEFT,5,5,1.0,2,0.4,0.5,0.6086835899569981,-0.004500486402173019,NO
WC2018,Abdullah Ibrahim Al Maiouf,Saudi Arabia,True,FREE,VERY_LONG_CENTRAL,5,5,1.0,1,0.2,1.0,0.6741573033707864,-0.002092810901636576,CENTRAL_ZONE_PROXY_ONLY
WC2018,Abdullah Ibrahim Al Maiouf,Saudi Arabia,True,FREE,VERY_LONG_LEFT,5,5,1.0,2,0.4,0.5,0.5432098765432098,-0.004512554502368303,NO
WC2018,Alireza Safar Beiranvand,Iran,False,FREE,LONG_CENTRAL,28,31,0.9032258064516129,4,0.14285714285714285,0.25,0.8267996306858599,-0.003339819509888854,CENTRAL_ZONE_PROXY_ONLY
WC2018,Alireza Safar Beiranvand,Iran,False,FREE,LONG_LEFT,28,31,0.9032258064516129,3,0.10714285714285714,0.3333333333333333,0.8624338624338624,-0.004945687932413515,NO
WC2018,Alireza Safar Beiranvand,Iran,False,FREE,LONG_RIGHT,28,31,0.9032258064516129,6,0.21428571428571427,0.3333333333333333,0.7026373283395756,-0.006309877700913565,NO
WC2018,Alireza Safar Beiranvand,Iran,False,FREE,MEDIUM_LEFT,28,31,0.9032258064516129,1,0.03571428571428571,1.0,0.6466666666666666,-0.000488915932219715,NO
WC2018,Alireza Safar Beiranvand,Iran,False,FREE,MEDIUM_RIGHT,28,31,0.9032258064516129,1,0.03571428571428571,1.0,0.6466666666666666,-0.00272290943841161,NO
WC2018,Alireza Safar Beiranvand,Iran,False,FREE,SHORT_CENTRAL,28,31,0.9032258064516129,1,0.03571428571428571,1.0,1.0,0.002167244431238384,CENTRAL_ZONE_PROXY_ONLY
WC2018,Alireza Safar Beiranvand,Iran,False,FREE,SHORT_LEFT,28,31,0.9032258064516129,4,0.14285714285714285,1.0,0.7787734404898583,-0.001772671594273897,NO
WC2018,Alireza Safar Beiranvand,Iran,False,FREE,SHORT_RIGHT,28,31,0.9032258064516129,2,0.07142857142857142,1.0,0.8384615384615385,-0.005811879730685436,NO
WC2018,Alireza Safar Beiranvand,Iran,False,FREE,VERY_LONG_CENTRAL,28,31,0.9032258064516129,4,0.14285714285714285,0.0,0.7118498168498169,-0.0058229602114846695,CENTRAL_ZONE_PROXY_ONLY
WC2018,Alireza Safar Beiranvand,Iran,False,FREE,VERY_LONG_LEFT,28,31,0.9032258064516129,2,0.07142857142857142,0.5,0.5419058553386912,-0.014839444475369175,NO
WC2018,Alireza Safar Beiranvand,Iran,False,PRESSURED,LONG_LEFT,2,3,0.6666666666666666,1,0.5,1.0,0.5873015873015873,-0.013563251821494664,NO
WC2018,Alireza Safar Beiranvand,Iran,False,PRESSURED,SHORT_LEFT,2,3,0.6666666666666666,1,0.5,1.0,0.4523809523809524,-0.006988446564891766,NO
WC2018,Alireza Safar Beiranvand,Iran,True,FREE,LONG_CENTRAL,23,24,0.9583333333333334,2,0.08695652173913043,0.5,0.5652557319223985,-0.005181434154703389,CENTRAL_ZONE_PROXY_ONLY
WC2018,Alireza Safar Beiranvand,Iran,True,FREE,LONG_LEFT,23,24,0.9583333333333334,1,0.043478260869565216,1.0,0.4915254237288136,-0.006943895012980698,NO
WC2018,Alireza Safar Beiranvand,Iran,True,FREE,LONG_RIGHT,23,24,0.9583333333333334,2,0.08695652173913043,0.5,0.5632716049382716,-0.005040004955317307,NO
WC2018,Alireza Safar Beiranvand,Iran,True,FREE,MEDIUM_RIGHT,23,24,0.9583333333333334,1,0.043478260869565216,1.0,0.5217391304347826,-0.005830931033384203,NO
WC2018,Alireza Safar Beiranvand,Iran,True,FREE,SHORT_RIGHT,23,24,0.9583333333333334,2,0.08695652173913043,1.0,0.6307294453361869,-0.004286433271467088,NO
WC2018,Alireza Safar Beiranvand,Iran,True,FREE,VERY_LONG_CENTRAL,23,24,0.9583333333333334,7,0.30434782608695654,0.0,0.5359907002185137,-0.006864020135790934,CENTRAL_ZONE_PROXY_ONLY
WC2018,Alireza Safar Beiranvand,Iran,True,FREE,VERY_LONG_LEFT,23,24,0.9583333333333334,5,0.21739130434782608,0.8,0.5462155210619961,-0.0056052687607254115,NO
WC2018,Alireza Safar Beiranvand,Iran,True,FREE,VERY_LONG_RIGHT,23,24,0.9583333333333334,3,0.13043478260869565,0.0,0.551411573754569,-0.006478972527164721,NO
WC2018,Alisson Ramsés Becker,Brazil,False,FREE,LONG_CENTRAL,47,47,1.0,1,0.02127659574468085,0.0,0.5892857142857143,-0.005527025545450481,CENTRAL_ZONE_PROXY_ONLY
WC2018,Alisson Ramsés Becker,Brazil,False,FREE,LONG_LEFT,47,47,1.0,1,0.02127659574468085,1.0,0.5873015873015873,-0.00763210949353239,NO
WC2018,Alisson Ramsés Becker,Brazil,False,FREE,LONG_RIGHT,47,47,1.0,2,0.0425531914893617,0.0,0.49864130434782605,-0.009805745478109432,NO
WC2018,Alisson Ramsés Becker,Brazil,False,FREE,MEDIUM_LEFT,47,47,1.0,2,0.0425531914893617,1.0,0.626797385620915,-0.006208471601312687,NO
WC2018,Alisson Ramsés Becker,Brazil,False,FREE,MEDIUM_RIGHT,47,47,1.0,5,0.10638297872340426,1.0,0.8321143030855753,0.0006266733340805225,NO
WC2018,Alisson Ramsés Becker,Brazil,False,FREE,SHORT_CENTRAL,47,47,1.0,14,0.2978723404255319,1.0,0.8383720836187523,0.0006254712258650044,CENTRAL_ZONE_PROXY_ONLY
WC2018,Alisson Ramsés Becker,Brazil,False,FREE,SHORT_LEFT,47,47,1.0,10,0.2127659574468085,1.0,0.7068166202919473,-0.00462320151189653,NO
WC2018,Alisson Ramsés Becker,Brazil,False,FREE,SHORT_RIGHT,47,47,1.0,5,0.10638297872340426,1.0,0.7000522875816994,-0.003159389768910721,NO
WC2018,Alisson Ramsés Becker,Brazil,False,FREE,VERY_LONG_CENTRAL,47,47,1.0,1,0.02127659574468085,0.0,0.4,-0.008469835024370036,CENTRAL_ZONE_PROXY_ONLY
WC2018,Alisson Ramsés Becker,Brazil,False,FREE,VERY_LONG_LEFT,47,47,1.0,6,0.1276595744680851,0.3333333333333333,0.47620817186034575,-0.009701055692696211,NO
WC2018,Alisson Ramsés Becker,Brazil,False,PRESSURED,MEDIUM_LEFT,4,4,1.0,1,0.25,1.0,0.4523809523809524,-0.005090306807657937,NO
WC2018,Alisson Ramsés Becker,Brazil,False,PRESSURED,SHORT_CENTRAL,4,4,1.0,1,0.25,1.0,0.4,-0.013092712805425746,CENTRAL_ZONE_PROXY_ONLY
WC2018,Alisson Ramsés Becker,Brazil,False,PRESSURED,SHORT_LEFT,4,4,1.0,1,0.25,1.0,0.4880952380952381,-0.0056276061063547595,NO
WC2018,Alisson Ramsés Becker,Brazil,False,PRESSURED,VERY_LONG_RIGHT,4,4,1.0,1,0.25,1.0,0.5238095238095238,-0.016352120790535288,NO
WC2018,Alisson Ramsés Becker,Brazil,True,FREE,LONG_CENTRAL,15,15,1.0,3,0.2,1.0,0.5423499318298373,-0.0060454815887052114,CENTRAL_ZONE_PROXY_ONLY
WC2018,Alisson Ramsés Becker,Brazil,True,FREE,LONG_LEFT,15,15,1.0,2,0.13333333333333333,0.5,0.5376984126984127,-0.006118470517965873,NO
WC2018,Alisson Ramsés Becker,Brazil,True,FREE,LONG_RIGHT,15,15,1.0,1,0.06666666666666667,1.0,0.5873015873015873,-0.0048048875906370825,NO
WC2018,Alisson Ramsés Becker,Brazil,True,FREE,MEDIUM_LEFT,15,15,1.0,1,0.06666666666666667,1.0,0.5432098765432098,-0.004512554502368303,NO
WC2018,Alisson Ramsés Becker,Brazil,True,FREE,MEDIUM_RIGHT,15,15,1.0,1,0.06666666666666667,1.0,0.4915254237288136,-0.007414747625176049,NO
WC2018,Alisson Ramsés Becker,Brazil,True,FREE,SHORT_CENTRAL,15,15,1.0,1,0.06666666666666667,1.0,0.5873015873015873,-0.004422126854561429,CENTRAL_ZONE_PROXY_ONLY
WC2018,Alisson Ramsés Becker,Brazil,True,FREE,SHORT_LEFT,15,15,1.0,1,0.06666666666666667,1.0,0.5432098765432098,-0.004512554502368303,NO
WC2018,Alisson Ramsés Becker,Brazil,True,FREE,SHORT_RIGHT,15,15,1.0,3,0.2,1.0,0.5241121872477805,-0.006854917388045376,NO
WC2018,Alisson Ramsés Becker,Brazil,True,FREE,VERY_LONG_CENTRAL,15,15,1.0,1,0.06666666666666667,0.0,0.4880952380952381,-0.007437492514288253,CENTRAL_ZONE_PROXY_ONLY
WC2018,Alisson Ramsés Becker,Brazil,True,FREE,VERY_LONG_LEFT,15,15,1.0,1,0.06666666666666667,0.0,0.4915254237288136,-0.007414354562900612,NO
WC2018,Aymen Mathlouthi,Tunisia,False,FREE,LONG_LEFT,19,20,0.95,2,0.10526315789473684,0.5,0.6179761904761905,-0.005539571331945201,NO
WC2018,Aymen Mathlouthi,Tunisia,False,FREE,LONG_RIGHT,19,20,0.95,2,0.10526315789473684,0.5,0.615,-0.008625955559728934,NO
WC2018,Aymen Mathlouthi,Tunisia,False,FREE,MEDIUM_LEFT,19,20,0.95,1,0.05263157894736842,1.0,0.5892857142857143,-0.006780316871546255,NO
WC2018,Aymen Mathlouthi,Tunisia,False,FREE,SHORT_CENTRAL,19,20,0.95,7,0.3684210526315789,1.0,0.7527808918538401,-0.0023715257220015876,CENTRAL_ZONE_PROXY_ONLY
WC2018,Aymen Mathlouthi,Tunisia,False,FREE,SHORT_LEFT,19,20,0.95,4,0.21052631578947367,1.0,0.6323214285714286,-0.0047272972259439685,NO
WC2018,Aymen Mathlouthi,Tunisia,False,FREE,SHORT_RIGHT,19,20,0.95,3,0.15789473684210525,1.0,0.6255555555555555,-0.009823926717889462,NO
WC2018,Aymen Mathlouthi,Tunisia,False,PRESSURED,MEDIUM_RIGHT,3,3,1.0,1,0.3333333333333333,1.0,0.3076923076923077,-0.011690670930555156,NO
WC2018,Aymen Mathlouthi,Tunisia,False,PRESSURED,SHORT_CENTRAL,3,3,1.0,1,0.3333333333333333,1.0,0.3076923076923077,-0.00982735871906755,CENTRAL_ZONE_PROXY_ONLY
WC2018,Aymen Mathlouthi,Tunisia,False,PRESSURED,SHORT_LEFT,3,3,1.0,1,0.3333333333333333,1.0,0.4523809523809524,-0.013843243290503893,NO
WC2018,Aymen Mathlouthi,Tunisia,True,FREE,LONG_CENTRAL,5,5,1.0,1,0.2,0.0,0.5833333333333334,-0.00556745540826631,CENTRAL_ZONE_PROXY_ONLY
WC2018,Aymen Mathlouthi,Tunisia,True,FREE,LONG_LEFT,5,5,1.0,2,0.4,0.5,0.4523809523809524,-0.008433451525383474,NO
WC2018,Aymen Mathlouthi,Tunisia,True,FREE,SHORT_RIGHT,5,5,1.0,1,0.2,1.0,0.5892857142857143,-0.0039341738692369385,NO
WC2018,Aymen Mathlouthi,Tunisia,True,FREE,VERY_LONG_RIGHT,5,5,1.0,1,0.2,0.0,0.4523809523809524,-0.007363680530312989,NO
WC2018,Danijel Subašić,Croatia,False,FREE,LONG_CENTRAL,106,121,0.8760330578512396,4,0.03773584905660377,0.5,0.6622932330827068,-0.0024753661183986634,CENTRAL_ZONE_PROXY_ONLY
WC2018,Danijel Subašić,Croatia,False,FREE,LONG_LEFT,106,121,0.8760330578512396,10,0.09433962264150944,0.7,0.682846686849258,-0.003349793310107937,NO
WC2018,Danijel Subašić,Croatia,False,FREE,LONG_RIGHT,106,121,0.8760330578512396,6,0.05660377358490566,0.5,0.6363133334044695,-0.008421310512720064,NO
WC2018,Danijel Subašić,Croatia,False,FREE,MEDIUM_CENTRAL,106,121,0.8760330578512396,6,0.05660377358490566,1.0,0.8170766333478197,-0.0016627600854631835,CENTRAL_ZONE_PROXY_ONLY
WC2018,Danijel Subašić,Croatia,False,FREE,MEDIUM_LEFT,106,121,0.8760330578512396,5,0.04716981132075472,1.0,0.8502448584642147,-0.00015457796797536675,NO
WC2018,Danijel Subašić,Croatia,False,FREE,MEDIUM_RIGHT,106,121,0.8760330578512396,7,0.0660377358490566,1.0,0.844099557310798,0.0004294764330245113,NO
WC2018,Danijel Subašić,Croatia,False,FREE,SHORT_CENTRAL,106,121,0.8760330578512396,26,0.24528301886792453,1.0,0.7718270779557745,-0.0018001183736566391,CENTRAL_ZONE_PROXY_ONLY
WC2018,Danijel Subašić,Croatia,False,FREE,SHORT_LEFT,106,121,0.8760330578512396,19,0.1792452830188679,1.0,0.8276816267785929,-0.0003795765228453138,NO
WC2018,Danijel Subašić,Croatia,False,FREE,SHORT_RIGHT,106,121,0.8760330578512396,19,0.1792452830188679,1.0,0.7757288536545797,-0.0004094098432043711,NO
WC2018,Danijel Subašić,Croatia,False,FREE,VERY_LONG_CENTRAL,106,121,0.8760330578512396,1,0.009433962264150943,1.0,0.6466666666666666,-0.007688736827756937,CENTRAL_ZONE_PROXY_ONLY
WC2018,Danijel Subašić,Croatia,False,FREE,VERY_LONG_LEFT,106,121,0.8760330578512396,2,0.018867924528301886,0.5,0.5482456140350878,-0.006198985172386492,NO
WC2018,Danijel Subašić,Croatia,False,FREE,VERY_LONG_RIGHT,106,121,0.8760330578512396,1,0.009433962264150943,0.0,0.6741573033707864,-0.0065044579152615245,NO
WC2018,Danijel Subašić,Croatia,False,PRESSURED,LONG_CENTRAL,12,15,0.8,3,0.25,0.0,0.4801587301587302,-0.005613966112621702,CENTRAL_ZONE_PROXY_ONLY
WC2018,Danijel Subašić,Croatia,False,PRESSURED,LONG_LEFT,12,15,0.8,2,0.16666666666666666,1.0,0.4880952380952381,-0.008214622767424285,NO
WC2018,Danijel Subašić,Croatia,False,PRESSURED,LONG_RIGHT,12,15,0.8,4,0.3333333333333333,0.5,0.5168650793650794,-0.007906385097996411,NO
WC2018,Danijel Subašić,Croatia,False,PRESSURED,MEDIUM_LEFT,12,15,0.8,1,0.08333333333333333,1.0,0.42857142857142855,-0.007812865696433063,NO
WC2018,Danijel Subašić,Croatia,False,PRESSURED,MEDIUM_RIGHT,12,15,0.8,1,0.08333333333333333,0.0,0.5,-0.006822638732762837,NO
WC2018,Danijel Subašić,Croatia,False,PRESSURED,SHORT_RIGHT,12,15,0.8,1,0.08333333333333333,1.0,0.4880952380952381,-0.015437223722159903,NO
WC2018,Danijel Subašić,Croatia,True,FREE,LONG_CENTRAL,25,31,0.8064516129032258,3,0.12,0.3333333333333333,0.5596926713947991,-0.005796183043687356,CENTRAL_ZONE_PROXY_ONLY
WC2018,Danijel Subašić,Croatia,True,FREE,LONG_LEFT,25,31,0.8064516129032258,4,0.16,0.75,0.5029761904761905,-0.007000265131765793,NO
WC2018,Danijel Subašić,Croatia,True,FREE,LONG_RIGHT,25,31,0.8064516129032258,2,0.08,0.0,0.5,-0.007607703506928491,NO
WC2018,Danijel Subašić,Croatia,True,FREE,MEDIUM_RIGHT,25,31,0.8064516129032258,3,0.12,1.0,0.6060526315789473,-0.005250049484228257,NO
WC2018,Danijel Subašić,Croatia,True,FREE,SHORT_CENTRAL,25,31,0.8064516129032258,1,0.04,1.0,0.4880952380952381,-0.007814814181370318,CENTRAL_ZONE_PROXY_ONLY
WC2018,Danijel Subašić,Croatia,True,FREE,SHORT_LEFT,25,31,0.8064516129032258,2,0.08,1.0,0.5528549382716049,-0.005573688054244462,NO
WC2018,Danijel Subašić,Croatia,True,FREE,SHORT_RIGHT,25,31,0.8064516129032258,3,0.12,1.0,0.5216496689926641,-0.005718975189111135,NO
WC2018,Danijel Subašić,Croatia,True,FREE,VERY_LONG_CENTRAL,25,31,0.8064516129032258,2,0.08,0.0,0.5,-0.007057443856820136,CENTRAL_ZONE_PROXY_ONLY
WC2018,Danijel Subašić,Croatia,True,FREE,VERY_LONG_LEFT,25,31,0.8064516129032258,5,0.2,0.6,0.5350566162659882,-0.0062002939288481555,NO
WC2018,David Ospina Ramírez,Colombia,False,FREE,LONG_CENTRAL,59,65,0.9076923076923077,6,0.1016949152542373,0.5,0.6443925356035644,-0.006840528995972028,CENTRAL_ZONE_PROXY_ONLY
WC2018,David Ospina Ramírez,Colombia,False,FREE,LONG_LEFT,59,65,0.9076923076923077,5,0.0847457627118644,0.6,0.6590671569273308,-0.005936275880344697,NO
WC2018,David Ospina Ramírez,Colombia,False,FREE,LONG_RIGHT,59,65,0.9076923076923077,8,0.13559322033898305,0.25,0.611670453136079,-0.00586299038200293,NO
WC2018,David Ospina Ramírez,Colombia,False,FREE,MEDIUM_CENTRAL,59,65,0.9076923076923077,1,0.01694915254237288,0.0,0.5873015873015873,-0.00540788469937287,CENTRAL_ZONE_PROXY_ONLY
WC2018,David Ospina Ramírez,Colombia,False,FREE,MEDIUM_LEFT,59,65,0.9076923076923077,1,0.01694915254237288,1.0,0.9534883720930233,0.004297550629567468,NO
WC2018,David Ospina Ramírez,Colombia,False,FREE,MEDIUM_RIGHT,59,65,0.9076923076923077,4,0.06779661016949153,1.0,0.7643606330933719,-0.0031339450384017834,NO
WC2018,David Ospina Ramírez,Colombia,False,FREE,SHORT_CENTRAL,59,65,0.9076923076923077,10,0.1694915254237288,1.0,0.7919322906413652,-0.0016797481240320364,CENTRAL_ZONE_PROXY_ONLY
WC2018,David Ospina Ramírez,Colombia,False,FREE,SHORT_LEFT,59,65,0.9076923076923077,8,0.13559322033898305,1.0,0.7169234360410831,-0.0028516288399974415,NO
WC2018,David Ospina Ramírez,Colombia,False,FREE,SHORT_RIGHT,59,65,0.9076923076923077,14,0.23728813559322035,0.9285714285714286,0.7665789135801523,-0.0011439909240042834,NO
WC2018,David Ospina Ramírez,Colombia,False,FREE,VERY_LONG_RIGHT,59,65,0.9076923076923077,2,0.03389830508474576,0.0,0.5376984126984127,-0.006945296261103587,NO
WC2018,David Ospina Ramírez,Colombia,False,PRESSURED,LONG_CENTRAL,3,4,0.75,1,0.3333333333333333,1.0,0.4915254237288136,-0.004179549448852037,CENTRAL_ZONE_PROXY_ONLY
WC2018,David Ospina Ramírez,Colombia,False,PRESSURED,LONG_LEFT,3,4,0.75,1,0.3333333333333333,0.0,0.46153846153846156,-0.011493941678771054,NO
WC2018,David Ospina Ramírez,Colombia,False,PRESSURED,LONG_RIGHT,3,4,0.75,1,0.3333333333333333,0.0,0.4915254237288136,-0.006879857111418721,NO
WC2018,David Ospina Ramírez,Colombia,True,FREE,LONG_CENTRAL,20,25,0.8,2,0.1,0.5,0.5915231340763256,-0.004784268728306352,CENTRAL_ZONE_PROXY_ONLY
WC2018,David Ospina Ramírez,Colombia,True,FREE,LONG_LEFT,20,25,0.8,7,0.35,0.2857142857142857,0.5260372019109781,-0.0065569906956358046,NO
WC2018,David Ospina Ramírez,Colombia,True,FREE,LONG_RIGHT,20,25,0.8,4,0.2,0.75,0.5427775058815448,-0.006165781619247303,NO
WC2018,David Ospina Ramírez,Colombia,True,FREE,SHORT_CENTRAL,20,25,0.8,1,0.05,1.0,0.4880952380952381,-0.007814814181370318,CENTRAL_ZONE_PROXY_ONLY
WC2018,David Ospina Ramírez,Colombia,True,FREE,SHORT_LEFT,20,25,0.8,1,0.05,1.0,0.5625,-0.005589395389719229,NO
WC2018,David Ospina Ramírez,Colombia,True,FREE,VERY_LONG_CENTRAL,20,25,0.8,5,0.25,0.6,0.5306398050578861,-0.006433423794007328,CENTRAL_ZONE_PROXY_ONLY
WC2018,David de Gea Quintana,Spain,False,FREE,LONG_LEFT,44,46,0.9565217391304348,1,0.022727272727272728,1.0,0.5964912280701755,-0.0065518083896535465,NO
WC2018,David de Gea Quintana,Spain,False,FREE,LONG_RIGHT,44,46,0.9565217391304348,2,0.045454545454545456,1.0,0.621578947368421,-0.0044523186109994214,NO
WC2018,David de Gea Quintana,Spain,False,FREE,MEDIUM_LEFT,44,46,0.9565217391304348,5,0.11363636363636363,1.0,0.9178571428571429,0.001485564245405136,NO
WC2018,David de Gea Quintana,Spain,False,FREE,MEDIUM_RIGHT,44,46,0.9565217391304348,1,0.022727272727272728,1.0,0.85,-0.0033592504852973243,NO
WC2018,David de Gea Quintana,Spain,False,FREE,SHORT_CENTRAL,44,46,0.9565217391304348,15,0.3409090909090909,1.0,0.8013054346447404,-0.00284557997467908,CENTRAL_ZONE_PROXY_ONLY
WC2018,David de Gea Quintana,Spain,False,FREE,SHORT_LEFT,44,46,0.9565217391304348,9,0.20454545454545456,1.0,0.8171379761025733,-0.0011811326873738502,NO
WC2018,David de Gea Quintana,Spain,False,FREE,SHORT_RIGHT,44,46,0.9565217391304348,7,0.1590909090909091,1.0,0.755924643068345,-0.001960634860949308,NO
WC2018,David de Gea Quintana,Spain,False,FREE,VERY_LONG_CENTRAL,44,46,0.9565217391304348,1,0.022727272727272728,0.0,0.6466666666666666,-0.005020328072071118,CENTRAL_ZONE_PROXY_ONLY
WC2018,David de Gea Quintana,Spain,False,FREE,VERY_LONG_LEFT,44,46,0.9565217391304348,2,0.045454545454545456,0.5,0.621578947368421,-0.006674774869040929,NO
WC2018,David de Gea Quintana,Spain,False,FREE,VERY_LONG_RIGHT,44,46,0.9565217391304348,1,0.022727272727272728,0.0,0.6466666666666666,-0.0008564086674084145,NO
WC2018,David de Gea Quintana,Spain,False,PRESSURED,LONG_CENTRAL,3,4,0.75,1,0.3333333333333333,0.0,0.4523809523809524,-0.0063065678560295085,CENTRAL_ZONE_PROXY_ONLY
WC2018,David de Gea Quintana,Spain,False,PRESSURED,MEDIUM_CENTRAL,3,4,0.75,1,0.3333333333333333,1.0,0.4523809523809524,-0.0063065678560295085,CENTRAL_ZONE_PROXY_ONLY
WC2018,David de Gea Quintana,Spain,False,PRESSURED,SHORT_RIGHT,3,4,0.75,1,0.3333333333333333,1.0,0.3076923076923077,-0.017466252708911903,NO
WC2018,David de Gea Quintana,Spain,True,FREE,LONG_CENTRAL,15,16,0.9375,2,0.13333333333333333,0.0,0.5555124223602484,-0.004920731978184675,CENTRAL_ZONE_PROXY_ONLY
WC2018,David de Gea Quintana,Spain,True,FREE,LONG_RIGHT,15,16,0.9375,2,0.13333333333333333,1.0,0.5217391304347826,-0.006680214362753808,NO
WC2018,David de Gea Quintana,Spain,True,FREE,MEDIUM_RIGHT,15,16,0.9375,1,0.06666666666666667,1.0,0.5432098765432098,-0.005557980718769695,NO
WC2018,David de Gea Quintana,Spain,True,FREE,SHORT_CENTRAL,15,16,0.9375,1,0.06666666666666667,1.0,0.5432098765432098,-0.004512554502368303,CENTRAL_ZONE_PROXY_ONLY
WC2018,David de Gea Quintana,Spain,True,FREE,SHORT_LEFT,15,16,0.9375,1,0.06666666666666667,1.0,0.5217391304347826,-0.005626236702017372,NO
WC2018,David de Gea Quintana,Spain,True,FREE,SHORT_RIGHT,15,16,0.9375,2,0.13333333333333333,1.0,0.5632716049382716,-0.004817894796915793,NO
WC2018,David de Gea Quintana,Spain,True,FREE,VERY_LONG_CENTRAL,15,16,0.9375,5,0.3333333333333333,0.6,0.5173913043478262,-0.006123273665125212,CENTRAL_ZONE_PROXY_ONLY
WC2018,David de Gea Quintana,Spain,True,FREE,VERY_LONG_RIGHT,15,16,0.9375,1,0.06666666666666667,0.0,0.4523809523809524,-0.008433451525383474,NO
WC2018,Eiji Kawashima,Japan,False,FREE,LONG_CENTRAL,59,62,0.9516129032258065,6,0.1016949152542373,0.3333333333333333,0.635671041921042,-0.005471069896178248,CENTRAL_ZONE_PROXY_ONLY
WC2018,Eiji Kawashima,Japan,False,FREE,LONG_LEFT,59,62,0.9516129032258065,3,0.05084745762711865,0.6666666666666666,0.7365056970238605,-0.0065064210451117105,NO
WC2018,Eiji Kawashima,Japan,False,FREE,LONG_RIGHT,59,62,0.9516129032258065,12,0.2033898305084746,0.5,0.6344791874202406,-0.0035099691887040545,NO
WC2018,Eiji Kawashima,Japan,False,FREE,MEDIUM_RIGHT,59,62,0.9516129032258065,1,0.01694915254237288,1.0,0.8,-0.0008532030405130988,NO
WC2018,Eiji Kawashima,Japan,False,FREE,SHORT_CENTRAL,59,62,0.9516129032258065,11,0.1864406779661017,1.0,0.8213379665333892,-0.0015174301079460884,CENTRAL_ZONE_PROXY_ONLY
WC2018,Eiji Kawashima,Japan,False,FREE,SHORT_LEFT,59,62,0.9516129032258065,7,0.11864406779661017,1.0,0.7193842711213839,-0.005001700613502964,NO
WC2018,Eiji Kawashima,Japan,False,FREE,SHORT_RIGHT,59,62,0.9516129032258065,12,0.2033898305084746,1.0,0.7308945128814526,-0.0058302694119211,NO
WC2018,Eiji Kawashima,Japan,False,FREE,VERY_LONG_CENTRAL,59,62,0.9516129032258065,1,0.01694915254237288,0.0,0.4285233452466424,-0.011132277185915796,CENTRAL_ZONE_PROXY_ONLY
WC2018,Eiji Kawashima,Japan,False,FREE,VERY_LONG_LEFT,59,62,0.9516129032258065,4,0.06779661016949153,1.0,0.6829398639585862,-0.003123889903130474,NO
WC2018,Eiji Kawashima,Japan,False,FREE,VERY_LONG_RIGHT,59,62,0.9516129032258065,2,0.03389830508474576,0.5,0.544047619047619,-0.007672940691955217,NO
WC2018,Eiji Kawashima,Japan,False,PRESSURED,LONG_RIGHT,2,4,0.5,1,0.5,1.0,0.5432098765432098,-0.013946435108062613,NO
WC2018,Eiji Kawashima,Japan,False,PRESSURED,VERY_LONG_CENTRAL,2,4,0.5,1,0.5,1.0,0.4915254237288136,-0.009328496462142023,CENTRAL_ZONE_PROXY_ONLY
WC2018,Eiji Kawashima,Japan,True,FREE,LONG_CENTRAL,18,21,0.8571428571428571,2,0.1111111111111111,0.5,0.5173676501360117,-0.006486167640835153,CENTRAL_ZONE_PROXY_ONLY
WC2018,Eiji Kawashima,Japan,True,FREE,LONG_LEFT,18,21,0.8571428571428571,1,0.05555555555555555,1.0,0.4915254237288136,-0.006943895012980698,NO
WC2018,Eiji Kawashima,Japan,True,FREE,LONG_RIGHT,18,21,0.8571428571428571,6,0.3333333333333333,0.8333333333333334,0.5480275809842665,-0.0056259877333467954,NO
WC2018,Eiji Kawashima,Japan,True,FREE,SHORT_LEFT,18,21,0.8571428571428571,1,0.05555555555555555,1.0,0.5432098765432098,-0.005557980718769695,NO
WC2018,Eiji Kawashima,Japan,True,FREE,VERY_LONG_CENTRAL,18,21,0.8571428571428571,2,0.1111111111111111,0.5,0.5493827160493827,-0.005091188887411537,CENTRAL_ZONE_PROXY_ONLY
WC2018,Eiji Kawashima,Japan,True,FREE,VERY_LONG_LEFT,18,21,0.8571428571428571,2,0.1111111111111111,0.0,0.5652557319223985,-0.005181434154703389,NO
WC2018,Eiji Kawashima,Japan,True,FREE,VERY_LONG_RIGHT,18,21,0.8571428571428571,4,0.2222222222222222,0.5,0.5035889905240187,-0.006789019452384961,NO
WC2018,Essam Kamal Tawfik El Hadary,Egypt,False,FREE,LONG_RIGHT,12,12,1.0,3,0.25,0.3333333333333333,0.7196947170185352,-0.003013940741955647,NO
WC2018,Essam Kamal Tawfik El Hadary,Egypt,False,FREE,MEDIUM_LEFT,12,12,1.0,1,0.08333333333333333,1.0,0.5964912280701755,-0.0035843319292135035,NO
WC2018,Essam Kamal Tawfik El Hadary,Egypt,False,FREE,SHORT_CENTRAL,12,12,1.0,1,0.08333333333333333,1.0,0.9661016949152542,0.0012328521524821705,CENTRAL_ZONE_PROXY_ONLY
WC2018,Essam Kamal Tawfik El Hadary,Egypt,False,FREE,SHORT_LEFT,12,12,1.0,4,0.3333333333333333,1.0,0.649749373433584,-0.005928500677538827,NO
WC2018,Essam Kamal Tawfik El Hadary,Egypt,False,FREE,SHORT_RIGHT,12,12,1.0,2,0.16666666666666666,1.0,0.8623611922852132,0.0029030317261747587,NO
WC2018,Essam Kamal Tawfik El Hadary,Egypt,False,FREE,VERY_LONG_CENTRAL,12,12,1.0,1,0.08333333333333333,0.0,0.5,-0.01435683657329286,CENTRAL_ZONE_PROXY_ONLY
WC2018,Essam Kamal Tawfik El Hadary,Egypt,True,FREE,LONG_LEFT,6,7,0.8571428571428571,1,0.16666666666666666,1.0,0.5,-0.008157963157036846,NO
WC2018,Essam Kamal Tawfik El Hadary,Egypt,True,FREE,LONG_RIGHT,6,7,0.8571428571428571,3,0.5,0.6666666666666666,0.5,-0.006467154430859344,NO
WC2018,Essam Kamal Tawfik El Hadary,Egypt,True,FREE,MEDIUM_LEFT,6,7,0.8571428571428571,1,0.16666666666666666,1.0,0.5,-0.006172009717878948,NO
WC2018,Essam Kamal Tawfik El Hadary,Egypt,True,FREE,SHORT_CENTRAL,6,7,0.8571428571428571,1,0.16666666666666666,1.0,0.575,-0.006288046447061253,CENTRAL_ZONE_PROXY_ONLY
WC2018,Farouk Ben Mustapha,Tunisia,False,FREE,LONG_LEFT,22,26,0.8461538461538461,3,0.13636363636363635,0.3333333333333333,0.6093993152816682,-0.010893241342062182,NO
WC2018,Farouk Ben Mustapha,Tunisia,False,FREE,LONG_RIGHT,22,26,0.8461538461538461,3,0.13636363636363635,0.6666666666666666,0.6093993152816682,-0.005328174171457682,NO
WC2018,Farouk Ben Mustapha,Tunisia,False,FREE,MEDIUM_LEFT,22,26,0.8461538461538461,7,0.3181818181818182,0.8571428571428571,0.8385467394504972,0.0011613065152761772,NO
WC2018,Farouk Ben Mustapha,Tunisia,False,FREE,MEDIUM_RIGHT,22,26,0.8461538461538461,1,0.045454545454545456,1.0,1.0,-0.0021063519833994394,NO
WC2018,Farouk Ben Mustapha,Tunisia,False,FREE,SHORT_CENTRAL,22,26,0.8461538461538461,3,0.13636363636363635,1.0,0.8289760348583878,-0.0008701666103723653,CENTRAL_ZONE_PROXY_ONLY
WC2018,Farouk Ben Mustapha,Tunisia,False,FREE,SHORT_LEFT,22,26,0.8461538461538461,3,0.13636363636363635,1.0,0.6766958856511095,-0.006740108816945818,NO
WC2018,Farouk Ben Mustapha,Tunisia,False,FREE,SHORT_RIGHT,22,26,0.8461538461538461,2,0.09090909090909091,1.0,0.9751787892865581,0.001664478956651011,NO
WC2018,Farouk Ben Mustapha,Tunisia,False,PRESSURED,LONG_LEFT,2,4,0.5,1,0.5,0.0,0.5957446808510638,-0.010544821864080605,NO
WC2018,Farouk Ben Mustapha,Tunisia,False,PRESSURED,LONG_RIGHT,2,4,0.5,1,0.5,0.0,0.46153846153846156,-0.01685558064399214,NO
WC2018,Farouk Ben Mustapha,Tunisia,True,FREE,LONG_CENTRAL,16,17,0.9411764705882353,3,0.1875,0.0,0.5455485395664857,-0.006277023143472939,CENTRAL_ZONE_PROXY_ONLY
WC2018,Farouk Ben Mustapha,Tunisia,True,FREE,LONG_LEFT,16,17,0.9411764705882353,2,0.125,0.0,0.4915254237288136,-0.006943895012980698,NO
WC2018,Farouk Ben Mustapha,Tunisia,True,FREE,LONG_RIGHT,16,17,0.9411764705882353,5,0.3125,0.0,0.5814049913750811,-0.005119511867506987,NO
WC2018,Farouk Ben Mustapha,Tunisia,True,FREE,MEDIUM_LEFT,16,17,0.9411764705882353,2,0.125,1.0,0.6535947712418301,-0.0035605630159649265,NO
WC2018,Farouk Ben Mustapha,Tunisia,True,FREE,MEDIUM_RIGHT,16,17,0.9411764705882353,1,0.0625,1.0,0.4915254237288136,-0.007856151851553278,NO
WC2018,Farouk Ben Mustapha,Tunisia,True,FREE,SHORT_CENTRAL,16,17,0.9411764705882353,1,0.0625,1.0,0.6535947712418301,-0.004034809754654196,CENTRAL_ZONE_PROXY_ONLY
WC2018,Farouk Ben Mustapha,Tunisia,True,FREE,VERY_LONG_CENTRAL,16,17,0.9411764705882353,1,0.0625,0.0,0.6535947712418301,-0.0035605630159649265,CENTRAL_ZONE_PROXY_ONLY
WC2018,Farouk Ben Mustapha,Tunisia,True,FREE,VERY_LONG_LEFT,16,17,0.9411764705882353,1,0.0625,0.0,0.4915254237288136,-0.007856151851553278,NO
WC2018,Francis Odinaka Uzoho,Nigeria,False,FREE,LONG_CENTRAL,31,34,0.9117647058823529,1,0.03225806451612903,0.0,0.676923076923077,-0.0011907744512246778,CENTRAL_ZONE_PROXY_ONLY
WC2018,Francis Odinaka Uzoho,Nigeria,False,FREE,LONG_LEFT,31,34,0.9117647058823529,8,0.25806451612903225,0.625,0.644764365091044,-0.006445970667847306,NO
WC2018,Francis Odinaka Uzoho,Nigeria,False,FREE,LONG_RIGHT,31,34,0.9117647058823529,8,0.25806451612903225,0.25,0.6933944759935298,-0.005620275731694002,NO
WC2018,Francis Odinaka Uzoho,Nigeria,False,FREE,MEDIUM_LEFT,31,34,0.9117647058823529,1,0.03225806451612903,1.0,1.0,0.005453231624403799,NO
WC2018,Francis Odinaka Uzoho,Nigeria,False,FREE,SHORT_CENTRAL,31,34,0.9117647058823529,5,0.16129032258064516,1.0,0.7400877800877801,-0.005646680309230848,CENTRAL_ZONE_PROXY_ONLY
WC2018,Francis Odinaka Uzoho,Nigeria,False,FREE,SHORT_LEFT,31,34,0.9117647058823529,6,0.1935483870967742,1.0,0.8757834757834758,6.303935182975621e-05,NO
WC2018,Francis Odinaka Uzoho,Nigeria,False,FREE,VERY_LONG_RIGHT,31,34,0.9117647058823529,2,0.06451612903225806,0.0,0.5482456140350878,-0.005528645111867096,NO
WC2018,Francis Odinaka Uzoho,Nigeria,False,PRESSURED,LONG_CENTRAL,5,6,0.8333333333333334,3,0.6,0.3333333333333333,0.49901824417917906,-0.008012651161730592,CENTRAL_ZONE_PROXY_ONLY
WC2018,Francis Odinaka Uzoho,Nigeria,False,PRESSURED,LONG_LEFT,5,6,0.8333333333333334,1,0.2,0.0,0.5432098765432098,-0.010315035570883202,NO
WC2018,Francis Odinaka Uzoho,Nigeria,False,PRESSURED,LONG_RIGHT,5,6,0.8333333333333334,1,0.2,0.0,0.5432098765432098,-0.0038405483932159733,NO
WC2018,Francis Odinaka Uzoho,Nigeria,True,FREE,LONG_CENTRAL,15,16,0.9375,1,0.06666666666666667,1.0,0.5432098765432098,-0.005557980718769695,CENTRAL_ZONE_PROXY_ONLY
WC2018,Francis Odinaka Uzoho,Nigeria,True,FREE,LONG_LEFT,15,16,0.9375,3,0.2,0.0,0.5453672691708272,-0.005986407756793204,NO
WC2018,Francis Odinaka Uzoho,Nigeria,True,FREE,LONG_RIGHT,15,16,0.9375,7,0.4666666666666667,0.5714285714285714,0.5246913580246914,-0.006287680625802277,NO
WC2018,Francis Odinaka Uzoho,Nigeria,True,FREE,SHORT_RIGHT,15,16,0.9375,1,0.06666666666666667,1.0,0.5,-0.008157963157036846,NO
WC2018,Francis Odinaka Uzoho,Nigeria,True,FREE,VERY_LONG_CENTRAL,15,16,0.9375,1,0.06666666666666667,1.0,0.575,-0.005101944307409719,CENTRAL_ZONE_PROXY_ONLY
WC2018,Francis Odinaka Uzoho,Nigeria,True,FREE,VERY_LONG_RIGHT,15,16,0.9375,2,0.13333333333333333,1.0,0.5216049382716049,-0.006540085810294204,NO
WC2018,Francisco Guillermo Ochoa Magaña,Mexico,False,FREE,LONG_CENTRAL,55,58,0.9482758620689655,4,0.07272727272727272,0.25,0.5917849398777844,-0.006695425805969072,CENTRAL_ZONE_PROXY_ONLY
WC2018,Francisco Guillermo Ochoa Magaña,Mexico,False,FREE,LONG_LEFT,55,58,0.9482758620689655,4,0.07272727272727272,0.25,0.4749313299557231,-0.008235743241458253,NO
WC2018,Francisco Guillermo Ochoa Magaña,Mexico,False,FREE,LONG_RIGHT,55,58,0.9482758620689655,11,0.2,0.5454545454545454,0.6311969623712703,-0.006134259865983996,NO
WC2018,Francisco Guillermo Ochoa Magaña,Mexico,False,FREE,MEDIUM_LEFT,55,58,0.9482758620689655,6,0.10909090909090909,1.0,0.7295758493124409,-0.00324079737007626,NO
WC2018,Francisco Guillermo Ochoa Magaña,Mexico,False,FREE,MEDIUM_RIGHT,55,58,0.9482758620689655,4,0.07272727272727272,1.0,0.8708357685563998,-0.00012520851830935797,NO
WC2018,Francisco Guillermo Ochoa Magaña,Mexico,False,FREE,SHORT_CENTRAL,55,58,0.9482758620689655,10,0.18181818181818182,1.0,0.7170909146567042,-0.004632036123677267,CENTRAL_ZONE_PROXY_ONLY
WC2018,Francisco Guillermo Ochoa Magaña,Mexico,False,FREE,SHORT_LEFT,55,58,0.9482758620689655,8,0.14545454545454545,0.875,0.8666280481076907,-0.0011771147065120474,NO
WC2018,Francisco Guillermo Ochoa Magaña,Mexico,False,FREE,SHORT_RIGHT,55,58,0.9482758620689655,6,0.10909090909090909,1.0,0.7846571825335457,-0.0012480883530149023,NO
WC2018,Francisco Guillermo Ochoa Magaña,Mexico,False,FREE,VERY_LONG_CENTRAL,55,58,0.9482758620689655,1,0.01818181818181818,0.0,0.5,-0.007010060827587908,CENTRAL_ZONE_PROXY_ONLY
WC2018,Francisco Guillermo Ochoa Magaña,Mexico,False,FREE,VERY_LONG_LEFT,55,58,0.9482758620689655,1,0.01818181818181818,0.0,0.09972327948924088,-0.019009643967918054,NO
WC2018,Francisco Guillermo Ochoa Magaña,Mexico,False,PRESSURED,LONG_LEFT,4,6,0.6666666666666666,1,0.25,0.0,0.5714285714285714,-0.0032281263469168954,NO
WC2018,Francisco Guillermo Ochoa Magaña,Mexico,False,PRESSURED,LONG_RIGHT,4,6,0.6666666666666666,2,0.5,1.0,0.5,-0.008379460211072779,NO
WC2018,Francisco Guillermo Ochoa Magaña,Mexico,False,PRESSURED,SHORT_CENTRAL,4,6,0.6666666666666666,1,0.25,1.0,0.5,-0.015394888827262287,CENTRAL_ZONE_PROXY_ONLY
WC2018,Francisco Guillermo Ochoa Magaña,Mexico,True,FREE,LONG_LEFT,22,23,0.9565217391304348,9,0.4090909090909091,0.5555555555555556,0.5302263208415123,-0.006325169944904332,NO
WC2018,Francisco Guillermo Ochoa Magaña,Mexico,True,FREE,LONG_RIGHT,22,23,0.9565217391304348,8,0.36363636363636365,0.75,0.5317460317460317,-0.0066605266876530395,NO
WC2018,Francisco Guillermo Ochoa Magaña,Mexico,True,FREE,MEDIUM_CENTRAL,22,23,0.9565217391304348,1,0.045454545454545456,1.0,0.5714285714285714,-0.0051950633335721185,CENTRAL_ZONE_PROXY_ONLY
WC2018,Francisco Guillermo Ochoa Magaña,Mexico,True,FREE,MEDIUM_LEFT,22,23,0.9565217391304348,2,0.09090909090909091,1.0,0.5714285714285714,-0.005031440709528292,NO
WC2018,Francisco Guillermo Ochoa Magaña,Mexico,True,FREE,SHORT_CENTRAL,22,23,0.9565217391304348,1,0.045454545454545456,1.0,0.4915254237288136,-0.007414354562900612,CENTRAL_ZONE_PROXY_ONLY
WC2018,Francisco Guillermo Ochoa Magaña,Mexico,True,FREE,VERY_LONG_RIGHT,22,23,0.9565217391304348,1,0.045454545454545456,0.0,0.5238095238095238,-0.006071358632052583,NO
WC2018,Franco Armani,Argentina,False,FREE,LONG_CENTRAL,32,33,0.9696969696969697,3,0.09375,0.3333333333333333,0.6675020885547202,-0.0032590204479630673,CENTRAL_ZONE_PROXY_ONLY
WC2018,Franco Armani,Argentina,False,FREE,LONG_LEFT,32,33,0.9696969696969697,3,0.09375,0.3333333333333333,0.7252943733206892,-0.004337979026526832,NO
WC2018,Franco Armani,Argentina,False,FREE,LONG_RIGHT,32,33,0.9696969696969697,4,0.125,0.5,0.6564401122915775,-0.0039886060742257215,NO
WC2018,Franco Armani,Argentina,False,FREE,MEDIUM_LEFT,32,33,0.9696969696969697,1,0.03125,0.0,0.7692307692307693,-0.003528933121577586,NO
WC2018,Franco Armani,Argentina,False,FREE,MEDIUM_RIGHT,32,33,0.9696969696969697,2,0.0625,0.5,0.7777777777777778,0.0014690170907503373,NO
WC2018,Franco Armani,Argentina,False,FREE,SHORT_CENTRAL,32,33,0.9696969696969697,11,0.34375,1.0,0.8201874012757152,-0.0016143791164914495,CENTRAL_ZONE_PROXY_ONLY
WC2018,Franco Armani,Argentina,False,FREE,SHORT_LEFT,32,33,0.9696969696969697,1,0.03125,1.0,0.5964912280701755,-0.005425107671639892,NO
WC2018,Franco Armani,Argentina,False,FREE,SHORT_RIGHT,32,33,0.9696969696969697,3,0.09375,1.0,0.7892583805981372,-0.003786429753602388,NO
WC2018,Franco Armani,Argentina,False,FREE,VERY_LONG_CENTRAL,32,33,0.9696969696969697,1,0.03125,0.0,0.5,-0.005889364719683175,CENTRAL_ZONE_PROXY_ONLY
WC2018,Franco Armani,Argentina,False,FREE,VERY_LONG_LEFT,32,33,0.9696969696969697,1,0.03125,1.0,0.5964912280701755,-0.001771565301211601,NO
WC2018,Franco Armani,Argentina,False,FREE,VERY_LONG_RIGHT,32,33,0.9696969696969697,2,0.0625,0.5,0.7844074844074844,-0.0009211691691713206,NO
WC2018,Franco Armani,Argentina,False,PRESSURED,LONG_LEFT,2,2,1.0,1,0.5,0.0,0.5,-0.009268440445883213,NO
WC2018,Franco Armani,Argentina,False,PRESSURED,SHORT_LEFT,2,2,1.0,1,0.5,1.0,0.5432098765432098,-0.0066115692362730474,NO
WC2018,Franco Armani,Argentina,True,FREE,LONG_CENTRAL,6,6,1.0,1,0.16666666666666666,0.0,0.5,-0.007057443856820136,CENTRAL_ZONE_PROXY_ONLY
WC2018,Franco Armani,Argentina,True,FREE,LONG_LEFT,6,6,1.0,1,0.16666666666666666,1.0,0.575,-0.006288046447061253,NO
WC2018,Franco Armani,Argentina,True,FREE,SHORT_LEFT,6,6,1.0,2,0.3333333333333333,1.0,0.5432098765432098,-0.005557980718769695,NO
WC2018,Franco Armani,Argentina,True,FREE,VERY_LONG_CENTRAL,6,6,1.0,1,0.16666666666666666,1.0,0.5,-0.008157963157036846,CENTRAL_ZONE_PROXY_ONLY
WC2018,Franco Armani,Argentina,True,FREE,VERY_LONG_RIGHT,6,6,1.0,1,0.16666666666666666,1.0,0.5432098765432098,-0.005557980718769695,NO
WC2018,Hannes Þór Halldórsson,Iceland,False,FREE,LONG_CENTRAL,39,45,0.8666666666666667,8,0.20512820512820512,0.375,0.7437010260043968,-0.004041775141794938,CENTRAL_ZONE_PROXY_ONLY
WC2018,Hannes Þór Halldórsson,Iceland,False,FREE,LONG_LEFT,39,45,0.8666666666666667,11,0.28205128205128205,0.5454545454545454,0.7304688767604368,-0.004205699664710656,NO
WC2018,Hannes Þór Halldórsson,Iceland,False,FREE,LONG_RIGHT,39,45,0.8666666666666667,6,0.15384615384615385,0.0,0.6066384467451497,-0.005591331046772015,NO
WC2018,Hannes Þór Halldórsson,Iceland,False,FREE,MEDIUM_LEFT,39,45,0.8666666666666667,3,0.07692307692307693,1.0,1.0,0.0006762390729258008,NO
WC2018,Hannes Þór Halldórsson,Iceland,False,FREE,MEDIUM_RIGHT,39,45,0.8666666666666667,2,0.05128205128205128,1.0,0.8,-0.003783547041813896,NO
WC2018,Hannes Þór Halldórsson,Iceland,False,FREE,SHORT_CENTRAL,39,45,0.8666666666666667,3,0.07692307692307693,1.0,0.684900284900285,-0.003976281770088617,CENTRAL_ZONE_PROXY_ONLY
WC2018,Hannes Þór Halldórsson,Iceland,False,FREE,SHORT_LEFT,39,45,0.8666666666666667,1,0.02564102564102564,1.0,0.8918918918918919,0.003040425842245631,NO
WC2018,Hannes Þór Halldórsson,Iceland,False,FREE,SHORT_RIGHT,39,45,0.8666666666666667,2,0.05128205128205128,1.0,1.0,0.006394986648361224,NO
WC2018,Hannes Þór Halldórsson,Iceland,False,FREE,VERY_LONG_CENTRAL,39,45,0.8666666666666667,2,0.05128205128205128,0.0,0.47619047619047616,-0.010829152163499934,CENTRAL_ZONE_PROXY_ONLY
WC2018,Hannes Þór Halldórsson,Iceland,False,FREE,VERY_LONG_LEFT,39,45,0.8666666666666667,1,0.02564102564102564,0.0,0.676923076923077,-0.004271272733201764,NO
WC2018,Hannes Þór Halldórsson,Iceland,False,PRESSURED,LONG_LEFT,3,3,1.0,2,0.6666666666666666,0.0,0.5694772786971368,-0.010715508448910288,NO
WC2018,Hannes Þór Halldórsson,Iceland,False,PRESSURED,LONG_RIGHT,3,3,1.0,1,0.3333333333333333,0.0,0.5432098765432098,-0.015840484806539556,NO
WC2018,Hannes Þór Halldórsson,Iceland,True,FREE,LONG_CENTRAL,17,18,0.9444444444444444,1,0.058823529411764705,1.0,0.49545671734900476,-0.0067111271317975806,CENTRAL_ZONE_PROXY_ONLY
WC2018,Hannes Þór Halldórsson,Iceland,True,FREE,LONG_LEFT,17,18,0.9444444444444444,8,0.47058823529411764,0.75,0.5563435776201733,-0.004963778652250668,NO
WC2018,Hannes Þór Halldórsson,Iceland,True,FREE,LONG_RIGHT,17,18,0.9444444444444444,4,0.23529411764705882,0.75,0.5432098765432098,-0.00597171475663923,NO
WC2018,Hannes Þór Halldórsson,Iceland,True,FREE,SHORT_LEFT,17,18,0.9444444444444444,1,0.058823529411764705,1.0,0.5432098765432098,-0.005557980718769695,NO
WC2018,Hannes Þór Halldórsson,Iceland,True,FREE,VERY_LONG_CENTRAL,17,18,0.9444444444444444,1,0.058823529411764705,1.0,0.5432098765432098,-0.004512554502368303,CENTRAL_ZONE_PROXY_ONLY
WC2018,Hannes Þór Halldórsson,Iceland,True,FREE,VERY_LONG_RIGHT,17,18,0.9444444444444444,2,0.11764705882352941,1.0,0.5432098765432098,-0.006908161902709461,NO
WC2018,Hugo Lloris,France,False,FREE,LONG_CENTRAL,76,81,0.9382716049382716,12,0.15789473684210525,0.5,0.6776880918029574,-0.005853033822171321,CENTRAL_ZONE_PROXY_ONLY
WC2018,Hugo Lloris,France,False,FREE,LONG_LEFT,76,81,0.9382716049382716,15,0.19736842105263158,0.6,0.6466515520010163,-0.0068462116207036496,NO
WC2018,Hugo Lloris,France,False,FREE,LONG_RIGHT,76,81,0.9382716049382716,9,0.11842105263157894,0.7777777777777778,0.7007786468716405,-0.003995908185664994,NO
WC2018,Hugo Lloris,France,False,FREE,MEDIUM_CENTRAL,76,81,0.9382716049382716,2,0.02631578947368421,1.0,0.8888888888888888,-0.0035152797500688296,CENTRAL_ZONE_PROXY_ONLY
WC2018,Hugo Lloris,France,False,FREE,MEDIUM_LEFT,76,81,0.9382716049382716,1,0.013157894736842105,1.0,0.7761194029850746,-0.0005987834511396936,NO
WC2018,Hugo Lloris,France,False,FREE,MEDIUM_RIGHT,76,81,0.9382716049382716,11,0.14473684210526316,0.9090909090909091,0.8086711451629313,0.0002742159101723577,NO
WC2018,Hugo Lloris,France,False,FREE,SHORT_CENTRAL,76,81,0.9382716049382716,8,0.10526315789473684,1.0,0.8458674128098862,-0.00021214044639249115,CENTRAL_ZONE_PROXY_ONLY
WC2018,Hugo Lloris,France,False,FREE,SHORT_LEFT,76,81,0.9382716049382716,7,0.09210526315789473,1.0,0.8191277619849048,-0.0010961940292470579,NO
WC2018,Hugo Lloris,France,False,FREE,SHORT_RIGHT,76,81,0.9382716049382716,6,0.07894736842105263,1.0,0.889367257480465,0.0008049331281663268,NO
WC2018,Hugo Lloris,France,False,FREE,VERY_LONG_CENTRAL,76,81,0.9382716049382716,1,0.013157894736842105,1.0,0.43478260869565216,-0.010936794206834879,CENTRAL_ZONE_PROXY_ONLY
WC2018,Hugo Lloris,France,False,FREE,VERY_LONG_LEFT,76,81,0.9382716049382716,3,0.039473684210526314,0.3333333333333333,0.4381914381914382,-0.00905677449473599,NO
WC2018,Hugo Lloris,France,False,FREE,VERY_LONG_RIGHT,76,81,0.9382716049382716,1,0.013157894736842105,0.0,0.43478260869565216,-0.010936794206834879,NO
WC2018,Hugo Lloris,France,False,PRESSURED,LONG_CENTRAL,12,14,0.8571428571428571,5,0.4166666666666667,0.2,0.5274743670223897,-0.009648025779327685,CENTRAL_ZONE_PROXY_ONLY
WC2018,Hugo Lloris,France,False,PRESSURED,LONG_RIGHT,12,14,0.8571428571428571,3,0.25,0.6666666666666666,0.44102564102564107,-0.010088445583085021,NO
WC2018,Hugo Lloris,France,False,PRESSURED,MEDIUM_LEFT,12,14,0.8571428571428571,1,0.08333333333333333,1.0,0.5432098765432098,-0.005699196037799714,NO
WC2018,Hugo Lloris,France,False,PRESSURED,SHORT_CENTRAL,12,14,0.8571428571428571,1,0.08333333333333333,1.0,0.5432098765432098,-0.005699196037799714,CENTRAL_ZONE_PROXY_ONLY
WC2018,Hugo Lloris,France,False,PRESSURED,SHORT_RIGHT,12,14,0.8571428571428571,2,0.16666666666666666,1.0,0.567847882454624,-0.006362265931427639,NO
WC2018,Hugo Lloris,France,True,FREE,LONG_CENTRAL,32,40,0.8,5,0.15625,1.0,0.5418243952377648,-0.006698766419722621,CENTRAL_ZONE_PROXY_ONLY
WC2018,Hugo Lloris,France,True,FREE,LONG_LEFT,32,40,0.8,3,0.09375,0.3333333333333333,0.5553761994439962,-0.005728797890275625,NO
WC2018,Hugo Lloris,France,True,FREE,LONG_RIGHT,32,40,0.8,9,0.28125,0.5555555555555556,0.5108812568009052,-0.0071469677408583475,NO
WC2018,Hugo Lloris,France,True,FREE,MEDIUM_LEFT,32,40,0.8,1,0.03125,1.0,0.5873015873015873,-0.004422126854561429,NO
WC2018,Hugo Lloris,France,True,FREE,SHORT_LEFT,32,40,0.8,1,0.03125,1.0,0.5432098765432098,-0.004512554502368303,NO
WC2018,Hugo Lloris,France,True,FREE,SHORT_RIGHT,32,40,0.8,3,0.09375,1.0,0.5768371546149323,-0.004739986079128739,NO
WC2018,Hugo Lloris,France,True,FREE,VERY_LONG_CENTRAL,32,40,0.8,4,0.125,0.5,0.5446988820771728,-0.006623008897820656,CENTRAL_ZONE_PROXY_ONLY
WC2018,Hugo Lloris,France,True,FREE,VERY_LONG_LEFT,32,40,0.8,3,0.09375,0.0,0.5125376211107152,-0.0068693375797490505,NO
WC2018,Hugo Lloris,France,True,FREE,VERY_LONG_RIGHT,32,40,0.8,3,0.09375,0.6666666666666666,0.5436507936507936,-0.00683355303039111,NO
WC2018,Hyeon-Woo Jo,South Korea,False,FREE,LONG_CENTRAL,36,39,0.9230769230769231,3,0.08333333333333333,1.0,0.6469106469106469,-0.0034575326563474206,CENTRAL_ZONE_PROXY_ONLY
WC2018,Hyeon-Woo Jo,South Korea,False,FREE,LONG_LEFT,36,39,0.9230769230769231,3,0.08333333333333333,1.0,0.6297382136934376,-0.011440236939176085,NO
WC2018,Hyeon-Woo Jo,South Korea,False,FREE,LONG_RIGHT,36,39,0.9230769230769231,7,0.19444444444444445,0.42857142857142855,0.636847480450619,-0.0028798782673772126,NO
WC2018,Hyeon-Woo Jo,South Korea,False,FREE,MEDIUM_LEFT,36,39,0.9230769230769231,3,0.08333333333333333,1.0,0.724867724867725,-0.0009073396526395952,NO
WC2018,Hyeon-Woo Jo,South Korea,False,FREE,MEDIUM_RIGHT,36,39,0.9230769230769231,4,0.1111111111111111,1.0,0.7106536173700353,-0.0026340783810822493,NO
WC2018,Hyeon-Woo Jo,South Korea,False,FREE,SHORT_CENTRAL,36,39,0.9230769230769231,4,0.1111111111111111,0.75,0.8070136210334097,-0.002027543832055369,CENTRAL_ZONE_PROXY_ONLY
WC2018,Hyeon-Woo Jo,South Korea,False,FREE,SHORT_LEFT,36,39,0.9230769230769231,3,0.08333333333333333,1.0,0.8630952380952381,0.0009152816665800976,NO
WC2018,Hyeon-Woo Jo,South Korea,False,FREE,SHORT_RIGHT,36,39,0.9230769230769231,5,0.1388888888888889,1.0,0.6848337825696316,-0.004740797356577784,NO
WC2018,Hyeon-Woo Jo,South Korea,False,FREE,VERY_LONG_LEFT,36,39,0.9230769230769231,3,0.08333333333333333,0.0,0.6228090317642557,-0.008078274342425024,NO
WC2018,Hyeon-Woo Jo,South Korea,False,FREE,VERY_LONG_RIGHT,36,39,0.9230769230769231,1,0.027777777777777776,1.0,0.5937993139009714,-0.0062762910710707255,NO
WC2018,Hyeon-Woo Jo,South Korea,False,PRESSURED,LONG_RIGHT,1,2,0.5,1,1.0,1.0,0.46153846153846156,-0.004958611650399873,NO
WC2018,Hyeon-Woo Jo,South Korea,True,FREE,LONG_CENTRAL,14,16,0.875,1,0.07142857142857142,0.0,0.5217391304347826,-0.005626236702017372,CENTRAL_ZONE_PROXY_ONLY
WC2018,Hyeon-Woo Jo,South Korea,True,FREE,LONG_LEFT,14,16,0.875,1,0.07142857142857142,1.0,0.49691810889309246,-0.006248010974348052,NO
WC2018,Hyeon-Woo Jo,South Korea,True,FREE,LONG_RIGHT,14,16,0.875,4,0.2857142857142857,0.5,0.5163043478260869,-0.005762379688562924,NO
WC2018,Hyeon-Woo Jo,South Korea,True,FREE,MEDIUM_LEFT,14,16,0.875,1,0.07142857142857142,0.0,0.5873015873015873,-0.004379543723607089,NO
WC2018,Hyeon-Woo Jo,South Korea,True,FREE,SHORT_CENTRAL,14,16,0.875,1,0.07142857142857142,1.0,0.6466666666666666,-0.0028488908243392364,CENTRAL_ZONE_PROXY_ONLY
WC2018,Hyeon-Woo Jo,South Korea,True,FREE,VERY_LONG_LEFT,14,16,0.875,3,0.21428571428571427,0.3333333333333333,0.5317460317460317,-0.006037857402788134,NO
WC2018,Hyeon-Woo Jo,South Korea,True,FREE,VERY_LONG_RIGHT,14,16,0.875,3,0.21428571428571427,0.3333333333333333,0.5422705314009661,-0.005111918752845286,NO
WC2018,Igor Akinfeev,Russia,False,FREE,LONG_CENTRAL,59,65,0.9076923076923077,8,0.13559322033898305,0.375,0.5148607033836761,-0.008233179860600718,CENTRAL_ZONE_PROXY_ONLY
WC2018,Igor Akinfeev,Russia,False,FREE,LONG_LEFT,59,65,0.9076923076923077,2,0.03389830508474576,0.0,0.6617948717948718,-0.0045314331568501245,NO
WC2018,Igor Akinfeev,Russia,False,FREE,LONG_RIGHT,59,65,0.9076923076923077,7,0.11864406779661017,0.42857142857142855,0.6245942005599575,-0.005675812834940947,NO
WC2018,Igor Akinfeev,Russia,False,FREE,MEDIUM_CENTRAL,59,65,0.9076923076923077,2,0.03389830508474576,1.0,0.6638760373063082,-0.0038055248860166977,CENTRAL_ZONE_PROXY_ONLY
WC2018,Igor Akinfeev,Russia,False,FREE,MEDIUM_LEFT,59,65,0.9076923076923077,5,0.0847457627118644,1.0,0.9293333333333333,0.0012051959205518661,NO
WC2018,Igor Akinfeev,Russia,False,FREE,MEDIUM_RIGHT,59,65,0.9076923076923077,2,0.03389830508474576,1.0,1.0,0.003796368324003653,NO
WC2018,Igor Akinfeev,Russia,False,FREE,SHORT_CENTRAL,59,65,0.9076923076923077,4,0.06779661016949153,1.0,0.8384615384615385,-0.0015484730679916165,CENTRAL_ZONE_PROXY_ONLY
WC2018,Igor Akinfeev,Russia,False,FREE,SHORT_LEFT,59,65,0.9076923076923077,1,0.01694915254237288,1.0,1.0,0.002016807240141666,NO
WC2018,Igor Akinfeev,Russia,False,FREE,SHORT_RIGHT,59,65,0.9076923076923077,2,0.03389830508474576,1.0,0.772743331566861,-0.007265358853608822,NO
WC2018,Igor Akinfeev,Russia,False,FREE,VERY_LONG_CENTRAL,59,65,0.9076923076923077,11,0.1864406779661017,0.36363636363636365,0.5788875815127522,-0.005613119710808436,CENTRAL_ZONE_PROXY_ONLY
WC2018,Igor Akinfeev,Russia,False,FREE,VERY_LONG_LEFT,59,65,0.9076923076923077,7,0.11864406779661017,0.7142857142857143,0.6954253180443658,-0.004952340450532889,NO
WC2018,Igor Akinfeev,Russia,False,FREE,VERY_LONG_RIGHT,59,65,0.9076923076923077,8,0.13559322033898305,0.625,0.5297170967482057,-0.00618417592085436,NO
WC2018,Igor Akinfeev,Russia,False,PRESSURED,LONG_CENTRAL,10,14,0.7142857142857143,2,0.2,1.0,0.59840232389252,-0.010070757196487255,CENTRAL_ZONE_PROXY_ONLY
WC2018,Igor Akinfeev,Russia,False,PRESSURED,LONG_RIGHT,10,14,0.7142857142857143,3,0.3,0.3333333333333333,0.43442771220549,-0.010402622455920248,NO
WC2018,Igor Akinfeev,Russia,False,PRESSURED,MEDIUM_LEFT,10,14,0.7142857142857143,1,0.1,0.0,0.4523809523809524,-0.009081940491390907,NO
WC2018,Igor Akinfeev,Russia,False,PRESSURED,MEDIUM_RIGHT,10,14,0.7142857142857143,1,0.1,1.0,0.4880952380952381,-0.005478195352959807,NO
WC2018,Igor Akinfeev,Russia,False,PRESSURED,SHORT_LEFT,10,14,0.7142857142857143,1,0.1,1.0,0.6535947712418301,-0.006631030757895076,NO
WC2018,Igor Akinfeev,Russia,False,PRESSURED,SHORT_RIGHT,10,14,0.7142857142857143,1,0.1,1.0,0.4523809523809524,-0.013843243290503893,NO
WC2018,Igor Akinfeev,Russia,False,PRESSURED,VERY_LONG_CENTRAL,10,14,0.7142857142857143,1,0.1,0.0,0.5238095238095238,-0.00527283103194642,CENTRAL_ZONE_PROXY_ONLY
WC2018,Igor Akinfeev,Russia,True,FREE,VERY_LONG_CENTRAL,30,33,0.9090909090909091,21,0.7,0.2857142857142857,0.5443690178243076,-0.005628123933472807,CENTRAL_ZONE_PROXY_ONLY
WC2018,Igor Akinfeev,Russia,True,FREE,VERY_LONG_LEFT,30,33,0.9090909090909091,5,0.16666666666666666,0.4,0.5053511705685618,-0.006889553089388646,NO
WC2018,Igor Akinfeev,Russia,True,FREE,VERY_LONG_RIGHT,30,33,0.9090909090909091,4,0.13333333333333333,0.25,0.5571271640015859,-0.0058006554786567,NO
WC2018,Jaime Manuel Penedo Cano,Panama,False,FREE,LONG_CENTRAL,35,35,1.0,7,0.2,0.2857142857142857,0.6614673935415446,-0.006416194805579897,CENTRAL_ZONE_PROXY_ONLY
WC2018,Jaime Manuel Penedo Cano,Panama,False,FREE,LONG_LEFT,35,35,1.0,9,0.2571428571428571,0.5555555555555556,0.7525327133957731,-0.0017023826800069651,NO
WC2018,Jaime Manuel Penedo Cano,Panama,False,FREE,LONG_RIGHT,35,35,1.0,5,0.14285714285714285,0.6,0.5841723094038489,-0.008274131653360637,NO
WC2018,Jaime Manuel Penedo Cano,Panama,False,FREE,MEDIUM_CENTRAL,35,35,1.0,1,0.02857142857142857,1.0,0.8571428571428571,0.003985241394664432,CENTRAL_ZONE_PROXY_ONLY
WC2018,Jaime Manuel Penedo Cano,Panama,False,FREE,MEDIUM_LEFT,35,35,1.0,2,0.05714285714285714,1.0,1.0,0.0018294530361048587,NO
WC2018,Jaime Manuel Penedo Cano,Panama,False,FREE,MEDIUM_RIGHT,35,35,1.0,1,0.02857142857142857,1.0,0.6466666666666666,-0.000488915932219715,NO
WC2018,Jaime Manuel Penedo Cano,Panama,False,FREE,SHORT_CENTRAL,35,35,1.0,1,0.02857142857142857,1.0,1.0,-0.0006052426349453955,CENTRAL_ZONE_PROXY_ONLY
WC2018,Jaime Manuel Penedo Cano,Panama,False,FREE,SHORT_RIGHT,35,35,1.0,5,0.14285714285714285,0.8,0.7556425457509511,-0.0020190775262194376,NO
WC2018,Jaime Manuel Penedo Cano,Panama,False,FREE,VERY_LONG_CENTRAL,35,35,1.0,1,0.02857142857142857,0.0,0.6535947712418301,-0.00890266653969686,CENTRAL_ZONE_PROXY_ONLY
WC2018,Jaime Manuel Penedo Cano,Panama,False,FREE,VERY_LONG_LEFT,35,35,1.0,3,0.08571428571428572,0.3333333333333333,0.5806573837264374,-0.007819166865055181,NO
WC2018,Jaime Manuel Penedo Cano,Panama,False,PRESSURED,LONG_CENTRAL,1,1,1.0,1,1.0,0.0,0.6535947712418301,-0.004198437425427079,CENTRAL_ZONE_PROXY_ONLY
WC2018,Jaime Manuel Penedo Cano,Panama,True,FREE,LONG_CENTRAL,21,21,1.0,9,0.42857142857142855,0.2222222222222222,0.5780297824820786,-0.005116405408774296,CENTRAL_ZONE_PROXY_ONLY
WC2018,Jaime Manuel Penedo Cano,Panama,True,FREE,LONG_LEFT,21,21,1.0,4,0.19047619047619047,0.25,0.7145390070921986,-0.0018129858611317987,NO
WC2018,Jaime Manuel Penedo Cano,Panama,True,FREE,LONG_RIGHT,21,21,1.0,4,0.19047619047619047,0.0,0.5556390687634907,-0.006208975863414042,NO
WC2018,Jaime Manuel Penedo Cano,Panama,True,FREE,VERY_LONG_CENTRAL,21,21,1.0,1,0.047619047619047616,1.0,0.5957446808510638,-0.004133173118919123,CENTRAL_ZONE_PROXY_ONLY
WC2018,Jaime Manuel Penedo Cano,Panama,True,FREE,VERY_LONG_LEFT,21,21,1.0,2,0.09523809523809523,0.0,0.552536231884058,-0.005477083062423744,NO
WC2018,Jaime Manuel Penedo Cano,Panama,True,FREE,VERY_LONG_RIGHT,21,21,1.0,1,0.047619047619047616,0.0,0.5892857142857143,-0.005418346423002135,NO
WC2018,Jordan Pickford,England,False,FREE,LONG_CENTRAL,151,161,0.937888198757764,2,0.013245033112582781,0.5,0.6419956140350878,-0.00573700686683571,CENTRAL_ZONE_PROXY_ONLY
WC2018,Jordan Pickford,England,False,FREE,LONG_LEFT,151,161,0.937888198757764,11,0.0728476821192053,0.5454545454545454,0.7125392754924477,-0.003156440930663315,NO
WC2018,Jordan Pickford,England,False,FREE,LONG_RIGHT,151,161,0.937888198757764,22,0.1456953642384106,0.6363636363636364,0.6950081472120855,-0.004289414660049738,NO
WC2018,Jordan Pickford,England,False,FREE,MEDIUM_CENTRAL,151,161,0.937888198757764,2,0.013245033112582781,1.0,0.681710495143331,-0.00259443802370032,CENTRAL_ZONE_PROXY_ONLY
WC2018,Jordan Pickford,England,False,FREE,MEDIUM_LEFT,151,161,0.937888198757764,9,0.059602649006622516,1.0,0.7522419991312062,-0.0038436718420229365,NO
WC2018,Jordan Pickford,England,False,FREE,MEDIUM_RIGHT,151,161,0.937888198757764,8,0.052980132450331126,1.0,0.7886702592863135,-0.001964457968847858,NO
WC2018,Jordan Pickford,England,False,FREE,SHORT_CENTRAL,151,161,0.937888198757764,31,0.2052980132450331,1.0,0.8281102859992738,-0.0015832492876169972,CENTRAL_ZONE_PROXY_ONLY
WC2018,Jordan Pickford,England,False,FREE,SHORT_LEFT,151,161,0.937888198757764,14,0.09271523178807947,1.0,0.7830654982832391,-0.0016388827128088375,NO
WC2018,Jordan Pickford,England,False,FREE,SHORT_RIGHT,151,161,0.937888198757764,28,0.18543046357615894,1.0,0.7618129130059011,-0.0023498117655080296,NO
WC2018,Jordan Pickford,England,False,FREE,VERY_LONG_CENTRAL,151,161,0.937888198757764,7,0.046357615894039736,0.14285714285714285,0.6947807728788666,-0.00348702808375864,CENTRAL_ZONE_PROXY_ONLY
WC2018,Jordan Pickford,England,False,FREE,VERY_LONG_LEFT,151,161,0.937888198757764,8,0.052980132450331126,0.625,0.6906306813921411,-0.004122547125283242,NO
WC2018,Jordan Pickford,England,False,FREE,VERY_LONG_RIGHT,151,161,0.937888198757764,9,0.059602649006622516,0.6666666666666666,0.6844449867316094,-0.005150132859737682,NO
WC2018,Jordan Pickford,England,False,PRESSURED,LONG_CENTRAL,21,25,0.84,2,0.09523809523809523,0.0,0.538647342995169,-0.014588962657218513,CENTRAL_ZONE_PROXY_ONLY
WC2018,Jordan Pickford,England,False,PRESSURED,LONG_LEFT,21,25,0.84,6,0.2857142857142857,0.3333333333333333,0.4613481859278508,-0.010368910861221879,NO
WC2018,Jordan Pickford,England,False,PRESSURED,LONG_RIGHT,21,25,0.84,4,0.19047619047619047,0.5,0.5122100122100122,-0.011423263683771176,NO
WC2018,Jordan Pickford,England,False,PRESSURED,MEDIUM_LEFT,21,25,0.84,1,0.047619047619047616,0.0,0.5217391304347826,-0.010785587398981694,NO
WC2018,Jordan Pickford,England,False,PRESSURED,MEDIUM_RIGHT,21,25,0.84,2,0.09523809523809523,1.0,0.3392156559429083,-0.010757004260793464,NO
WC2018,Jordan Pickford,England,False,PRESSURED,SHORT_LEFT,21,25,0.84,2,0.09523809523809523,1.0,0.4870600414078675,-0.007366065093507493,NO
WC2018,Jordan Pickford,England,False,PRESSURED,SHORT_RIGHT,21,25,0.84,2,0.09523809523809523,1.0,0.427536231884058,-0.009712280408653701,NO
WC2018,Jordan Pickford,England,False,PRESSURED,VERY_LONG_LEFT,21,25,0.84,1,0.047619047619047616,0.0,0.5217391304347826,-0.002916724852280426,NO
WC2018,Jordan Pickford,England,False,PRESSURED,VERY_LONG_RIGHT,21,25,0.84,1,0.047619047619047616,0.0,0.575,-0.00745409742441321,NO
WC2018,Jordan Pickford,England,True,FREE,LONG_LEFT,28,34,0.8235294117647058,1,0.03571428571428571,0.0,0.575,-0.005682456758414531,NO
WC2018,Jordan Pickford,England,True,FREE,LONG_RIGHT,28,34,0.8235294117647058,1,0.03571428571428571,1.0,0.5873015873015873,-0.0048048875906370825,NO
WC2018,Jordan Pickford,England,True,FREE,MEDIUM_CENTRAL,28,34,0.8235294117647058,1,0.03571428571428571,1.0,0.5873015873015873,-0.004886019553963131,CENTRAL_ZONE_PROXY_ONLY
WC2018,Jordan Pickford,England,True,FREE,MEDIUM_LEFT,28,34,0.8235294117647058,2,0.07142857142857142,1.0,0.531547619047619,-0.006502760601553134,NO
WC2018,Jordan Pickford,England,True,FREE,MEDIUM_RIGHT,28,34,0.8235294117647058,1,0.03571428571428571,1.0,0.6535947712418301,-0.003668767183378693,NO
WC2018,Jordan Pickford,England,True,FREE,SHORT_CENTRAL,28,34,0.8235294117647058,1,0.03571428571428571,1.0,0.5892857142857143,-0.004817180305235441,CENTRAL_ZONE_PROXY_ONLY
WC2018,Jordan Pickford,England,True,FREE,SHORT_LEFT,28,34,0.8235294117647058,2,0.07142857142857142,1.0,0.6233333333333333,-0.004174557099713889,NO
WC2018,Jordan Pickford,England,True,FREE,SHORT_RIGHT,28,34,0.8235294117647058,4,0.14285714285714285,1.0,0.5778373015873016,-0.0052566880329944655,NO
WC2018,Jordan Pickford,England,True,FREE,VERY_LONG_CENTRAL,28,34,0.8235294117647058,11,0.39285714285714285,0.6363636363636364,0.5787381084855586,-0.005660833041828162,CENTRAL_ZONE_PROXY_ONLY
WC2018,Jordan Pickford,England,True,FREE,VERY_LONG_RIGHT,28,34,0.8235294117647058,4,0.14285714285714285,1.0,0.5511793785310735,-0.006592693480695861,NO
WC2018,Kasper Schmeichel,Denmark,False,FREE,LONG_CENTRAL,74,83,0.891566265060241,6,0.08108108108108109,0.3333333333333333,0.6176900584795322,-0.006520956936110724,CENTRAL_ZONE_PROXY_ONLY
WC2018,Kasper Schmeichel,Denmark,False,FREE,LONG_LEFT,74,83,0.891566265060241,6,0.08108108108108109,0.3333333333333333,0.659512637695079,-0.002454535948124852,NO
WC2018,Kasper Schmeichel,Denmark,False,FREE,LONG_RIGHT,74,83,0.891566265060241,14,0.1891891891891892,0.5714285714285714,0.5982256142715456,-0.005724067074376822,NO
WC2018,Kasper Schmeichel,Denmark,False,FREE,MEDIUM_CENTRAL,74,83,0.891566265060241,2,0.02702702702702703,0.5,0.6875,-0.007540132989220219,CENTRAL_ZONE_PROXY_ONLY
WC2018,Kasper Schmeichel,Denmark,False,FREE,MEDIUM_RIGHT,74,83,0.891566265060241,1,0.013513513513513514,1.0,0.5964912280701755,-0.00628713899286726,NO
WC2018,Kasper Schmeichel,Denmark,False,FREE,SHORT_CENTRAL,74,83,0.891566265060241,5,0.06756756756756757,1.0,0.9433001107419712,-0.00033100294860226396,CENTRAL_ZONE_PROXY_ONLY
WC2018,Kasper Schmeichel,Denmark,False,FREE,SHORT_LEFT,74,83,0.891566265060241,5,0.06756756756756757,1.0,0.7368650793650794,-0.003632541208214886,NO
WC2018,Kasper Schmeichel,Denmark,False,FREE,SHORT_RIGHT,74,83,0.891566265060241,11,0.14864864864864866,1.0,0.7365438705336019,-0.0031385731698058777,NO
WC2018,Kasper Schmeichel,Denmark,False,FREE,VERY_LONG_CENTRAL,74,83,0.891566265060241,9,0.12162162162162163,0.3333333333333333,0.6358238386618161,-0.0071286140326641345,CENTRAL_ZONE_PROXY_ONLY
WC2018,Kasper Schmeichel,Denmark,False,FREE,VERY_LONG_LEFT,74,83,0.891566265060241,1,0.013513513513513514,0.0,0.5964912280701755,-0.0035843319292135035,NO
WC2018,Kasper Schmeichel,Denmark,False,FREE,VERY_LONG_RIGHT,74,83,0.891566265060241,14,0.1891891891891892,0.7142857142857143,0.5882276504068052,-0.005444047023836805,NO
WC2018,Kasper Schmeichel,Denmark,False,PRESSURED,LONG_CENTRAL,4,6,0.6666666666666666,1,0.25,1.0,0.43478260869565216,-0.006796202373081453,CENTRAL_ZONE_PROXY_ONLY
WC2018,Kasper Schmeichel,Denmark,False,PRESSURED,LONG_LEFT,4,6,0.6666666666666666,1,0.25,0.0,0.4915254237288136,-0.006219247030048352,NO
WC2018,Kasper Schmeichel,Denmark,False,PRESSURED,LONG_RIGHT,4,6,0.6666666666666666,1,0.25,1.0,0.43478260869565216,-0.00960796176462804,NO
WC2018,Kasper Schmeichel,Denmark,False,PRESSURED,SHORT_RIGHT,4,6,0.6666666666666666,1,0.25,1.0,0.46153846153846156,-0.004841047080989206,NO
WC2018,Kasper Schmeichel,Denmark,True,FREE,LONG_LEFT,28,29,0.9655172413793104,1,0.03571428571428571,1.0,0.4880952380952381,-0.007814814181370318,NO
WC2018,Kasper Schmeichel,Denmark,True,FREE,LONG_RIGHT,28,29,0.9655172413793104,3,0.10714285714285714,0.3333333333333333,0.4880952380952381,-0.0076890402923429635,NO
WC2018,Kasper Schmeichel,Denmark,True,FREE,SHORT_CENTRAL,28,29,0.9655172413793104,2,0.07142857142857142,1.0,0.56875,-0.006095123855137528,CENTRAL_ZONE_PROXY_ONLY
WC2018,Kasper Schmeichel,Denmark,True,FREE,SHORT_LEFT,28,29,0.9655172413793104,1,0.03571428571428571,1.0,0.4915254237288136,-0.006943895012980698,NO
WC2018,Kasper Schmeichel,Denmark,True,FREE,SHORT_RIGHT,28,29,0.9655172413793104,2,0.07142857142857142,1.0,0.544047619047619,-0.00641664652917852,NO
WC2018,Kasper Schmeichel,Denmark,True,FREE,VERY_LONG_CENTRAL,28,29,0.9655172413793104,4,0.14285714285714285,0.25,0.4978813559322034,-0.007082827936179157,CENTRAL_ZONE_PROXY_ONLY
WC2018,Kasper Schmeichel,Denmark,True,FREE,VERY_LONG_LEFT,28,29,0.9655172413793104,1,0.03571428571428571,1.0,0.575,-0.005101944307409719,NO
WC2018,Kasper Schmeichel,Denmark,True,FREE,VERY_LONG_RIGHT,28,29,0.9655172413793104,14,0.5,0.5,0.5217813500660449,-0.006916310067454842,NO
WC2018,Keylor Navas Gamboa,Costa Rica,False,FREE,LONG_CENTRAL,51,57,0.8947368421052632,2,0.0392156862745098,0.5,0.7315592903828199,-0.007104991383196658,CENTRAL_ZONE_PROXY_ONLY
WC2018,Keylor Navas Gamboa,Costa Rica,False,FREE,LONG_LEFT,51,57,0.8947368421052632,6,0.11764705882352941,0.8333333333333334,0.556410563208248,-0.008049673403249226,NO
WC2018,Keylor Navas Gamboa,Costa Rica,False,FREE,LONG_RIGHT,51,57,0.8947368421052632,10,0.19607843137254902,0.5,0.6097256067528672,-0.005916366351309805,NO
WC2018,Keylor Navas Gamboa,Costa Rica,False,FREE,MEDIUM_CENTRAL,51,57,0.8947368421052632,1,0.0196078431372549,1.0,0.5964912280701755,-0.00501040891144336,CENTRAL_ZONE_PROXY_ONLY
WC2018,Keylor Navas Gamboa,Costa Rica,False,FREE,MEDIUM_LEFT,51,57,0.8947368421052632,7,0.13725490196078433,1.0,0.8325986224038069,-0.0012556111017993734,NO
WC2018,Keylor Navas Gamboa,Costa Rica,False,FREE,MEDIUM_RIGHT,51,57,0.8947368421052632,4,0.0784313725490196,1.0,0.7798975167520694,-0.0029889564870114976,NO
WC2018,Keylor Navas Gamboa,Costa Rica,False,FREE,SHORT_CENTRAL,51,57,0.8947368421052632,3,0.058823529411764705,1.0,0.6357298474945533,-0.003774501258036254,CENTRAL_ZONE_PROXY_ONLY
WC2018,Keylor Navas Gamboa,Costa Rica,False,FREE,SHORT_LEFT,51,57,0.8947368421052632,5,0.09803921568627451,1.0,0.7306407665980051,-0.005918109607927377,NO
WC2018,Keylor Navas Gamboa,Costa Rica,False,FREE,SHORT_RIGHT,51,57,0.8947368421052632,4,0.0784313725490196,1.0,0.649562736628806,-0.005412504965217081,NO
WC2018,Keylor Navas Gamboa,Costa Rica,False,FREE,VERY_LONG_CENTRAL,51,57,0.8947368421052632,7,0.13725490196078433,0.42857142857142855,0.5753281879679413,-0.007100993842290735,CENTRAL_ZONE_PROXY_ONLY
WC2018,Keylor Navas Gamboa,Costa Rica,False,FREE,VERY_LONG_LEFT,51,57,0.8947368421052632,2,0.0392156862745098,1.0,0.6221532091097308,-0.008738796259670778,NO
WC2018,Keylor Navas Gamboa,Costa Rica,False,PRESSURED,LONG_CENTRAL,6,6,1.0,1,0.16666666666666666,0.0,0.4880952380952381,-0.003885153605277002,CENTRAL_ZONE_PROXY_ONLY
WC2018,Keylor Navas Gamboa,Costa Rica,False,PRESSURED,LONG_LEFT,6,6,1.0,2,0.3333333333333333,0.5,0.4880952380952381,-0.006662104799291866,NO
WC2018,Keylor Navas Gamboa,Costa Rica,False,PRESSURED,LONG_RIGHT,6,6,1.0,1,0.16666666666666666,0.0,0.5957446808510638,-0.0038322882255820857,NO
WC2018,Keylor Navas Gamboa,Costa Rica,False,PRESSURED,VERY_LONG_CENTRAL,6,6,1.0,1,0.16666666666666666,0.0,0.575,-0.004503555314535442,CENTRAL_ZONE_PROXY_ONLY
WC2018,Keylor Navas Gamboa,Costa Rica,False,PRESSURED,VERY_LONG_LEFT,6,6,1.0,1,0.16666666666666666,1.0,0.4880952380952381,-0.007031441957169066,NO
WC2018,Keylor Navas Gamboa,Costa Rica,True,FREE,LONG_CENTRAL,8,8,1.0,1,0.125,0.0,0.5957446808510638,-0.005047629533824724,CENTRAL_ZONE_PROXY_ONLY
WC2018,Keylor Navas Gamboa,Costa Rica,True,FREE,MEDIUM_CENTRAL,8,8,1.0,1,0.125,1.0,0.597918151948363,-0.004709664266365828,CENTRAL_ZONE_PROXY_ONLY
WC2018,Keylor Navas Gamboa,Costa Rica,True,FREE,VERY_LONG_CENTRAL,8,8,1.0,2,0.25,0.0,0.544047619047619,-0.00637652926691662,CENTRAL_ZONE_PROXY_ONLY
WC2018,Keylor Navas Gamboa,Costa Rica,True,FREE,VERY_LONG_LEFT,8,8,1.0,2,0.25,1.0,0.56875,-0.005502072785311761,NO
WC2018,Keylor Navas Gamboa,Costa Rica,True,FREE,VERY_LONG_RIGHT,8,8,1.0,2,0.25,1.0,0.5478723404255319,-0.005910546861397879,NO
WC2018,Khadim N'Diaye,Senegal,False,FREE,LONG_CENTRAL,30,38,0.7894736842105263,2,0.06666666666666667,0.0,0.7844074844074844,0.001031819943455469,CENTRAL_ZONE_PROXY_ONLY
WC2018,Khadim N'Diaye,Senegal,False,FREE,LONG_RIGHT,30,38,0.7894736842105263,7,0.23333333333333334,0.42857142857142855,0.4883732035522112,-0.011048089572188976,NO
WC2018,Khadim N'Diaye,Senegal,False,FREE,MEDIUM_RIGHT,30,38,0.7894736842105263,2,0.06666666666666667,1.0,0.6652589240824536,-0.009701029720639565,NO
WC2018,Khadim N'Diaye,Senegal,False,FREE,SHORT_CENTRAL,30,38,0.7894736842105263,3,0.1,1.0,0.7432376196421139,-0.0033028946774041634,CENTRAL_ZONE_PROXY_ONLY
WC2018,Khadim N'Diaye,Senegal,False,FREE,SHORT_LEFT,30,38,0.7894736842105263,1,0.03333333333333333,1.0,0.676923076923077,-0.0017359270059558026,NO
WC2018,Khadim N'Diaye,Senegal,False,FREE,SHORT_RIGHT,30,38,0.7894736842105263,3,0.1,1.0,0.6503601267646211,-0.0029928168318623543,NO
WC2018,Khadim N'Diaye,Senegal,False,FREE,VERY_LONG_CENTRAL,30,38,0.7894736842105263,3,0.1,0.3333333333333333,0.6972972972972973,-0.002992197289423921,CENTRAL_ZONE_PROXY_ONLY
WC2018,Khadim N'Diaye,Senegal,False,FREE,VERY_LONG_LEFT,30,38,0.7894736842105263,3,0.1,0.3333333333333333,0.5884334856201864,-0.0073950887699968425,NO
WC2018,Khadim N'Diaye,Senegal,False,FREE,VERY_LONG_RIGHT,30,38,0.7894736842105263,6,0.2,0.5,0.6663694191784079,-0.007277882843674366,NO
WC2018,Khadim N'Diaye,Senegal,False,PRESSURED,LONG_CENTRAL,3,5,0.6,1,0.3333333333333333,1.0,0.5432098765432098,-0.0066115692362730474,CENTRAL_ZONE_PROXY_ONLY
WC2018,Khadim N'Diaye,Senegal,False,PRESSURED,LONG_LEFT,3,5,0.6,1,0.3333333333333333,0.0,0.42857142857142855,-0.008887308269162578,NO
WC2018,Khadim N'Diaye,Senegal,False,PRESSURED,LONG_RIGHT,3,5,0.6,1,0.3333333333333333,0.0,0.4880952380952381,-0.009162408219542967,NO
WC2018,Khadim N'Diaye,Senegal,True,FREE,LONG_LEFT,20,21,0.9523809523809523,1,0.05,1.0,0.5432098765432098,-0.005557980718769695,NO
WC2018,Khadim N'Diaye,Senegal,True,FREE,LONG_RIGHT,20,21,0.9523809523809523,1,0.05,0.0,0.5432098765432098,-0.006908161902709461,NO
WC2018,Khadim N'Diaye,Senegal,True,FREE,SHORT_RIGHT,20,21,0.9523809523809523,1,0.05,1.0,0.5625,-0.005902201263213803,NO
WC2018,Khadim N'Diaye,Senegal,True,FREE,VERY_LONG_CENTRAL,20,21,0.9523809523809523,4,0.2,0.5,0.5432098765432098,-0.00657061660672452,CENTRAL_ZONE_PROXY_ONLY
WC2018,Khadim N'Diaye,Senegal,True,FREE,VERY_LONG_LEFT,20,21,0.9523809523809523,9,0.45,0.3333333333333333,0.539229374877523,-0.00616046722716402,NO
WC2018,Khadim N'Diaye,Senegal,True,FREE,VERY_LONG_RIGHT,20,21,0.9523809523809523,4,0.2,0.75,0.5335097001763669,-0.005976250032761217,NO
WC2018,Lovre Kalinić,Croatia,False,FREE,LONG_LEFT,8,8,1.0,1,0.125,1.0,0.8333333333333334,-0.0018766690473266058,NO
WC2018,Lovre Kalinić,Croatia,False,FREE,LONG_RIGHT,8,8,1.0,1,0.125,0.0,0.6535947712418301,-0.005715489044886667,NO
WC2018,Lovre Kalinić,Croatia,False,FREE,MEDIUM_CENTRAL,8,8,1.0,1,0.125,0.0,0.6,-0.002998061698856435,CENTRAL_ZONE_PROXY_ONLY
WC2018,Lovre Kalinić,Croatia,False,FREE,MEDIUM_RIGHT,8,8,1.0,1,0.125,0.0,0.6,-0.011728758083440906,NO
WC2018,Lovre Kalinić,Croatia,False,FREE,SHORT_LEFT,8,8,1.0,2,0.25,1.0,0.8035415716674267,-0.0025672688482788657,NO
WC2018,Lovre Kalinić,Croatia,False,FREE,VERY_LONG_CENTRAL,8,8,1.0,1,0.125,0.0,0.6535947712418301,-0.007599187702086862,CENTRAL_ZONE_PROXY_ONLY
WC2018,Lovre Kalinić,Croatia,False,FREE,VERY_LONG_LEFT,8,8,1.0,1,0.125,0.0,0.6535947712418301,-0.005715489044886667,NO
WC2018,Lovre Kalinić,Croatia,False,PRESSURED,LONG_LEFT,2,2,1.0,1,0.5,0.0,0.4880952380952381,-0.005882580328371598,NO
WC2018,Lovre Kalinić,Croatia,False,PRESSURED,MEDIUM_RIGHT,2,2,1.0,1,0.5,1.0,0.4880952380952381,-0.00852280015693153,NO
WC2018,Lovre Kalinić,Croatia,True,FREE,LONG_CENTRAL,6,6,1.0,1,0.16666666666666666,0.0,0.5625,-0.005902201263213803,CENTRAL_ZONE_PROXY_ONLY
WC2018,Lovre Kalinić,Croatia,True,FREE,SHORT_LEFT,6,6,1.0,1,0.16666666666666666,1.0,0.4880952380952381,-0.007814814181370318,NO
WC2018,Lovre Kalinić,Croatia,True,FREE,VERY_LONG_CENTRAL,6,6,1.0,1,0.16666666666666666,0.0,0.6,-0.004941825638253236,CENTRAL_ZONE_PROXY_ONLY
WC2018,Lovre Kalinić,Croatia,True,FREE,VERY_LONG_LEFT,6,6,1.0,3,0.5,0.0,0.5076259489302967,-0.007454863137873912,NO
WC2018,Manuel Neuer,Germany,False,FREE,LONG_LEFT,66,71,0.9295774647887324,3,0.045454545454545456,0.6666666666666666,0.7687301587301586,-0.0036355093112555407,NO
WC2018,Manuel Neuer,Germany,False,FREE,LONG_RIGHT,66,71,0.9295774647887324,5,0.07575757575757576,0.6,0.7862456315417702,-0.0029858805452346237,NO
WC2018,Manuel Neuer,Germany,False,FREE,MEDIUM_CENTRAL,66,71,0.9295774647887324,2,0.030303030303030304,1.0,0.7812964614927149,-0.003213332684017178,CENTRAL_ZONE_PROXY_ONLY
WC2018,Manuel Neuer,Germany,False,FREE,MEDIUM_LEFT,66,71,0.9295774647887324,6,0.09090909090909091,1.0,0.7504321538309049,-0.0020087576637312023,NO
WC2018,Manuel Neuer,Germany,False,FREE,MEDIUM_RIGHT,66,71,0.9295774647887324,6,0.09090909090909091,1.0,0.8199479436626689,-0.0020978871461810366,NO
WC2018,Manuel Neuer,Germany,False,FREE,SHORT_CENTRAL,66,71,0.9295774647887324,19,0.2878787878787879,1.0,0.7519138878197833,-0.002927404455576634,CENTRAL_ZONE_PROXY_ONLY
WC2018,Manuel Neuer,Germany,False,FREE,SHORT_LEFT,66,71,0.9295774647887324,10,0.15151515151515152,1.0,0.7098257087905483,-0.0028340877351881342,NO
WC2018,Manuel Neuer,Germany,False,FREE,SHORT_RIGHT,66,71,0.9295774647887324,15,0.22727272727272727,1.0,0.7278457472429453,-0.005309443224525822,NO
WC2018,Manuel Neuer,Germany,False,PRESSURED,SHORT_LEFT,2,3,0.6666666666666666,1,0.5,1.0,0.575,-0.0067768625527662345,NO
WC2018,Manuel Neuer,Germany,False,PRESSURED,SHORT_RIGHT,2,3,0.6666666666666666,1,0.5,1.0,0.5217391304347826,-0.006993664354200816,NO
WC2018,Manuel Neuer,Germany,True,FREE,SHORT_LEFT,4,4,1.0,3,0.75,1.0,0.5608178053830227,-0.0052698171885209545,NO
WC2018,Manuel Neuer,Germany,True,FREE,SHORT_RIGHT,4,4,1.0,1,0.25,1.0,0.6466666666666666,-0.0034072885611745414,NO
WC2018,Mathew Ryan,Australia,False,FREE,LONG_LEFT,74,76,0.9736842105263158,5,0.06756756756756757,1.0,0.8029894525530794,0.0006941362116260403,NO
WC2018,Mathew Ryan,Australia,False,FREE,LONG_RIGHT,74,76,0.9736842105263158,5,0.06756756756756757,0.4,0.6086776145203112,-0.0055021699989739395,NO
WC2018,Mathew Ryan,Australia,False,FREE,MEDIUM_CENTRAL,74,76,0.9736842105263158,2,0.02702702702702703,0.5,0.7148570871134523,-0.0015656622125374367,CENTRAL_ZONE_PROXY_ONLY
WC2018,Mathew Ryan,Australia,False,FREE,MEDIUM_LEFT,74,76,0.9736842105263158,4,0.05405405405405406,1.0,0.7160561660561661,-0.004180323493845428,NO
WC2018,Mathew Ryan,Australia,False,FREE,MEDIUM_RIGHT,74,76,0.9736842105263158,4,0.05405405405405406,1.0,0.8160561660561662,0.000285497251557517,NO
WC2018,Mathew Ryan,Australia,False,FREE,SHORT_CENTRAL,74,76,0.9736842105263158,22,0.2972972972972973,1.0,0.7928514513824801,-0.0028292527731465004,CENTRAL_ZONE_PROXY_ONLY
WC2018,Mathew Ryan,Australia,False,FREE,SHORT_LEFT,74,76,0.9736842105263158,19,0.25675675675675674,1.0,0.7554693738102517,-0.004601730607922127,NO
WC2018,Mathew Ryan,Australia,False,FREE,SHORT_RIGHT,74,76,0.9736842105263158,13,0.17567567567567569,1.0,0.8065746400077219,-0.002000863072891004,NO
WC2018,Mathew Ryan,Australia,False,PRESSURED,LONG_LEFT,14,17,0.8235294117647058,2,0.14285714285714285,0.0,0.5394135055152005,-0.009971375884513547,NO
WC2018,Mathew Ryan,Australia,False,PRESSURED,LONG_RIGHT,14,17,0.8235294117647058,5,0.35714285714285715,0.6,0.5328507253600887,-0.005570597027565755,NO
WC2018,Mathew Ryan,Australia,False,PRESSURED,MEDIUM_RIGHT,14,17,0.8235294117647058,2,0.14285714285714285,1.0,0.5555555555555556,-0.005780834382982041,NO
WC2018,Mathew Ryan,Australia,False,PRESSURED,SHORT_CENTRAL,14,17,0.8235294117647058,2,0.14285714285714285,1.0,0.5173676501360117,-0.009898437898328803,CENTRAL_ZONE_PROXY_ONLY
WC2018,Mathew Ryan,Australia,False,PRESSURED,SHORT_LEFT,14,17,0.8235294117647058,2,0.14285714285714285,1.0,0.5432098765432098,-0.0055700572046581895,NO
WC2018,Mathew Ryan,Australia,False,PRESSURED,SHORT_RIGHT,14,17,0.8235294117647058,1,0.07142857142857142,1.0,0.5432098765432098,-0.004755416563254698,NO
WC2018,Mathew Ryan,Australia,True,FREE,LONG_LEFT,17,17,1.0,1,0.058823529411764705,1.0,0.5432098765432098,-0.005557980718769695,NO
WC2018,Mathew Ryan,Australia,True,FREE,LONG_RIGHT,17,17,1.0,4,0.23529411764705882,0.5,0.5173676501360117,-0.007161258232805037,NO
WC2018,Mathew Ryan,Australia,True,FREE,MEDIUM_LEFT,17,17,1.0,3,0.17647058823529413,1.0,0.5259817256050777,-0.006278356989326126,NO
WC2018,Mathew Ryan,Australia,True,FREE,MEDIUM_RIGHT,17,17,1.0,1,0.058823529411764705,1.0,0.6,-0.002505867234969126,NO
WC2018,Mathew Ryan,Australia,True,FREE,SHORT_LEFT,17,17,1.0,5,0.29411764705882354,1.0,0.5772134038800705,-0.004993167944731755,NO
WC2018,Mathew Ryan,Australia,True,FREE,SHORT_RIGHT,17,17,1.0,2,0.11764705882352941,1.0,0.6246697260464469,-0.0045412196442394595,NO
WC2018,Mathew Ryan,Australia,True,FREE,VERY_LONG_RIGHT,17,17,1.0,1,0.058823529411764705,1.0,0.4915254237288136,-0.007414354562900612,NO
WC2018,Mohamed El Sayed Mohamed El Shenawy Gomaa,Egypt,False,FREE,LONG_CENTRAL,20,20,1.0,3,0.15,0.0,0.5065227170490328,-0.00947883050180537,CENTRAL_ZONE_PROXY_ONLY
WC2018,Mohamed El Sayed Mohamed El Shenawy Gomaa,Egypt,False,FREE,LONG_RIGHT,20,20,1.0,3,0.15,0.3333333333333333,0.7127945179761569,-0.003171002710709222,NO
WC2018,Mohamed El Sayed Mohamed El Shenawy Gomaa,Egypt,False,FREE,MEDIUM_LEFT,20,20,1.0,3,0.15,1.0,0.8398349923773653,0.0004099154346518245,NO
WC2018,Mohamed El Sayed Mohamed El Shenawy Gomaa,Egypt,False,FREE,SHORT_CENTRAL,20,20,1.0,3,0.15,1.0,0.5934280144806462,-0.007638500749661679,CENTRAL_ZONE_PROXY_ONLY
WC2018,Mohamed El Sayed Mohamed El Shenawy Gomaa,Egypt,False,FREE,SHORT_LEFT,20,20,1.0,1,0.05,1.0,0.5873015873015873,-0.003258963392692324,NO
WC2018,Mohamed El Sayed Mohamed El Shenawy Gomaa,Egypt,False,FREE,VERY_LONG_CENTRAL,20,20,1.0,3,0.15,0.3333333333333333,0.6242035436850834,-0.007923316067460004,CENTRAL_ZONE_PROXY_ONLY
WC2018,Mohamed El Sayed Mohamed El Shenawy Gomaa,Egypt,False,FREE,VERY_LONG_LEFT,20,20,1.0,4,0.2,0.25,0.6599821964385597,-0.004384677489831518,NO
WC2018,Mohamed El Sayed Mohamed El Shenawy Gomaa,Egypt,False,PRESSURED,LONG_CENTRAL,3,3,1.0,2,0.6666666666666666,0.5,0.4957627118644068,-0.00820599249298207,CENTRAL_ZONE_PROXY_ONLY
WC2018,Mohamed El Sayed Mohamed El Shenawy Gomaa,Egypt,False,PRESSURED,LONG_LEFT,3,3,1.0,1,0.3333333333333333,1.0,0.575,-0.004899459565587798,NO
WC2018,Mohamed El Sayed Mohamed El Shenawy Gomaa,Egypt,True,FREE,LONG_RIGHT,6,11,0.5454545454545454,2,0.3333333333333333,1.0,0.5790481755246797,-0.005008238199666039,NO
WC2018,Mohamed El Sayed Mohamed El Shenawy Gomaa,Egypt,True,FREE,VERY_LONG_CENTRAL,6,11,0.5454545454545454,2,0.3333333333333333,0.0,0.5357142857142857,-0.006126253595196127,CENTRAL_ZONE_PROXY_ONLY
WC2018,Mohamed El Sayed Mohamed El Shenawy Gomaa,Egypt,True,FREE,VERY_LONG_LEFT,6,11,0.5454545454545454,1,0.16666666666666666,0.0,0.575,-0.005101944307409719,NO
WC2018,Mohamed El Sayed Mohamed El Shenawy Gomaa,Egypt,True,FREE,VERY_LONG_RIGHT,6,11,0.5454545454545454,1,0.16666666666666666,0.0,0.5555555555555556,-0.005608925672071677,NO
WC2018,Mohammed Khalil Al Owais,Saudi Arabia,False,FREE,LONG_CENTRAL,16,17,0.9411764705882353,1,0.0625,0.0,0.6466666666666666,-0.005759336545305908,CENTRAL_ZONE_PROXY_ONLY
WC2018,Mohammed Khalil Al Owais,Saudi Arabia,False,FREE,LONG_LEFT,16,17,0.9411764705882353,3,0.1875,0.3333333333333333,0.7687470449172576,-0.0008037884854547938,NO
WC2018,Mohammed Khalil Al Owais,Saudi Arabia,False,FREE,LONG_RIGHT,16,17,0.9411764705882353,1,0.0625,1.0,0.7272727272727273,-0.003778022402187037,NO
WC2018,Mohammed Khalil Al Owais,Saudi Arabia,False,FREE,MEDIUM_LEFT,16,17,0.9411764705882353,1,0.0625,1.0,1.0,0.0024637997632403798,NO
WC2018,Mohammed Khalil Al Owais,Saudi Arabia,False,FREE,MEDIUM_RIGHT,16,17,0.9411764705882353,1,0.0625,1.0,1.0,0.004292424639289062,NO
WC2018,Mohammed Khalil Al Owais,Saudi Arabia,False,FREE,SHORT_CENTRAL,16,17,0.9411764705882353,4,0.25,1.0,0.82354275513948,-0.0016842474420509404,CENTRAL_ZONE_PROXY_ONLY
WC2018,Mohammed Khalil Al Owais,Saudi Arabia,False,FREE,SHORT_LEFT,16,17,0.9411764705882353,1,0.0625,1.0,1.0,0.002167244431238384,NO
WC2018,Mohammed Khalil Al Owais,Saudi Arabia,False,FREE,SHORT_RIGHT,16,17,0.9411764705882353,1,0.0625,0.0,0.6466666666666666,-0.0040806132754442745,NO
WC2018,Mohammed Khalil Al Owais,Saudi Arabia,False,FREE,VERY_LONG_CENTRAL,16,17,0.9411764705882353,1,0.0625,1.0,0.7272727272727273,-0.0013259718544956327,CENTRAL_ZONE_PROXY_ONLY
WC2018,Mohammed Khalil Al Owais,Saudi Arabia,False,FREE,VERY_LONG_RIGHT,16,17,0.9411764705882353,2,0.125,0.5,0.5003848312854482,-0.00888964070292359,NO
WC2018,Mohammed Khalil Al Owais,Saudi Arabia,False,PRESSURED,VERY_LONG_LEFT,1,2,0.5,1,1.0,1.0,0.5217391304347826,-0.006993664354200816,NO
WC2018,Mohammed Khalil Al Owais,Saudi Arabia,True,FREE,LONG_CENTRAL,6,6,1.0,1,0.16666666666666666,0.0,0.6466666666666666,-0.0034072885611745414,CENTRAL_ZONE_PROXY_ONLY
WC2018,Mohammed Khalil Al Owais,Saudi Arabia,True,FREE,LONG_RIGHT,6,6,1.0,1,0.16666666666666666,1.0,0.6466666666666666,-0.0034072885611745414,NO
WC2018,Mohammed Khalil Al Owais,Saudi Arabia,True,FREE,SHORT_LEFT,6,6,1.0,2,0.3333333333333333,1.0,0.6179761904761905,-0.0032629511038353856,NO
WC2018,Mohammed Khalil Al Owais,Saudi Arabia,True,FREE,VERY_LONG_CENTRAL,6,6,1.0,1,0.16666666666666666,1.0,0.5892857142857143,-0.004215227254351979,CENTRAL_ZONE_PROXY_ONLY
WC2018,Mohammed Khalil Al Owais,Saudi Arabia,True,FREE,VERY_LONG_RIGHT,6,6,1.0,1,0.16666666666666666,0.0,0.6466666666666666,-0.004333063378104433,NO
WC2018,Mouez Hassen,Tunisia,False,FREE,SHORT_CENTRAL,4,4,1.0,1,0.25,1.0,0.6923076923076923,-0.0025348074554419125,CENTRAL_ZONE_PROXY_ONLY
WC2018,Mouez Hassen,Tunisia,False,FREE,SHORT_LEFT,4,4,1.0,1,0.25,1.0,1.0,0.004536898925555656,NO
WC2018,Mouez Hassen,Tunisia,False,FREE,SHORT_RIGHT,4,4,1.0,1,0.25,0.0,0.5873015873015873,-0.00600716006911589,NO
WC2018,Mouez Hassen,Tunisia,False,FREE,VERY_LONG_CENTRAL,4,4,1.0,1,0.25,0.0,0.6923076923076923,-0.0028373009373619668,CENTRAL_ZONE_PROXY_ONLY
WC2018,Mouez Hassen,Tunisia,True,FREE,VERY_LONG_RIGHT,1,1,1.0,1,1.0,1.0,0.5873015873015873,-0.0048048875906370825,NO
WC2018,Munir Mohand Mohamedi,Morocco,False,FREE,LONG_CENTRAL,37,38,0.9736842105263158,6,0.16216216216216217,0.3333333333333333,0.6768650107695051,-0.005178603512531368,CENTRAL_ZONE_PROXY_ONLY
WC2018,Munir Mohand Mohamedi,Morocco,False,FREE,LONG_LEFT,37,38,0.9736842105263158,4,0.10810810810810811,0.75,0.6646031746031746,-0.003555227214438959,NO
WC2018,Munir Mohand Mohamedi,Morocco,False,FREE,LONG_RIGHT,37,38,0.9736842105263158,3,0.08108108108108109,0.0,0.6184981684981685,-0.004433708951613114,NO
WC2018,Munir Mohand Mohamedi,Morocco,False,FREE,MEDIUM_CENTRAL,37,38,0.9736842105263158,2,0.05405405405405406,0.5,0.6179761904761905,-0.005994354206455197,CENTRAL_ZONE_PROXY_ONLY
WC2018,Munir Mohand Mohamedi,Morocco,False,FREE,MEDIUM_LEFT,37,38,0.9736842105263158,2,0.05405405405405406,1.0,0.6331043956043956,-0.004258121938751028,NO
WC2018,Munir Mohand Mohamedi,Morocco,False,FREE,MEDIUM_RIGHT,37,38,0.9736842105263158,2,0.05405405405405406,1.0,0.6179761904761905,-0.005900322471808687,NO
WC2018,Munir Mohand Mohamedi,Morocco,False,FREE,SHORT_CENTRAL,37,38,0.9736842105263158,5,0.13513513513513514,1.0,0.7543833943833944,-0.0019969851559045798,CENTRAL_ZONE_PROXY_ONLY
WC2018,Munir Mohand Mohamedi,Morocco,False,FREE,SHORT_LEFT,37,38,0.9736842105263158,4,0.10810810810810811,1.0,0.8576728115590408,-2.0400171544972083e-05,NO
WC2018,Munir Mohand Mohamedi,Morocco,False,FREE,SHORT_RIGHT,37,38,0.9736842105263158,6,0.16216216216216217,1.0,0.8856356693620843,-0.0013958281258563611,NO
WC2018,Munir Mohand Mohamedi,Morocco,False,FREE,VERY_LONG_CENTRAL,37,38,0.9736842105263158,2,0.05405405405405406,0.0,0.788888888888889,0.0011688512306554488,CENTRAL_ZONE_PROXY_ONLY
WC2018,Munir Mohand Mohamedi,Morocco,False,FREE,VERY_LONG_LEFT,37,38,0.9736842105263158,1,0.02702702702702703,0.0,0.5873015873015873,-0.005547724574208924,NO
WC2018,Munir Mohand Mohamedi,Morocco,False,PRESSURED,LONG_CENTRAL,6,6,1.0,2,0.3333333333333333,0.0,0.47195318805488295,-0.008777024788780065,CENTRAL_ZONE_PROXY_ONLY
WC2018,Munir Mohand Mohamedi,Morocco,False,PRESSURED,LONG_RIGHT,6,6,1.0,3,0.5,0.6666666666666666,0.506466784244562,-0.006791754748194812,NO
WC2018,Munir Mohand Mohamedi,Morocco,False,PRESSURED,SHORT_RIGHT,6,6,1.0,1,0.16666666666666666,1.0,0.5238095238095238,-0.004298854302985806,NO
WC2018,Munir Mohand Mohamedi,Morocco,True,FREE,LONG_RIGHT,11,11,1.0,6,0.5454545454545454,0.3333333333333333,0.5184726666597846,-0.006026613036449405,NO
WC2018,Munir Mohand Mohamedi,Morocco,True,FREE,SHORT_CENTRAL,11,11,1.0,1,0.09090909090909091,1.0,0.4915254237288136,-0.006943895012980698,CENTRAL_ZONE_PROXY_ONLY
WC2018,Munir Mohand Mohamedi,Morocco,True,FREE,VERY_LONG_CENTRAL,11,11,1.0,3,0.2727272727272727,0.3333333333333333,0.5830053534776445,-0.003983442819838232,CENTRAL_ZONE_PROXY_ONLY
WC2018,Munir Mohand Mohamedi,Morocco,True,FREE,VERY_LONG_RIGHT,11,11,1.0,1,0.09090909090909091,0.0,0.5873015873015873,-0.004422126854561429,NO
WC2018,Néstor Fernando Muslera Micol,Uruguay,False,FREE,LONG_CENTRAL,68,72,0.9444444444444444,6,0.08823529411764706,0.6666666666666666,0.6287406015037593,-0.0036503940101715246,CENTRAL_ZONE_PROXY_ONLY
WC2018,Néstor Fernando Muslera Micol,Uruguay,False,FREE,LONG_LEFT,68,72,0.9444444444444444,5,0.07352941176470588,0.8,0.6765614323875446,-0.006607859090887011,NO
WC2018,Néstor Fernando Muslera Micol,Uruguay,False,FREE,LONG_RIGHT,68,72,0.9444444444444444,3,0.04411764705882353,0.0,0.6311111111111111,-0.0040168668119498815,NO
WC2018,Néstor Fernando Muslera Micol,Uruguay,False,FREE,MEDIUM_LEFT,68,72,0.9444444444444444,2,0.029411764705882353,1.0,0.7151350578488105,0.0004996277039941385,NO
WC2018,Néstor Fernando Muslera Micol,Uruguay,False,FREE,MEDIUM_RIGHT,68,72,0.9444444444444444,4,0.058823529411764705,1.0,0.5994389263730875,-0.005264757363809095,NO
WC2018,Néstor Fernando Muslera Micol,Uruguay,False,FREE,SHORT_CENTRAL,68,72,0.9444444444444444,24,0.35294117647058826,1.0,0.7964224894300483,-0.00035825830106723844,CENTRAL_ZONE_PROXY_ONLY
WC2018,Néstor Fernando Muslera Micol,Uruguay,False,FREE,SHORT_LEFT,68,72,0.9444444444444444,7,0.10294117647058823,0.8571428571428571,0.6894549633963327,-0.004461175961714129,NO
WC2018,Néstor Fernando Muslera Micol,Uruguay,False,FREE,SHORT_RIGHT,68,72,0.9444444444444444,9,0.1323529411764706,1.0,0.858390809557403,0.00038677219173198507,NO
WC2018,Néstor Fernando Muslera Micol,Uruguay,False,FREE,VERY_LONG_LEFT,68,72,0.9444444444444444,1,0.014705882352941176,0.0,0.4,-0.008469835024370036,NO
WC2018,Néstor Fernando Muslera Micol,Uruguay,False,FREE,VERY_LONG_RIGHT,68,72,0.9444444444444444,7,0.10294117647058823,0.8571428571428571,0.532147199305254,-0.00785456409575501,NO
WC2018,Néstor Fernando Muslera Micol,Uruguay,False,PRESSURED,LONG_LEFT,5,6,0.8333333333333334,1,0.2,0.0,0.3076923076923077,-0.00982735871906755,NO
WC2018,Néstor Fernando Muslera Micol,Uruguay,False,PRESSURED,LONG_RIGHT,5,6,0.8333333333333334,1,0.2,0.0,0.5,-0.015394888827262287,NO
WC2018,Néstor Fernando Muslera Micol,Uruguay,False,PRESSURED,MEDIUM_CENTRAL,5,6,0.8333333333333334,1,0.2,0.0,0.5217391304347826,-0.012271344026266989,CENTRAL_ZONE_PROXY_ONLY
WC2018,Néstor Fernando Muslera Micol,Uruguay,False,PRESSURED,SHORT_CENTRAL,5,6,0.8333333333333334,1,0.2,0.0,0.46416460166373447,-0.02085754749038231,CENTRAL_ZONE_PROXY_ONLY
WC2018,Néstor Fernando Muslera Micol,Uruguay,False,PRESSURED,SHORT_RIGHT,5,6,0.8333333333333334,1,0.2,1.0,0.4523809523809524,-0.0063065678560295085,NO
WC2018,Néstor Fernando Muslera Micol,Uruguay,True,FREE,LONG_LEFT,23,27,0.8518518518518519,2,0.08695652173913043,0.5,0.43478260869565216,-0.008973468597918784,NO
WC2018,Néstor Fernando Muslera Micol,Uruguay,True,FREE,MEDIUM_RIGHT,23,27,0.8518518518518519,1,0.043478260869565216,1.0,0.5892857142857143,-0.0041234873787336715,NO
WC2018,Néstor Fernando Muslera Micol,Uruguay,True,FREE,SHORT_CENTRAL,23,27,0.8518518518518519,1,0.043478260869565216,1.0,0.48244578059060667,-0.007673472304701917,CENTRAL_ZONE_PROXY_ONLY
WC2018,Néstor Fernando Muslera Micol,Uruguay,True,FREE,SHORT_LEFT,23,27,0.8518518518518519,1,0.043478260869565216,1.0,0.43478260869565216,-0.00918524291577116,NO
WC2018,Néstor Fernando Muslera Micol,Uruguay,True,FREE,SHORT_RIGHT,23,27,0.8518518518518519,1,0.043478260869565216,1.0,0.5957446808510638,-0.004763649865975622,NO
WC2018,Néstor Fernando Muslera Micol,Uruguay,True,FREE,VERY_LONG_CENTRAL,23,27,0.8518518518518519,3,0.13043478260869565,0.0,0.5257936507936508,-0.006268810635809131,CENTRAL_ZONE_PROXY_ONLY
WC2018,Néstor Fernando Muslera Micol,Uruguay,True,FREE,VERY_LONG_LEFT,23,27,0.8518518518518519,7,0.30434782608695654,0.42857142857142855,0.4678333868237397,-0.008123991685578834,NO
WC2018,Néstor Fernando Muslera Micol,Uruguay,True,FREE,VERY_LONG_RIGHT,23,27,0.8518518518518519,7,0.30434782608695654,0.5714285714285714,0.5150842945874002,-0.00691127126574094,NO
WC2018,Pedro David Gallese Quiróz,Peru,False,FREE,LONG_CENTRAL,40,43,0.9302325581395349,5,0.125,0.4,0.5165318302387267,-0.008167603156598396,CENTRAL_ZONE_PROXY_ONLY
WC2018,Pedro David Gallese Quiróz,Peru,False,FREE,LONG_LEFT,40,43,0.9302325581395349,5,0.125,0.8,0.6217917675544794,-0.008297772143722602,NO
WC2018,Pedro David Gallese Quiróz,Peru,False,FREE,LONG_RIGHT,40,43,0.9302325581395349,6,0.15,0.3333333333333333,0.6029757482811465,-0.0066611449210982705,NO
WC2018,Pedro David Gallese Quiróz,Peru,False,FREE,SHORT_CENTRAL,40,43,0.9302325581395349,9,0.225,1.0,0.8409343069759339,-0.0029216495086204736,CENTRAL_ZONE_PROXY_ONLY
WC2018,Pedro David Gallese Quiróz,Peru,False,FREE,SHORT_LEFT,40,43,0.9302325581395349,3,0.075,1.0,0.7942150402389371,-0.0016444498893373766,NO
WC2018,Pedro David Gallese Quiróz,Peru,False,FREE,SHORT_RIGHT,40,43,0.9302325581395349,7,0.175,1.0,0.7833453155273409,-0.0026603747640392586,NO
WC2018,Pedro David Gallese Quiróz,Peru,False,FREE,VERY_LONG_CENTRAL,40,43,0.9302325581395349,1,0.025,0.0,0.8095238095238095,-0.0004944846824781078,CENTRAL_ZONE_PROXY_ONLY
WC2018,Pedro David Gallese Quiróz,Peru,False,FREE,VERY_LONG_LEFT,40,43,0.9302325581395349,2,0.05,0.0,0.4107142857142857,-0.01125513095475861,NO
WC2018,Pedro David Gallese Quiróz,Peru,False,FREE,VERY_LONG_RIGHT,40,43,0.9302325581395349,2,0.05,0.5,0.5441886899687411,-0.008512320480672148,NO
WC2018,Pedro David Gallese Quiróz,Peru,False,PRESSURED,LONG_LEFT,2,2,1.0,1,0.5,0.0,0.575,-0.00773285622364321,NO
WC2018,Pedro David Gallese Quiróz,Peru,False,PRESSURED,MEDIUM_LEFT,2,2,1.0,1,0.5,1.0,0.46153846153846156,-0.017582985348882325,NO
WC2018,Pedro David Gallese Quiróz,Peru,True,FREE,LONG_CENTRAL,15,19,0.7894736842105263,7,0.4666666666666667,0.42857142857142855,0.5465986394557824,-0.00620369250018656,CENTRAL_ZONE_PROXY_ONLY
WC2018,Pedro David Gallese Quiróz,Peru,True,FREE,LONG_LEFT,15,19,0.7894736842105263,2,0.13333333333333333,0.5,0.541919959473151,-0.006640212414362705,NO
WC2018,Pedro David Gallese Quiróz,Peru,True,FREE,MEDIUM_RIGHT,15,19,0.7894736842105263,3,0.2,1.0,0.6128296759084907,-0.004517931562038768,NO
WC2018,Pedro David Gallese Quiróz,Peru,True,FREE,VERY_LONG_CENTRAL,15,19,0.7894736842105263,1,0.06666666666666667,1.0,0.5964912280701755,-0.006054813444448978,CENTRAL_ZONE_PROXY_ONLY
WC2018,Pedro David Gallese Quiróz,Peru,True,FREE,VERY_LONG_LEFT,15,19,0.7894736842105263,1,0.06666666666666667,0.0,0.5714285714285714,-0.0051950633335721185,NO
WC2018,Pedro David Gallese Quiróz,Peru,True,FREE,VERY_LONG_RIGHT,15,19,0.7894736842105263,1,0.06666666666666667,0.0,0.5873015873015873,-0.005725113193689308,NO
WC2018,Robin Olsen,Sweden,False,FREE,LONG_CENTRAL,57,63,0.9047619047619048,3,0.05263157894736842,0.3333333333333333,0.663825184696328,-0.0052779338569436075,CENTRAL_ZONE_PROXY_ONLY
WC2018,Robin Olsen,Sweden,False,FREE,LONG_LEFT,57,63,0.9047619047619048,6,0.10526315789473684,0.3333333333333333,0.637836113271685,-0.004182336467448,NO
WC2018,Robin Olsen,Sweden,False,FREE,LONG_RIGHT,57,63,0.9047619047619048,7,0.12280701754385964,0.42857142857142855,0.6143508251188694,-0.00859094575176861,NO
WC2018,Robin Olsen,Sweden,False,FREE,MEDIUM_LEFT,57,63,0.9047619047619048,4,0.07017543859649122,1.0,0.6323214285714286,-0.004089219507825301,NO
WC2018,Robin Olsen,Sweden,False,FREE,MEDIUM_RIGHT,57,63,0.9047619047619048,2,0.03508771929824561,1.0,0.6531205673758864,-0.006014667220632519,NO
WC2018,Robin Olsen,Sweden,False,FREE,SHORT_CENTRAL,57,63,0.9047619047619048,5,0.08771929824561403,1.0,0.8435723270440251,-0.001169201400110087,CENTRAL_ZONE_PROXY_ONLY
WC2018,Robin Olsen,Sweden,False,FREE,SHORT_LEFT,57,63,0.9047619047619048,6,0.10526315789473684,1.0,0.7920514591422764,-0.0017392119790259671,NO
WC2018,Robin Olsen,Sweden,False,FREE,SHORT_RIGHT,57,63,0.9047619047619048,9,0.15789473684210525,1.0,0.7594986683557492,-0.0036294722716583927,NO
WC2018,Robin Olsen,Sweden,False,FREE,VERY_LONG_CENTRAL,57,63,0.9047619047619048,4,0.07017543859649122,0.25,0.6313241163465128,-0.005058709849911557,CENTRAL_ZONE_PROXY_ONLY
WC2018,Robin Olsen,Sweden,False,FREE,VERY_LONG_LEFT,57,63,0.9047619047619048,1,0.017543859649122806,0.0,0.5964912280701755,-0.0010984414702595886,NO
WC2018,Robin Olsen,Sweden,False,FREE,VERY_LONG_RIGHT,57,63,0.9047619047619048,10,0.17543859649122806,0.5,0.6510732156132311,-0.006244364780403274,NO
WC2018,Robin Olsen,Sweden,False,PRESSURED,LONG_CENTRAL,10,12,0.8333333333333334,5,0.5,0.2,0.4514285714285714,-0.008330875910905694,CENTRAL_ZONE_PROXY_ONLY
WC2018,Robin Olsen,Sweden,False,PRESSURED,LONG_RIGHT,10,12,0.8333333333333334,3,0.3,0.3333333333333333,0.4682539682539682,-0.007509661487370677,NO
WC2018,Robin Olsen,Sweden,False,PRESSURED,SHORT_LEFT,10,12,0.8333333333333334,1,0.1,1.0,0.4523809523809524,-0.010826187431507091,NO
WC2018,Robin Olsen,Sweden,False,PRESSURED,VERY_LONG_CENTRAL,10,12,0.8333333333333334,1,0.1,0.0,0.4523809523809524,-0.005275305730661388,CENTRAL_ZONE_PROXY_ONLY
WC2018,Robin Olsen,Sweden,True,FREE,LONG_LEFT,25,28,0.8928571428571429,2,0.08,0.5,0.5217391304347826,-0.0061532255323855905,NO
WC2018,Robin Olsen,Sweden,True,FREE,LONG_RIGHT,25,28,0.8928571428571429,3,0.12,0.6666666666666666,0.5026455026455027,-0.007171407537656666,NO
WC2018,Robin Olsen,Sweden,True,FREE,MEDIUM_LEFT,25,28,0.8928571428571429,2,0.08,1.0,0.5217391304347826,-0.006255572698069005,NO
WC2018,Robin Olsen,Sweden,True,FREE,MEDIUM_RIGHT,25,28,0.8928571428571429,1,0.04,1.0,0.5217391304347826,-0.006680214362753808,NO
WC2018,Robin Olsen,Sweden,True,FREE,SHORT_CENTRAL,25,28,0.8928571428571429,1,0.04,1.0,0.5217391304347826,-0.006680214362753808,CENTRAL_ZONE_PROXY_ONLY
WC2018,Robin Olsen,Sweden,True,FREE,VERY_LONG_CENTRAL,25,28,0.8928571428571429,4,0.16,0.5,0.49722985347985343,-0.006717249529129125,CENTRAL_ZONE_PROXY_ONLY
WC2018,Robin Olsen,Sweden,True,FREE,VERY_LONG_LEFT,25,28,0.8928571428571429,2,0.08,0.5,0.5416666666666667,-0.006640599124250066,NO
WC2018,Robin Olsen,Sweden,True,FREE,VERY_LONG_RIGHT,25,28,0.8928571428571429,10,0.4,0.5,0.5340476190476191,-0.006234240388379324,NO
WC2018,Rui Pedro dos Santos Patrício,Portugal,False,FREE,LONG_CENTRAL,46,50,0.92,8,0.17391304347826086,0.25,0.7647032631687783,-0.0030718506603730246,CENTRAL_ZONE_PROXY_ONLY
WC2018,Rui Pedro dos Santos Patrício,Portugal,False,FREE,LONG_LEFT,46,50,0.92,8,0.17391304347826086,0.625,0.6714569254042939,-0.005699501656670748,NO
WC2018,Rui Pedro dos Santos Patrício,Portugal,False,FREE,LONG_RIGHT,46,50,0.92,4,0.08695652173913043,1.0,0.6635897435897435,-0.0013904691397038892,NO
WC2018,Rui Pedro dos Santos Patrício,Portugal,False,FREE,MEDIUM_CENTRAL,46,50,0.92,1,0.021739130434782608,1.0,0.9661016949152542,0.003286606459458286,CENTRAL_ZONE_PROXY_ONLY
WC2018,Rui Pedro dos Santos Patrício,Portugal,False,FREE,MEDIUM_LEFT,46,50,0.92,2,0.043478260869565216,1.0,1.0,0.0031297878715827944,NO
WC2018,Rui Pedro dos Santos Patrício,Portugal,False,FREE,MEDIUM_RIGHT,46,50,0.92,2,0.043478260869565216,1.0,0.7757331799884991,0.0017475505706754436,NO
WC2018,Rui Pedro dos Santos Patrício,Portugal,False,FREE,SHORT_CENTRAL,46,50,0.92,12,0.2608695652173913,1.0,0.8111044769049761,-0.00014214165299730424,CENTRAL_ZONE_PROXY_ONLY
WC2018,Rui Pedro dos Santos Patrício,Portugal,False,FREE,SHORT_LEFT,46,50,0.92,3,0.06521739130434782,1.0,0.766611155457049,0.0004944491575985997,NO
WC2018,Rui Pedro dos Santos Patrício,Portugal,False,FREE,SHORT_RIGHT,46,50,0.92,5,0.10869565217391304,1.0,0.7739822437449556,-0.0015723836300640954,NO
WC2018,Rui Pedro dos Santos Patrício,Portugal,False,FREE,VERY_LONG_LEFT,46,50,0.92,1,0.021739130434782608,1.0,0.6595744680851063,-0.0007422137375701033,NO
WC2018,Rui Pedro dos Santos Patrício,Portugal,False,PRESSURED,LONG_CENTRAL,9,9,1.0,2,0.2222222222222222,0.0,0.549404761904762,-0.009814935598653048,CENTRAL_ZONE_PROXY_ONLY
WC2018,Rui Pedro dos Santos Patrício,Portugal,False,PRESSURED,LONG_LEFT,9,9,1.0,2,0.2222222222222222,0.0,0.5756641341352404,-0.007061624952982152,NO
WC2018,Rui Pedro dos Santos Patrício,Portugal,False,PRESSURED,LONG_RIGHT,9,9,1.0,2,0.2222222222222222,1.0,0.4977954144620811,-0.012029166507059423,NO
WC2018,Rui Pedro dos Santos Patrício,Portugal,False,PRESSURED,MEDIUM_LEFT,9,9,1.0,3,0.3333333333333333,1.0,0.5412907268170426,-0.008459595355070975,NO
WC2018,Rui Pedro dos Santos Patrício,Portugal,True,FREE,LONG_CENTRAL,16,16,1.0,4,0.25,0.25,0.6266502280983357,-0.0038024641435405572,CENTRAL_ZONE_PROXY_ONLY
WC2018,Rui Pedro dos Santos Patrício,Portugal,True,FREE,LONG_LEFT,16,16,1.0,5,0.3125,0.6,0.6220595308495959,-0.004388781084197888,NO
WC2018,Rui Pedro dos Santos Patrício,Portugal,True,FREE,SHORT_CENTRAL,16,16,1.0,3,0.1875,1.0,0.6084126984126984,-0.0037597817776810643,CENTRAL_ZONE_PROXY_ONLY
WC2018,Rui Pedro dos Santos Patrício,Portugal,True,FREE,SHORT_LEFT,16,16,1.0,2,0.125,1.0,0.635324265720481,-0.003492693853876123,NO
WC2018,Rui Pedro dos Santos Patrício,Portugal,True,FREE,VERY_LONG_CENTRAL,16,16,1.0,2,0.125,0.0,0.566247795414462,-0.005086322408306536,CENTRAL_ZONE_PROXY_ONLY
WC2018,Steve Mandanda,France,False,FREE,LONG_CENTRAL,20,21,0.9523809523809523,3,0.15,0.6666666666666666,0.564327485380117,-0.004774035895479576,CENTRAL_ZONE_PROXY_ONLY
WC2018,Steve Mandanda,France,False,FREE,LONG_LEFT,20,21,0.9523809523809523,2,0.1,1.0,0.7893772893772895,-0.00402350800443458,NO
WC2018,Steve Mandanda,France,False,FREE,LONG_RIGHT,20,21,0.9523809523809523,1,0.05,1.0,0.5964912280701755,-0.0035843319292135035,NO
WC2018,Steve Mandanda,France,False,FREE,MEDIUM_CENTRAL,20,21,0.9523809523809523,1,0.05,1.0,0.5964912280701755,-0.007870213972377142,CENTRAL_ZONE_PROXY_ONLY
WC2018,Steve Mandanda,France,False,FREE,MEDIUM_RIGHT,20,21,0.9523809523809523,2,0.1,1.0,0.8095238095238095,-0.0026975698875323284,NO
WC2018,Steve Mandanda,France,False,FREE,SHORT_CENTRAL,20,21,0.9523809523809523,2,0.1,1.0,0.7812964614927149,-0.002407463413552616,CENTRAL_ZONE_PROXY_ONLY
WC2018,Steve Mandanda,France,False,FREE,SHORT_LEFT,20,21,0.9523809523809523,2,0.1,1.0,0.5964912280701755,-0.00677893899213766,NO
WC2018,Steve Mandanda,France,False,FREE,SHORT_RIGHT,20,21,0.9523809523809523,7,0.35,1.0,0.8789054286518031,-0.0006091443713182041,NO
WC2018,Steve Mandanda,France,False,PRESSURED,LONG_RIGHT,1,3,0.3333333333333333,1,1.0,1.0,0.5964912280701755,-0.008636766072136988,NO
WC2018,Steve Mandanda,France,True,FREE,MEDIUM_RIGHT,1,1,1.0,1,1.0,1.0,0.575,-0.006288046447061253,NO
WC2018,Thibaut Courtois,Belgium,False,FREE,LONG_CENTRAL,122,123,0.991869918699187,6,0.04918032786885246,0.3333333333333333,0.6029317235168299,-0.004211713934915443,CENTRAL_ZONE_PROXY_ONLY
WC2018,Thibaut Courtois,Belgium,False,FREE,LONG_LEFT,122,123,0.991869918699187,13,0.10655737704918032,0.46153846153846156,0.6429442897528005,-0.00439654915410389,NO
WC2018,Thibaut Courtois,Belgium,False,FREE,LONG_RIGHT,122,123,0.991869918699187,4,0.03278688524590164,0.75,0.638695721146848,-0.004068711904068518,NO
WC2018,Thibaut Courtois,Belgium,False,FREE,MEDIUM_CENTRAL,122,123,0.991869918699187,1,0.00819672131147541,1.0,0.8624840402402462,-0.002446905307978894,CENTRAL_ZONE_PROXY_ONLY
WC2018,Thibaut Courtois,Belgium,False,FREE,MEDIUM_LEFT,122,123,0.991869918699187,8,0.06557377049180328,1.0,0.8639591304970885,-0.0019465385562289386,NO
WC2018,Thibaut Courtois,Belgium,False,FREE,MEDIUM_RIGHT,122,123,0.991869918699187,13,0.10655737704918032,1.0,0.7811841459323442,-0.0006484080428507762,NO
WC2018,Thibaut Courtois,Belgium,False,FREE,SHORT_CENTRAL,122,123,0.991869918699187,26,0.21311475409836064,1.0,0.8251532060302312,-0.0009492422238777131,CENTRAL_ZONE_PROXY_ONLY
WC2018,Thibaut Courtois,Belgium,False,FREE,SHORT_LEFT,122,123,0.991869918699187,19,0.1557377049180328,1.0,0.7858372796947112,-0.0019421979584244976,NO
WC2018,Thibaut Courtois,Belgium,False,FREE,SHORT_RIGHT,122,123,0.991869918699187,26,0.21311475409836064,1.0,0.7679185595071522,-0.0015938333077003173,NO
WC2018,Thibaut Courtois,Belgium,False,FREE,VERY_LONG_CENTRAL,122,123,0.991869918699187,1,0.00819672131147541,0.0,0.6923076923076923,0.0018201766180972597,CENTRAL_ZONE_PROXY_ONLY
WC2018,Thibaut Courtois,Belgium,False,FREE,VERY_LONG_LEFT,122,123,0.991869918699187,3,0.02459016393442623,0.6666666666666666,0.642091982091982,-0.00415971892999233,NO
WC2018,Thibaut Courtois,Belgium,False,FREE,VERY_LONG_RIGHT,122,123,0.991869918699187,2,0.01639344262295082,0.5,0.6501307189542483,-0.007625113585838452,NO
WC2018,Thibaut Courtois,Belgium,False,PRESSURED,LONG_CENTRAL,27,28,0.9642857142857143,3,0.1111111111111111,0.0,0.4624529190207156,-0.01311857559389019,CENTRAL_ZONE_PROXY_ONLY
WC2018,Thibaut Courtois,Belgium,False,PRESSURED,LONG_LEFT,27,28,0.9642857142857143,7,0.25925925925925924,0.14285714285714285,0.47217482310650016,-0.00835747806380616,NO
WC2018,Thibaut Courtois,Belgium,False,PRESSURED,LONG_RIGHT,27,28,0.9642857142857143,7,0.25925925925925924,0.42857142857142855,0.47190238134874435,-0.010167315586115945,NO
WC2018,Thibaut Courtois,Belgium,False,PRESSURED,MEDIUM_LEFT,27,28,0.9642857142857143,2,0.07407407407407407,0.5,0.39960886571056065,-0.00802330287455795,NO
WC2018,Thibaut Courtois,Belgium,False,PRESSURED,MEDIUM_RIGHT,27,28,0.9642857142857143,1,0.037037037037037035,1.0,0.4,-0.009806275518132124,NO
WC2018,Thibaut Courtois,Belgium,False,PRESSURED,SHORT_CENTRAL,27,28,0.9642857142857143,1,0.037037037037037035,1.0,0.4523809523809524,-0.013200009993051752,CENTRAL_ZONE_PROXY_ONLY
WC2018,Thibaut Courtois,Belgium,False,PRESSURED,SHORT_LEFT,27,28,0.9642857142857143,1,0.037037037037037035,1.0,0.43478260869565216,-0.006796202373081453,NO
WC2018,Thibaut Courtois,Belgium,False,PRESSURED,SHORT_RIGHT,27,28,0.9642857142857143,2,0.07407407407407407,1.0,0.4608695652173913,-0.006775523565627691,NO
WC2018,Thibaut Courtois,Belgium,False,PRESSURED,VERY_LONG_CENTRAL,27,28,0.9642857142857143,2,0.07407407407407407,0.0,0.5292553290524366,-0.009005680929410537,CENTRAL_ZONE_PROXY_ONLY
WC2018,Thibaut Courtois,Belgium,False,PRESSURED,VERY_LONG_LEFT,27,28,0.9642857142857143,1,0.037037037037037035,1.0,0.43478260869565216,-0.021590518808564406,NO
WC2018,Thibaut Courtois,Belgium,True,FREE,LONG_LEFT,37,37,1.0,1,0.02702702702702703,0.0,0.4915254237288136,-0.007414747625176049,NO
WC2018,Thibaut Courtois,Belgium,True,FREE,LONG_RIGHT,37,37,1.0,4,0.10810810810810811,0.25,0.5863095238095238,-0.0047480648491284696,NO
WC2018,Thibaut Courtois,Belgium,True,FREE,MEDIUM_LEFT,37,37,1.0,1,0.02702702702702703,1.0,0.4915254237288136,-0.007414747625176049,NO
WC2018,Thibaut Courtois,Belgium,True,FREE,SHORT_CENTRAL,37,37,1.0,3,0.08108108108108109,1.0,0.5231815044858523,-0.006751683972523576,CENTRAL_ZONE_PROXY_ONLY
WC2018,Thibaut Courtois,Belgium,True,FREE,SHORT_LEFT,37,37,1.0,6,0.16216216216216217,1.0,0.5146077754773407,-0.006826321500374741,NO
WC2018,Thibaut Courtois,Belgium,True,FREE,SHORT_RIGHT,37,37,1.0,8,0.21621621621621623,1.0,0.5309618497034776,-0.006928489405293184,NO
WC2018,Thibaut Courtois,Belgium,True,FREE,VERY_LONG_CENTRAL,37,37,1.0,5,0.13513513513513514,0.2,0.580126984126984,-0.0051774116600737715,CENTRAL_ZONE_PROXY_ONLY
WC2018,Thibaut Courtois,Belgium,True,FREE,VERY_LONG_LEFT,37,37,1.0,3,0.08108108108108109,0.6666666666666666,0.5254144897757715,-0.007024130330283414,NO
WC2018,Thibaut Courtois,Belgium,True,FREE,VERY_LONG_RIGHT,37,37,1.0,6,0.16216216216216217,0.6666666666666666,0.5682905549926828,-0.005512466196955878,NO
WC2018,Vladimir Stojković,Serbia,False,FREE,LONG_CENTRAL,48,50,0.96,9,0.1875,0.5555555555555556,0.6021185807473779,-0.006802560545001581,CENTRAL_ZONE_PROXY_ONLY
WC2018,Vladimir Stojković,Serbia,False,FREE,LONG_LEFT,48,50,0.96,2,0.041666666666666664,0.5,0.5558528428093645,-0.004977491963965685,NO
WC2018,Vladimir Stojković,Serbia,False,FREE,LONG_RIGHT,48,50,0.96,4,0.08333333333333333,0.5,0.6259201926384589,-0.0049611065018039325,NO
WC2018,Vladimir Stojković,Serbia,False,FREE,MEDIUM_LEFT,48,50,0.96,7,0.14583333333333334,1.0,0.7682359663020514,-0.0029935315398369523,NO
WC2018,Vladimir Stojković,Serbia,False,FREE,SHORT_CENTRAL,48,50,0.96,3,0.0625,0.6666666666666666,0.7023965141612201,-0.004946728104448218,CENTRAL_ZONE_PROXY_ONLY
WC2018,Vladimir Stojković,Serbia,False,FREE,SHORT_LEFT,48,50,0.96,11,0.22916666666666666,1.0,0.7164602097046773,-0.004299181160354037,NO
WC2018,Vladimir Stojković,Serbia,False,FREE,SHORT_RIGHT,48,50,0.96,3,0.0625,1.0,0.6786048689138576,-0.0019633824198982495,NO
WC2018,Vladimir Stojković,Serbia,False,FREE,VERY_LONG_CENTRAL,48,50,0.96,4,0.08333333333333333,0.5,0.6645674806943809,-0.008189630802077717,CENTRAL_ZONE_PROXY_ONLY
WC2018,Vladimir Stojković,Serbia,False,FREE,VERY_LONG_LEFT,48,50,0.96,3,0.0625,0.3333333333333333,0.5912985077071764,-0.00796251299969544,NO
WC2018,Vladimir Stojković,Serbia,False,FREE,VERY_LONG_RIGHT,48,50,0.96,2,0.041666666666666664,0.5,0.6250429996560027,-0.011190273652374953,NO
WC2018,Vladimir Stojković,Serbia,False,PRESSURED,LONG_CENTRAL,4,5,0.8,1,0.25,1.0,0.5432098765432098,-0.007626229157340159,CENTRAL_ZONE_PROXY_ONLY
WC2018,Vladimir Stojković,Serbia,False,PRESSURED,LONG_RIGHT,4,5,0.8,3,0.75,0.6666666666666666,0.4801587301587302,-0.007804280572903666,NO
WC2018,Vladimir Stojković,Serbia,True,FREE,LONG_CENTRAL,17,17,1.0,4,0.23529411764705882,0.75,0.5324074074074074,-0.005932846503282305,CENTRAL_ZONE_PROXY_ONLY
WC2018,Vladimir Stojković,Serbia,True,FREE,LONG_LEFT,17,17,1.0,2,0.11764705882352941,0.5,0.5716049382716049,-0.004585254470652372,NO
WC2018,Vladimir Stojković,Serbia,True,FREE,LONG_RIGHT,17,17,1.0,3,0.17647058823529413,0.3333333333333333,0.5538065843621399,-0.004709017770715441,NO
WC2018,Vladimir Stojković,Serbia,True,FREE,VERY_LONG_CENTRAL,17,17,1.0,4,0.23529411764705882,0.5,0.5354938271604939,-0.005945582741607801,CENTRAL_ZONE_PROXY_ONLY
WC2018,Vladimir Stojković,Serbia,True,FREE,VERY_LONG_LEFT,17,17,1.0,2,0.11764705882352941,0.5,0.5432098765432098,-0.005557980718769695,NO
WC2018,Vladimir Stojković,Serbia,True,FREE,VERY_LONG_RIGHT,17,17,1.0,2,0.11764705882352941,0.5,0.56875,-0.005502072785311761,NO
WC2018,Wilfredo Daniel Caballero,Argentina,False,FREE,LONG_CENTRAL,44,47,0.9361702127659575,3,0.06818181818181818,0.0,0.6675020885547202,-0.0034848235307027666,CENTRAL_ZONE_PROXY_ONLY
WC2018,Wilfredo Daniel Caballero,Argentina,False,FREE,LONG_LEFT,44,47,0.9361702127659575,4,0.09090909090909091,0.25,0.6939655172413792,-0.003640225078251017,NO
WC2018,Wilfredo Daniel Caballero,Argentina,False,FREE,LONG_RIGHT,44,47,0.9361702127659575,4,0.09090909090909091,0.25,0.6230469820413234,-0.0038691159519691656,NO
WC2018,Wilfredo Daniel Caballero,Argentina,False,FREE,MEDIUM_CENTRAL,44,47,0.9361702127659575,1,0.022727272727272728,1.0,0.676923076923077,-0.0017359270059558026,CENTRAL_ZONE_PROXY_ONLY
WC2018,Wilfredo Daniel Caballero,Argentina,False,FREE,MEDIUM_LEFT,44,47,0.9361702127659575,4,0.09090909090909091,0.75,0.7506265664160401,-0.0020643032870643475,NO
WC2018,Wilfredo Daniel Caballero,Argentina,False,FREE,MEDIUM_RIGHT,44,47,0.9361702127659575,1,0.022727272727272728,1.0,1.0,-0.0012381952811718784,NO
WC2018,Wilfredo Daniel Caballero,Argentina,False,FREE,SHORT_CENTRAL,44,47,0.9361702127659575,13,0.29545454545454547,1.0,0.7492518520225667,-0.002579638304431198,CENTRAL_ZONE_PROXY_ONLY
WC2018,Wilfredo Daniel Caballero,Argentina,False,FREE,SHORT_LEFT,44,47,0.9361702127659575,6,0.13636363636363635,1.0,0.8406564459196039,-0.0011960832152999883,NO
WC2018,Wilfredo Daniel Caballero,Argentina,False,FREE,SHORT_RIGHT,44,47,0.9361702127659575,5,0.11363636363636363,0.8,0.8261474844328823,-0.0021425078816256467,NO
WC2018,Wilfredo Daniel Caballero,Argentina,False,FREE,VERY_LONG_LEFT,44,47,0.9361702127659575,2,0.045454545454545456,0.0,0.7430778731617694,-0.005074054485407821,NO
WC2018,Wilfredo Daniel Caballero,Argentina,False,FREE,VERY_LONG_RIGHT,44,47,0.9361702127659575,1,0.022727272727272728,0.0,0.5964912280701755,-0.001771565301211601,NO
WC2018,Wilfredo Daniel Caballero,Argentina,False,PRESSURED,LONG_CENTRAL,1,1,1.0,1,1.0,0.0,0.575,-0.003350771733096792,CENTRAL_ZONE_PROXY_ONLY
WC2018,Wilfredo Daniel Caballero,Argentina,True,FREE,SHORT_LEFT,2,3,0.6666666666666666,1,0.5,1.0,0.5470843553783168,-0.005455453105652014,NO
WC2018,Wilfredo Daniel Caballero,Argentina,True,FREE,VERY_LONG_LEFT,2,3,0.6666666666666666,1,0.5,0.0,0.5,-0.007057443856820136,NO
WC2018,Wojciech Szczęsny,Poland,False,FREE,LONG_CENTRAL,27,33,0.8181818181818182,2,0.07407407407407407,0.5,0.6321123321123321,-0.005120626941723312,CENTRAL_ZONE_PROXY_ONLY
WC2018,Wojciech Szczęsny,Poland,False,FREE,LONG_RIGHT,27,33,0.8181818181818182,2,0.07407407407407407,0.5,0.676923076923077,-0.0014633507285902402,NO
WC2018,Wojciech Szczęsny,Poland,False,FREE,MEDIUM_LEFT,27,33,0.8181818181818182,7,0.25925925925925924,0.8571428571428571,0.7296589624037457,-0.005326875729997383,NO
WC2018,Wojciech Szczęsny,Poland,False,FREE,MEDIUM_RIGHT,27,33,0.8181818181818182,3,0.1111111111111111,1.0,0.7628987243425307,-0.0015579395943738285,NO
WC2018,Wojciech Szczęsny,Poland,False,FREE,SHORT_CENTRAL,27,33,0.8181818181818182,2,0.07407407407407407,1.0,0.7395967395967395,-0.0006073760570618572,CENTRAL_ZONE_PROXY_ONLY
WC2018,Wojciech Szczęsny,Poland,False,FREE,SHORT_LEFT,27,33,0.8181818181818182,5,0.18518518518518517,1.0,0.8119308096490103,-0.002827199269365233,NO
WC2018,Wojciech Szczęsny,Poland,False,FREE,SHORT_RIGHT,27,33,0.8181818181818182,5,0.18518518518518517,1.0,0.7887653946080914,-0.0034804503568059675,NO
WC2018,Wojciech Szczęsny,Poland,False,FREE,VERY_LONG_RIGHT,27,33,0.8181818181818182,1,0.037037037037037035,0.0,0.4,-0.012525784929441426,NO
WC2018,Wojciech Szczęsny,Poland,False,PRESSURED,LONG_RIGHT,4,4,1.0,1,0.25,1.0,0.4915254237288136,-0.004179549448852037,NO
WC2018,Wojciech Szczęsny,Poland,False,PRESSURED,MEDIUM_RIGHT,4,4,1.0,1,0.25,1.0,0.5238095238095238,-0.016352120790535288,NO
WC2018,Wojciech Szczęsny,Poland,False,PRESSURED,SHORT_RIGHT,4,4,1.0,2,0.5,1.0,0.4765319426336376,-0.007836745563811545,NO
WC2018,Wojciech Szczęsny,Poland,True,FREE,LONG_RIGHT,5,5,1.0,2,0.4,1.0,0.5652557319223985,-0.005181434154703389,NO
WC2018,Wojciech Szczęsny,Poland,True,FREE,MEDIUM_LEFT,5,5,1.0,1,0.2,1.0,0.5432098765432098,-0.004512554502368303,NO
WC2018,Wojciech Szczęsny,Poland,True,FREE,MEDIUM_RIGHT,5,5,1.0,1,0.2,1.0,0.6741573033707864,-0.0021634931203785065,NO
WC2018,Wojciech Szczęsny,Poland,True,FREE,SHORT_CENTRAL,5,5,1.0,1,0.2,1.0,0.5873015873015873,-0.0048048875906370825,CENTRAL_ZONE_PROXY_ONLY
WC2018,Yann Sommer,Switzerland,False,FREE,LONG_CENTRAL,66,70,0.9428571428571428,2,0.030303030303030304,0.0,0.6466666666666666,-0.0035361555183059216,CENTRAL_ZONE_PROXY_ONLY
WC2018,Yann Sommer,Switzerland,False,FREE,LONG_LEFT,66,70,0.9428571428571428,4,0.06060606060606061,0.75,0.761919940499907,-0.0018740369852022262,NO
WC2018,Yann Sommer,Switzerland,False,FREE,LONG_RIGHT,66,70,0.9428571428571428,5,0.07575757575757576,0.2,0.4880531813865147,-0.008952416743147834,NO
WC2018,Yann Sommer,Switzerland,False,FREE,MEDIUM_CENTRAL,66,70,0.9428571428571428,1,0.015151515151515152,1.0,0.8,-0.0005995702254655687,CENTRAL_ZONE_PROXY_ONLY
WC2018,Yann Sommer,Switzerland,False,FREE,MEDIUM_LEFT,66,70,0.9428571428571428,4,0.06060606060606061,1.0,0.6399589764984007,-0.004858349122411436,NO
WC2018,Yann Sommer,Switzerland,False,FREE,MEDIUM_RIGHT,66,70,0.9428571428571428,7,0.10606060606060606,0.8571428571428571,0.6541428837053986,-0.005886620862809744,NO
WC2018,Yann Sommer,Switzerland,False,FREE,SHORT_CENTRAL,66,70,0.9428571428571428,15,0.22727272727272727,1.0,0.8267004941909182,-0.0013940909537140808,CENTRAL_ZONE_PROXY_ONLY
WC2018,Yann Sommer,Switzerland,False,FREE,SHORT_LEFT,66,70,0.9428571428571428,15,0.22727272727272727,1.0,0.7362449666200283,-0.00334399280021285,NO
WC2018,Yann Sommer,Switzerland,False,FREE,SHORT_RIGHT,66,70,0.9428571428571428,12,0.18181818181818182,1.0,0.6979545364674248,-0.005616579413231256,NO
WC2018,Yann Sommer,Switzerland,False,FREE,VERY_LONG_CENTRAL,66,70,0.9428571428571428,1,0.015151515151515152,0.0,0.6741573033707864,-0.006708875306817292,CENTRAL_ZONE_PROXY_ONLY
WC2018,Yann Sommer,Switzerland,False,PRESSURED,LONG_CENTRAL,14,14,1.0,2,0.14285714285714285,0.0,0.5432098765432098,-0.006977786213974104,CENTRAL_ZONE_PROXY_ONLY
WC2018,Yann Sommer,Switzerland,False,PRESSURED,LONG_LEFT,14,14,1.0,2,0.14285714285714285,0.5,0.5694772786971368,-0.007462035284660856,NO
WC2018,Yann Sommer,Switzerland,False,PRESSURED,LONG_RIGHT,14,14,1.0,2,0.14285714285714285,0.5,0.5432098765432098,-0.009568872874785821,NO
WC2018,Yann Sommer,Switzerland,False,PRESSURED,MEDIUM_RIGHT,14,14,1.0,3,0.21428571428571427,0.6666666666666666,0.5367430922986478,-0.011829955513368975,NO
WC2018,Yann Sommer,Switzerland,False,PRESSURED,SHORT_CENTRAL,14,14,1.0,4,0.2857142857142857,1.0,0.515652557319224,-0.008284287574208137,CENTRAL_ZONE_PROXY_ONLY
WC2018,Yann Sommer,Switzerland,False,PRESSURED,SHORT_LEFT,14,14,1.0,1,0.07142857142857142,1.0,0.5432098765432098,-0.004755416563254698,NO
WC2018,Yann Sommer,Switzerland,True,FREE,LONG_CENTRAL,35,36,0.9722222222222222,1,0.02857142857142857,0.0,0.5432098765432098,-0.004512554502368303,CENTRAL_ZONE_PROXY_ONLY
WC2018,Yann Sommer,Switzerland,True,FREE,LONG_LEFT,35,36,0.9722222222222222,6,0.17142857142857143,0.5,0.5197534059249035,-0.006300226853739297,NO
WC2018,Yann Sommer,Switzerland,True,FREE,LONG_RIGHT,35,36,0.9722222222222222,3,0.08571428571428572,0.6666666666666666,0.5432098765432098,-0.004512554502368303,NO
WC2018,Yann Sommer,Switzerland,True,FREE,MEDIUM_CENTRAL,35,36,0.9722222222222222,1,0.02857142857142857,1.0,0.5217391304347826,-0.005626236702017372,CENTRAL_ZONE_PROXY_ONLY
WC2018,Yann Sommer,Switzerland,True,FREE,MEDIUM_LEFT,35,36,0.9722222222222222,1,0.02857142857142857,1.0,0.5625,-0.004987744848308203,NO
WC2018,Yann Sommer,Switzerland,True,FREE,MEDIUM_RIGHT,35,36,0.9722222222222222,1,0.02857142857142857,1.0,0.6466666666666666,-0.0028488908243392364,NO
WC2018,Yann Sommer,Switzerland,True,FREE,SHORT_CENTRAL,35,36,0.9722222222222222,1,0.02857142857142857,1.0,0.676923076923077,-0.0008557486230527786,CENTRAL_ZONE_PROXY_ONLY
WC2018,Yann Sommer,Switzerland,True,FREE,SHORT_LEFT,35,36,0.9722222222222222,8,0.22857142857142856,1.0,0.5429567111988867,-0.005644433024613021,NO
WC2018,Yann Sommer,Switzerland,True,FREE,SHORT_RIGHT,35,36,0.9722222222222222,6,0.17142857142857143,1.0,0.5600892377885132,-0.004713708534359903,NO
WC2018,Yann Sommer,Switzerland,True,FREE,VERY_LONG_LEFT,35,36,0.9722222222222222,7,0.2,0.14285714285714285,0.5916434121999361,-0.004273049344670224,NO
WC2018,Yasser Abdullah Al Mosailem,Saudi Arabia,False,FREE,LONG_LEFT,9,9,1.0,4,0.4444444444444444,1.0,0.6419956140350878,-0.004259149817773396,NO
WC2018,Yasser Abdullah Al Mosailem,Saudi Arabia,False,FREE,LONG_RIGHT,9,9,1.0,1,0.1111111111111111,1.0,0.575,-0.005137337426693133,NO
WC2018,Yasser Abdullah Al Mosailem,Saudi Arabia,False,FREE,SHORT_LEFT,9,9,1.0,1,0.1111111111111111,1.0,0.9661016949152542,0.0007082891493659875,NO
WC2018,Yasser Abdullah Al Mosailem,Saudi Arabia,False,FREE,SHORT_RIGHT,9,9,1.0,2,0.2222222222222222,1.0,0.677555958862674,-0.005791726811459707,NO
WC2018,Yasser Abdullah Al Mosailem,Saudi Arabia,False,FREE,VERY_LONG_LEFT,9,9,1.0,1,0.1111111111111111,1.0,0.6875,-0.002061461553740495,NO
WC2018,Yasser Abdullah Al Mosailem,Saudi Arabia,True,FREE,LONG_LEFT,4,4,1.0,1,0.25,0.0,0.575,-0.006288046447061253,NO
WC2018,Yasser Abdullah Al Mosailem,Saudi Arabia,True,FREE,MEDIUM_RIGHT,4,4,1.0,1,0.25,1.0,0.5,-0.007057443856820136,NO
WC2018,Yasser Abdullah Al Mosailem,Saudi Arabia,True,FREE,SHORT_LEFT,4,4,1.0,1,0.25,1.0,0.575,-0.005101944307409719,NO
WC2018,Yasser Abdullah Al Mosailem,Saudi Arabia,True,FREE,VERY_LONG_LEFT,4,4,1.0,1,0.25,1.0,0.5,-0.007057443856820136,NO
WC2018,Łukasz Fabiański,Poland,False,FREE,LONG_RIGHT,19,19,1.0,2,0.10526315789473684,0.5,0.681710495143331,-0.007647964719960771,NO
WC2018,Łukasz Fabiański,Poland,False,FREE,MEDIUM_RIGHT,19,19,1.0,3,0.15789473684210525,1.0,0.7008504750230902,-0.0030362909770394,NO
WC2018,Łukasz Fabiański,Poland,False,FREE,SHORT_CENTRAL,19,19,1.0,1,0.05263157894736842,1.0,0.5873015873015873,-0.00763210949353239,CENTRAL_ZONE_PROXY_ONLY
WC2018,Łukasz Fabiański,Poland,False,FREE,SHORT_LEFT,19,19,1.0,4,0.21052631578947367,1.0,0.8228423101881895,-0.0029139718142903795,NO
WC2018,Łukasz Fabiański,Poland,False,FREE,SHORT_RIGHT,19,19,1.0,7,0.3684210526315789,1.0,0.6796923352179416,-0.006421946362592699,NO
WC2018,Łukasz Fabiański,Poland,False,FREE,VERY_LONG_RIGHT,19,19,1.0,2,0.10526315789473684,0.5,0.5873015873015873,-0.013268286339807912,NO
WC2018,Łukasz Fabiański,Poland,False,PRESSURED,LONG_LEFT,2,2,1.0,1,0.5,0.0,0.4915254237288136,-0.0050541947970326635,NO
WC2018,Łukasz Fabiański,Poland,False,PRESSURED,LONG_RIGHT,2,2,1.0,1,0.5,0.0,0.4915254237288136,-0.00406198487944137,NO
WC2018,Łukasz Fabiański,Poland,True,FREE,LONG_LEFT,4,4,1.0,1,0.25,0.0,0.5026772460169529,-0.007110517878950117,NO
WC2018,Łukasz Fabiański,Poland,True,FREE,SHORT_CENTRAL,4,4,1.0,1,0.25,1.0,0.5873015873015873,-0.0048048875906370825,CENTRAL_ZONE_PROXY_ONLY
WC2018,Łukasz Fabiański,Poland,True,FREE,VERY_LONG_RIGHT,4,4,1.0,2,0.5,0.0,0.4915254237288136,-0.0076352532072269455,NO
WC2022,Alireza Safar Beiranvand,Iran,False,FREE,LONG_CENTRAL,15,20,0.75,2,0.13333333333333333,0.5,0.7922705314009661,-0.002021204938902546,CENTRAL_ZONE_PROXY_ONLY
WC2022,Alireza Safar Beiranvand,Iran,False,FREE,LONG_LEFT,15,20,0.75,2,0.13333333333333333,1.0,0.7086352657004831,-0.005224353754236465,NO
WC2022,Alireza Safar Beiranvand,Iran,False,FREE,MEDIUM_LEFT,15,20,0.75,2,0.13333333333333333,1.0,0.7922705314009661,-0.004931261452140931,NO
WC2022,Alireza Safar Beiranvand,Iran,False,FREE,SHORT_CENTRAL,15,20,0.75,4,0.26666666666666666,1.0,0.8110658212560387,-0.003329322880793671,CENTRAL_ZONE_PROXY_ONLY
WC2022,Alireza Safar Beiranvand,Iran,False,FREE,SHORT_RIGHT,15,20,0.75,5,0.3333333333333333,1.0,0.8073067632850242,-0.006356371783118507,NO
WC2022,Alireza Safar Beiranvand,Iran,False,PRESSURED,SHORT_CENTRAL,2,2,1.0,1,0.5,1.0,0.625,-0.013323906551044972,CENTRAL_ZONE_PROXY_ONLY
WC2022,Alireza Safar Beiranvand,Iran,False,PRESSURED,SHORT_LEFT,2,2,1.0,1,0.5,1.0,0.6597222222222221,-0.004398088808830562,NO
WC2022,Alireza Safar Beiranvand,Iran,True,FREE,LONG_CENTRAL,7,9,0.7777777777777778,1,0.14285714285714285,1.0,0.7922705314009661,-0.0052874829589820834,CENTRAL_ZONE_PROXY_ONLY
WC2022,Alireza Safar Beiranvand,Iran,True,FREE,LONG_LEFT,7,9,0.7777777777777778,1,0.14285714285714285,1.0,0.6597222222222221,-0.011560936333574386,NO
WC2022,Alireza Safar Beiranvand,Iran,True,FREE,SHORT_CENTRAL,7,9,0.7777777777777778,1,0.14285714285714285,1.0,0.7922705314009661,-0.008400647437222157,CENTRAL_ZONE_PROXY_ONLY
WC2022,Alireza Safar Beiranvand,Iran,True,FREE,SHORT_RIGHT,7,9,0.7777777777777778,1,0.14285714285714285,1.0,0.7922705314009661,-0.004510535000964572,NO
WC2022,Alireza Safar Beiranvand,Iran,True,FREE,VERY_LONG_LEFT,7,9,0.7777777777777778,3,0.42857142857142855,1.0,0.7395531400966183,-0.008631398334253427,NO
WC2022,Alisson Ramsés Becker,Brazil,False,FREE,LONG_CENTRAL,64,67,0.9552238805970149,1,0.015625,0.0,0.5945945945945945,-0.00808140178304554,CENTRAL_ZONE_PROXY_ONLY
WC2022,Alisson Ramsés Becker,Brazil,False,FREE,LONG_LEFT,64,67,0.9552238805970149,1,0.015625,1.0,0.7560137457044673,-0.008317939298034326,NO
WC2022,Alisson Ramsés Becker,Brazil,False,FREE,MEDIUM_CENTRAL,64,67,0.9552238805970149,1,0.015625,1.0,0.7560137457044673,-0.0006194468015765509,CENTRAL_ZONE_PROXY_ONLY
WC2022,Alisson Ramsés Becker,Brazil,False,FREE,MEDIUM_LEFT,64,67,0.9552238805970149,2,0.03125,1.0,0.6753041701495309,-0.0056076798223200705,NO
WC2022,Alisson Ramsés Becker,Brazil,False,FREE,MEDIUM_RIGHT,64,67,0.9552238805970149,2,0.03125,0.5,0.6753041701495309,-0.01115456298663153,NO
WC2022,Alisson Ramsés Becker,Brazil,False,FREE,SHORT_CENTRAL,64,67,0.9552238805970149,17,0.265625,1.0,0.8084521285432053,-0.0037631519032620547,CENTRAL_ZONE_PROXY_ONLY
WC2022,Alisson Ramsés Becker,Brazil,False,FREE,SHORT_LEFT,64,67,0.9552238805970149,21,0.328125,1.0,0.8044201024890965,-0.003505595329794467,NO
WC2022,Alisson Ramsés Becker,Brazil,False,FREE,SHORT_RIGHT,64,67,0.9552238805970149,14,0.21875,0.9285714285714286,0.7594534280640425,-0.005330307463894466,NO
WC2022,Alisson Ramsés Becker,Brazil,False,FREE,VERY_LONG_CENTRAL,64,67,0.9552238805970149,2,0.03125,0.5,0.37800687285223367,-0.013679263643526365,CENTRAL_ZONE_PROXY_ONLY
WC2022,Alisson Ramsés Becker,Brazil,False,FREE,VERY_LONG_RIGHT,64,67,0.9552238805970149,3,0.046875,0.3333333333333333,0.3333333333333333,-0.015340621451636302,NO
WC2022,Alisson Ramsés Becker,Brazil,False,PRESSURED,LONG_CENTRAL,7,8,0.875,1,0.14285714285714285,1.0,0.5945945945945945,-0.007943580900722388,CENTRAL_ZONE_PROXY_ONLY
WC2022,Alisson Ramsés Becker,Brazil,False,PRESSURED,SHORT_CENTRAL,7,8,0.875,1,0.14285714285714285,1.0,0.5945945945945945,-0.003008850389257614,CENTRAL_ZONE_PROXY_ONLY
WC2022,Alisson Ramsés Becker,Brazil,False,PRESSURED,SHORT_LEFT,7,8,0.875,1,0.14285714285714285,1.0,0.6869565217391305,-0.003443745262415864,NO
WC2022,Alisson Ramsés Becker,Brazil,False,PRESSURED,SHORT_RIGHT,7,8,0.875,4,0.5714285714285714,1.0,0.5848348348348348,-0.01021164739882063,NO
WC2022,Alisson Ramsés Becker,Brazil,True,FREE,LONG_LEFT,19,19,1.0,2,0.10526315789473684,0.5,0.7560137457044673,-0.0082045924057614,NO
WC2022,Alisson Ramsés Becker,Brazil,True,FREE,MEDIUM_LEFT,19,19,1.0,1,0.05263157894736842,1.0,0.7763157894736842,-0.006488592029028911,NO
WC2022,Alisson Ramsés Becker,Brazil,True,FREE,SHORT_CENTRAL,19,19,1.0,12,0.631578947368421,1.0,0.713142360027165,-0.00948395869002974,CENTRAL_ZONE_PROXY_ONLY
WC2022,Alisson Ramsés Becker,Brazil,True,FREE,SHORT_RIGHT,19,19,1.0,2,0.10526315789473684,1.0,0.6753041701495309,-0.01046211240899002,NO
WC2022,Alisson Ramsés Becker,Brazil,True,FREE,VERY_LONG_CENTRAL,19,19,1.0,2,0.10526315789473684,0.5,0.6472972972972972,-0.011485924421204333,CENTRAL_ZONE_PROXY_ONLY
WC2022,Andries Noppert,Netherlands,False,FREE,LONG_CENTRAL,128,136,0.9411764705882353,6,0.046875,0.5,0.7770229468599034,-0.006418711313101899,CENTRAL_ZONE_PROXY_ONLY
WC2022,Andries Noppert,Netherlands,False,FREE,LONG_LEFT,128,136,0.9411764705882353,6,0.046875,0.5,0.7941505058209865,-0.004443028586100726,NO
WC2022,Andries Noppert,Netherlands,False,FREE,LONG_RIGHT,128,136,0.9411764705882353,6,0.046875,1.0,0.7541295651051748,-0.005790269722056571,NO
WC2022,Andries Noppert,Netherlands,False,FREE,MEDIUM_CENTRAL,128,136,0.9411764705882353,3,0.0234375,1.0,1.0,-0.001903969261319767,CENTRAL_ZONE_PROXY_ONLY
WC2022,Andries Noppert,Netherlands,False,FREE,MEDIUM_LEFT,128,136,0.9411764705882353,15,0.1171875,1.0,0.8282352067425094,-0.0039185739911847236,NO
WC2022,Andries Noppert,Netherlands,False,FREE,MEDIUM_RIGHT,128,136,0.9411764705882353,15,0.1171875,1.0,0.7937539293959329,-0.0037023867283786714,NO
WC2022,Andries Noppert,Netherlands,False,FREE,SHORT_CENTRAL,128,136,0.9411764705882353,39,0.3046875,1.0,0.8799548048264338,-0.00195230446847308,CENTRAL_ZONE_PROXY_ONLY
WC2022,Andries Noppert,Netherlands,False,FREE,SHORT_LEFT,128,136,0.9411764705882353,22,0.171875,1.0,0.8720837881783726,-0.002085135776671895,NO
WC2022,Andries Noppert,Netherlands,False,FREE,SHORT_RIGHT,128,136,0.9411764705882353,15,0.1171875,1.0,0.8499196387194329,-0.00406314964456985,NO
WC2022,Andries Noppert,Netherlands,False,FREE,VERY_LONG_RIGHT,128,136,0.9411764705882353,1,0.0078125,1.0,0.7922705314009661,-0.0025804707651608146,NO
WC2022,Andries Noppert,Netherlands,False,PRESSURED,LONG_CENTRAL,10,14,0.7142857142857143,1,0.1,0.0,0.6869565217391305,-0.0027072150736837204,CENTRAL_ZONE_PROXY_ONLY
WC2022,Andries Noppert,Netherlands,False,PRESSURED,LONG_LEFT,10,14,0.7142857142857143,3,0.3,0.0,0.6496913580246912,-0.004363023088542216,NO
WC2022,Andries Noppert,Netherlands,False,PRESSURED,LONG_RIGHT,10,14,0.7142857142857143,1,0.1,0.0,0.6597222222222221,-0.0044559139057189934,NO
WC2022,Andries Noppert,Netherlands,False,PRESSURED,MEDIUM_LEFT,10,14,0.7142857142857143,2,0.2,1.0,0.6597222222222221,-0.0023295208275347333,NO
WC2022,Andries Noppert,Netherlands,False,PRESSURED,MEDIUM_RIGHT,10,14,0.7142857142857143,1,0.1,1.0,0.6597222222222221,-0.0036643237328236617,NO
WC2022,Andries Noppert,Netherlands,False,PRESSURED,SHORT_CENTRAL,10,14,0.7142857142857143,2,0.2,1.0,0.6111111111111112,-0.006302577451447279,CENTRAL_ZONE_PROXY_ONLY
WC2022,Andries Noppert,Netherlands,True,FREE,LONG_CENTRAL,33,40,0.825,1,0.030303030303030304,1.0,0.7922705314009661,-0.008129516030289961,CENTRAL_ZONE_PROXY_ONLY
WC2022,Andries Noppert,Netherlands,True,FREE,LONG_RIGHT,33,40,0.825,3,0.09090909090909091,0.3333333333333333,0.6910904054905345,-0.007477754557806415,NO
WC2022,Andries Noppert,Netherlands,True,FREE,MEDIUM_LEFT,33,40,0.825,3,0.09090909090909091,1.0,0.7571658615136876,-0.0066761535082683595,NO
WC2022,Andries Noppert,Netherlands,True,FREE,MEDIUM_RIGHT,33,40,0.825,3,0.09090909090909091,1.0,0.7586344646817941,-0.007330970060521778,NO
WC2022,Andries Noppert,Netherlands,True,FREE,SHORT_CENTRAL,33,40,0.825,6,0.18181818181818182,1.0,0.7491747525006494,-0.006716826757885398,CENTRAL_ZONE_PROXY_ONLY
WC2022,Andries Noppert,Netherlands,True,FREE,SHORT_LEFT,33,40,0.825,7,0.21212121212121213,1.0,0.7388365452969898,-0.006217005551797801,NO
WC2022,Andries Noppert,Netherlands,True,FREE,SHORT_RIGHT,33,40,0.825,9,0.2727272727272727,1.0,0.7187971665731769,-0.007319345313868197,NO
WC2022,Andries Noppert,Netherlands,True,FREE,VERY_LONG_CENTRAL,33,40,0.825,1,0.030303030303030304,0.0,0.7435897435897436,-0.00672666560041007,CENTRAL_ZONE_PROXY_ONLY
WC2022,André Onana,Cameroon,False,FREE,LONG_CENTRAL,35,46,0.7608695652173914,2,0.05714285714285714,1.0,0.7954125046244913,-0.005382327998840765,CENTRAL_ZONE_PROXY_ONLY
WC2022,André Onana,Cameroon,False,FREE,LONG_LEFT,35,46,0.7608695652173914,1,0.02857142857142857,1.0,1.0,-0.0020513674142957072,NO
WC2022,André Onana,Cameroon,False,FREE,LONG_RIGHT,35,46,0.7608695652173914,1,0.02857142857142857,1.0,0.7763157894736842,-0.00410948900466862,NO
WC2022,André Onana,Cameroon,False,FREE,MEDIUM_LEFT,35,46,0.7608695652173914,1,0.02857142857142857,1.0,0.7672955974842768,-0.007822691705238461,NO
WC2022,André Onana,Cameroon,False,FREE,MEDIUM_RIGHT,35,46,0.7608695652173914,1,0.02857142857142857,1.0,0.8235294117647058,0.0021808894593776107,NO
WC2022,André Onana,Cameroon,False,FREE,SHORT_CENTRAL,35,46,0.7608695652173914,15,0.42857142857142855,1.0,0.8691356649657228,-0.0021083403530753764,CENTRAL_ZONE_PROXY_ONLY
WC2022,André Onana,Cameroon,False,FREE,SHORT_LEFT,35,46,0.7608695652173914,10,0.2857142857142857,1.0,0.8461544702523032,-0.0024554830479933992,NO
WC2022,André Onana,Cameroon,False,FREE,SHORT_RIGHT,35,46,0.7608695652173914,4,0.11428571428571428,1.0,0.9583333333333333,-0.0008598919082165634,NO
WC2022,André Onana,Cameroon,False,PRESSURED,LONG_CENTRAL,2,5,0.4,1,0.5,1.0,0.6869565217391305,-0.0038929942229421364,CENTRAL_ZONE_PROXY_ONLY
WC2022,André Onana,Cameroon,False,PRESSURED,MEDIUM_RIGHT,2,5,0.4,1,0.5,1.0,0.6869565217391305,-0.004949323244802752,NO
WC2022,André Onana,Cameroon,True,FREE,MEDIUM_RIGHT,7,9,0.7777777777777778,1,0.14285714285714285,1.0,0.7763157894736842,-0.003994155043632128,NO
WC2022,André Onana,Cameroon,True,FREE,SHORT_CENTRAL,7,9,0.7777777777777778,2,0.2857142857142857,1.0,0.7672955974842768,-0.00423098498017601,CENTRAL_ZONE_PROXY_ONLY
WC2022,André Onana,Cameroon,True,FREE,SHORT_LEFT,7,9,0.7777777777777778,3,0.42857142857142855,1.0,0.7703023281474127,-0.004986185308362231,NO
WC2022,André Onana,Cameroon,True,FREE,SHORT_RIGHT,7,9,0.7777777777777778,1,0.14285714285714285,1.0,0.7763157894736842,-0.003994155043632128,NO
WC2022,Aymen Dahmen,Tunisia,False,FREE,LONG_CENTRAL,46,54,0.8518518518518519,6,0.13043478260869565,0.5,0.7048022598870056,-0.007446404828853619,CENTRAL_ZONE_PROXY_ONLY
WC2022,Aymen Dahmen,Tunisia,False,FREE,LONG_LEFT,46,54,0.8518518518518519,8,0.17391304347826086,0.75,0.83226750449327,-0.0015582976288166033,NO
WC2022,Aymen Dahmen,Tunisia,False,FREE,LONG_RIGHT,46,54,0.8518518518518519,6,0.13043478260869565,0.8333333333333334,0.7285856417938633,-0.006140558316843081,NO
WC2022,Aymen Dahmen,Tunisia,False,FREE,MEDIUM_LEFT,46,54,0.8518518518518519,2,0.043478260869565216,1.0,0.7990083905415712,-0.0030663508598962343,NO
WC2022,Aymen Dahmen,Tunisia,False,FREE,MEDIUM_RIGHT,46,54,0.8518518518518519,3,0.06521739130434782,1.0,0.7898994478265667,-0.005949245802120205,NO
WC2022,Aymen Dahmen,Tunisia,False,FREE,SHORT_CENTRAL,46,54,0.8518518518518519,9,0.1956521739130435,1.0,0.8565078963645021,-0.0016303224466201517,CENTRAL_ZONE_PROXY_ONLY
WC2022,Aymen Dahmen,Tunisia,False,FREE,SHORT_LEFT,46,54,0.8518518518518519,4,0.08695652173913043,1.0,0.8213602144395572,-0.002199953447283814,NO
WC2022,Aymen Dahmen,Tunisia,False,FREE,SHORT_RIGHT,46,54,0.8518518518518519,6,0.13043478260869565,1.0,0.9400067408156388,-0.0005489602607845336,NO
WC2022,Aymen Dahmen,Tunisia,False,FREE,VERY_LONG_CENTRAL,46,54,0.8518518518518519,1,0.021739130434782608,0.0,0.7704918032786885,-0.0039032355739346634,CENTRAL_ZONE_PROXY_ONLY
WC2022,Aymen Dahmen,Tunisia,False,FREE,VERY_LONG_RIGHT,46,54,0.8518518518518519,1,0.021739130434782608,1.0,0.44,-0.009222834812835926,NO
WC2022,Aymen Dahmen,Tunisia,False,PRESSURED,LONG_LEFT,5,5,1.0,1,0.2,0.0,0.6952380952380952,-0.003935206737891843,NO
WC2022,Aymen Dahmen,Tunisia,False,PRESSURED,LONG_RIGHT,5,5,1.0,1,0.2,0.0,0.6869565217391305,-0.006162375739667785,NO
WC2022,Aymen Dahmen,Tunisia,False,PRESSURED,MEDIUM_RIGHT,5,5,1.0,1,0.2,1.0,0.6952380952380952,-0.010133193265570401,NO
WC2022,Aymen Dahmen,Tunisia,False,PRESSURED,SHORT_CENTRAL,5,5,1.0,2,0.4,1.0,0.5676190476190476,-0.006028205557180276,CENTRAL_ZONE_PROXY_ONLY
WC2022,Aymen Dahmen,Tunisia,True,FREE,LONG_CENTRAL,14,18,0.7777777777777778,1,0.07142857142857142,0.0,0.7672955974842768,-0.00423098498017601,CENTRAL_ZONE_PROXY_ONLY
WC2022,Aymen Dahmen,Tunisia,True,FREE,LONG_LEFT,14,18,0.7777777777777778,1,0.07142857142857142,0.0,0.7763157894736842,-0.003994155043632128,NO
WC2022,Aymen Dahmen,Tunisia,True,FREE,LONG_RIGHT,14,18,0.7777777777777778,2,0.14285714285714285,0.0,0.7741228070175439,-0.005893469132922296,NO
WC2022,Aymen Dahmen,Tunisia,True,FREE,MEDIUM_LEFT,14,18,0.7777777777777778,1,0.07142857142857142,1.0,0.7672955974842768,-0.00423098498017601,NO
WC2022,Aymen Dahmen,Tunisia,True,FREE,MEDIUM_RIGHT,14,18,0.7777777777777778,1,0.07142857142857142,1.0,0.7672955974842768,-0.0067334159012785565,NO
WC2022,Aymen Dahmen,Tunisia,True,FREE,SHORT_CENTRAL,14,18,0.7777777777777778,3,0.21428571428571427,1.0,0.7694264013472178,-0.00793579378484774,CENTRAL_ZONE_PROXY_ONLY
WC2022,Aymen Dahmen,Tunisia,True,FREE,SHORT_RIGHT,14,18,0.7777777777777778,1,0.07142857142857142,1.0,0.6869565217391305,-0.008913959690144897,NO
WC2022,Aymen Dahmen,Tunisia,True,FREE,VERY_LONG_CENTRAL,14,18,0.7777777777777778,1,0.07142857142857142,0.0,0.7288135593220338,-0.009650389254988411,CENTRAL_ZONE_PROXY_ONLY
WC2022,Aymen Dahmen,Tunisia,True,FREE,VERY_LONG_LEFT,14,18,0.7777777777777778,2,0.14285714285714285,1.0,0.6910973084886128,-0.008136222807762807,NO
WC2022,Aymen Dahmen,Tunisia,True,FREE,VERY_LONG_RIGHT,14,18,0.7777777777777778,1,0.07142857142857142,1.0,0.7763157894736842,-0.006488592029028911,NO
WC2022,Damián Emiliano Martínez,Argentina,False,FREE,LONG_CENTRAL,113,125,0.904,2,0.017699115044247787,0.0,0.7922705314009661,-0.0038533608921152433,CENTRAL_ZONE_PROXY_ONLY
WC2022,Damián Emiliano Martínez,Argentina,False,FREE,LONG_LEFT,113,125,0.904,7,0.061946902654867256,0.8571428571428571,0.7494443429545731,-0.00552050289372702,NO
WC2022,Damián Emiliano Martínez,Argentina,False,FREE,LONG_RIGHT,113,125,0.904,9,0.07964601769911504,0.3333333333333333,0.7681360989686455,-0.004259839125271818,NO
WC2022,Damián Emiliano Martínez,Argentina,False,FREE,MEDIUM_LEFT,113,125,0.904,9,0.07964601769911504,0.8888888888888888,0.8967055823939882,-0.0015640592791378292,NO
WC2022,Damián Emiliano Martínez,Argentina,False,FREE,MEDIUM_RIGHT,113,125,0.904,6,0.05309734513274336,1.0,0.8394223027375202,-0.005355153758679277,NO
WC2022,Damián Emiliano Martínez,Argentina,False,FREE,SHORT_CENTRAL,113,125,0.904,24,0.21238938053097345,1.0,0.9014720394972896,-0.002598059934521044,CENTRAL_ZONE_PROXY_ONLY
WC2022,Damián Emiliano Martínez,Argentina,False,FREE,SHORT_LEFT,113,125,0.904,23,0.20353982300884957,1.0,0.8469273144204862,-0.0024956644400003195,NO
WC2022,Damián Emiliano Martínez,Argentina,False,FREE,SHORT_RIGHT,113,125,0.904,18,0.1592920353982301,1.0,0.8594961348186068,-0.0028097843678033716,NO
WC2022,Damián Emiliano Martínez,Argentina,False,FREE,VERY_LONG_CENTRAL,113,125,0.904,2,0.017699115044247787,0.0,0.7259963768115941,-0.005611674926328421,CENTRAL_ZONE_PROXY_ONLY
WC2022,Damián Emiliano Martínez,Argentina,False,FREE,VERY_LONG_LEFT,113,125,0.904,6,0.05309734513274336,0.5,0.6523755524890706,-0.007930158098323334,NO
WC2022,Damián Emiliano Martínez,Argentina,False,FREE,VERY_LONG_RIGHT,113,125,0.904,7,0.061946902654867256,0.42857142857142855,0.41968064722163084,-0.014199287087348652,NO
WC2022,Damián Emiliano Martínez,Argentina,False,PRESSURED,LONG_CENTRAL,19,23,0.8260869565217391,1,0.05263157894736842,1.0,0.6597222222222221,-0.0036643237328236617,CENTRAL_ZONE_PROXY_ONLY
WC2022,Damián Emiliano Martínez,Argentina,False,PRESSURED,LONG_LEFT,19,23,0.8260869565217391,3,0.15789473684210525,0.3333333333333333,0.6073982056590752,-0.006397807668900426,NO
WC2022,Damián Emiliano Martínez,Argentina,False,PRESSURED,LONG_RIGHT,19,23,0.8260869565217391,4,0.21052631578947367,0.25,0.607571063021707,-0.00876274352829047,NO
WC2022,Damián Emiliano Martínez,Argentina,False,PRESSURED,MEDIUM_RIGHT,19,23,0.8260869565217391,2,0.10526315789473684,0.5,0.6601190476190476,-0.005719807199201177,NO
WC2022,Damián Emiliano Martínez,Argentina,False,PRESSURED,SHORT_LEFT,19,23,0.8260869565217391,3,0.15789473684210525,1.0,0.6952380952380951,-0.0037388736125006164,NO
WC2022,Damián Emiliano Martínez,Argentina,False,PRESSURED,SHORT_RIGHT,19,23,0.8260869565217391,4,0.21052631578947367,1.0,0.6136706349206349,-0.005670456979851329,NO
WC2022,Damián Emiliano Martínez,Argentina,False,PRESSURED,VERY_LONG_CENTRAL,19,23,0.8260869565217391,1,0.05263157894736842,1.0,0.6952380952380952,-0.004658566373756005,CENTRAL_ZONE_PROXY_ONLY
WC2022,Damián Emiliano Martínez,Argentina,False,PRESSURED,VERY_LONG_RIGHT,19,23,0.8260869565217391,1,0.05263157894736842,1.0,0.6952380952380952,-0.010133193265570401,NO
WC2022,Damián Emiliano Martínez,Argentina,True,FREE,LONG_LEFT,30,37,0.8108108108108109,3,0.1,1.0,0.740306261963358,-0.006527474606001696,NO
WC2022,Damián Emiliano Martínez,Argentina,True,FREE,LONG_RIGHT,30,37,0.8108108108108109,1,0.03333333333333333,0.0,0.6869565217391305,-0.008913959690144897,NO
WC2022,Damián Emiliano Martínez,Argentina,True,FREE,MEDIUM_CENTRAL,30,37,0.8108108108108109,1,0.03333333333333333,1.0,0.7272727272727273,-0.009950360443343935,CENTRAL_ZONE_PROXY_ONLY
WC2022,Damián Emiliano Martínez,Argentina,True,FREE,MEDIUM_RIGHT,30,37,0.8108108108108109,2,0.06666666666666667,1.0,0.7922705314009661,-0.00684406519810212,NO
WC2022,Damián Emiliano Martínez,Argentina,True,FREE,SHORT_CENTRAL,30,37,0.8108108108108109,6,0.2,1.0,0.7879319369099392,-0.007114468401934783,CENTRAL_ZONE_PROXY_ONLY
WC2022,Damián Emiliano Martínez,Argentina,True,FREE,SHORT_LEFT,30,37,0.8108108108108109,2,0.06666666666666667,1.0,0.7813811673398273,-0.007981206582552757,NO
WC2022,Damián Emiliano Martínez,Argentina,True,FREE,SHORT_RIGHT,30,37,0.8108108108108109,5,0.16666666666666666,1.0,0.7687959028004794,-0.008793269598364392,NO
WC2022,Damián Emiliano Martínez,Argentina,True,FREE,VERY_LONG_CENTRAL,30,37,0.8108108108108109,3,0.1,0.3333333333333333,0.7344445363933945,-0.007283082308375402,CENTRAL_ZONE_PROXY_ONLY
WC2022,Damián Emiliano Martínez,Argentina,True,FREE,VERY_LONG_LEFT,30,37,0.8108108108108109,6,0.2,0.6666666666666666,0.7087157809983897,-0.008784903525846736,NO
WC2022,Damián Emiliano Martínez,Argentina,True,FREE,VERY_LONG_RIGHT,30,37,0.8108108108108109,1,0.03333333333333333,1.0,0.7763157894736842,-0.006488592029028911,NO
WC2022,Daniel Ward,Wales,False,FREE,LONG_CENTRAL,23,25,0.92,3,0.13043478260869565,1.0,0.7030627829596902,-0.005131097620053362,CENTRAL_ZONE_PROXY_ONLY
WC2022,Daniel Ward,Wales,False,FREE,LONG_LEFT,23,25,0.92,6,0.2608695652173913,0.3333333333333333,0.8070917180928032,-0.0006632601747438846,NO
WC2022,Daniel Ward,Wales,False,FREE,LONG_RIGHT,23,25,0.92,1,0.043478260869565216,0.0,0.7933078614577009,-0.008868997022965425,NO
WC2022,Daniel Ward,Wales,False,FREE,MEDIUM_CENTRAL,23,25,0.92,1,0.043478260869565216,1.0,0.7560137457044673,-0.00600982212813356,CENTRAL_ZONE_PROXY_ONLY
WC2022,Daniel Ward,Wales,False,FREE,MEDIUM_LEFT,23,25,0.92,1,0.043478260869565216,1.0,0.7940541051036679,-0.0025685435076931652,NO
WC2022,Daniel Ward,Wales,False,FREE,SHORT_CENTRAL,23,25,0.92,2,0.08695652173913043,1.0,0.8678027912195806,-0.00326437544169031,CENTRAL_ZONE_PROXY_ONLY
WC2022,Daniel Ward,Wales,False,FREE,SHORT_LEFT,23,25,0.92,3,0.13043478260869565,1.0,0.8373424971363116,-0.003752795812489917,NO
WC2022,Daniel Ward,Wales,False,FREE,SHORT_RIGHT,23,25,0.92,4,0.17391304347826086,1.0,0.7767248215701823,-0.004735728398904894,NO
WC2022,Daniel Ward,Wales,False,FREE,VERY_LONG_LEFT,23,25,0.92,2,0.08695652173913043,0.5,0.7932115512148068,-0.002034403222521217,NO
WC2022,Daniel Ward,Wales,False,PRESSURED,LONG_LEFT,4,5,0.8,2,0.5,0.5,0.5945945945945945,-0.009475109705054456,NO
WC2022,Daniel Ward,Wales,False,PRESSURED,LONG_RIGHT,4,5,0.8,1,0.25,0.0,0.5945945945945945,-0.005779605137805311,NO
WC2022,Daniel Ward,Wales,False,PRESSURED,SHORT_RIGHT,4,5,0.8,1,0.25,1.0,0.5945945945945945,-0.010743620915059426,NO
WC2022,Daniel Ward,Wales,True,FREE,LONG_LEFT,8,9,0.8888888888888888,1,0.125,1.0,0.7560137457044673,-0.009419461538087313,NO
WC2022,Daniel Ward,Wales,True,FREE,LONG_RIGHT,8,9,0.8888888888888888,2,0.25,1.0,0.7560137457044673,-0.008812026971924358,NO
WC2022,Daniel Ward,Wales,True,FREE,VERY_LONG_LEFT,8,9,0.8888888888888888,4,0.5,1.0,0.6928216876670485,-0.009306864681120894,NO
WC2022,Daniel Ward,Wales,True,FREE,VERY_LONG_RIGHT,8,9,0.8888888888888888,1,0.125,0.0,0.7560137457044673,-0.009419461538087313,NO
WC2022,Devis Rogers Epassy Mboka,Cameroon,False,FREE,LONG_CENTRAL,44,48,0.9166666666666666,8,0.18181818181818182,0.875,0.7626467498834151,-0.00405562588470371,CENTRAL_ZONE_PROXY_ONLY
WC2022,Devis Rogers Epassy Mboka,Cameroon,False,FREE,LONG_LEFT,44,48,0.9166666666666666,2,0.045454545454545456,0.5,0.7741421385527167,-0.0025853211271417214,NO
WC2022,Devis Rogers Epassy Mboka,Cameroon,False,FREE,LONG_RIGHT,44,48,0.9166666666666666,4,0.09090909090909091,1.0,0.7537377359430251,-0.005065793514777547,NO
WC2022,Devis Rogers Epassy Mboka,Cameroon,False,FREE,MEDIUM_CENTRAL,44,48,0.9166666666666666,1,0.022727272727272728,1.0,1.0,0.0031262374716824115,CENTRAL_ZONE_PROXY_ONLY
WC2022,Devis Rogers Epassy Mboka,Cameroon,False,FREE,MEDIUM_LEFT,44,48,0.9166666666666666,3,0.06818181818181818,1.0,0.7368692542661615,-0.00446337092004117,NO
WC2022,Devis Rogers Epassy Mboka,Cameroon,False,FREE,MEDIUM_RIGHT,44,48,0.9166666666666666,4,0.09090909090909091,1.0,0.8147410420744368,-0.0018186294265045483,NO
WC2022,Devis Rogers Epassy Mboka,Cameroon,False,FREE,SHORT_CENTRAL,44,48,0.9166666666666666,2,0.045454545454545456,1.0,0.8974358974358974,-0.0006343162959047311,CENTRAL_ZONE_PROXY_ONLY
WC2022,Devis Rogers Epassy Mboka,Cameroon,False,FREE,SHORT_LEFT,44,48,0.9166666666666666,7,0.1590909090909091,1.0,0.9102181676552391,-0.0012734386204601197,NO
WC2022,Devis Rogers Epassy Mboka,Cameroon,False,FREE,SHORT_RIGHT,44,48,0.9166666666666666,9,0.20454545454545456,1.0,0.8452130819788097,-0.003996824950651855,NO
WC2022,Devis Rogers Epassy Mboka,Cameroon,False,FREE,VERY_LONG_CENTRAL,44,48,0.9166666666666666,3,0.06818181818181818,0.3333333333333333,0.5815815815815816,-0.0070153519580658874,CENTRAL_ZONE_PROXY_ONLY
WC2022,Devis Rogers Epassy Mboka,Cameroon,False,FREE,VERY_LONG_RIGHT,44,48,0.9166666666666666,1,0.022727272727272728,0.0,0.7922705314009661,-0.004660812830706882,NO
WC2022,Devis Rogers Epassy Mboka,Cameroon,False,PRESSURED,LONG_CENTRAL,9,10,0.9,3,0.3333333333333333,0.6666666666666666,0.5945945945945945,-0.004789663389006198,CENTRAL_ZONE_PROXY_ONLY
WC2022,Devis Rogers Epassy Mboka,Cameroon,False,PRESSURED,LONG_LEFT,9,10,0.9,1,0.1111111111111111,1.0,0.5945945945945945,-0.008373784626808907,NO
WC2022,Devis Rogers Epassy Mboka,Cameroon,False,PRESSURED,LONG_RIGHT,9,10,0.9,1,0.1111111111111111,0.0,0.5945945945945945,-0.004660009751189026,NO
WC2022,Devis Rogers Epassy Mboka,Cameroon,False,PRESSURED,MEDIUM_LEFT,9,10,0.9,2,0.2222222222222222,0.5,0.5945945945945945,-0.004263105214403193,NO
WC2022,Devis Rogers Epassy Mboka,Cameroon,False,PRESSURED,SHORT_LEFT,9,10,0.9,2,0.2222222222222222,1.0,0.6597222222222221,-0.006059234824514533,NO
WC2022,Devis Rogers Epassy Mboka,Cameroon,True,FREE,LONG_CENTRAL,24,25,0.96,3,0.125,1.0,0.7480877616747182,-0.007438456463674327,CENTRAL_ZONE_PROXY_ONLY
WC2022,Devis Rogers Epassy Mboka,Cameroon,True,FREE,LONG_LEFT,24,25,0.96,9,0.375,0.5555555555555556,0.6851488702956654,-0.0105108996488054,NO
WC2022,Devis Rogers Epassy Mboka,Cameroon,True,FREE,MEDIUM_RIGHT,24,25,0.96,1,0.041666666666666664,1.0,0.5945945945945945,-0.012307150267594803,NO
WC2022,Devis Rogers Epassy Mboka,Cameroon,True,FREE,SHORT_LEFT,24,25,0.96,3,0.125,1.0,0.7022073620011765,-0.01032256325178947,NO
WC2022,Devis Rogers Epassy Mboka,Cameroon,True,FREE,SHORT_RIGHT,24,25,0.96,2,0.08333333333333333,1.0,0.7741421385527167,-0.006746037682371742,NO
WC2022,Devis Rogers Epassy Mboka,Cameroon,True,FREE,VERY_LONG_CENTRAL,24,25,0.96,1,0.041666666666666664,0.0,0.7922705314009661,-0.0052874829589820834,CENTRAL_ZONE_PROXY_ONLY
WC2022,Devis Rogers Epassy Mboka,Cameroon,True,FREE,VERY_LONG_LEFT,24,25,0.96,5,0.20833333333333334,0.4,0.6924646632288946,-0.008610740724395152,NO
WC2022,Diogo Meireles Costa,Portugal,False,FREE,LONG_CENTRAL,93,104,0.8942307692307693,6,0.06451612903225806,0.0,0.7480877616747182,-0.006822204358785354,CENTRAL_ZONE_PROXY_ONLY
WC2022,Diogo Meireles Costa,Portugal,False,FREE,LONG_LEFT,93,104,0.8942307692307693,6,0.06451612903225806,0.3333333333333333,0.7361618197888221,-0.005439787538102335,NO
WC2022,Diogo Meireles Costa,Portugal,False,FREE,LONG_RIGHT,93,104,0.8942307692307693,4,0.043010752688172046,0.75,0.6928592995169081,-0.00820027433884289,NO
WC2022,Diogo Meireles Costa,Portugal,False,FREE,MEDIUM_CENTRAL,93,104,0.8942307692307693,1,0.010752688172043012,0.0,0.7922705314009661,-0.00574441762696715,CENTRAL_ZONE_PROXY_ONLY
WC2022,Diogo Meireles Costa,Portugal,False,FREE,MEDIUM_LEFT,93,104,0.8942307692307693,7,0.07526881720430108,1.0,0.8256579451850238,-0.005022964367606711,NO
WC2022,Diogo Meireles Costa,Portugal,False,FREE,MEDIUM_RIGHT,93,104,0.8942307692307693,2,0.021505376344086023,1.0,0.9130434782608696,0.00032219140588548006,NO
WC2022,Diogo Meireles Costa,Portugal,False,FREE,SHORT_CENTRAL,93,104,0.8942307692307693,25,0.26881720430107525,0.96,0.8646572706469732,-0.0021378484094713573,CENTRAL_ZONE_PROXY_ONLY
WC2022,Diogo Meireles Costa,Portugal,False,FREE,SHORT_LEFT,93,104,0.8942307692307693,21,0.22580645161290322,1.0,0.8604749575787496,-0.002505416528701796,NO
WC2022,Diogo Meireles Costa,Portugal,False,FREE,SHORT_RIGHT,93,104,0.8942307692307693,16,0.17204301075268819,1.0,0.8701147322278441,-0.0024785017979372637,NO
WC2022,Diogo Meireles Costa,Portugal,False,FREE,VERY_LONG_CENTRAL,93,104,0.8942307692307693,2,0.021505376344086023,0.5,0.8052261747913922,-0.004894082847002892,CENTRAL_ZONE_PROXY_ONLY
WC2022,Diogo Meireles Costa,Portugal,False,FREE,VERY_LONG_LEFT,93,104,0.8942307692307693,1,0.010752688172043012,0.0,0.8181818181818182,-0.005127352863298903,NO
WC2022,Diogo Meireles Costa,Portugal,False,FREE,VERY_LONG_RIGHT,93,104,0.8942307692307693,2,0.021505376344086023,1.0,0.7788410419989367,-0.00306819097345345,NO
WC2022,Diogo Meireles Costa,Portugal,False,PRESSURED,LONG_LEFT,14,20,0.7,3,0.21428571428571427,0.3333333333333333,0.6050848899911163,-0.005577378937519371,NO
WC2022,Diogo Meireles Costa,Portugal,False,PRESSURED,LONG_RIGHT,14,20,0.7,2,0.14285714285714285,1.0,0.6180555555555556,-0.008371836745776113,NO
WC2022,Diogo Meireles Costa,Portugal,False,PRESSURED,MEDIUM_LEFT,14,20,0.7,1,0.07142857142857142,0.0,0.6111111111111112,-0.0071424757394915874,NO
WC2022,Diogo Meireles Costa,Portugal,False,PRESSURED,MEDIUM_RIGHT,14,20,0.7,4,0.2857142857142857,1.0,0.6267361111111112,-0.010974759788548241,NO
WC2022,Diogo Meireles Costa,Portugal,False,PRESSURED,SHORT_CENTRAL,14,20,0.7,1,0.07142857142857142,1.0,0.6049361387466153,-0.015657206807753753,CENTRAL_ZONE_PROXY_ONLY
WC2022,Diogo Meireles Costa,Portugal,False,PRESSURED,SHORT_RIGHT,14,20,0.7,2,0.14285714285714285,1.0,0.6774801587301587,-0.010469900662285554,NO
WC2022,Diogo Meireles Costa,Portugal,False,PRESSURED,VERY_LONG_LEFT,14,20,0.7,1,0.07142857142857142,0.0,0.6597222222222221,-0.009186912827798386,NO
WC2022,Diogo Meireles Costa,Portugal,True,FREE,LONG_CENTRAL,28,35,0.8,1,0.03571428571428571,1.0,0.6952380952380952,-0.009932115486924771,CENTRAL_ZONE_PROXY_ONLY
WC2022,Diogo Meireles Costa,Portugal,True,FREE,LONG_LEFT,28,35,0.8,2,0.07142857142857142,1.0,0.6952380952380952,-0.010237617535458345,NO
WC2022,Diogo Meireles Costa,Portugal,True,FREE,LONG_RIGHT,28,35,0.8,1,0.03571428571428571,0.0,0.7704918032786885,-0.007832897134815555,NO
WC2022,Diogo Meireles Costa,Portugal,True,FREE,MEDIUM_LEFT,28,35,0.8,2,0.07142857142857142,1.0,0.6934974747474747,-0.007776220191319669,NO
WC2022,Diogo Meireles Costa,Portugal,True,FREE,MEDIUM_RIGHT,28,35,0.8,1,0.03571428571428571,1.0,0.7922705314009661,-0.0052874829589820834,NO
WC2022,Diogo Meireles Costa,Portugal,True,FREE,SHORT_CENTRAL,28,35,0.8,10,0.35714285714285715,1.0,0.7664169776248289,-0.007518518326899008,CENTRAL_ZONE_PROXY_ONLY
WC2022,Diogo Meireles Costa,Portugal,True,FREE,SHORT_LEFT,28,35,0.8,2,0.07142857142857142,1.0,0.7719298245614035,-0.008148381985096794,NO
WC2022,Diogo Meireles Costa,Portugal,True,FREE,SHORT_RIGHT,28,35,0.8,6,0.21428571428571427,1.0,0.7530912938235592,-0.007692451082441295,NO
WC2022,Diogo Meireles Costa,Portugal,True,FREE,VERY_LONG_LEFT,28,35,0.8,3,0.10714285714285714,0.6666666666666666,0.7056878306878307,-0.008776787331959095,NO
WC2022,Dominik Livaković,Croatia,False,FREE,LONG_CENTRAL,151,159,0.949685534591195,6,0.039735099337748346,0.6666666666666666,0.6579758507265955,-0.007405782175897629,CENTRAL_ZONE_PROXY_ONLY
WC2022,Dominik Livaković,Croatia,False,FREE,LONG_LEFT,151,159,0.949685534591195,10,0.06622516556291391,0.7,0.6876828972216926,-0.009153001876450875,NO
WC2022,Dominik Livaković,Croatia,False,FREE,LONG_RIGHT,151,159,0.949685534591195,3,0.019867549668874173,0.6666666666666666,0.7834088099652926,-0.00512033343720123,NO
WC2022,Dominik Livaković,Croatia,False,FREE,MEDIUM_LEFT,151,159,0.949685534591195,10,0.06622516556291391,1.0,0.8481920392343625,-0.0029623033779890657,NO
WC2022,Dominik Livaković,Croatia,False,FREE,MEDIUM_RIGHT,151,159,0.949685534591195,8,0.052980132450331126,1.0,0.8325318599158805,-0.006181005374572073,NO
WC2022,Dominik Livaković,Croatia,False,FREE,SHORT_CENTRAL,151,159,0.949685534591195,54,0.3576158940397351,1.0,0.8910316119071993,-0.0021885139340389265,CENTRAL_ZONE_PROXY_ONLY
WC2022,Dominik Livaković,Croatia,False,FREE,SHORT_LEFT,151,159,0.949685534591195,24,0.15894039735099338,1.0,0.808897438206236,-0.004459384172441844,NO
WC2022,Dominik Livaković,Croatia,False,FREE,SHORT_RIGHT,151,159,0.949685534591195,30,0.1986754966887417,1.0,0.8314517932430456,-0.004252289607688859,NO
WC2022,Dominik Livaković,Croatia,False,FREE,VERY_LONG_LEFT,151,159,0.949685534591195,6,0.039735099337748346,0.6666666666666666,0.5677439453183161,-0.009208228241132287,NO
WC2022,Dominik Livaković,Croatia,False,PRESSURED,LONG_LEFT,13,17,0.7647058823529411,1,0.07692307692307693,0.0,0.6869565217391305,-0.0033731700012732593,NO
WC2022,Dominik Livaković,Croatia,False,PRESSURED,LONG_RIGHT,13,17,0.7647058823529411,5,0.38461538461538464,0.4,0.6130669800235017,-0.005739554492004565,NO
WC2022,Dominik Livaković,Croatia,False,PRESSURED,MEDIUM_CENTRAL,13,17,0.7647058823529411,1,0.07692307692307693,0.0,0.6869565217391305,-0.0033731700012732593,CENTRAL_ZONE_PROXY_ONLY
WC2022,Dominik Livaković,Croatia,False,PRESSURED,MEDIUM_RIGHT,13,17,0.7647058823529411,1,0.07692307692307693,1.0,0.5945945945945945,-0.004660009751189026,NO
WC2022,Dominik Livaković,Croatia,False,PRESSURED,SHORT_CENTRAL,13,17,0.7647058823529411,1,0.07692307692307693,1.0,0.6869565217391305,-0.003443745262415864,CENTRAL_ZONE_PROXY_ONLY
WC2022,Dominik Livaković,Croatia,False,PRESSURED,SHORT_LEFT,13,17,0.7647058823529411,2,0.15384615384615385,1.0,0.6203119688071363,-0.009070527834217704,NO
WC2022,Dominik Livaković,Croatia,False,PRESSURED,SHORT_RIGHT,13,17,0.7647058823529411,1,0.07692307692307693,1.0,0.6111111111111112,-0.006273865547712386,NO
WC2022,Dominik Livaković,Croatia,False,PRESSURED,VERY_LONG_LEFT,13,17,0.7647058823529411,1,0.07692307692307693,1.0,0.6869565217391305,-0.002389664246274973,NO
WC2022,Dominik Livaković,Croatia,True,FREE,LONG_CENTRAL,46,49,0.9387755102040817,3,0.06521739130434782,1.0,0.7210361134330207,-0.008197449191699473,CENTRAL_ZONE_PROXY_ONLY
WC2022,Dominik Livaković,Croatia,True,FREE,LONG_LEFT,46,49,0.9387755102040817,4,0.08695652173913043,1.0,0.6377698453170151,-0.01106547310368377,NO
WC2022,Dominik Livaković,Croatia,True,FREE,LONG_RIGHT,46,49,0.9387755102040817,3,0.06521739130434782,0.6666666666666666,0.7635349802243403,-0.0063896644290719895,NO
WC2022,Dominik Livaković,Croatia,True,FREE,MEDIUM_LEFT,46,49,0.9387755102040817,3,0.06521739130434782,1.0,0.7627810936275395,-0.008037548657625874,NO
WC2022,Dominik Livaković,Croatia,True,FREE,MEDIUM_RIGHT,46,49,0.9387755102040817,1,0.021739130434782608,1.0,0.7976190476190477,-0.006340411821044117,NO
WC2022,Dominik Livaković,Croatia,True,FREE,SHORT_CENTRAL,46,49,0.9387755102040817,16,0.34782608695652173,1.0,0.7371139738084431,-0.008625873358977939,CENTRAL_ZONE_PROXY_ONLY
WC2022,Dominik Livaković,Croatia,True,FREE,SHORT_LEFT,46,49,0.9387755102040817,8,0.17391304347826086,1.0,0.7174986006793787,-0.008212292092655518,NO
WC2022,Dominik Livaković,Croatia,True,FREE,SHORT_RIGHT,46,49,0.9387755102040817,2,0.043478260869565216,1.0,0.7768163966617575,-0.007220671278417206,NO
WC2022,Dominik Livaković,Croatia,True,FREE,VERY_LONG_CENTRAL,46,49,0.9387755102040817,1,0.021739130434782608,0.0,0.7672955974842768,-0.0067334159012785565,CENTRAL_ZONE_PROXY_ONLY
WC2022,Dominik Livaković,Croatia,True,FREE,VERY_LONG_LEFT,46,49,0.9387755102040817,4,0.08695652173913043,1.0,0.6458656960247628,-0.010025114873217502,NO
WC2022,Dominik Livaković,Croatia,True,FREE,VERY_LONG_RIGHT,46,49,0.9387755102040817,1,0.021739130434782608,0.0,0.7560137457044673,-0.0082045924057614,NO
WC2022,Ederson Santana de Moraes,Brazil,False,FREE,LONG_CENTRAL,24,24,1.0,1,0.041666666666666664,1.0,0.7922705314009661,-0.004581189307261488,CENTRAL_ZONE_PROXY_ONLY
WC2022,Ederson Santana de Moraes,Brazil,False,FREE,LONG_RIGHT,24,24,1.0,1,0.041666666666666664,1.0,0.8484848484848485,-0.0016296991344759756,NO
WC2022,Ederson Santana de Moraes,Brazil,False,FREE,MEDIUM_CENTRAL,24,24,1.0,1,0.041666666666666664,0.0,1.0,-0.00023839508286115432,CENTRAL_ZONE_PROXY_ONLY
WC2022,Ederson Santana de Moraes,Brazil,False,FREE,MEDIUM_LEFT,24,24,1.0,4,0.16666666666666666,1.0,0.8961352657004831,-0.00016959842533968033,NO
WC2022,Ederson Santana de Moraes,Brazil,False,FREE,MEDIUM_RIGHT,24,24,1.0,1,0.041666666666666664,1.0,0.8641975308641975,-0.0023430244612244475,NO
WC2022,Ederson Santana de Moraes,Brazil,False,FREE,SHORT_CENTRAL,24,24,1.0,4,0.16666666666666666,1.0,0.9480676328502415,-0.0006788546752440274,CENTRAL_ZONE_PROXY_ONLY
WC2022,Ederson Santana de Moraes,Brazil,False,FREE,SHORT_LEFT,24,24,1.0,4,0.16666666666666666,1.0,0.8110658212560387,-0.004492179152613534,NO
WC2022,Ederson Santana de Moraes,Brazil,False,FREE,SHORT_RIGHT,24,24,1.0,8,0.3333333333333333,0.875,0.8767151435856145,-0.0027473970509186985,NO
WC2022,Ederson Santana de Moraes,Brazil,False,PRESSURED,SHORT_LEFT,1,1,1.0,1,1.0,1.0,0.6597222222222221,-0.0036643237328236617,NO
WC2022,Ederson Santana de Moraes,Brazil,True,FREE,SHORT_CENTRAL,5,5,1.0,1,0.2,1.0,0.7922705314009661,-0.008129516030289961,CENTRAL_ZONE_PROXY_ONLY
WC2022,Ederson Santana de Moraes,Brazil,True,FREE,SHORT_LEFT,5,5,1.0,1,0.2,1.0,0.7922705314009661,-0.0052874829589820834,NO
WC2022,Ederson Santana de Moraes,Brazil,True,FREE,SHORT_RIGHT,5,5,1.0,2,0.4,1.0,0.7259963768115941,-0.006568886997891655,NO
WC2022,Ederson Santana de Moraes,Brazil,True,FREE,VERY_LONG_CENTRAL,5,5,1.0,1,0.2,1.0,0.7922705314009661,-0.008129516030289961,CENTRAL_ZONE_PROXY_ONLY
WC2022,Edouard Mendy,Senegal,False,FREE,LONG_CENTRAL,75,82,0.9146341463414634,2,0.02666666666666667,0.5,0.6569767441860466,-0.00400377957361648,CENTRAL_ZONE_PROXY_ONLY
WC2022,Edouard Mendy,Senegal,False,FREE,LONG_LEFT,75,82,0.9146341463414634,10,0.13333333333333333,0.8,0.8058506774181833,-0.0025959301635841386,NO
WC2022,Edouard Mendy,Senegal,False,FREE,LONG_RIGHT,75,82,0.9146341463414634,3,0.04,0.6666666666666666,0.8109161793372319,-0.004523402320088281,NO
WC2022,Edouard Mendy,Senegal,False,FREE,MEDIUM_CENTRAL,75,82,0.9146341463414634,1,0.013333333333333334,0.0,0.7672955974842768,-0.005146491641891151,CENTRAL_ZONE_PROXY_ONLY
WC2022,Edouard Mendy,Senegal,False,FREE,MEDIUM_LEFT,75,82,0.9146341463414634,6,0.08,1.0,0.8486814263578005,-0.0019469570931332076,NO
WC2022,Edouard Mendy,Senegal,False,FREE,MEDIUM_RIGHT,75,82,0.9146341463414634,7,0.09333333333333334,1.0,0.9055468341182626,-0.002031437406229723,NO
WC2022,Edouard Mendy,Senegal,False,FREE,SHORT_CENTRAL,75,82,0.9146341463414634,17,0.22666666666666666,1.0,0.8410342196478864,-0.0021502930896670565,CENTRAL_ZONE_PROXY_ONLY
WC2022,Edouard Mendy,Senegal,False,FREE,SHORT_LEFT,75,82,0.9146341463414634,14,0.18666666666666668,1.0,0.840257822823432,-0.0034608559060993744,NO
WC2022,Edouard Mendy,Senegal,False,FREE,SHORT_RIGHT,75,82,0.9146341463414634,8,0.10666666666666667,1.0,0.8865312319259688,-0.0017020940214567785,NO
WC2022,Edouard Mendy,Senegal,False,FREE,VERY_LONG_LEFT,75,82,0.9146341463414634,6,0.08,0.6666666666666666,0.7549924589560183,-0.0044007549725121435,NO
WC2022,Edouard Mendy,Senegal,False,FREE,VERY_LONG_RIGHT,75,82,0.9146341463414634,1,0.013333333333333334,1.0,0.5,-0.009920089464362245,NO
WC2022,Edouard Mendy,Senegal,False,PRESSURED,LONG_CENTRAL,9,9,1.0,1,0.1111111111111111,0.0,0.6111111111111112,-0.003495083148872622,CENTRAL_ZONE_PROXY_ONLY
WC2022,Edouard Mendy,Senegal,False,PRESSURED,LONG_LEFT,9,9,1.0,1,0.1111111111111111,1.0,0.6111111111111112,-0.015522604762820101,NO
WC2022,Edouard Mendy,Senegal,False,PRESSURED,MEDIUM_LEFT,9,9,1.0,1,0.1111111111111111,0.0,0.7288135593220338,-0.0005369972677484736,NO
WC2022,Edouard Mendy,Senegal,False,PRESSURED,MEDIUM_RIGHT,9,9,1.0,2,0.2222222222222222,0.5,0.6490338164251208,-0.005239002310497478,NO
WC2022,Edouard Mendy,Senegal,False,PRESSURED,SHORT_LEFT,9,9,1.0,1,0.1111111111111111,1.0,0.6111111111111112,-0.006833175915731118,NO
WC2022,Edouard Mendy,Senegal,False,PRESSURED,SHORT_RIGHT,9,9,1.0,1,0.1111111111111111,1.0,0.6111111111111112,-0.006833175915731118,NO
WC2022,Edouard Mendy,Senegal,False,PRESSURED,VERY_LONG_RIGHT,9,9,1.0,2,0.2222222222222222,0.0,0.6111111111111112,-0.013445152762081972,NO
WC2022,Edouard Mendy,Senegal,True,FREE,LONG_CENTRAL,25,25,1.0,1,0.04,0.0,0.7672955974842768,-0.0067334159012785565,CENTRAL_ZONE_PROXY_ONLY
WC2022,Edouard Mendy,Senegal,True,FREE,LONG_LEFT,25,25,1.0,1,0.04,0.0,0.7976190476190477,-0.006340411821044117,NO
WC2022,Edouard Mendy,Senegal,True,FREE,MEDIUM_LEFT,25,25,1.0,2,0.08,1.0,0.7919745098146336,-0.007179010785302678,NO
WC2022,Edouard Mendy,Senegal,True,FREE,MEDIUM_RIGHT,25,25,1.0,3,0.12,1.0,0.6647173489278753,-0.009448323353551473,NO
WC2022,Edouard Mendy,Senegal,True,FREE,SHORT_CENTRAL,25,25,1.0,8,0.32,1.0,0.7784486076413999,-0.006212311946512917,CENTRAL_ZONE_PROXY_ONLY
WC2022,Edouard Mendy,Senegal,True,FREE,SHORT_LEFT,25,25,1.0,3,0.12,1.0,0.7193062346211612,-0.007580494860898007,NO
WC2022,Edouard Mendy,Senegal,True,FREE,SHORT_RIGHT,25,25,1.0,3,0.12,1.0,0.7899822018815154,-0.007139652733391164,NO
WC2022,Edouard Mendy,Senegal,True,FREE,VERY_LONG_CENTRAL,25,25,1.0,4,0.16,0.5,0.7002904301817345,-0.007924796268861554,CENTRAL_ZONE_PROXY_ONLY
WC2022,Francisco Guillermo Ochoa Magaña,Mexico,False,FREE,LONG_LEFT,75,78,0.9615384615384616,7,0.09333333333333334,0.42857142857142855,0.7437418727979369,-0.004014546241183072,NO
WC2022,Francisco Guillermo Ochoa Magaña,Mexico,False,FREE,LONG_RIGHT,75,78,0.9615384615384616,2,0.02666666666666667,0.0,0.7922705314009661,-0.005156870960242449,NO
WC2022,Francisco Guillermo Ochoa Magaña,Mexico,False,FREE,MEDIUM_LEFT,75,78,0.9615384615384616,10,0.13333333333333333,1.0,0.9182783851738849,-0.0003343805266283042,NO
WC2022,Francisco Guillermo Ochoa Magaña,Mexico,False,FREE,MEDIUM_RIGHT,75,78,0.9615384615384616,3,0.04,1.0,0.810927950579616,-0.002282827775840606,NO
WC2022,Francisco Guillermo Ochoa Magaña,Mexico,False,FREE,SHORT_CENTRAL,75,78,0.9615384615384616,17,0.22666666666666666,1.0,0.8404695394349551,-0.0026634401835324353,CENTRAL_ZONE_PROXY_ONLY
WC2022,Francisco Guillermo Ochoa Magaña,Mexico,False,FREE,SHORT_LEFT,75,78,0.9615384615384616,17,0.22666666666666666,1.0,0.8715830225960507,-0.001544300567044058,NO
WC2022,Francisco Guillermo Ochoa Magaña,Mexico,False,FREE,SHORT_RIGHT,75,78,0.9615384615384616,18,0.24,1.0,0.8419930191001079,-0.002119682333981071,NO
WC2022,Francisco Guillermo Ochoa Magaña,Mexico,False,FREE,VERY_LONG_RIGHT,75,78,0.9615384615384616,1,0.013333333333333334,0.0,0.7922705314009661,-0.00574441762696715,NO
WC2022,Francisco Guillermo Ochoa Magaña,Mexico,False,PRESSURED,LONG_CENTRAL,2,3,0.6666666666666666,1,0.5,0.0,0.6597222222222221,-0.003071430638641715,CENTRAL_ZONE_PROXY_ONLY
WC2022,Francisco Guillermo Ochoa Magaña,Mexico,False,PRESSURED,LONG_LEFT,2,3,0.6666666666666666,1,0.5,1.0,0.6952380952380952,-0.003813492525851215,NO
WC2022,Francisco Guillermo Ochoa Magaña,Mexico,True,FREE,LONG_RIGHT,25,26,0.9615384615384616,2,0.08,1.0,0.7477401129943503,-0.007464065967722586,NO
WC2022,Francisco Guillermo Ochoa Magaña,Mexico,True,FREE,MEDIUM_CENTRAL,25,26,0.9615384615384616,1,0.04,1.0,0.7288135593220338,-0.008995520703481431,CENTRAL_ZONE_PROXY_ONLY
WC2022,Francisco Guillermo Ochoa Magaña,Mexico,True,FREE,MEDIUM_LEFT,25,26,0.9615384615384616,4,0.16,1.0,0.7106969751919159,-0.008571267904610548,NO
WC2022,Francisco Guillermo Ochoa Magaña,Mexico,True,FREE,SHORT_CENTRAL,25,26,0.9615384615384616,7,0.28,1.0,0.7600208337616443,-0.007085956818442594,CENTRAL_ZONE_PROXY_ONLY
WC2022,Francisco Guillermo Ochoa Magaña,Mexico,True,FREE,SHORT_LEFT,25,26,0.9615384615384616,4,0.16,1.0,0.7043735025456723,-0.008958972491753496,NO
WC2022,Francisco Guillermo Ochoa Magaña,Mexico,True,FREE,SHORT_RIGHT,25,26,0.9615384615384616,3,0.12,1.0,0.7503856259005,-0.00707242597110731,NO
WC2022,Francisco Guillermo Ochoa Magaña,Mexico,True,FREE,VERY_LONG_RIGHT,25,26,0.9615384615384616,4,0.16,0.5,0.7463315217391304,-0.007223277223992094,NO
WC2022,Gregor Kobel,Switzerland,False,FREE,LONG_RIGHT,18,20,0.9,2,0.1111111111111111,0.0,0.7713000450927192,-0.007446824148886439,NO
WC2022,Gregor Kobel,Switzerland,False,FREE,MEDIUM_LEFT,18,20,0.9,2,0.1111111111111111,1.0,0.90625,-0.000790715291509359,NO
WC2022,Gregor Kobel,Switzerland,False,FREE,MEDIUM_RIGHT,18,20,0.9,1,0.05555555555555555,1.0,1.0,0.001687935148203177,NO
WC2022,Gregor Kobel,Switzerland,False,FREE,SHORT_CENTRAL,18,20,0.9,5,0.2777777777777778,1.0,0.8716241213466519,-0.004570517014032612,CENTRAL_ZONE_PROXY_ONLY
WC2022,Gregor Kobel,Switzerland,False,FREE,SHORT_LEFT,18,20,0.9,5,0.2777777777777778,1.0,0.8846749226006192,-0.001166345101278133,NO
WC2022,Gregor Kobel,Switzerland,False,FREE,SHORT_RIGHT,18,20,0.9,2,0.1111111111111111,1.0,0.7954125046244913,-0.0030777458395582044,NO
WC2022,Gregor Kobel,Switzerland,False,FREE,VERY_LONG_LEFT,18,20,0.9,1,0.05555555555555555,0.0,0.8235294117647058,-0.0028555844212236467,NO
WC2022,Gregor Kobel,Switzerland,False,PRESSURED,LONG_CENTRAL,1,1,1.0,1,1.0,0.0,0.6869565217391305,-0.013815181425773856,CENTRAL_ZONE_PROXY_ONLY
WC2022,Gregor Kobel,Switzerland,True,FREE,SHORT_CENTRAL,4,8,0.5,4,1.0,1.0,0.7672955974842768,-0.0061078081710029195,CENTRAL_ZONE_PROXY_ONLY
WC2022,Hernán Ismael Galíndez,Ecuador,False,FREE,LONG_CENTRAL,47,53,0.8867924528301887,5,0.10638297872340426,0.4,0.6747510636148866,-0.00791217534443615,CENTRAL_ZONE_PROXY_ONLY
WC2022,Hernán Ismael Galíndez,Ecuador,False,FREE,LONG_LEFT,47,53,0.8867924528301887,2,0.0425531914893617,1.0,0.7999226006191951,-0.0036396817358627714,NO
WC2022,Hernán Ismael Galíndez,Ecuador,False,FREE,LONG_RIGHT,47,53,0.8867924528301887,5,0.10638297872340426,0.0,0.7296763836717854,-0.007283153991310773,NO
WC2022,Hernán Ismael Galíndez,Ecuador,False,FREE,MEDIUM_LEFT,47,53,0.8867924528301887,2,0.0425531914893617,1.0,0.8877609143528686,-0.0021966275629477098,NO
WC2022,Hernán Ismael Galíndez,Ecuador,False,FREE,MEDIUM_RIGHT,47,53,0.8867924528301887,2,0.0425531914893617,1.0,0.7728549947614094,-0.00568471689717143,NO
WC2022,Hernán Ismael Galíndez,Ecuador,False,FREE,SHORT_CENTRAL,47,53,0.8867924528301887,13,0.2765957446808511,1.0,0.8350489469188351,-0.0029661335774833655,CENTRAL_ZONE_PROXY_ONLY
WC2022,Hernán Ismael Galíndez,Ecuador,False,FREE,SHORT_LEFT,47,53,0.8867924528301887,8,0.1702127659574468,1.0,0.8158614665658408,-0.0027912354835191817,NO
WC2022,Hernán Ismael Galíndez,Ecuador,False,FREE,SHORT_RIGHT,47,53,0.8867924528301887,1,0.02127659574468085,1.0,1.0,0.0013521234836839351,NO
WC2022,Hernán Ismael Galíndez,Ecuador,False,FREE,VERY_LONG_CENTRAL,47,53,0.8867924528301887,5,0.10638297872340426,0.0,0.7444835180448991,-0.004927951547192175,CENTRAL_ZONE_PROXY_ONLY
WC2022,Hernán Ismael Galíndez,Ecuador,False,FREE,VERY_LONG_LEFT,47,53,0.8867924528301887,2,0.0425531914893617,1.0,0.807899971582836,-0.002347925827221293,NO
WC2022,Hernán Ismael Galíndez,Ecuador,False,FREE,VERY_LONG_RIGHT,47,53,0.8867924528301887,2,0.0425531914893617,0.0,0.8180147058823529,-0.002459976527583451,NO
WC2022,Hernán Ismael Galíndez,Ecuador,False,PRESSURED,LONG_RIGHT,1,2,0.5,1,1.0,1.0,0.5945945945945945,-0.005779605137805311,NO
WC2022,Hernán Ismael Galíndez,Ecuador,True,FREE,LONG_RIGHT,18,21,0.8571428571428571,2,0.1111111111111111,0.5,0.5945945945945945,-0.012307150267594803,NO
WC2022,Hernán Ismael Galíndez,Ecuador,True,FREE,MEDIUM_RIGHT,18,21,0.8571428571428571,1,0.05555555555555555,1.0,0.7763157894736842,-0.006488592029028911,NO
WC2022,Hernán Ismael Galíndez,Ecuador,True,FREE,SHORT_CENTRAL,18,21,0.8571428571428571,2,0.1111111111111111,1.0,0.7135089098532494,-0.009147176117426471,CENTRAL_ZONE_PROXY_ONLY
WC2022,Hernán Ismael Galíndez,Ecuador,True,FREE,SHORT_LEFT,18,21,0.8571428571428571,2,0.1111111111111111,1.0,0.7672955974842768,-0.00423098498017601,NO
WC2022,Hernán Ismael Galíndez,Ecuador,True,FREE,SHORT_RIGHT,18,21,0.8571428571428571,2,0.1111111111111111,1.0,0.7797830644426215,-0.0060104494301303196,NO
WC2022,Hernán Ismael Galíndez,Ecuador,True,FREE,VERY_LONG_RIGHT,18,21,0.8571428571428571,9,0.5,0.3333333333333333,0.6906028817845377,-0.009190938067403724,NO
WC2022,Hugo Lloris,France,False,FREE,LONG_CENTRAL,92,114,0.8070175438596491,10,0.10869565217391304,0.4,0.7982083757017656,-0.0024365212619981043,CENTRAL_ZONE_PROXY_ONLY
WC2022,Hugo Lloris,France,False,FREE,LONG_LEFT,92,114,0.8070175438596491,7,0.07608695652173914,0.8571428571428571,0.7742028153215285,-0.004531012432004356,NO
WC2022,Hugo Lloris,France,False,FREE,LONG_RIGHT,92,114,0.8070175438596491,8,0.08695652173913043,0.75,0.7506008781041882,-0.005452222714975434,NO
WC2022,Hugo Lloris,France,False,FREE,MEDIUM_CENTRAL,92,114,0.8070175438596491,3,0.03260869565217391,0.6666666666666666,0.7903798596733379,-0.0023363562978472668,CENTRAL_ZONE_PROXY_ONLY
WC2022,Hugo Lloris,France,False,FREE,MEDIUM_LEFT,92,114,0.8070175438596491,13,0.14130434782608695,0.8461538461538461,0.8786979971642824,-0.0011977701665658717,NO
WC2022,Hugo Lloris,France,False,FREE,MEDIUM_RIGHT,92,114,0.8070175438596491,5,0.05434782608695652,1.0,0.8266644542623405,-0.003136808215179246,NO
WC2022,Hugo Lloris,France,False,FREE,SHORT_CENTRAL,92,114,0.8070175438596491,19,0.20652173913043478,0.9473684210526315,0.8519136807799698,-0.003588622836392819,CENTRAL_ZONE_PROXY_ONLY
WC2022,Hugo Lloris,France,False,FREE,SHORT_LEFT,92,114,0.8070175438596491,11,0.11956521739130435,1.0,0.8617481562654947,-0.0027706783986267006,NO
WC2022,Hugo Lloris,France,False,FREE,SHORT_RIGHT,92,114,0.8070175438596491,11,0.11956521739130435,1.0,0.8607119433670348,-0.00510972053162192,NO
WC2022,Hugo Lloris,France,False,FREE,VERY_LONG_CENTRAL,92,114,0.8070175438596491,3,0.03260869565217391,0.6666666666666666,0.6161616161616162,-0.0069755172829236494,CENTRAL_ZONE_PROXY_ONLY
WC2022,Hugo Lloris,France,False,FREE,VERY_LONG_RIGHT,92,114,0.8070175438596491,2,0.021739130434782608,0.5,0.7098765432098766,-0.004993070945820129,NO
WC2022,Hugo Lloris,France,False,PRESSURED,LONG_CENTRAL,5,11,0.45454545454545453,2,0.4,0.0,0.6028528528528528,-0.00980293781527493,CENTRAL_ZONE_PROXY_ONLY
WC2022,Hugo Lloris,France,False,PRESSURED,LONG_RIGHT,5,11,0.45454545454545453,1,0.2,0.0,0.5945945945945945,-0.0110319228670931,NO
WC2022,Hugo Lloris,France,False,PRESSURED,MEDIUM_LEFT,5,11,0.45454545454545453,2,0.4,1.0,0.6407755581668625,-0.005216549139414085,NO
WC2022,Hugo Lloris,France,True,FREE,LONG_CENTRAL,45,56,0.8035714285714286,2,0.044444444444444446,0.5,0.7336477987421384,-0.007454829037392261,CENTRAL_ZONE_PROXY_ONLY
WC2022,Hugo Lloris,France,True,FREE,LONG_LEFT,45,56,0.8035714285714286,7,0.15555555555555556,0.8571428571428571,0.6456552884772737,-0.009785006044748159,NO
WC2022,Hugo Lloris,France,True,FREE,LONG_RIGHT,45,56,0.8035714285714286,12,0.26666666666666666,0.5,0.7272284517025813,-0.008136719834828847,NO
WC2022,Hugo Lloris,France,True,FREE,MEDIUM_LEFT,45,56,0.8035714285714286,3,0.06666666666666667,1.0,0.7680993409366336,-0.008584523324712892,NO
WC2022,Hugo Lloris,France,True,FREE,MEDIUM_RIGHT,45,56,0.8035714285714286,3,0.06666666666666667,1.0,0.7905179615705932,-0.0054832256959657134,NO
WC2022,Hugo Lloris,France,True,FREE,SHORT_CENTRAL,45,56,0.8035714285714286,5,0.1111111111111111,1.0,0.7357841733486064,-0.008749791621650843,CENTRAL_ZONE_PROXY_ONLY
WC2022,Hugo Lloris,France,True,FREE,SHORT_LEFT,45,56,0.8035714285714286,3,0.06666666666666667,1.0,0.7748666888597059,-0.005908304182241951,NO
WC2022,Hugo Lloris,France,True,FREE,SHORT_RIGHT,45,56,0.8035714285714286,4,0.08888888888888889,1.0,0.6939030729047007,-0.009530330836350229,NO
WC2022,Hugo Lloris,France,True,FREE,VERY_LONG_LEFT,45,56,0.8035714285714286,1,0.022222222222222223,1.0,0.6597222222222221,-0.007945695372412905,NO
WC2022,Hugo Lloris,France,True,FREE,VERY_LONG_RIGHT,45,56,0.8035714285714286,5,0.1111111111111111,0.2,0.7402446499847615,-0.008249127261516125,NO
WC2022,Jordan Pickford,England,False,FREE,LONG_CENTRAL,104,110,0.9454545454545454,2,0.019230769230769232,0.0,0.7824573225516622,-0.005054719997098573,CENTRAL_ZONE_PROXY_ONLY
WC2022,Jordan Pickford,England,False,FREE,LONG_LEFT,104,110,0.9454545454545454,8,0.07692307692307693,0.5,0.7783723461734046,-0.0033722103307529177,NO
WC2022,Jordan Pickford,England,False,FREE,LONG_RIGHT,104,110,0.9454545454545454,5,0.04807692307692308,1.0,0.8088788146837682,-0.0037338776378643907,NO
WC2022,Jordan Pickford,England,False,FREE,MEDIUM_CENTRAL,104,110,0.9454545454545454,2,0.019230769230769232,1.0,0.890625,-0.001898140687605803,CENTRAL_ZONE_PROXY_ONLY
WC2022,Jordan Pickford,England,False,FREE,MEDIUM_LEFT,104,110,0.9454545454545454,5,0.04807692307692308,1.0,0.8739921319404091,-0.0007332121075539425,NO
WC2022,Jordan Pickford,England,False,FREE,MEDIUM_RIGHT,104,110,0.9454545454545454,2,0.019230769230769232,1.0,0.6886016451233843,-0.006249172745829766,NO
WC2022,Jordan Pickford,England,False,FREE,SHORT_CENTRAL,104,110,0.9454545454545454,35,0.33653846153846156,1.0,0.8646474515869873,-0.0020819545377005646,CENTRAL_ZONE_PROXY_ONLY
WC2022,Jordan Pickford,England,False,FREE,SHORT_LEFT,104,110,0.9454545454545454,17,0.16346153846153846,1.0,0.7714958962505323,-0.0038382468917976024,NO
WC2022,Jordan Pickford,England,False,FREE,SHORT_RIGHT,104,110,0.9454545454545454,21,0.20192307692307693,1.0,0.7745071556402553,-0.004304364950653825,NO
WC2022,Jordan Pickford,England,False,FREE,VERY_LONG_CENTRAL,104,110,0.9454545454545454,1,0.009615384615384616,0.0,0.7976190476190477,-0.001826925688407074,CENTRAL_ZONE_PROXY_ONLY
WC2022,Jordan Pickford,England,False,FREE,VERY_LONG_LEFT,104,110,0.9454545454545454,3,0.028846153846153848,0.6666666666666666,0.7761203560169415,-0.004283340788057981,NO
WC2022,Jordan Pickford,England,False,FREE,VERY_LONG_RIGHT,104,110,0.9454545454545454,3,0.028846153846153848,0.0,0.790959324499317,-0.00239131522110914,NO
WC2022,Jordan Pickford,England,False,PRESSURED,LONG_CENTRAL,13,15,0.8666666666666667,1,0.07692307692307693,0.0,0.5945945945945945,-0.0024335256973478502,CENTRAL_ZONE_PROXY_ONLY
WC2022,Jordan Pickford,England,False,PRESSURED,LONG_LEFT,13,15,0.8666666666666667,3,0.23076923076923078,0.6666666666666666,0.7064299165994082,-0.003548498031908874,NO
WC2022,Jordan Pickford,England,False,PRESSURED,LONG_RIGHT,13,15,0.8666666666666667,3,0.23076923076923078,0.6666666666666666,0.6616747181964574,-0.007363212420553718,NO
WC2022,Jordan Pickford,England,False,PRESSURED,MEDIUM_LEFT,13,15,0.8666666666666667,1,0.07692307692307693,1.0,0.5100794769660177,-0.008717451052629756,NO
WC2022,Jordan Pickford,England,False,PRESSURED,MEDIUM_RIGHT,13,15,0.8666666666666667,1,0.07692307692307693,1.0,0.6111111111111112,-0.004248437247054854,NO
WC2022,Jordan Pickford,England,False,PRESSURED,SHORT_CENTRAL,13,15,0.8666666666666667,1,0.07692307692307693,1.0,0.5945945945945945,-0.009854918099358371,CENTRAL_ZONE_PROXY_ONLY
WC2022,Jordan Pickford,England,False,PRESSURED,SHORT_LEFT,13,15,0.8666666666666667,2,0.15384615384615385,1.0,0.6028528528528528,-0.0056847895929098505,NO
WC2022,Jordan Pickford,England,False,PRESSURED,VERY_LONG_LEFT,13,15,0.8666666666666667,1,0.07692307692307693,0.0,0.6228467428960407,-0.00374023342473549,NO
WC2022,Jordan Pickford,England,True,FREE,MEDIUM_LEFT,35,36,0.9722222222222222,2,0.05714285714285714,1.0,0.7271260596117036,-0.007823687795711727,NO
WC2022,Jordan Pickford,England,True,FREE,SHORT_CENTRAL,35,36,0.9722222222222222,6,0.17142857142857143,1.0,0.7278075854402227,-0.008455988828077066,CENTRAL_ZONE_PROXY_ONLY
WC2022,Jordan Pickford,England,True,FREE,SHORT_LEFT,35,36,0.9722222222222222,5,0.14285714285714285,1.0,0.6965980671313243,-0.010147147708605463,NO
WC2022,Jordan Pickford,England,True,FREE,SHORT_RIGHT,35,36,0.9722222222222222,6,0.17142857142857143,1.0,0.7212949116260979,-0.00738523369071635,NO
WC2022,Jordan Pickford,England,True,FREE,VERY_LONG_CENTRAL,35,36,0.9722222222222222,4,0.11428571428571428,0.5,0.7150493845816803,-0.0072835820555461565,CENTRAL_ZONE_PROXY_ONLY
WC2022,Jordan Pickford,England,True,FREE,VERY_LONG_RIGHT,35,36,0.9722222222222222,12,0.34285714285714286,0.6666666666666666,0.7315346066247782,-0.007583122988780561,NO
WC2022,Kasper Schmeichel,Denmark,False,FREE,LONG_CENTRAL,63,65,0.9692307692307692,4,0.06349206349206349,0.5,0.7957322300469918,-0.0008940345798826927,CENTRAL_ZONE_PROXY_ONLY
WC2022,Kasper Schmeichel,Denmark,False,FREE,LONG_LEFT,63,65,0.9692307692307692,2,0.031746031746031744,1.0,0.8613497963612213,-0.00314247102219805,NO
WC2022,Kasper Schmeichel,Denmark,False,FREE,LONG_RIGHT,63,65,0.9692307692307692,3,0.047619047619047616,0.6666666666666666,0.5782905982905983,-0.008569598955047122,NO
WC2022,Kasper Schmeichel,Denmark,False,FREE,MEDIUM_CENTRAL,63,65,0.9692307692307692,2,0.031746031746031744,1.0,0.771210813920046,-0.003361875826952407,CENTRAL_ZONE_PROXY_ONLY
WC2022,Kasper Schmeichel,Denmark,False,FREE,MEDIUM_LEFT,63,65,0.9692307692307692,1,0.015873015873015872,1.0,0.5,-0.007643655625618861,NO
WC2022,Kasper Schmeichel,Denmark,False,FREE,MEDIUM_RIGHT,63,65,0.9692307692307692,9,0.14285714285714285,1.0,0.7374394368192818,-0.008005280010503369,NO
WC2022,Kasper Schmeichel,Denmark,False,FREE,SHORT_CENTRAL,63,65,0.9692307692307692,20,0.31746031746031744,1.0,0.8932370551515344,-0.0015382965246460022,CENTRAL_ZONE_PROXY_ONLY
WC2022,Kasper Schmeichel,Denmark,False,FREE,SHORT_LEFT,63,65,0.9692307692307692,9,0.14285714285714285,1.0,0.8606727108688534,-0.002957773344546366,NO
WC2022,Kasper Schmeichel,Denmark,False,FREE,SHORT_RIGHT,63,65,0.9692307692307692,8,0.12698412698412698,1.0,0.8483261725742928,-0.0026874638704510482,NO
WC2022,Kasper Schmeichel,Denmark,False,FREE,VERY_LONG_CENTRAL,63,65,0.9692307692307692,2,0.031746031746031744,0.5,0.7774502579218865,-0.006737061173293726,CENTRAL_ZONE_PROXY_ONLY
WC2022,Kasper Schmeichel,Denmark,False,FREE,VERY_LONG_LEFT,63,65,0.9692307692307692,1,0.015873015873015872,0.0,0.8304093567251462,-0.001709354628437981,NO
WC2022,Kasper Schmeichel,Denmark,False,FREE,VERY_LONG_RIGHT,63,65,0.9692307692307692,2,0.031746031746031744,0.0,0.6630434782608696,-0.005946447211800815,NO
WC2022,Kasper Schmeichel,Denmark,False,PRESSURED,LONG_RIGHT,4,6,0.6666666666666666,1,0.25,1.0,0.6111111111111112,-0.013445152762081972,NO
WC2022,Kasper Schmeichel,Denmark,False,PRESSURED,MEDIUM_RIGHT,4,6,0.6666666666666666,1,0.25,1.0,0.6111111111111112,-0.006273865547712386,NO
WC2022,Kasper Schmeichel,Denmark,False,PRESSURED,SHORT_CENTRAL,4,6,0.6666666666666666,1,0.25,1.0,0.6111111111111112,-0.013445152762081972,CENTRAL_ZONE_PROXY_ONLY
WC2022,Kasper Schmeichel,Denmark,False,PRESSURED,SHORT_RIGHT,4,6,0.6666666666666666,1,0.25,1.0,0.6111111111111112,-0.01331907063496674,NO
WC2022,Kasper Schmeichel,Denmark,True,FREE,MEDIUM_LEFT,12,16,0.75,2,0.16666666666666666,1.0,0.6825431989366415,-0.010424683117147327,NO
WC2022,Kasper Schmeichel,Denmark,True,FREE,SHORT_CENTRAL,12,16,0.75,6,0.5,1.0,0.7563560882810503,-0.008282776149065764,CENTRAL_ZONE_PROXY_ONLY
WC2022,Kasper Schmeichel,Denmark,True,FREE,SHORT_LEFT,12,16,0.75,1,0.08333333333333333,1.0,0.7435897435897436,-0.007319172039273664,NO
WC2022,Kasper Schmeichel,Denmark,True,FREE,SHORT_RIGHT,12,16,0.75,2,0.16666666666666666,1.0,0.7362016514558887,-0.008600707027222534,NO
WC2022,Kasper Schmeichel,Denmark,True,FREE,VERY_LONG_CENTRAL,12,16,0.75,1,0.08333333333333333,1.0,0.7288135593220338,-0.008995520703481431,CENTRAL_ZONE_PROXY_ONLY
WC2022,Keylor Navas Gamboa,Costa Rica,False,FREE,LONG_CENTRAL,44,58,0.7586206896551724,3,0.06818181818181818,0.0,0.7750101078307553,-0.005819631001404463,CENTRAL_ZONE_PROXY_ONLY
WC2022,Keylor Navas Gamboa,Costa Rica,False,FREE,LONG_LEFT,44,58,0.7586206896551724,1,0.022727272727272728,1.0,0.5945945945945945,-0.007844747684453566,NO
WC2022,Keylor Navas Gamboa,Costa Rica,False,FREE,LONG_RIGHT,44,58,0.7586206896551724,4,0.09090909090909091,0.5,0.7261274963688569,-0.0071888086633582855,NO
WC2022,Keylor Navas Gamboa,Costa Rica,False,FREE,MEDIUM_LEFT,44,58,0.7586206896551724,9,0.20454545454545456,1.0,0.9012227257368638,-0.002057263354702798,NO
WC2022,Keylor Navas Gamboa,Costa Rica,False,FREE,MEDIUM_RIGHT,44,58,0.7586206896551724,2,0.045454545454545456,1.0,1.0,-0.00040884996213736216,NO
WC2022,Keylor Navas Gamboa,Costa Rica,False,FREE,SHORT_CENTRAL,44,58,0.7586206896551724,5,0.11363636363636363,1.0,0.9438596491228071,0.00100053838577122,CENTRAL_ZONE_PROXY_ONLY
WC2022,Keylor Navas Gamboa,Costa Rica,False,FREE,SHORT_LEFT,44,58,0.7586206896551724,7,0.1590909090909091,1.0,0.861769141556157,-0.0032698967535904587,NO
WC2022,Keylor Navas Gamboa,Costa Rica,False,FREE,SHORT_RIGHT,44,58,0.7586206896551724,6,0.13636363636363635,1.0,0.9072379015170777,-0.0016126141179441968,NO
WC2022,Keylor Navas Gamboa,Costa Rica,False,FREE,VERY_LONG_CENTRAL,44,58,0.7586206896551724,2,0.045454545454545456,0.5,0.44,-0.014817903267987612,CENTRAL_ZONE_PROXY_ONLY
WC2022,Keylor Navas Gamboa,Costa Rica,False,FREE,VERY_LONG_LEFT,44,58,0.7586206896551724,4,0.09090909090909091,0.5,0.6144178794178794,-0.0050083452972797555,NO
WC2022,Keylor Navas Gamboa,Costa Rica,False,FREE,VERY_LONG_RIGHT,44,58,0.7586206896551724,1,0.022727272727272728,0.0,0.7288135593220338,-0.012341596138935228,NO
WC2022,Keylor Navas Gamboa,Costa Rica,False,PRESSURED,LONG_CENTRAL,6,11,0.5454545454545454,1,0.16666666666666666,0.0,0.6111111111111112,-0.013445152762081972,CENTRAL_ZONE_PROXY_ONLY
WC2022,Keylor Navas Gamboa,Costa Rica,False,PRESSURED,LONG_RIGHT,6,11,0.5454545454545454,1,0.16666666666666666,1.0,0.7,-0.011198927039643956,NO
WC2022,Keylor Navas Gamboa,Costa Rica,False,PRESSURED,MEDIUM_LEFT,6,11,0.5454545454545454,1,0.16666666666666666,1.0,0.6952380952380952,-0.0014258086404765015,NO
WC2022,Keylor Navas Gamboa,Costa Rica,False,PRESSURED,MEDIUM_RIGHT,6,11,0.5454545454545454,1,0.16666666666666666,1.0,0.7560137457044673,-0.006974242568332354,NO
WC2022,Keylor Navas Gamboa,Costa Rica,False,PRESSURED,SHORT_LEFT,6,11,0.5454545454545454,1,0.16666666666666666,1.0,0.6952380952380952,-0.0044766548265604365,NO
WC2022,Keylor Navas Gamboa,Costa Rica,False,PRESSURED,SHORT_RIGHT,6,11,0.5454545454545454,1,0.16666666666666666,1.0,0.5945945945945945,-0.013660300736824945,NO
WC2022,Keylor Navas Gamboa,Costa Rica,True,FREE,LONG_CENTRAL,22,32,0.6875,2,0.09090909090909091,1.0,0.7988095238095239,-0.007246161002700129,CENTRAL_ZONE_PROXY_ONLY
WC2022,Keylor Navas Gamboa,Costa Rica,True,FREE,LONG_LEFT,22,32,0.6875,8,0.36363636363636365,0.75,0.7411668310659446,-0.008590879784360315,NO
WC2022,Keylor Navas Gamboa,Costa Rica,True,FREE,MEDIUM_LEFT,22,32,0.6875,1,0.045454545454545456,1.0,0.7704918032786885,-0.007832897134815555,NO
WC2022,Keylor Navas Gamboa,Costa Rica,True,FREE,SHORT_CENTRAL,22,32,0.6875,3,0.13636363636363635,1.0,0.8085491506544139,-0.005904083075074374,CENTRAL_ZONE_PROXY_ONLY
WC2022,Keylor Navas Gamboa,Costa Rica,True,FREE,SHORT_LEFT,22,32,0.6875,2,0.09090909090909091,1.0,0.7859649122807018,-0.007439720206574876,NO
WC2022,Keylor Navas Gamboa,Costa Rica,True,FREE,SHORT_RIGHT,22,32,0.6875,2,0.09090909090909091,1.0,0.817325857730566,-0.006344031776423323,NO
WC2022,Keylor Navas Gamboa,Costa Rica,True,FREE,VERY_LONG_CENTRAL,22,32,0.6875,1,0.045454545454545456,0.0,0.7073170731707317,-0.008109343285154669,CENTRAL_ZONE_PROXY_ONLY
WC2022,Keylor Navas Gamboa,Costa Rica,True,FREE,VERY_LONG_LEFT,22,32,0.6875,3,0.13636363636363635,0.6666666666666666,0.7314988534500729,-0.007582562454567332,NO
WC2022,Lawrence Ati-Zigi,Ghana,False,FREE,LONG_CENTRAL,39,42,0.9285714285714286,6,0.15384615384615385,0.16666666666666666,0.7124930381509329,-0.0031676766511030273,CENTRAL_ZONE_PROXY_ONLY
WC2022,Lawrence Ati-Zigi,Ghana,False,FREE,LONG_LEFT,39,42,0.9285714285714286,3,0.07692307692307693,0.6666666666666666,0.8303959246582199,-0.00045666488934066173,NO
WC2022,Lawrence Ati-Zigi,Ghana,False,FREE,LONG_RIGHT,39,42,0.9285714285714286,8,0.20512820512820512,0.5,0.7637805204789041,-0.005055431370164194,NO
WC2022,Lawrence Ati-Zigi,Ghana,False,FREE,MEDIUM_LEFT,39,42,0.9285714285714286,2,0.05128205128205128,1.0,0.9152046783625731,-0.0008163688367395455,NO
WC2022,Lawrence Ati-Zigi,Ghana,False,FREE,MEDIUM_RIGHT,39,42,0.9285714285714286,1,0.02564102564102564,1.0,0.9230769230769231,-0.0008369785342259629,NO
WC2022,Lawrence Ati-Zigi,Ghana,False,FREE,SHORT_CENTRAL,39,42,0.9285714285714286,6,0.15384615384615385,1.0,0.8760094681147313,-0.004306219605440835,CENTRAL_ZONE_PROXY_ONLY
WC2022,Lawrence Ati-Zigi,Ghana,False,FREE,SHORT_LEFT,39,42,0.9285714285714286,8,0.20512820512820512,1.0,0.9227580424087287,0.0006069745674369631,NO
WC2022,Lawrence Ati-Zigi,Ghana,False,FREE,SHORT_RIGHT,39,42,0.9285714285714286,3,0.07692307692307693,1.0,0.8669670533346115,-0.0021691556700277627,NO
WC2022,Lawrence Ati-Zigi,Ghana,False,FREE,VERY_LONG_LEFT,39,42,0.9285714285714286,2,0.05128205128205128,0.5,0.6036585365853658,-0.0057926371266079045,NO
WC2022,Lawrence Ati-Zigi,Ghana,False,PRESSURED,LONG_CENTRAL,2,3,0.6666666666666666,1,0.5,0.0,0.6952380952380952,-0.010133193265570401,CENTRAL_ZONE_PROXY_ONLY
WC2022,Lawrence Ati-Zigi,Ghana,False,PRESSURED,SHORT_CENTRAL,2,3,0.6666666666666666,1,0.5,1.0,0.6296296296296297,-0.006729385632665478,CENTRAL_ZONE_PROXY_ONLY
WC2022,Lawrence Ati-Zigi,Ghana,True,FREE,LONG_CENTRAL,29,31,0.9354838709677419,1,0.034482758620689655,0.0,0.6952380952380952,-0.01054311958399192,CENTRAL_ZONE_PROXY_ONLY
WC2022,Lawrence Ati-Zigi,Ghana,True,FREE,LONG_LEFT,29,31,0.9354838709677419,5,0.1724137931034483,0.2,0.7216363779924974,-0.008637423057497703,NO
WC2022,Lawrence Ati-Zigi,Ghana,True,FREE,SHORT_CENTRAL,29,31,0.9354838709677419,9,0.3103448275862069,1.0,0.758487380151653,-0.007444923149974186,CENTRAL_ZONE_PROXY_ONLY
WC2022,Lawrence Ati-Zigi,Ghana,True,FREE,SHORT_LEFT,29,31,0.9354838709677419,3,0.10344827586206896,1.0,0.7705668648291599,-0.00741180914454689,NO
WC2022,Lawrence Ati-Zigi,Ghana,True,FREE,SHORT_RIGHT,29,31,0.9354838709677419,8,0.27586206896551724,1.0,0.7984216393827378,-0.006275242080472546,NO
WC2022,Lawrence Ati-Zigi,Ghana,True,FREE,VERY_LONG_LEFT,29,31,0.9354838709677419,2,0.06896551724137931,0.0,0.6684733514001806,-0.009082737194916387,NO
WC2022,Lawrence Ati-Zigi,Ghana,True,FREE,VERY_LONG_RIGHT,29,31,0.9354838709677419,1,0.034482758620689655,1.0,0.6111111111111112,-0.010519420464038812,NO
WC2022,Manuel Neuer,Germany,False,FREE,LONG_CENTRAL,99,102,0.9705882352941176,3,0.030303030303030304,0.3333333333333333,0.7965811965811965,-0.003899040801664361,CENTRAL_ZONE_PROXY_ONLY
WC2022,Manuel Neuer,Germany,False,FREE,LONG_LEFT,99,102,0.9705882352941176,3,0.030303030303030304,1.0,0.8373424971363116,-0.0012072143497711136,NO
WC2022,Manuel Neuer,Germany,False,FREE,LONG_RIGHT,99,102,0.9705882352941176,3,0.030303030303030304,0.6666666666666666,0.8502951801920874,-0.001955930207012082,NO
WC2022,Manuel Neuer,Germany,False,FREE,MEDIUM_CENTRAL,99,102,0.9705882352941176,3,0.030303030303030304,1.0,0.8503684424737056,-0.0010578219667254456,CENTRAL_ZONE_PROXY_ONLY
WC2022,Manuel Neuer,Germany,False,FREE,MEDIUM_LEFT,99,102,0.9705882352941176,19,0.1919191919191919,1.0,0.838161618528884,-0.004439985007052528,NO
WC2022,Manuel Neuer,Germany,False,FREE,MEDIUM_RIGHT,99,102,0.9705882352941176,8,0.08080808080808081,0.875,0.8138788178804457,-0.003355429382800741,NO
WC2022,Manuel Neuer,Germany,False,FREE,SHORT_CENTRAL,99,102,0.9705882352941176,21,0.21212121212121213,1.0,0.8593105767704636,-0.003668558868412844,CENTRAL_ZONE_PROXY_ONLY
WC2022,Manuel Neuer,Germany,False,FREE,SHORT_LEFT,99,102,0.9705882352941176,20,0.20202020202020202,1.0,0.8544176172406299,-0.0019995063024500523,NO
WC2022,Manuel Neuer,Germany,False,FREE,SHORT_RIGHT,99,102,0.9705882352941176,19,0.1919191919191919,1.0,0.8501592916365931,-0.0027215622582269566,NO
WC2022,Manuel Neuer,Germany,False,PRESSURED,LONG_CENTRAL,6,8,0.75,1,0.16666666666666666,1.0,0.5945945945945945,-0.013660300736824945,CENTRAL_ZONE_PROXY_ONLY
WC2022,Manuel Neuer,Germany,False,PRESSURED,LONG_LEFT,6,8,0.75,1,0.16666666666666666,1.0,0.6111111111111112,-0.003495083148872622,NO
WC2022,Manuel Neuer,Germany,False,PRESSURED,LONG_RIGHT,6,8,0.75,1,0.16666666666666666,1.0,0.6111111111111112,-0.003998871962486437,NO
WC2022,Manuel Neuer,Germany,False,PRESSURED,MEDIUM_RIGHT,6,8,0.75,2,0.3333333333333333,1.0,0.6111111111111112,-0.009494774720923001,NO
WC2022,Manuel Neuer,Germany,False,PRESSURED,SHORT_CENTRAL,6,8,0.75,1,0.16666666666666666,1.0,0.5588335049652687,-0.007413412783895166,CENTRAL_ZONE_PROXY_ONLY
WC2022,Manuel Neuer,Germany,True,FREE,LONG_RIGHT,13,13,1.0,1,0.07692307692307693,1.0,0.7976190476190477,-0.0061421866674841626,NO
WC2022,Manuel Neuer,Germany,True,FREE,MEDIUM_CENTRAL,13,13,1.0,1,0.07692307692307693,1.0,0.7073170731707317,-0.008109343285154669,CENTRAL_ZONE_PROXY_ONLY
WC2022,Manuel Neuer,Germany,True,FREE,MEDIUM_RIGHT,13,13,1.0,1,0.07692307692307693,1.0,0.7073170731707317,-0.008363771999515345,NO
WC2022,Manuel Neuer,Germany,True,FREE,SHORT_CENTRAL,13,13,1.0,3,0.23076923076923078,1.0,0.7224520198418358,-0.0077218895944433956,CENTRAL_ZONE_PROXY_ONLY
WC2022,Manuel Neuer,Germany,True,FREE,SHORT_LEFT,13,13,1.0,5,0.38461538461538464,1.0,0.7340502762680282,-0.008475356337151525,NO
WC2022,Manuel Neuer,Germany,True,FREE,SHORT_RIGHT,13,13,1.0,2,0.15384615384615385,1.0,0.6753041701495309,-0.011381548674803501,NO
WC2022,Mathew Ryan,Australia,False,FREE,LONG_CENTRAL,94,105,0.8952380952380953,4,0.0425531914893617,0.75,0.74528452685422,-0.003540078191257388,CENTRAL_ZONE_PROXY_ONLY
WC2022,Mathew Ryan,Australia,False,FREE,LONG_LEFT,94,105,0.8952380952380953,8,0.0851063829787234,0.75,0.6953513766299808,-0.005064073126185292,NO
WC2022,Mathew Ryan,Australia,False,FREE,LONG_RIGHT,94,105,0.8952380952380953,18,0.19148936170212766,0.6666666666666666,0.7911440960652638,-0.0036225863981418933,NO
WC2022,Mathew Ryan,Australia,False,FREE,MEDIUM_CENTRAL,94,105,0.8952380952380953,1,0.010638297872340425,1.0,0.7763157894736842,-0.00759875161816439,CENTRAL_ZONE_PROXY_ONLY
WC2022,Mathew Ryan,Australia,False,FREE,MEDIUM_LEFT,94,105,0.8952380952380953,8,0.0851063829787234,1.0,0.9347019304113126,-0.0002836108306591579,NO
WC2022,Mathew Ryan,Australia,False,FREE,MEDIUM_RIGHT,94,105,0.8952380952380953,6,0.06382978723404255,1.0,0.8768908639984603,-0.003353828484481991,NO
WC2022,Mathew Ryan,Australia,False,FREE,SHORT_CENTRAL,94,105,0.8952380952380953,17,0.18085106382978725,1.0,0.8547951950832555,-0.0027383929407956732,CENTRAL_ZONE_PROXY_ONLY
WC2022,Mathew Ryan,Australia,False,FREE,SHORT_LEFT,94,105,0.8952380952380953,12,0.1276595744680851,1.0,0.8199587588970605,-0.003771831213747731,NO
WC2022,Mathew Ryan,Australia,False,FREE,SHORT_RIGHT,94,105,0.8952380952380953,11,0.11702127659574468,1.0,0.8465757748246314,-0.003955397334097833,NO
WC2022,Mathew Ryan,Australia,False,FREE,VERY_LONG_LEFT,94,105,0.8952380952380953,3,0.031914893617021274,0.6666666666666666,0.6999484004127967,-0.0038021831658972207,NO
WC2022,Mathew Ryan,Australia,False,FREE,VERY_LONG_RIGHT,94,105,0.8952380952380953,6,0.06382978723404255,0.5,0.7013040003047452,-0.005944229129111349,NO
WC2022,Mathew Ryan,Australia,False,PRESSURED,LONG_LEFT,17,20,0.85,3,0.17647058823529413,0.3333333333333333,0.7360201523513896,-0.003677921252097306,NO
WC2022,Mathew Ryan,Australia,False,PRESSURED,LONG_RIGHT,17,20,0.85,5,0.29411764705882354,1.0,0.6300758426420392,-0.010885791601661523,NO
WC2022,Mathew Ryan,Australia,False,PRESSURED,MEDIUM_LEFT,17,20,0.85,1,0.058823529411764705,0.0,0.6869565217391305,-0.002067461246783177,NO
WC2022,Mathew Ryan,Australia,False,PRESSURED,MEDIUM_RIGHT,17,20,0.85,2,0.11764705882352941,0.5,0.6531746031746032,-0.005745871144743561,NO
WC2022,Mathew Ryan,Australia,False,PRESSURED,SHORT_CENTRAL,17,20,0.85,2,0.11764705882352941,1.0,0.6111111111111112,-0.013445152762081972,CENTRAL_ZONE_PROXY_ONLY
WC2022,Mathew Ryan,Australia,False,PRESSURED,SHORT_RIGHT,17,20,0.85,4,0.23529411764705882,1.0,0.70363196125908,-0.004849442386580256,NO
WC2022,Mathew Ryan,Australia,True,FREE,LONG_LEFT,34,37,0.918918918918919,3,0.08823529411764706,1.0,0.7517487220877052,-0.008480988392486994,NO
WC2022,Mathew Ryan,Australia,True,FREE,LONG_RIGHT,34,37,0.918918918918919,4,0.11764705882352941,0.75,0.7503119443908918,-0.007355948986602983,NO
WC2022,Mathew Ryan,Australia,True,FREE,MEDIUM_LEFT,34,37,0.918918918918919,2,0.058823529411764705,1.0,0.771210813920046,-0.008167499594456156,NO
WC2022,Mathew Ryan,Australia,True,FREE,MEDIUM_RIGHT,34,37,0.918918918918919,2,0.058823529411764705,1.0,0.7624198717948718,-0.0071291056576158465,NO
WC2022,Mathew Ryan,Australia,True,FREE,SHORT_CENTRAL,34,37,0.918918918918919,4,0.11764705882352941,1.0,0.7753563596491226,-0.007195336247307218,CENTRAL_ZONE_PROXY_ONLY
WC2022,Mathew Ryan,Australia,True,FREE,SHORT_LEFT,34,37,0.918918918918919,4,0.11764705882352941,1.0,0.7739953697803832,-0.007659242122874454,NO
WC2022,Mathew Ryan,Australia,True,FREE,SHORT_RIGHT,34,37,0.918918918918919,4,0.11764705882352941,1.0,0.7821605312326416,-0.006964377822992582,NO
WC2022,Mathew Ryan,Australia,True,FREE,VERY_LONG_CENTRAL,34,37,0.918918918918919,1,0.029411764705882353,0.0,0.7288135593220338,-0.009650389254988411,CENTRAL_ZONE_PROXY_ONLY
WC2022,Mathew Ryan,Australia,True,FREE,VERY_LONG_LEFT,34,37,0.918918918918919,1,0.029411764705882353,1.0,0.6111111111111112,-0.010205113572362041,NO
WC2022,Mathew Ryan,Australia,True,FREE,VERY_LONG_RIGHT,34,37,0.918918918918919,9,0.2647058823529412,0.4444444444444444,0.7553644745008999,-0.007122172021965792,NO
WC2022,Matthew Charles Turner,United States,False,FREE,LONG_CENTRAL,93,97,0.9587628865979382,5,0.053763440860215055,0.2,0.7080595621401852,-0.004776054634508175,CENTRAL_ZONE_PROXY_ONLY
WC2022,Matthew Charles Turner,United States,False,FREE,LONG_LEFT,93,97,0.9587628865979382,5,0.053763440860215055,0.6,0.7226397844417516,-0.006220216662680472,NO
WC2022,Matthew Charles Turner,United States,False,FREE,LONG_RIGHT,93,97,0.9587628865979382,5,0.053763440860215055,0.8,0.7337599786918894,-0.006135658772641278,NO
WC2022,Matthew Charles Turner,United States,False,FREE,MEDIUM_CENTRAL,93,97,0.9587628865979382,2,0.021505376344086023,0.5,0.888157894736842,-0.0014070279417494648,CENTRAL_ZONE_PROXY_ONLY
WC2022,Matthew Charles Turner,United States,False,FREE,MEDIUM_LEFT,93,97,0.9587628865979382,4,0.043010752688172046,1.0,0.9287993547934639,-0.0006742849924767121,NO
WC2022,Matthew Charles Turner,United States,False,FREE,MEDIUM_RIGHT,93,97,0.9587628865979382,7,0.07526881720430108,1.0,0.8704692969718545,-0.0017190492559304726,NO
WC2022,Matthew Charles Turner,United States,False,FREE,SHORT_CENTRAL,93,97,0.9587628865979382,31,0.3333333333333333,1.0,0.8673966990115153,-0.002485226394674171,CENTRAL_ZONE_PROXY_ONLY
WC2022,Matthew Charles Turner,United States,False,FREE,SHORT_LEFT,93,97,0.9587628865979382,21,0.22580645161290322,1.0,0.8352615685817978,-0.002456246108623099,NO
WC2022,Matthew Charles Turner,United States,False,FREE,SHORT_RIGHT,93,97,0.9587628865979382,8,0.08602150537634409,1.0,0.7908665945514759,-0.004621844581474314,NO
WC2022,Matthew Charles Turner,United States,False,FREE,VERY_LONG_LEFT,93,97,0.9587628865979382,3,0.03225806451612903,1.0,0.5876195888983613,-0.007843952831368925,NO
WC2022,Matthew Charles Turner,United States,False,FREE,VERY_LONG_RIGHT,93,97,0.9587628865979382,2,0.021505376344086023,0.5,0.7797830644426215,-0.005832259892908698,NO
WC2022,Matthew Charles Turner,United States,False,PRESSURED,LONG_RIGHT,7,8,0.875,2,0.2857142857142857,1.0,0.6271584084084083,-0.004718557331560186,NO
WC2022,Matthew Charles Turner,United States,False,PRESSURED,MEDIUM_CENTRAL,7,8,0.875,1,0.14285714285714285,1.0,0.6597222222222221,-0.0026478825547809667,CENTRAL_ZONE_PROXY_ONLY
WC2022,Matthew Charles Turner,United States,False,PRESSURED,SHORT_CENTRAL,7,8,0.875,1,0.14285714285714285,1.0,0.5945945945945945,-0.0045268304953238634,CENTRAL_ZONE_PROXY_ONLY
WC2022,Matthew Charles Turner,United States,False,PRESSURED,SHORT_LEFT,7,8,0.875,2,0.2857142857142857,1.0,0.6407755581668625,-0.005394701894523058,NO
WC2022,Matthew Charles Turner,United States,False,PRESSURED,SHORT_RIGHT,7,8,0.875,1,0.14285714285714285,1.0,0.6111111111111112,-0.015396522635704868,NO
WC2022,Matthew Charles Turner,United States,True,FREE,LONG_CENTRAL,16,20,0.8,2,0.125,0.0,0.7661647675890757,-0.006099373724696764,CENTRAL_ZONE_PROXY_ONLY
WC2022,Matthew Charles Turner,United States,True,FREE,MEDIUM_RIGHT,16,20,0.8,1,0.0625,1.0,0.7976190476190477,-0.0061421866674841626,NO
WC2022,Matthew Charles Turner,United States,True,FREE,SHORT_CENTRAL,16,20,0.8,2,0.125,1.0,0.6271584084084083,-0.012452286072547038,CENTRAL_ZONE_PROXY_ONLY
WC2022,Matthew Charles Turner,United States,True,FREE,SHORT_LEFT,16,20,0.8,1,0.0625,1.0,0.7922705314009661,-0.0052874829589820834,NO
WC2022,Matthew Charles Turner,United States,True,FREE,SHORT_RIGHT,16,20,0.8,4,0.25,1.0,0.7483003862079949,-0.00760408472135662,NO
WC2022,Matthew Charles Turner,United States,True,FREE,VERY_LONG_CENTRAL,16,20,0.8,1,0.0625,1.0,0.7560137457044673,-0.0082045924057614,CENTRAL_ZONE_PROXY_ONLY
WC2022,Matthew Charles Turner,United States,True,FREE,VERY_LONG_LEFT,16,20,0.8,3,0.1875,0.3333333333333333,0.6688003220611916,-0.00982073426524987,NO
WC2022,Matthew Charles Turner,United States,True,FREE,VERY_LONG_RIGHT,16,20,0.8,2,0.125,0.5,0.7373063353275042,-0.0075485939503969505,NO
WC2022,Meshaal Aissa Barsham,Qatar,False,FREE,LONG_CENTRAL,38,39,0.9743589743589743,3,0.07894736842105263,0.3333333333333333,0.8480751274868922,-0.0010138035480720185,CENTRAL_ZONE_PROXY_ONLY
WC2022,Meshaal Aissa Barsham,Qatar,False,FREE,LONG_LEFT,38,39,0.9743589743589743,7,0.18421052631578946,0.2857142857142857,0.8058004132240233,-0.0031337234054171215,NO
WC2022,Meshaal Aissa Barsham,Qatar,False,FREE,LONG_RIGHT,38,39,0.9743589743589743,6,0.15789473684210525,0.3333333333333333,0.8208127549265319,-0.004790201054558778,NO
WC2022,Meshaal Aissa Barsham,Qatar,False,FREE,MEDIUM_CENTRAL,38,39,0.9743589743589743,2,0.05263157894736842,0.5,0.8700980392156863,-0.00458092579292643,CENTRAL_ZONE_PROXY_ONLY
WC2022,Meshaal Aissa Barsham,Qatar,False,FREE,MEDIUM_LEFT,38,39,0.9743589743589743,3,0.07894736842105263,0.6666666666666666,0.8579782790309105,-0.0015356459413949132,NO
WC2022,Meshaal Aissa Barsham,Qatar,False,FREE,MEDIUM_RIGHT,38,39,0.9743589743589743,1,0.02631578947368421,0.0,0.8125,-0.0008724425469043696,NO
WC2022,Meshaal Aissa Barsham,Qatar,False,FREE,SHORT_CENTRAL,38,39,0.9743589743589743,7,0.18421052631578946,1.0,0.8963981819142752,-0.0020087229873428504,CENTRAL_ZONE_PROXY_ONLY
WC2022,Meshaal Aissa Barsham,Qatar,False,FREE,SHORT_LEFT,38,39,0.9743589743589743,5,0.13157894736842105,1.0,0.89031156322178,-0.001733958982899132,NO
WC2022,Meshaal Aissa Barsham,Qatar,False,FREE,SHORT_RIGHT,38,39,0.9743589743589743,3,0.07894736842105263,1.0,0.8760094681147312,-0.0018399725396630647,NO
WC2022,Meshaal Aissa Barsham,Qatar,False,FREE,VERY_LONG_RIGHT,38,39,0.9743589743589743,1,0.02631578947368421,1.0,0.8125,-0.006147521132064434,NO
WC2022,Meshaal Aissa Barsham,Qatar,False,PRESSURED,LONG_LEFT,5,5,1.0,1,0.2,1.0,0.6869565217391305,-0.0051644532326365475,NO
WC2022,Meshaal Aissa Barsham,Qatar,False,PRESSURED,LONG_RIGHT,5,5,1.0,1,0.2,0.0,0.6869565217391305,-0.002837884311544204,NO
WC2022,Meshaal Aissa Barsham,Qatar,False,PRESSURED,MEDIUM_LEFT,5,5,1.0,1,0.2,1.0,0.6296296296296297,-0.004832775225520972,NO
WC2022,Meshaal Aissa Barsham,Qatar,False,PRESSURED,MEDIUM_RIGHT,5,5,1.0,1,0.2,1.0,0.6253185442464205,-0.013135459140736213,NO
WC2022,Meshaal Aissa Barsham,Qatar,False,PRESSURED,SHORT_LEFT,5,5,1.0,1,0.2,1.0,0.6869565217391305,-0.0034776381384447478,NO
WC2022,Meshaal Aissa Barsham,Qatar,True,FREE,LONG_LEFT,19,19,1.0,1,0.05263157894736842,1.0,0.8304093567251462,-0.005427875890254796,NO
WC2022,Meshaal Aissa Barsham,Qatar,True,FREE,LONG_RIGHT,19,19,1.0,1,0.05263157894736842,0.0,0.7672955974842768,-0.0067334159012785565,NO
WC2022,Meshaal Aissa Barsham,Qatar,True,FREE,SHORT_CENTRAL,19,19,1.0,14,0.7368421052631579,1.0,0.775442773997436,-0.005426546305086869,CENTRAL_ZONE_PROXY_ONLY
WC2022,Meshaal Aissa Barsham,Qatar,True,FREE,SHORT_LEFT,19,19,1.0,1,0.05263157894736842,1.0,0.7976190476190477,-0.0061421866674841626,NO
WC2022,Meshaal Aissa Barsham,Qatar,True,FREE,SHORT_RIGHT,19,19,1.0,2,0.10526315789473684,1.0,0.786967418546366,-0.006414501925036514,NO
WC2022,Milan Borjan,Canada,False,FREE,LONG_CENTRAL,73,75,0.9733333333333334,2,0.0273972602739726,0.0,0.7741421385527167,-0.005513751245939594,CENTRAL_ZONE_PROXY_ONLY
WC2022,Milan Borjan,Canada,False,FREE,LONG_LEFT,73,75,0.9733333333333334,10,0.136986301369863,0.7,0.8043508285385428,-0.003954657026883274,NO
WC2022,Milan Borjan,Canada,False,FREE,LONG_RIGHT,73,75,0.9733333333333334,6,0.0821917808219178,0.6666666666666666,0.826700819641205,-0.0030002590865411682,NO
WC2022,Milan Borjan,Canada,False,FREE,MEDIUM_CENTRAL,73,75,0.9733333333333334,2,0.0273972602739726,0.5,0.8780068728522337,-0.005983647045056511,CENTRAL_ZONE_PROXY_ONLY
WC2022,Milan Borjan,Canada,False,FREE,MEDIUM_LEFT,73,75,0.9733333333333334,8,0.1095890410958904,0.875,0.8331012953379605,-0.003002102660756219,NO
WC2022,Milan Borjan,Canada,False,FREE,MEDIUM_RIGHT,73,75,0.9733333333333334,7,0.0958904109589041,0.7142857142857143,0.8241024520815852,-0.005380162785791438,NO
WC2022,Milan Borjan,Canada,False,FREE,SHORT_CENTRAL,73,75,0.9733333333333334,12,0.1643835616438356,1.0,0.9070040319104192,-0.0007831144861861632,CENTRAL_ZONE_PROXY_ONLY
WC2022,Milan Borjan,Canada,False,FREE,SHORT_LEFT,73,75,0.9733333333333334,12,0.1643835616438356,1.0,0.8711807160449169,-0.0016234306273178404,NO
WC2022,Milan Borjan,Canada,False,FREE,SHORT_RIGHT,73,75,0.9733333333333334,13,0.1780821917808219,1.0,0.9104476144746994,-0.0016267207731445956,NO
WC2022,Milan Borjan,Canada,False,FREE,VERY_LONG_RIGHT,73,75,0.9733333333333334,1,0.0136986301369863,0.0,0.47058823529411764,-0.016892887680628802,NO
WC2022,Milan Borjan,Canada,False,PRESSURED,LONG_CENTRAL,5,6,0.8333333333333334,1,0.2,0.0,0.5945945945945945,-0.004660009751189026,CENTRAL_ZONE_PROXY_ONLY
WC2022,Milan Borjan,Canada,False,PRESSURED,LONG_LEFT,5,6,0.8333333333333334,2,0.4,0.5,0.6597222222222221,-0.004100430953128528,NO
WC2022,Milan Borjan,Canada,False,PRESSURED,LONG_RIGHT,5,6,0.8333333333333334,1,0.2,0.0,0.5945945945945945,-0.004660009751189026,NO
WC2022,Milan Borjan,Canada,False,PRESSURED,MEDIUM_LEFT,5,6,0.8333333333333334,1,0.2,1.0,0.6597222222222221,-0.0036848270789840492,NO
WC2022,Milan Borjan,Canada,True,FREE,LONG_LEFT,15,15,1.0,2,0.13333333333333333,0.5,0.7741421385527167,-0.008910054487654735,NO
WC2022,Milan Borjan,Canada,True,FREE,MEDIUM_LEFT,15,15,1.0,2,0.13333333333333333,1.0,0.7078679839633447,-0.01049019893583085,NO
WC2022,Milan Borjan,Canada,True,FREE,SHORT_CENTRAL,15,15,1.0,5,0.3333333333333333,1.0,0.7276866863178579,-0.00959735031546452,CENTRAL_ZONE_PROXY_ONLY
WC2022,Milan Borjan,Canada,True,FREE,SHORT_LEFT,15,15,1.0,2,0.13333333333333333,1.0,0.7639717851329354,-0.00799868781398693,NO
WC2022,Milan Borjan,Canada,True,FREE,SHORT_RIGHT,15,15,1.0,3,0.2,1.0,0.7480877616747182,-0.006141752318255131,NO
WC2022,Milan Borjan,Canada,True,FREE,VERY_LONG_LEFT,15,15,1.0,1,0.06666666666666667,1.0,0.7719298245614035,-0.007792783222212463,NO
WC2022,Mohammed Khalil Al Owais,Saudi Arabia,False,FREE,LONG_CENTRAL,53,64,0.828125,2,0.03773584905660377,1.0,0.8234649122807017,-0.0028755996141050875,CENTRAL_ZONE_PROXY_ONLY
WC2022,Mohammed Khalil Al Owais,Saudi Arabia,False,FREE,LONG_LEFT,53,64,0.828125,7,0.1320754716981132,0.8571428571428571,0.8514988290398126,-0.0005283778882017489,NO
WC2022,Mohammed Khalil Al Owais,Saudi Arabia,False,FREE,LONG_RIGHT,53,64,0.828125,6,0.11320754716981132,0.8333333333333334,0.8668478260869565,0.00017608332088792314,NO
WC2022,Mohammed Khalil Al Owais,Saudi Arabia,False,FREE,MEDIUM_LEFT,53,64,0.828125,3,0.05660377358490566,1.0,0.8122387511962215,-0.005940662852845869,NO
WC2022,Mohammed Khalil Al Owais,Saudi Arabia,False,FREE,MEDIUM_RIGHT,53,64,0.828125,4,0.07547169811320754,1.0,0.9565217391304348,0.0015334786187361244,NO
WC2022,Mohammed Khalil Al Owais,Saudi Arabia,False,FREE,SHORT_CENTRAL,53,64,0.828125,10,0.18867924528301888,1.0,0.9054538520213576,-0.0007914364497113866,CENTRAL_ZONE_PROXY_ONLY
WC2022,Mohammed Khalil Al Owais,Saudi Arabia,False,FREE,SHORT_LEFT,53,64,0.828125,6,0.11320754716981132,1.0,0.9710144927536232,0.00036959889900081293,NO
WC2022,Mohammed Khalil Al Owais,Saudi Arabia,False,FREE,SHORT_RIGHT,53,64,0.828125,5,0.09433962264150944,1.0,0.9030080889787666,-0.0004842587973874243,NO
WC2022,Mohammed Khalil Al Owais,Saudi Arabia,False,FREE,VERY_LONG_CENTRAL,53,64,0.828125,2,0.03773584905660377,0.0,0.7503716919417187,-0.0053039526853628375,CENTRAL_ZONE_PROXY_ONLY
WC2022,Mohammed Khalil Al Owais,Saudi Arabia,False,FREE,VERY_LONG_LEFT,53,64,0.828125,3,0.05660377358490566,0.6666666666666666,0.6973913043478261,-0.004233588731538265,NO
WC2022,Mohammed Khalil Al Owais,Saudi Arabia,False,FREE,VERY_LONG_RIGHT,53,64,0.828125,5,0.09433962264150944,0.4,0.7757906976744187,-0.0033817147284825044,NO
WC2022,Mohammed Khalil Al Owais,Saudi Arabia,False,PRESSURED,LONG_RIGHT,1,1,1.0,1,1.0,1.0,0.7288135593220338,-0.004446976173453805,NO
WC2022,Mohammed Khalil Al Owais,Saudi Arabia,True,FREE,LONG_LEFT,24,29,0.8275862068965517,1,0.041666666666666664,0.0,0.7704918032786885,-0.008542215966699851,NO
WC2022,Mohammed Khalil Al Owais,Saudi Arabia,True,FREE,LONG_RIGHT,24,29,0.8275862068965517,6,0.25,0.8333333333333334,0.7895000988245836,-0.007214384604591911,NO
WC2022,Mohammed Khalil Al Owais,Saudi Arabia,True,FREE,SHORT_CENTRAL,24,29,0.8275862068965517,1,0.041666666666666664,1.0,0.782608695652174,-0.008220042688974218,CENTRAL_ZONE_PROXY_ONLY
WC2022,Mohammed Khalil Al Owais,Saudi Arabia,True,FREE,SHORT_LEFT,24,29,0.8275862068965517,3,0.125,1.0,0.743185647735157,-0.008831674051647996,NO
WC2022,Mohammed Khalil Al Owais,Saudi Arabia,True,FREE,SHORT_RIGHT,24,29,0.8275862068965517,4,0.16666666666666666,1.0,0.8056664290805418,-0.0071005217200676984,NO
WC2022,Mohammed Khalil Al Owais,Saudi Arabia,True,FREE,VERY_LONG_CENTRAL,24,29,0.8275862068965517,1,0.041666666666666664,0.0,0.8260869565217391,-0.005833391755748566,CENTRAL_ZONE_PROXY_ONLY
WC2022,Mohammed Khalil Al Owais,Saudi Arabia,True,FREE,VERY_LONG_LEFT,24,29,0.8275862068965517,1,0.041666666666666664,0.0,0.813953488372093,-0.007343008888509619,NO
WC2022,Mohammed Khalil Al Owais,Saudi Arabia,True,FREE,VERY_LONG_RIGHT,24,29,0.8275862068965517,7,0.2916666666666667,0.7142857142857143,0.7345906085352343,-0.008366149329505265,NO
WC2022,Munir Mohand Mohamedi,Morocco,False,FREE,LONG_LEFT,13,14,0.9285714285714286,1,0.07692307692307693,1.0,0.7288135593220338,-0.005006544142697783,NO
WC2022,Munir Mohand Mohamedi,Morocco,False,FREE,LONG_RIGHT,13,14,0.9285714285714286,2,0.15384615384615385,0.5,0.7120258272800646,-0.011817578809113011,NO
WC2022,Munir Mohand Mohamedi,Morocco,False,FREE,MEDIUM_LEFT,13,14,0.9285714285714286,4,0.3076923076923077,1.0,0.8995041952707856,-0.002737158484498732,NO
WC2022,Munir Mohand Mohamedi,Morocco,False,FREE,MEDIUM_RIGHT,13,14,0.9285714285714286,1,0.07692307692307693,0.0,0.7719298245614035,-0.004574974876383255,NO
WC2022,Munir Mohand Mohamedi,Morocco,False,FREE,SHORT_CENTRAL,13,14,0.9285714285714286,2,0.15384615384615385,1.0,0.9,-0.004267986489480387,CENTRAL_ZONE_PROXY_ONLY
WC2022,Munir Mohand Mohamedi,Morocco,False,FREE,SHORT_LEFT,13,14,0.9285714285714286,3,0.23076923076923078,1.0,0.8335811279611458,-0.004475640044494003,NO
WC2022,Munir Mohand Mohamedi,Morocco,True,FREE,SHORT_CENTRAL,11,13,0.8461538461538461,3,0.2727272727272727,1.0,0.7575577361482803,-0.008663972984852775,CENTRAL_ZONE_PROXY_ONLY
WC2022,Munir Mohand Mohamedi,Morocco,True,FREE,SHORT_RIGHT,11,13,0.8461538461538461,3,0.2727272727272727,1.0,0.7790490719552504,-0.007896341667122045,NO
WC2022,Munir Mohand Mohamedi,Morocco,True,FREE,VERY_LONG_CENTRAL,11,13,0.8461538461538461,3,0.2727272727272727,0.3333333333333333,0.6952380952380951,-0.010339451551636203,CENTRAL_ZONE_PROXY_ONLY
WC2022,Munir Mohand Mohamedi,Morocco,True,FREE,VERY_LONG_LEFT,11,13,0.8461538461538461,1,0.09090909090909091,0.0,0.6952380952380952,-0.01054311958399192,NO
WC2022,Munir Mohand Mohamedi,Morocco,True,FREE,VERY_LONG_RIGHT,11,13,0.8461538461538461,1,0.09090909090909091,0.0,0.6952380952380952,-0.01054311958399192,NO
WC2022,Saad Abdullah Al Sheeb,Qatar,False,FREE,MEDIUM_CENTRAL,13,15,0.8666666666666667,1,0.07692307692307693,1.0,0.7560137457044673,-0.005213217779702585,CENTRAL_ZONE_PROXY_ONLY
WC2022,Saad Abdullah Al Sheeb,Qatar,False,FREE,MEDIUM_LEFT,13,15,0.8666666666666667,1,0.07692307692307693,1.0,0.7948717948717948,-0.003524880912184303,NO
WC2022,Saad Abdullah Al Sheeb,Qatar,False,FREE,MEDIUM_RIGHT,13,15,0.8666666666666667,1,0.07692307692307693,1.0,0.7560137457044673,-0.0018794764111527717,NO
WC2022,Saad Abdullah Al Sheeb,Qatar,False,FREE,SHORT_CENTRAL,13,15,0.8666666666666667,6,0.46153846153846156,1.0,0.8918142567627103,-0.0010875454398735765,CENTRAL_ZONE_PROXY_ONLY
WC2022,Saad Abdullah Al Sheeb,Qatar,False,FREE,SHORT_LEFT,13,15,0.8666666666666667,2,0.15384615384615385,1.0,0.8780068728522337,-0.001725855415022313,NO
WC2022,Saad Abdullah Al Sheeb,Qatar,False,FREE,SHORT_RIGHT,13,15,0.8666666666666667,1,0.07692307692307693,1.0,0.7948717948717948,-0.004305824275770189,NO
WC2022,Saad Abdullah Al Sheeb,Qatar,False,FREE,VERY_LONG_LEFT,13,15,0.8666666666666667,1,0.07692307692307693,1.0,0.7560137457044673,-0.005213217779702585,NO
WC2022,Saad Abdullah Al Sheeb,Qatar,False,PRESSURED,LONG_CENTRAL,1,1,1.0,1,1.0,0.0,0.5945945945945945,-0.004263105214403193,CENTRAL_ZONE_PROXY_ONLY
WC2022,Saad Abdullah Al Sheeb,Qatar,True,FREE,MEDIUM_RIGHT,5,5,1.0,1,0.2,1.0,0.7560137457044673,-0.0082045924057614,NO
WC2022,Saad Abdullah Al Sheeb,Qatar,True,FREE,SHORT_CENTRAL,5,5,1.0,1,0.2,1.0,0.7560137457044673,-0.009419461538087313,CENTRAL_ZONE_PROXY_ONLY
WC2022,Saad Abdullah Al Sheeb,Qatar,True,FREE,SHORT_RIGHT,5,5,1.0,3,0.6,1.0,0.7560137457044673,-0.00837504206073935,NO
WC2022,Sergio Rochet Álvarez,Uruguay,False,FREE,LONG_CENTRAL,36,47,0.7659574468085106,4,0.1111111111111111,0.75,0.6353021978021978,-0.005429843935003273,CENTRAL_ZONE_PROXY_ONLY
WC2022,Sergio Rochet Álvarez,Uruguay,False,FREE,LONG_LEFT,36,47,0.7659574468085106,5,0.1388888888888889,0.6,0.707172054998142,-0.0057942922587395085,NO
WC2022,Sergio Rochet Álvarez,Uruguay,False,FREE,LONG_RIGHT,36,47,0.7659574468085106,2,0.05555555555555555,0.0,0.7679301374953549,-0.00935492029055666,NO
WC2022,Sergio Rochet Álvarez,Uruguay,False,FREE,MEDIUM_CENTRAL,36,47,0.7659574468085106,1,0.027777777777777776,1.0,0.7922705314009661,-0.005346456745214259,CENTRAL_ZONE_PROXY_ONLY
WC2022,Sergio Rochet Álvarez,Uruguay,False,FREE,MEDIUM_LEFT,36,47,0.7659574468085106,1,0.027777777777777776,1.0,0.7435897435897436,-0.0040867801196529645,NO
WC2022,Sergio Rochet Álvarez,Uruguay,False,FREE,MEDIUM_RIGHT,36,47,0.7659574468085106,4,0.1111111111111111,1.0,0.7700052894918455,-0.006170916644875974,NO
WC2022,Sergio Rochet Álvarez,Uruguay,False,FREE,SHORT_CENTRAL,36,47,0.7659574468085106,10,0.2777777777777778,1.0,0.8584032545130944,-0.0034868990598078352,CENTRAL_ZONE_PROXY_ONLY
WC2022,Sergio Rochet Álvarez,Uruguay,False,FREE,SHORT_LEFT,36,47,0.7659574468085106,5,0.1388888888888889,1.0,0.792712306127638,-0.003623413257723986,NO
WC2022,Sergio Rochet Álvarez,Uruguay,False,FREE,SHORT_RIGHT,36,47,0.7659574468085106,2,0.05555555555555555,1.0,0.8961352657004831,-0.001696093032745873,NO
WC2022,Sergio Rochet Álvarez,Uruguay,False,FREE,VERY_LONG_CENTRAL,36,47,0.7659574468085106,1,0.027777777777777776,0.0,0.625,-0.0051733606716980705,CENTRAL_ZONE_PROXY_ONLY
WC2022,Sergio Rochet Álvarez,Uruguay,False,FREE,VERY_LONG_LEFT,36,47,0.7659574468085106,1,0.027777777777777776,1.0,0.8484848484848485,-0.0013953077665714098,NO
WC2022,Sergio Rochet Álvarez,Uruguay,False,PRESSURED,SHORT_CENTRAL,3,4,0.75,1,0.3333333333333333,1.0,0.5,-0.01794460471481932,CENTRAL_ZONE_PROXY_ONLY
WC2022,Sergio Rochet Álvarez,Uruguay,False,PRESSURED,SHORT_LEFT,3,4,0.75,2,0.6666666666666666,1.0,0.6354166666666666,-0.00561563236228084,NO
WC2022,Sergio Rochet Álvarez,Uruguay,True,FREE,LONG_CENTRAL,22,25,0.88,2,0.09090909090909091,1.0,0.6354166666666666,-0.010818104713707196,CENTRAL_ZONE_PROXY_ONLY
WC2022,Sergio Rochet Álvarez,Uruguay,True,FREE,LONG_LEFT,22,25,0.88,1,0.045454545454545456,1.0,0.7073170731707317,-0.008109343285154669,NO
WC2022,Sergio Rochet Álvarez,Uruguay,True,FREE,MEDIUM_CENTRAL,22,25,0.88,1,0.045454545454545456,1.0,0.6597222222222221,-0.008627238994818738,CENTRAL_ZONE_PROXY_ONLY
WC2022,Sergio Rochet Álvarez,Uruguay,True,FREE,MEDIUM_LEFT,22,25,0.88,2,0.09090909090909091,1.0,0.7922705314009661,-0.008129516030289961,NO
WC2022,Sergio Rochet Álvarez,Uruguay,True,FREE,SHORT_CENTRAL,22,25,0.88,10,0.45454545454545453,1.0,0.7451412617990913,-0.007878437452199478,CENTRAL_ZONE_PROXY_ONLY
WC2022,Sergio Rochet Álvarez,Uruguay,True,FREE,SHORT_LEFT,22,25,0.88,3,0.13636363636363635,1.0,0.6938741277509393,-0.009921095387037992,NO
WC2022,Sergio Rochet Álvarez,Uruguay,True,FREE,VERY_LONG_LEFT,22,25,0.88,3,0.13636363636363635,1.0,0.7380568974771874,-0.007692802874928553,NO
WC2022,Seung-Gyu Kim,South Korea,False,FREE,LONG_CENTRAL,87,91,0.9560439560439561,2,0.022988505747126436,0.0,0.7560137457044673,-0.008438293071419266,CENTRAL_ZONE_PROXY_ONLY
WC2022,Seung-Gyu Kim,South Korea,False,FREE,LONG_LEFT,87,91,0.9560439560439561,3,0.034482758620689655,1.0,0.8572226993279625,0.000166686002521802,NO
WC2022,Seung-Gyu Kim,South Korea,False,FREE,LONG_RIGHT,87,91,0.9560439560439561,11,0.12643678160919541,0.7272727272727273,0.7287376890938543,-0.006223800208810613,NO
WC2022,Seung-Gyu Kim,South Korea,False,FREE,MEDIUM_CENTRAL,87,91,0.9560439560439561,1,0.011494252873563218,1.0,0.5945945945945945,-0.007291762242567808,CENTRAL_ZONE_PROXY_ONLY
WC2022,Seung-Gyu Kim,South Korea,False,FREE,MEDIUM_LEFT,87,91,0.9560439560439561,12,0.13793103448275862,0.9166666666666666,0.8378580605083615,-0.0029952715970819263,NO
WC2022,Seung-Gyu Kim,South Korea,False,FREE,MEDIUM_RIGHT,87,91,0.9560439560439561,3,0.034482758620689655,0.6666666666666666,0.8307419784027972,-0.0044218567557277625,NO
WC2022,Seung-Gyu Kim,South Korea,False,FREE,SHORT_CENTRAL,87,91,0.9560439560439561,17,0.19540229885057472,1.0,0.8906923818945193,-0.0014555357664561895,CENTRAL_ZONE_PROXY_ONLY
WC2022,Seung-Gyu Kim,South Korea,False,FREE,SHORT_LEFT,87,91,0.9560439560439561,17,0.19540229885057472,0.9411764705882353,0.876764748449342,-0.0005369389566551926,NO
WC2022,Seung-Gyu Kim,South Korea,False,FREE,SHORT_RIGHT,87,91,0.9560439560439561,15,0.1724137931034483,1.0,0.8521383790574864,-0.0023867666185251055,NO
WC2022,Seung-Gyu Kim,South Korea,False,FREE,VERY_LONG_CENTRAL,87,91,0.9560439560439561,1,0.011494252873563218,0.0,0.7922705314009661,-0.011174033269554474,CENTRAL_ZONE_PROXY_ONLY
WC2022,Seung-Gyu Kim,South Korea,False,FREE,VERY_LONG_LEFT,87,91,0.9560439560439561,2,0.022988505747126436,0.5,0.8473034437946718,-0.0027335143809177264,NO
WC2022,Seung-Gyu Kim,South Korea,False,FREE,VERY_LONG_RIGHT,87,91,0.9560439560439561,3,0.034482758620689655,0.0,0.7055640437993379,-0.004696081636036603,NO
WC2022,Seung-Gyu Kim,South Korea,False,PRESSURED,LONG_LEFT,7,7,1.0,1,0.14285714285714285,1.0,0.6111111111111112,-0.006273865547712386,NO
WC2022,Seung-Gyu Kim,South Korea,False,PRESSURED,MEDIUM_LEFT,7,7,1.0,1,0.14285714285714285,1.0,0.6111111111111112,-0.007827344977266686,NO
WC2022,Seung-Gyu Kim,South Korea,False,PRESSURED,MEDIUM_RIGHT,7,7,1.0,1,0.14285714285714285,1.0,0.5945945945945945,-0.004660009751189026,NO
WC2022,Seung-Gyu Kim,South Korea,False,PRESSURED,SHORT_CENTRAL,7,7,1.0,3,0.42857142857142855,0.6666666666666666,0.6001001001001001,-0.008699667753553015,CENTRAL_ZONE_PROXY_ONLY
WC2022,Seung-Gyu Kim,South Korea,False,PRESSURED,SHORT_LEFT,7,7,1.0,1,0.14285714285714285,1.0,0.6111111111111112,-0.006833175915731118,NO
WC2022,Seung-Gyu Kim,South Korea,True,FREE,MEDIUM_LEFT,20,28,0.7142857142857143,2,0.1,1.0,0.7867602657004831,-0.007553916976498596,NO
WC2022,Seung-Gyu Kim,South Korea,True,FREE,MEDIUM_RIGHT,20,28,0.7142857142857143,1,0.05,1.0,0.8636363636363636,-0.005469303474604401,NO
WC2022,Seung-Gyu Kim,South Korea,True,FREE,SHORT_CENTRAL,20,28,0.7142857142857143,4,0.2,1.0,0.781101517994307,-0.008134129393520501,CENTRAL_ZONE_PROXY_ONLY
WC2022,Seung-Gyu Kim,South Korea,True,FREE,SHORT_LEFT,20,28,0.7142857142857143,5,0.25,1.0,0.7555747998544076,-0.00780636767497152,NO
WC2022,Seung-Gyu Kim,South Korea,True,FREE,SHORT_RIGHT,20,28,0.7142857142857143,4,0.2,1.0,0.8290858216082041,-0.00572489949280354,NO
WC2022,Seung-Gyu Kim,South Korea,True,FREE,VERY_LONG_RIGHT,20,28,0.7142857142857143,4,0.2,0.5,0.7435663506547653,-0.007502834817098784,NO
WC2022,Seyed Hossein Hosseini,Iran,False,FREE,LONG_CENTRAL,25,34,0.7352941176470589,2,0.08,1.0,0.8304093567251462,-0.003056971765573073,CENTRAL_ZONE_PROXY_ONLY
WC2022,Seyed Hossein Hosseini,Iran,False,FREE,LONG_LEFT,25,34,0.7352941176470589,3,0.12,0.0,0.81947925368978,-0.0004654684746035558,NO
WC2022,Seyed Hossein Hosseini,Iran,False,FREE,LONG_RIGHT,25,34,0.7352941176470589,2,0.08,0.5,0.8988095238095238,-0.0021866347718564084,NO
WC2022,Seyed Hossein Hosseini,Iran,False,FREE,MEDIUM_LEFT,25,34,0.7352941176470589,4,0.16,1.0,0.9576023391812866,-0.00023842418522014304,NO
WC2022,Seyed Hossein Hosseini,Iran,False,FREE,MEDIUM_RIGHT,25,34,0.7352941176470589,3,0.12,1.0,1.0,0.0006964136329549163,NO
WC2022,Seyed Hossein Hosseini,Iran,False,FREE,SHORT_CENTRAL,25,34,0.7352941176470589,2,0.08,1.0,0.9152046783625731,-0.002431561456073863,CENTRAL_ZONE_PROXY_ONLY
WC2022,Seyed Hossein Hosseini,Iran,False,FREE,SHORT_LEFT,25,34,0.7352941176470589,5,0.2,1.0,0.9506972559604139,-0.00024451151539459635,NO
WC2022,Seyed Hossein Hosseini,Iran,False,FREE,SHORT_RIGHT,25,34,0.7352941176470589,3,0.12,1.0,1.0,0.000517368989879803,NO
WC2022,Seyed Hossein Hosseini,Iran,False,FREE,VERY_LONG_LEFT,25,34,0.7352941176470589,1,0.04,0.0,0.8304093567251462,-0.003708898059223755,NO
WC2022,Seyed Hossein Hosseini,Iran,False,PRESSURED,LONG_CENTRAL,2,3,0.6666666666666666,1,0.5,1.0,0.6111111111111112,-0.013445152762081972,CENTRAL_ZONE_PROXY_ONLY
WC2022,Seyed Hossein Hosseini,Iran,False,PRESSURED,MEDIUM_CENTRAL,2,3,0.6666666666666666,1,0.5,0.0,0.6111111111111112,-0.013445152762081972,CENTRAL_ZONE_PROXY_ONLY
WC2022,Seyed Hossein Hosseini,Iran,True,FREE,LONG_LEFT,5,11,0.45454545454545453,1,0.2,0.0,0.8304093567251462,-0.005427875890254796,NO
WC2022,Seyed Hossein Hosseini,Iran,True,FREE,LONG_RIGHT,5,11,0.45454545454545453,3,0.6,0.0,0.7976190476190478,-0.006340411821044116,NO
WC2022,Seyed Hossein Hosseini,Iran,True,FREE,VERY_LONG_LEFT,5,11,0.45454545454545453,1,0.2,1.0,0.8304093567251462,-0.005427875890254796,NO
WC2022,Shūichi Gonda,Japan,False,FREE,LONG_CENTRAL,71,77,0.922077922077922,2,0.028169014084507043,0.0,0.631429383347542,-0.007406989652947754,CENTRAL_ZONE_PROXY_ONLY
WC2022,Shūichi Gonda,Japan,False,FREE,LONG_LEFT,71,77,0.922077922077922,4,0.056338028169014086,0.0,0.7463132468853292,-0.00273823567063232,NO
WC2022,Shūichi Gonda,Japan,False,FREE,LONG_RIGHT,71,77,0.922077922077922,12,0.16901408450704225,0.6666666666666666,0.7168966504082648,-0.005608342034609549,NO
WC2022,Shūichi Gonda,Japan,False,FREE,MEDIUM_LEFT,71,77,0.922077922077922,2,0.028169014084507043,1.0,0.8102073365231259,-0.0033565047080963326,NO
WC2022,Shūichi Gonda,Japan,False,FREE,MEDIUM_RIGHT,71,77,0.922077922077922,2,0.028169014084507043,1.0,0.9152046783625731,-0.0014870940978040708,NO
WC2022,Shūichi Gonda,Japan,False,FREE,SHORT_CENTRAL,71,77,0.922077922077922,21,0.29577464788732394,1.0,0.8708924006298732,-0.002438843937843327,CENTRAL_ZONE_PROXY_ONLY
WC2022,Shūichi Gonda,Japan,False,FREE,SHORT_LEFT,71,77,0.922077922077922,10,0.14084507042253522,1.0,0.8368992024675045,-0.00413392015267257,NO
WC2022,Shūichi Gonda,Japan,False,FREE,SHORT_RIGHT,71,77,0.922077922077922,8,0.11267605633802817,1.0,0.8812085005814608,-0.0020183888788764936,NO
WC2022,Shūichi Gonda,Japan,False,FREE,VERY_LONG_CENTRAL,71,77,0.922077922077922,2,0.028169014084507043,0.5,0.7718056934789805,-0.003412078615804809,CENTRAL_ZONE_PROXY_ONLY
WC2022,Shūichi Gonda,Japan,False,FREE,VERY_LONG_LEFT,71,77,0.922077922077922,2,0.028169014084507043,0.5,0.7718056934789805,-0.0037035608748459707,NO
WC2022,Shūichi Gonda,Japan,False,FREE,VERY_LONG_RIGHT,71,77,0.922077922077922,6,0.08450704225352113,0.5,0.6536606313473344,-0.008654507914526915,NO
WC2022,Shūichi Gonda,Japan,False,PRESSURED,LONG_LEFT,8,8,1.0,2,0.25,0.5,0.6869565217391305,-0.0027725496926139623,NO
WC2022,Shūichi Gonda,Japan,False,PRESSURED,LONG_RIGHT,8,8,1.0,1,0.125,0.0,0.6869565217391305,-0.002837884311544204,NO
WC2022,Shūichi Gonda,Japan,False,PRESSURED,MEDIUM_CENTRAL,8,8,1.0,1,0.125,1.0,0.6869565217391305,-0.013815181425773856,CENTRAL_ZONE_PROXY_ONLY
WC2022,Shūichi Gonda,Japan,False,PRESSURED,MEDIUM_LEFT,8,8,1.0,1,0.125,1.0,0.6597222222222221,-0.004398088808830562,NO
WC2022,Shūichi Gonda,Japan,False,PRESSURED,SHORT_CENTRAL,8,8,1.0,1,0.125,1.0,0.6952380952380952,-0.004658566373756005,CENTRAL_ZONE_PROXY_ONLY
WC2022,Shūichi Gonda,Japan,False,PRESSURED,SHORT_RIGHT,8,8,1.0,2,0.25,1.0,0.6733393719806763,-0.004732679036037879,NO
WC2022,Shūichi Gonda,Japan,True,FREE,LONG_CENTRAL,22,26,0.8461538461538461,2,0.09090909090909091,0.5,0.7135089098532494,-0.006429111987497374,CENTRAL_ZONE_PROXY_ONLY
WC2022,Shūichi Gonda,Japan,True,FREE,LONG_LEFT,22,26,0.8461538461538461,3,0.13636363636363635,0.0,0.7314378057302585,-0.0056964029850569186,NO
WC2022,Shūichi Gonda,Japan,True,FREE,LONG_RIGHT,22,26,0.8461538461538461,5,0.22727272727272727,0.4,0.7407978312612565,-0.007536596318952929,NO
WC2022,Shūichi Gonda,Japan,True,FREE,SHORT_CENTRAL,22,26,0.8461538461538461,6,0.2727272727272727,1.0,0.764553624426981,-0.0075881578354298216,CENTRAL_ZONE_PROXY_ONLY
WC2022,Shūichi Gonda,Japan,True,FREE,SHORT_LEFT,22,26,0.8461538461538461,2,0.09090909090909091,1.0,0.7136243386243386,-0.008123335051570263,NO
WC2022,Shūichi Gonda,Japan,True,FREE,SHORT_RIGHT,22,26,0.8461538461538461,1,0.045454545454545456,1.0,0.78125,-0.006707186515775036,NO
WC2022,Shūichi Gonda,Japan,True,FREE,VERY_LONG_LEFT,22,26,0.8461538461538461,1,0.045454545454545456,1.0,0.6597222222222221,-0.011560936333574386,NO
WC2022,Shūichi Gonda,Japan,True,FREE,VERY_LONG_RIGHT,22,26,0.8461538461538461,2,0.09090909090909091,0.5,0.6354166666666666,-0.009573329729428776,NO
WC2022,Steve Mandanda,France,False,FREE,LONG_LEFT,13,20,0.65,1,0.07692307692307693,0.0,0.7763157894736842,-0.005574057025654215,NO
WC2022,Steve Mandanda,France,False,FREE,MEDIUM_LEFT,13,20,0.65,1,0.07692307692307693,1.0,0.7763157894736842,-0.007045849600625334,NO
WC2022,Steve Mandanda,France,False,FREE,MEDIUM_RIGHT,13,20,0.65,1,0.07692307692307693,1.0,0.7672955974842768,-0.0037191561065017696,NO
WC2022,Steve Mandanda,France,False,FREE,SHORT_CENTRAL,13,20,0.65,5,0.38461538461538464,1.0,0.9087222773915922,-0.001649262013079081,CENTRAL_ZONE_PROXY_ONLY
WC2022,Steve Mandanda,France,False,FREE,SHORT_LEFT,13,20,0.65,1,0.07692307692307693,1.0,0.7672955974842768,-0.002993725240064259,NO
WC2022,Steve Mandanda,France,False,FREE,SHORT_RIGHT,13,20,0.65,4,0.3076923076923077,1.0,0.9558823529411764,0.00024464279419197693,NO
WC2022,Steve Mandanda,France,True,FREE,SHORT_CENTRAL,7,9,0.7777777777777778,5,0.7142857142857143,1.0,0.7566398975288919,-0.004510756047934647,CENTRAL_ZONE_PROXY_ONLY
WC2022,Steve Mandanda,France,True,FREE,SHORT_RIGHT,7,9,0.7777777777777778,1,0.14285714285714285,1.0,0.7763157894736842,-0.006488592029028911,NO
WC2022,Steve Mandanda,France,True,FREE,VERY_LONG_CENTRAL,7,9,0.7777777777777778,1,0.14285714285714285,0.0,0.7672955974842768,-0.00423098498017601,CENTRAL_ZONE_PROXY_ONLY
WC2022,Thibaut Courtois,Belgium,False,FREE,LONG_CENTRAL,72,77,0.935064935064935,1,0.013888888888888888,1.0,0.7976190476190477,-0.006987456551188455,CENTRAL_ZONE_PROXY_ONLY
WC2022,Thibaut Courtois,Belgium,False,FREE,LONG_LEFT,72,77,0.935064935064935,3,0.041666666666666664,0.6666666666666666,0.8067663119150534,-0.0023175270421005203,NO
WC2022,Thibaut Courtois,Belgium,False,FREE,LONG_RIGHT,72,77,0.935064935064935,2,0.027777777777777776,1.0,0.8576737272389446,-0.0005567973061146754,NO
WC2022,Thibaut Courtois,Belgium,False,FREE,MEDIUM_LEFT,72,77,0.935064935064935,7,0.09722222222222222,1.0,0.8270709712357309,-0.005318980599273447,NO
WC2022,Thibaut Courtois,Belgium,False,FREE,MEDIUM_RIGHT,72,77,0.935064935064935,2,0.027777777777777776,1.0,0.9320987654320987,8.194686328151372e-05,NO
WC2022,Thibaut Courtois,Belgium,False,FREE,SHORT_CENTRAL,72,77,0.935064935064935,21,0.2916666666666667,1.0,0.8924179786208152,-0.0021190541468248925,CENTRAL_ZONE_PROXY_ONLY
WC2022,Thibaut Courtois,Belgium,False,FREE,SHORT_LEFT,72,77,0.935064935064935,15,0.20833333333333334,1.0,0.8675170431164733,-0.003334289568186441,NO
WC2022,Thibaut Courtois,Belgium,False,FREE,SHORT_RIGHT,72,77,0.935064935064935,20,0.2777777777777778,1.0,0.8216962986673609,-0.003795663628545296,NO
WC2022,Thibaut Courtois,Belgium,False,FREE,VERY_LONG_CENTRAL,72,77,0.935064935064935,1,0.013888888888888888,1.0,0.7922705314009661,-0.004691565968676576,CENTRAL_ZONE_PROXY_ONLY
WC2022,Thibaut Courtois,Belgium,False,PRESSURED,LONG_CENTRAL,8,9,0.8888888888888888,1,0.125,0.0,0.6952380952380952,-0.0036026866505907886,CENTRAL_ZONE_PROXY_ONLY
WC2022,Thibaut Courtois,Belgium,False,PRESSURED,LONG_RIGHT,8,9,0.8888888888888888,3,0.375,1.0,0.6671957671957672,-0.004313000325939692,NO
WC2022,Thibaut Courtois,Belgium,False,PRESSURED,MEDIUM_LEFT,8,9,0.8888888888888888,2,0.25,1.0,0.6531746031746032,-0.003926419701721498,NO
WC2022,Thibaut Courtois,Belgium,False,PRESSURED,MEDIUM_RIGHT,8,9,0.8888888888888888,1,0.125,1.0,0.6597222222222221,-0.0036643237328236617,NO
WC2022,Thibaut Courtois,Belgium,False,PRESSURED,SHORT_RIGHT,8,9,0.8888888888888888,1,0.125,1.0,0.6296296296296297,-0.0035907471475025445,NO
WC2022,Thibaut Courtois,Belgium,True,FREE,LONG_CENTRAL,33,36,0.9166666666666666,1,0.030303030303030304,1.0,0.796642705640733,-0.0054866480647100795,CENTRAL_ZONE_PROXY_ONLY
WC2022,Thibaut Courtois,Belgium,True,FREE,MEDIUM_LEFT,33,36,0.9166666666666666,8,0.24242424242424243,1.0,0.7576200830565997,-0.00769908495978712,NO
WC2022,Thibaut Courtois,Belgium,True,FREE,MEDIUM_RIGHT,33,36,0.9166666666666666,3,0.09090909090909091,1.0,0.8248832934823273,-0.007317180980641024,NO
WC2022,Thibaut Courtois,Belgium,True,FREE,SHORT_CENTRAL,33,36,0.9166666666666666,3,0.09090909090909091,1.0,0.7746838848533765,-0.006933253450705032,CENTRAL_ZONE_PROXY_ONLY
WC2022,Thibaut Courtois,Belgium,True,FREE,SHORT_LEFT,33,36,0.9166666666666666,7,0.21212121212121213,1.0,0.753361674683041,-0.007992359496214404,NO
WC2022,Thibaut Courtois,Belgium,True,FREE,SHORT_RIGHT,33,36,0.9166666666666666,7,0.21212121212121213,1.0,0.7868140790051544,-0.005283297405338158,NO
WC2022,Thibaut Courtois,Belgium,True,FREE,VERY_LONG_CENTRAL,33,36,0.9166666666666666,1,0.030303030303030304,0.0,0.7922705314009661,-0.008129516030289961,CENTRAL_ZONE_PROXY_ONLY
WC2022,Thibaut Courtois,Belgium,True,FREE,VERY_LONG_RIGHT,33,36,0.9166666666666666,3,0.09090909090909091,1.0,0.7039049919484701,-0.007286805775404575,NO
WC2022,Unai Simón Mendibil,Spain,False,FREE,LONG_LEFT,106,111,0.954954954954955,2,0.018867924528301886,1.0,0.729115479115479,-0.0032143644037340305,NO
WC2022,Unai Simón Mendibil,Spain,False,FREE,MEDIUM_CENTRAL,106,111,0.954954954954955,2,0.018867924528301886,1.0,0.7772692601067888,0.00038347368108848645,CENTRAL_ZONE_PROXY_ONLY
WC2022,Unai Simón Mendibil,Spain,False,FREE,MEDIUM_LEFT,106,111,0.954954954954955,7,0.0660377358490566,1.0,0.739035739035739,-0.006549839088829006,NO
WC2022,Unai Simón Mendibil,Spain,False,FREE,MEDIUM_RIGHT,106,111,0.954954954954955,10,0.09433962264150944,0.9,0.7509680321584647,-0.00542807066326155,NO
WC2022,Unai Simón Mendibil,Spain,False,FREE,SHORT_CENTRAL,106,111,0.954954954954955,40,0.37735849056603776,0.975,0.8133032771206944,-0.0038275978218785174,CENTRAL_ZONE_PROXY_ONLY
WC2022,Unai Simón Mendibil,Spain,False,FREE,SHORT_LEFT,106,111,0.954954954954955,23,0.2169811320754717,1.0,0.7328611576199096,-0.005985361534271001,NO
WC2022,Unai Simón Mendibil,Spain,False,FREE,SHORT_RIGHT,106,111,0.954954954954955,22,0.20754716981132076,1.0,0.8031033631485002,-0.004158638030731287,NO
WC2022,Unai Simón Mendibil,Spain,False,PRESSURED,LONG_LEFT,24,25,0.96,1,0.041666666666666664,1.0,0.5945945945945945,-0.005779605137805311,NO
WC2022,Unai Simón Mendibil,Spain,False,PRESSURED,LONG_RIGHT,24,25,0.96,2,0.08333333333333333,1.0,0.5945945945945945,-0.007460027118124074,NO
WC2022,Unai Simón Mendibil,Spain,False,PRESSURED,MEDIUM_LEFT,24,25,0.96,3,0.125,1.0,0.6264389389389389,-0.007794528712214838,NO
WC2022,Unai Simón Mendibil,Spain,False,PRESSURED,MEDIUM_RIGHT,24,25,0.96,2,0.08333333333333333,0.5,0.6753041701495309,-0.005074502754750677,NO
WC2022,Unai Simón Mendibil,Spain,False,PRESSURED,SHORT_CENTRAL,24,25,0.96,5,0.20833333333333334,1.0,0.6147232947232947,-0.004986203433222812,CENTRAL_ZONE_PROXY_ONLY
WC2022,Unai Simón Mendibil,Spain,False,PRESSURED,SHORT_LEFT,24,25,0.96,5,0.20833333333333334,1.0,0.5945945945945945,-0.006582300217869305,NO
WC2022,Unai Simón Mendibil,Spain,False,PRESSURED,SHORT_RIGHT,24,25,0.96,6,0.25,1.0,0.6271584084084084,-0.006828388961163698,NO
WC2022,Unai Simón Mendibil,Spain,True,FREE,LONG_LEFT,22,22,1.0,1,0.045454545454545456,1.0,0.7288135593220338,-0.008995520703481431,NO
WC2022,Unai Simón Mendibil,Spain,True,FREE,LONG_RIGHT,22,22,1.0,1,0.045454545454545456,1.0,0.7288135593220338,-0.008995520703481431,NO
WC2022,Unai Simón Mendibil,Spain,True,FREE,MEDIUM_CENTRAL,22,22,1.0,1,0.045454545454545456,1.0,0.7922705314009661,-0.008400647437222157,CENTRAL_ZONE_PROXY_ONLY
WC2022,Unai Simón Mendibil,Spain,True,FREE,MEDIUM_LEFT,22,22,1.0,2,0.09090909090909091,1.0,0.7639717851329354,-0.008961721143034219,NO
WC2022,Unai Simón Mendibil,Spain,True,FREE,SHORT_CENTRAL,22,22,1.0,7,0.3181818181818182,1.0,0.7232850869880675,-0.009490093345732751,CENTRAL_ZONE_PROXY_ONLY
WC2022,Unai Simón Mendibil,Spain,True,FREE,SHORT_LEFT,22,22,1.0,5,0.22727272727272727,1.0,0.7618049687341559,-0.008825589483067145,NO
WC2022,Unai Simón Mendibil,Spain,True,FREE,SHORT_RIGHT,22,22,1.0,5,0.22727272727272727,1.0,0.7405053149660257,-0.008928141436882859,NO
WC2022,Vanja Milinković Savić,Serbia,False,FREE,LONG_CENTRAL,89,93,0.956989247311828,5,0.056179775280898875,0.4,0.8006340420974745,-0.004456222403148994,CENTRAL_ZONE_PROXY_ONLY
WC2022,Vanja Milinković Savić,Serbia,False,FREE,LONG_LEFT,89,93,0.956989247311828,5,0.056179775280898875,0.8,0.764134563212154,-0.0046134928253656095,NO
WC2022,Vanja Milinković Savić,Serbia,False,FREE,LONG_RIGHT,89,93,0.956989247311828,7,0.07865168539325842,0.42857142857142855,0.7915456129625758,-0.006151210943847423,NO
WC2022,Vanja Milinković Savić,Serbia,False,FREE,MEDIUM_LEFT,89,93,0.956989247311828,5,0.056179775280898875,1.0,0.8630297479816669,-0.0028770190780289134,NO
WC2022,Vanja Milinković Savić,Serbia,False,FREE,MEDIUM_RIGHT,89,93,0.956989247311828,5,0.056179775280898875,0.8,0.8093237372754978,-0.002902771900019311,NO
WC2022,Vanja Milinković Savić,Serbia,False,FREE,SHORT_CENTRAL,89,93,0.956989247311828,25,0.2808988764044944,1.0,0.855956742960576,-0.001818860434471519,CENTRAL_ZONE_PROXY_ONLY
WC2022,Vanja Milinković Savić,Serbia,False,FREE,SHORT_LEFT,89,93,0.956989247311828,21,0.23595505617977527,1.0,0.8490382894613171,-0.0026626322210716582,NO
WC2022,Vanja Milinković Savić,Serbia,False,FREE,SHORT_RIGHT,89,93,0.956989247311828,10,0.11235955056179775,1.0,0.8294957021829938,-0.0023958865089239003,NO
WC2022,Vanja Milinković Savić,Serbia,False,FREE,VERY_LONG_CENTRAL,89,93,0.956989247311828,1,0.011235955056179775,1.0,0.5555555555555556,-0.004853034508258558,CENTRAL_ZONE_PROXY_ONLY
WC2022,Vanja Milinković Savić,Serbia,False,FREE,VERY_LONG_LEFT,89,93,0.956989247311828,4,0.0449438202247191,0.5,0.819497696162513,-0.00562323067712465,NO
WC2022,Vanja Milinković Savić,Serbia,False,FREE,VERY_LONG_RIGHT,89,93,0.956989247311828,1,0.011235955056179775,1.0,0.5555555555555556,-0.008364415641152255,NO
WC2022,Vanja Milinković Savić,Serbia,False,PRESSURED,LONG_LEFT,10,12,0.8333333333333334,3,0.3,0.6666666666666666,0.6561692126909519,-0.0054616776425348255,NO
WC2022,Vanja Milinković Savić,Serbia,False,PRESSURED,LONG_RIGHT,10,12,0.8333333333333334,3,0.3,0.6666666666666666,0.5945945945945945,-0.010150735848148905,NO
WC2022,Vanja Milinković Savić,Serbia,False,PRESSURED,SHORT_CENTRAL,10,12,0.8333333333333334,1,0.1,1.0,0.5945945945945945,-0.005697941833493522,CENTRAL_ZONE_PROXY_ONLY
WC2022,Vanja Milinković Savić,Serbia,False,PRESSURED,SHORT_LEFT,10,12,0.8333333333333334,2,0.2,1.0,0.5945945945945945,-0.005260359117887709,NO
WC2022,Vanja Milinković Savić,Serbia,False,PRESSURED,VERY_LONG_CENTRAL,10,12,0.8333333333333334,1,0.1,1.0,0.5945945945945945,-0.005779605137805311,CENTRAL_ZONE_PROXY_ONLY
WC2022,Vanja Milinković Savić,Serbia,True,FREE,LONG_CENTRAL,19,21,0.9047619047619048,1,0.05263157894736842,0.0,0.7672955974842768,-0.00423098498017601,CENTRAL_ZONE_PROXY_ONLY
WC2022,Vanja Milinković Savić,Serbia,True,FREE,LONG_LEFT,19,21,0.9047619047619048,1,0.05263157894736842,1.0,0.7672955974842768,-0.0067334159012785565,NO
WC2022,Vanja Milinković Savić,Serbia,True,FREE,SHORT_CENTRAL,19,21,0.9047619047619048,1,0.05263157894736842,1.0,0.5945945945945945,-0.01334363581151969,CENTRAL_ZONE_PROXY_ONLY
WC2022,Vanja Milinković Savić,Serbia,True,FREE,SHORT_RIGHT,19,21,0.9047619047619048,4,0.21052631578947367,1.0,0.7560137457044673,-0.0085863371710868,NO
WC2022,Vanja Milinković Savić,Serbia,True,FREE,VERY_LONG_CENTRAL,19,21,0.9047619047619048,3,0.15789473684210525,0.6666666666666666,0.7560137457044673,-0.00935304852610126,CENTRAL_ZONE_PROXY_ONLY
WC2022,Vanja Milinković Savić,Serbia,True,FREE,VERY_LONG_LEFT,19,21,0.9047619047619048,9,0.47368421052631576,0.4444444444444444,0.753103581633745,-0.006781587365968656,NO
WC2022,Wayne Hennessey,Wales,False,FREE,LONG_CENTRAL,43,48,0.8958333333333334,1,0.023255813953488372,0.0,0.7560137457044673,-0.0017018366468088872,CENTRAL_ZONE_PROXY_ONLY
WC2022,Wayne Hennessey,Wales,False,FREE,LONG_LEFT,43,48,0.8958333333333334,3,0.06976744186046512,1.0,0.7332011630980704,-0.006435907615306678,NO
WC2022,Wayne Hennessey,Wales,False,FREE,LONG_RIGHT,43,48,0.8958333333333334,2,0.046511627906976744,1.0,0.8780068728522337,-0.0002499426389575832,NO
WC2022,Wayne Hennessey,Wales,False,FREE,MEDIUM_LEFT,43,48,0.8958333333333334,7,0.16279069767441862,0.8571428571428571,0.8694951664876476,-0.002209512766971088,NO
WC2022,Wayne Hennessey,Wales,False,FREE,MEDIUM_RIGHT,43,48,0.8958333333333334,2,0.046511627906976744,1.0,0.9152046783625731,-0.0018209102599859245,NO
WC2022,Wayne Hennessey,Wales,False,FREE,SHORT_CENTRAL,43,48,0.8958333333333334,9,0.20930232558139536,1.0,0.9080940227621362,-0.002680558318338359,CENTRAL_ZONE_PROXY_ONLY
WC2022,Wayne Hennessey,Wales,False,FREE,SHORT_LEFT,43,48,0.8958333333333334,10,0.23255813953488372,1.0,0.9160858900549623,-0.001251702187820243,NO
WC2022,Wayne Hennessey,Wales,False,FREE,SHORT_RIGHT,43,48,0.8958333333333334,6,0.13953488372093023,1.0,0.8819365546906047,-0.0030333831228144884,NO
WC2022,Wayne Hennessey,Wales,False,FREE,VERY_LONG_LEFT,43,48,0.8958333333333334,1,0.023255813953488372,1.0,0.7987315044626183,-0.00484054383759874,NO
WC2022,Wayne Hennessey,Wales,False,FREE,VERY_LONG_RIGHT,43,48,0.8958333333333334,2,0.046511627906976744,0.5,0.775442770288131,-0.003820863674608462,NO
WC2022,Wayne Hennessey,Wales,False,PRESSURED,MEDIUM_LEFT,1,1,1.0,1,1.0,0.0,0.5945945945945945,-0.004660009751189026,NO
WC2022,Wayne Hennessey,Wales,True,FREE,LONG_RIGHT,15,16,0.9375,2,0.13333333333333333,1.0,0.7560137457044673,-0.0082045924057614,NO
WC2022,Wayne Hennessey,Wales,True,FREE,MEDIUM_LEFT,15,16,0.9375,1,0.06666666666666667,1.0,0.7560137457044673,-0.0082045924057614,NO
WC2022,Wayne Hennessey,Wales,True,FREE,SHORT_CENTRAL,15,16,0.9375,4,0.26666666666666666,1.0,0.7664150711831124,-0.008550333061446987,CENTRAL_ZONE_PROXY_ONLY
WC2022,Wayne Hennessey,Wales,True,FREE,SHORT_LEFT,15,16,0.9375,2,0.13333333333333333,1.0,0.8080853024203987,-0.005914187639550537,NO
WC2022,Wayne Hennessey,Wales,True,FREE,SHORT_RIGHT,15,16,0.9375,1,0.06666666666666667,1.0,0.7976190476190477,-0.0054638278275895465,NO
WC2022,Wayne Hennessey,Wales,True,FREE,VERY_LONG_CENTRAL,15,16,0.9375,2,0.13333333333333333,1.0,0.7768163966617575,-0.007272502113402759,CENTRAL_ZONE_PROXY_ONLY
WC2022,Wayne Hennessey,Wales,True,FREE,VERY_LONG_LEFT,15,16,0.9375,1,0.06666666666666667,0.0,0.5945945945945945,-0.01334363581151969,NO
WC2022,Wayne Hennessey,Wales,True,FREE,VERY_LONG_RIGHT,15,16,0.9375,2,0.13333333333333333,0.5,0.7498017446471055,-0.007877808602609029,NO
WC2022,Weverton Pereira da Silva,Brazil,False,FREE,LONG_RIGHT,3,3,1.0,1,0.3333333333333333,1.0,0.5945945945945945,-0.020424179302861577,NO
WC2022,Weverton Pereira da Silva,Brazil,False,FREE,MEDIUM_RIGHT,3,3,1.0,1,0.3333333333333333,1.0,0.5945945945945945,-0.009878256262337105,NO
WC2022,Weverton Pereira da Silva,Brazil,False,FREE,VERY_LONG_LEFT,3,3,1.0,1,0.3333333333333333,1.0,0.5945945945945945,-0.012087317644761399,NO
WC2022,Weverton Pereira da Silva,Brazil,True,FREE,LONG_LEFT,2,2,1.0,1,0.5,1.0,0.5945945945945945,-0.01334363581151969,NO
WC2022,Weverton Pereira da Silva,Brazil,True,FREE,VERY_LONG_CENTRAL,2,2,1.0,1,0.5,0.0,0.5945945945945945,-0.01334363581151969,CENTRAL_ZONE_PROXY_ONLY
WC2022,Wojciech Szczęsny,Poland,False,FREE,LONG_CENTRAL,92,104,0.8846153846153846,15,0.16304347826086957,0.4,0.71753443595487,-0.005634503159901963,CENTRAL_ZONE_PROXY_ONLY
WC2022,Wojciech Szczęsny,Poland,False,FREE,LONG_LEFT,92,104,0.8846153846153846,23,0.25,0.8260869565217391,0.7943491634552767,-0.0033677414304382476,NO
WC2022,Wojciech Szczęsny,Poland,False,FREE,LONG_RIGHT,92,104,0.8846153846153846,12,0.13043478260869565,0.6666666666666666,0.7654238032090598,-0.0048670987437054,NO
WC2022,Wojciech Szczęsny,Poland,False,FREE,MEDIUM_CENTRAL,92,104,0.8846153846153846,1,0.010869565217391304,1.0,1.0,0.0006560521266135121,CENTRAL_ZONE_PROXY_ONLY
WC2022,Wojciech Szczęsny,Poland,False,FREE,MEDIUM_LEFT,92,104,0.8846153846153846,2,0.021739130434782608,0.5,0.898886827458256,0.00013985125408117502,NO
WC2022,Wojciech Szczęsny,Poland,False,FREE,MEDIUM_RIGHT,92,104,0.8846153846153846,3,0.03260869565217391,1.0,0.9186712485681557,0.000596003053467029,NO
WC2022,Wojciech Szczęsny,Poland,False,FREE,SHORT_CENTRAL,92,104,0.8846153846153846,17,0.18478260869565216,1.0,0.8681862451245822,-0.0037817425404964144,CENTRAL_ZONE_PROXY_ONLY
WC2022,Wojciech Szczęsny,Poland,False,FREE,SHORT_LEFT,92,104,0.8846153846153846,13,0.14130434782608695,1.0,0.7998135816919801,-0.004298150387164216,NO
WC2022,Wojciech Szczęsny,Poland,False,FREE,SHORT_RIGHT,92,104,0.8846153846153846,2,0.021739130434782608,1.0,0.9375,0.0019182409832866711,NO
WC2022,Wojciech Szczęsny,Poland,False,FREE,VERY_LONG_CENTRAL,92,104,0.8846153846153846,1,0.010869565217391304,0.0,0.7672955974842768,-0.0037191561065017696,CENTRAL_ZONE_PROXY_ONLY
WC2022,Wojciech Szczęsny,Poland,False,FREE,VERY_LONG_LEFT,92,104,0.8846153846153846,2,0.021739130434782608,0.5,0.6617040769583142,-0.006273453534887963,NO
WC2022,Wojciech Szczęsny,Poland,False,FREE,VERY_LONG_RIGHT,92,104,0.8846153846153846,1,0.010869565217391304,0.0,0.8125,-0.002596887550866797,NO
WC2022,Wojciech Szczęsny,Poland,False,PRESSURED,LONG_LEFT,4,4,1.0,1,0.25,0.0,0.6597222222222221,-0.005028663498024635,NO
WC2022,Wojciech Szczęsny,Poland,False,PRESSURED,LONG_RIGHT,4,4,1.0,1,0.25,0.0,0.6869565217391305,-0.0033731700012732593,NO
WC2022,Wojciech Szczęsny,Poland,False,PRESSURED,MEDIUM_RIGHT,4,4,1.0,1,0.25,1.0,0.6869565217391305,-0.013815181425773856,NO
WC2022,Wojciech Szczęsny,Poland,False,PRESSURED,SHORT_RIGHT,4,4,1.0,1,0.25,1.0,0.6952380952380952,-0.010133193265570401,NO
WC2022,Wojciech Szczęsny,Poland,True,FREE,LONG_CENTRAL,33,37,0.8918918918918919,1,0.030303030303030304,0.0,0.7763157894736842,-0.003994155043632128,CENTRAL_ZONE_PROXY_ONLY
WC2022,Wojciech Szczęsny,Poland,True,FREE,LONG_LEFT,33,37,0.8918918918918919,3,0.09090909090909091,0.6666666666666666,0.7129830917874397,-0.008767304633132461,NO
WC2022,Wojciech Szczęsny,Poland,True,FREE,LONG_RIGHT,33,37,0.8918918918918919,5,0.15151515151515152,0.6,0.7629509468814965,-0.008402473356581846,NO
WC2022,Wojciech Szczęsny,Poland,True,FREE,MEDIUM_RIGHT,33,37,0.8918918918918919,1,0.030303030303030304,1.0,0.6952380952380952,-0.009932115486924771,NO
WC2022,Wojciech Szczęsny,Poland,True,FREE,SHORT_CENTRAL,33,37,0.8918918918918919,4,0.12121212121212122,1.0,0.7516328184591914,-0.008388183703554935,CENTRAL_ZONE_PROXY_ONLY
WC2022,Wojciech Szczęsny,Poland,True,FREE,SHORT_LEFT,33,37,0.8918918918918919,5,0.15151515151515152,1.0,0.7385667608708314,-0.009316231683625338,NO
WC2022,Wojciech Szczęsny,Poland,True,FREE,VERY_LONG_CENTRAL,33,37,0.8918918918918919,1,0.030303030303030304,1.0,0.7288135593220338,-0.009650389254988411,CENTRAL_ZONE_PROXY_ONLY
WC2022,Wojciech Szczęsny,Poland,True,FREE,VERY_LONG_LEFT,33,37,0.8918918918918919,3,0.09090909090909091,0.6666666666666666,0.7186104596761775,-0.0072845815594920595,NO
WC2022,Wojciech Szczęsny,Poland,True,FREE,VERY_LONG_RIGHT,33,37,0.8918918918918919,10,0.30303030303030304,0.6,0.7533374250083666,-0.007466908639655224,NO
WC2022,Yann Sommer,Switzerland,False,FREE,LONG_CENTRAL,81,85,0.9529411764705882,1,0.012345679012345678,1.0,0.7922705314009661,-0.0030660020920974663,CENTRAL_ZONE_PROXY_ONLY
WC2022,Yann Sommer,Switzerland,False,FREE,LONG_LEFT,81,85,0.9529411764705882,4,0.04938271604938271,0.5,0.7960311768239606,-0.003557876266762644,NO
WC2022,Yann Sommer,Switzerland,False,FREE,LONG_RIGHT,81,85,0.9529411764705882,2,0.024691358024691357,1.0,0.7135089098532494,-0.00894842088467615,NO
WC2022,Yann Sommer,Switzerland,False,FREE,MEDIUM_CENTRAL,81,85,0.9529411764705882,1,0.012345679012345678,1.0,0.7922705314009661,-0.004048238192105258,CENTRAL_ZONE_PROXY_ONLY
WC2022,Yann Sommer,Switzerland,False,FREE,MEDIUM_LEFT,81,85,0.9529411764705882,3,0.037037037037037035,1.0,0.8946540880503145,-0.0027061472396936576,NO
WC2022,Yann Sommer,Switzerland,False,FREE,MEDIUM_RIGHT,81,85,0.9529411764705882,9,0.1111111111111111,1.0,0.8937888762590381,-0.0010394048767701316,NO
WC2022,Yann Sommer,Switzerland,False,FREE,SHORT_CENTRAL,81,85,0.9529411764705882,23,0.2839506172839506,1.0,0.8507092516966037,-0.002484095218132292,CENTRAL_ZONE_PROXY_ONLY
WC2022,Yann Sommer,Switzerland,False,FREE,SHORT_LEFT,81,85,0.9529411764705882,13,0.16049382716049382,1.0,0.80988723900474,-0.0031696376905529116,NO
WC2022,Yann Sommer,Switzerland,False,FREE,SHORT_RIGHT,81,85,0.9529411764705882,25,0.30864197530864196,1.0,0.8459458280761474,-0.0034106787789035804,NO
WC2022,Yann Sommer,Switzerland,False,PRESSURED,LONG_RIGHT,12,12,1.0,3,0.25,0.3333333333333333,0.6778784219001611,-0.0032704925174228024,NO
WC2022,Yann Sommer,Switzerland,False,PRESSURED,MEDIUM_LEFT,12,12,1.0,1,0.08333333333333333,1.0,0.6597222222222221,-0.004028578853979858,NO
WC2022,Yann Sommer,Switzerland,False,PRESSURED,MEDIUM_RIGHT,12,12,1.0,2,0.16666666666666666,1.0,0.6733393719806763,-0.003617986560187383,NO
WC2022,Yann Sommer,Switzerland,False,PRESSURED,SHORT_CENTRAL,12,12,1.0,3,0.25,1.0,0.6688003220611916,-0.006047403509331285,CENTRAL_ZONE_PROXY_ONLY
WC2022,Yann Sommer,Switzerland,False,PRESSURED,SHORT_LEFT,12,12,1.0,3,0.25,1.0,0.6688003220611916,-0.006238848521083192,NO
WC2022,Yann Sommer,Switzerland,True,FREE,LONG_LEFT,19,19,1.0,1,0.05263157894736842,1.0,0.7672955974842768,-0.00423098498017601,NO
WC2022,Yann Sommer,Switzerland,True,FREE,MEDIUM_LEFT,19,19,1.0,1,0.05263157894736842,1.0,0.6597222222222221,-0.008627238994818738,NO
WC2022,Yann Sommer,Switzerland,True,FREE,MEDIUM_RIGHT,19,19,1.0,3,0.15789473684210525,1.0,0.7700926845415426,-0.005542892177753899,NO
WC2022,Yann Sommer,Switzerland,True,FREE,SHORT_CENTRAL,19,19,1.0,6,0.3157894736842105,1.0,0.7744648171335275,-0.005057279522461808,CENTRAL_ZONE_PROXY_ONLY
WC2022,Yann Sommer,Switzerland,True,FREE,SHORT_LEFT,19,19,1.0,3,0.15789473684210525,1.0,0.7435226362323638,-0.005713033237984344,NO
WC2022,Yann Sommer,Switzerland,True,FREE,SHORT_RIGHT,19,19,1.0,5,0.2631578947368421,1.0,0.7186402789171453,-0.0073487995723065195,NO
WC2022,Yassine Bounou,Morocco,False,FREE,LONG_CENTRAL,109,127,0.8582677165354331,2,0.01834862385321101,0.5,0.8336352657004831,-0.0068374625868073404,CENTRAL_ZONE_PROXY_ONLY
WC2022,Yassine Bounou,Morocco,False,FREE,LONG_LEFT,109,127,0.8582677165354331,6,0.05504587155963303,0.6666666666666666,0.8033757450657905,-0.0030222418497452756,NO
WC2022,Yassine Bounou,Morocco,False,FREE,LONG_RIGHT,109,127,0.8582677165354331,7,0.06422018348623854,0.8571428571428571,0.7584077148879809,-0.004538840192922869,NO
WC2022,Yassine Bounou,Morocco,False,FREE,MEDIUM_CENTRAL,109,127,0.8582677165354331,4,0.03669724770642202,0.75,0.8850590011881463,-0.0008606125801177604,CENTRAL_ZONE_PROXY_ONLY
WC2022,Yassine Bounou,Morocco,False,FREE,MEDIUM_LEFT,109,127,0.8582677165354331,12,0.11009174311926606,1.0,0.8554662241016588,-0.0033707094226387985,NO
WC2022,Yassine Bounou,Morocco,False,FREE,MEDIUM_RIGHT,109,127,0.8582677165354331,1,0.009174311926605505,1.0,0.7288135593220338,-0.009793310181687609,NO
WC2022,Yassine Bounou,Morocco,False,FREE,SHORT_CENTRAL,109,127,0.8582677165354331,29,0.26605504587155965,1.0,0.850532932788272,-0.002237434448201572,CENTRAL_ZONE_PROXY_ONLY
WC2022,Yassine Bounou,Morocco,False,FREE,SHORT_LEFT,109,127,0.8582677165354331,19,0.1743119266055046,1.0,0.8374773280719732,-0.0026721591317847657,NO
WC2022,Yassine Bounou,Morocco,False,FREE,SHORT_RIGHT,109,127,0.8582677165354331,24,0.22018348623853212,1.0,0.8147442888034936,-0.0038234507000019947,NO
WC2022,Yassine Bounou,Morocco,False,FREE,VERY_LONG_LEFT,109,127,0.8582677165354331,5,0.045871559633027525,0.6,0.6468061053575219,-0.005279162483792789,NO
WC2022,Yassine Bounou,Morocco,False,PRESSURED,LONG_CENTRAL,20,25,0.8,3,0.15,0.3333333333333333,0.6616902616902617,-0.006624220247218375,CENTRAL_ZONE_PROXY_ONLY
WC2022,Yassine Bounou,Morocco,False,PRESSURED,LONG_LEFT,20,25,0.8,1,0.05,1.0,0.5945945945945945,-0.010548346437092796,NO
WC2022,Yassine Bounou,Morocco,False,PRESSURED,LONG_RIGHT,20,25,0.8,1,0.05,1.0,0.6952380952380952,-0.003935206737891843,NO
WC2022,Yassine Bounou,Morocco,False,PRESSURED,MEDIUM_LEFT,20,25,0.8,3,0.15,1.0,0.6728820830515746,-0.003691253480529545,NO
WC2022,Yassine Bounou,Morocco,False,PRESSURED,MEDIUM_RIGHT,20,25,0.8,3,0.15,1.0,0.6073982056590752,-0.005056184356298752,NO
WC2022,Yassine Bounou,Morocco,False,PRESSURED,SHORT_CENTRAL,20,25,0.8,3,0.15,1.0,0.5945945945945945,-0.005897374937569237,CENTRAL_ZONE_PROXY_ONLY
WC2022,Yassine Bounou,Morocco,False,PRESSURED,SHORT_LEFT,20,25,0.8,2,0.1,0.5,0.6449163449163449,-0.006400026101151665,NO
WC2022,Yassine Bounou,Morocco,False,PRESSURED,SHORT_RIGHT,20,25,0.8,3,0.15,1.0,0.6833994708994707,-0.006330988337252829,NO
WC2022,Yassine Bounou,Morocco,False,PRESSURED,VERY_LONG_LEFT,20,25,0.8,1,0.05,1.0,0.6952380952380952,-0.010005838998926944,NO
WC2022,Yassine Bounou,Morocco,True,FREE,LONG_CENTRAL,43,56,0.7678571428571429,1,0.023255813953488372,1.0,0.7719298245614035,-0.008492417503095765,CENTRAL_ZONE_PROXY_ONLY
WC2022,Yassine Bounou,Morocco,True,FREE,LONG_LEFT,43,56,0.7678571428571429,6,0.13953488372093023,1.0,0.7357548195913953,-0.00849315209084959,NO
WC2022,Yassine Bounou,Morocco,True,FREE,LONG_RIGHT,43,56,0.7678571428571429,6,0.13953488372093023,0.5,0.7591987505220773,-0.007553562592765128,NO
WC2022,Yassine Bounou,Morocco,True,FREE,MEDIUM_LEFT,43,56,0.7678571428571429,1,0.023255813953488372,1.0,0.7672955974842768,-0.006126994914976902,NO
WC2022,Yassine Bounou,Morocco,True,FREE,MEDIUM_RIGHT,43,56,0.7678571428571429,3,0.06976744186046512,1.0,0.7597743629644039,-0.006872219361263948,NO
WC2022,Yassine Bounou,Morocco,True,FREE,SHORT_CENTRAL,43,56,0.7678571428571429,5,0.11627906976744186,1.0,0.7595991898518284,-0.006063865125896062,CENTRAL_ZONE_PROXY_ONLY
WC2022,Yassine Bounou,Morocco,True,FREE,SHORT_LEFT,43,56,0.7678571428571429,3,0.06976744186046512,1.0,0.7680993409366336,-0.007077276580487687,NO
WC2022,Yassine Bounou,Morocco,True,FREE,SHORT_RIGHT,43,56,0.7678571428571429,10,0.23255813953488372,1.0,0.7689539926212487,-0.00753972351224684,NO
WC2022,Yassine Bounou,Morocco,True,FREE,VERY_LONG_LEFT,43,56,0.7678571428571429,7,0.16279069767441862,1.0,0.7851002595879393,-0.007011484980056895,NO
WC2022,Yassine Bounou,Morocco,True,FREE,VERY_LONG_RIGHT,43,56,0.7678571428571429,1,0.023255813953488372,1.0,0.7288135593220338,-0.009671710363379563,NO
WSL2021,Alexandra MacIver,Everton LFC,False,FREE,LONG_CENTRAL,598,640,0.934375,16,0.026755852842809364,0.5,0.792493572018736,-0.00430041193131964,CENTRAL_ZONE_PROXY_ONLY
WSL2021,Alexandra MacIver,Everton LFC,False,FREE,LONG_LEFT,598,640,0.934375,33,0.05518394648829431,0.7272727272727273,0.8132688690355776,-0.004095457758193886,NO
WSL2021,Alexandra MacIver,Everton LFC,False,FREE,LONG_RIGHT,598,640,0.934375,34,0.056856187290969896,0.5882352941176471,0.7854138737827508,-0.004009732468578704,NO
WSL2021,Alexandra MacIver,Everton LFC,False,FREE,MEDIUM_CENTRAL,598,640,0.934375,7,0.011705685618729096,0.7142857142857143,0.7391301051751327,-0.0036022196179776264,CENTRAL_ZONE_PROXY_ONLY
WSL2021,Alexandra MacIver,Everton LFC,False,FREE,MEDIUM_LEFT,598,640,0.934375,40,0.06688963210702341,0.9,0.8616429400090206,-0.003355755908615614,NO
WSL2021,Alexandra MacIver,Everton LFC,False,FREE,MEDIUM_RIGHT,598,640,0.934375,31,0.051839464882943144,0.8064516129032258,0.8706246784896612,-0.0015764738701035549,NO
WSL2021,Alexandra MacIver,Everton LFC,False,FREE,SHORT_CENTRAL,598,640,0.934375,126,0.21070234113712374,1.0,0.8780856519902451,-0.0017197025160094945,CENTRAL_ZONE_PROXY_ONLY
WSL2021,Alexandra MacIver,Everton LFC,False,FREE,SHORT_LEFT,598,640,0.934375,154,0.25752508361204013,0.974025974025974,0.8541716330739451,-0.002260670378592759,NO
WSL2021,Alexandra MacIver,Everton LFC,False,FREE,SHORT_RIGHT,598,640,0.934375,141,0.23578595317725753,1.0,0.8922354353103042,-0.0016005410742198438,NO
WSL2021,Alexandra MacIver,Everton LFC,False,FREE,VERY_LONG_CENTRAL,598,640,0.934375,1,0.0016722408026755853,0.0,0.3,-0.01476138049590023,CENTRAL_ZONE_PROXY_ONLY
WSL2021,Alexandra MacIver,Everton LFC,False,FREE,VERY_LONG_LEFT,598,640,0.934375,7,0.011705685618729096,0.5714285714285714,0.8419026416402812,-0.0008168551373506354,NO
WSL2021,Alexandra MacIver,Everton LFC,False,FREE,VERY_LONG_RIGHT,598,640,0.934375,8,0.013377926421404682,0.5,0.8073867213533639,-0.003477619644722839,NO
WSL2021,Alexandra MacIver,Everton LFC,False,PRESSURED,LONG_CENTRAL,32,44,0.7272727272727273,2,0.0625,0.5,0.39767441860465114,-0.01643438786842747,CENTRAL_ZONE_PROXY_ONLY
WSL2021,Alexandra MacIver,Everton LFC,False,PRESSURED,LONG_LEFT,32,44,0.7272727272727273,4,0.125,0.5,0.7434601889010953,-0.004955621041790636,NO
WSL2021,Alexandra MacIver,Everton LFC,False,PRESSURED,LONG_RIGHT,32,44,0.7272727272727273,7,0.21875,0.8571428571428571,0.6301720280190991,-0.006659619837423408,NO
WSL2021,Alexandra MacIver,Everton LFC,False,PRESSURED,MEDIUM_CENTRAL,32,44,0.7272727272727273,1,0.03125,1.0,0.4827586206896552,-0.0087361210218082,CENTRAL_ZONE_PROXY_ONLY
WSL2021,Alexandra MacIver,Everton LFC,False,PRESSURED,MEDIUM_LEFT,32,44,0.7272727272727273,2,0.0625,0.5,0.7295863309352518,-0.005755320328425436,NO
WSL2021,Alexandra MacIver,Everton LFC,False,PRESSURED,MEDIUM_RIGHT,32,44,0.7272727272727273,8,0.25,0.5,0.5171220587361481,-0.008971110677319313,NO
WSL2021,Alexandra MacIver,Everton LFC,False,PRESSURED,SHORT_CENTRAL,32,44,0.7272727272727273,2,0.0625,1.0,0.75953992921988,-0.005400022319449399,CENTRAL_ZONE_PROXY_ONLY
WSL2021,Alexandra MacIver,Everton LFC,False,PRESSURED,SHORT_LEFT,32,44,0.7272727272727273,4,0.125,1.0,0.6365110267286338,-0.008629132106719036,NO
WSL2021,Alexandra MacIver,Everton LFC,False,PRESSURED,SHORT_RIGHT,32,44,0.7272727272727273,1,0.03125,1.0,0.8283582089552238,-0.006329325796700089,NO
WSL2021,Alexandra MacIver,Everton LFC,False,PRESSURED,VERY_LONG_RIGHT,32,44,0.7272727272727273,1,0.03125,0.0,0.6907216494845362,-0.01330627216851347,NO
WSL2021,Alexandra MacIver,Everton LFC,True,FREE,LONG_CENTRAL,130,143,0.9090909090909091,9,0.06923076923076923,0.7777777777777778,0.7482450841548696,-0.0010141067861400993,CENTRAL_ZONE_PROXY_ONLY
WSL2021,Alexandra MacIver,Everton LFC,True,FREE,LONG_LEFT,130,143,0.9090909090909091,8,0.06153846153846154,0.5,0.7341864496747585,-0.0012176939225888713,NO
WSL2021,Alexandra MacIver,Everton LFC,True,FREE,LONG_RIGHT,130,143,0.9090909090909091,12,0.09230769230769231,0.5,0.6948416284374375,-0.0022960908215459903,NO
WSL2021,Alexandra MacIver,Everton LFC,True,FREE,MEDIUM_CENTRAL,130,143,0.9090909090909091,1,0.007692307692307693,1.0,0.8283582089552238,0.001953764153021022,CENTRAL_ZONE_PROXY_ONLY
WSL2021,Alexandra MacIver,Everton LFC,True,FREE,MEDIUM_RIGHT,130,143,0.9090909090909091,3,0.023076923076923078,1.0,0.765736014540323,-0.0019828770538952794,NO
WSL2021,Alexandra MacIver,Everton LFC,True,FREE,SHORT_CENTRAL,130,143,0.9090909090909091,37,0.2846153846153846,1.0,0.7487739063905369,-0.0013902025393604939,CENTRAL_ZONE_PROXY_ONLY
WSL2021,Alexandra MacIver,Everton LFC,True,FREE,SHORT_LEFT,130,143,0.9090909090909091,33,0.25384615384615383,1.0,0.7146518760042861,-0.0014833017433025588,NO
WSL2021,Alexandra MacIver,Everton LFC,True,FREE,SHORT_RIGHT,130,143,0.9090909090909091,25,0.19230769230769232,1.0,0.7768439374469449,-0.0019127844010468197,NO
WSL2021,Alexandra MacIver,Everton LFC,True,FREE,VERY_LONG_LEFT,130,143,0.9090909090909091,1,0.007692307692307693,0.0,0.6907216494845362,-0.0028744791035482968,NO
WSL2021,Alexandra MacIver,Everton LFC,True,FREE,VERY_LONG_RIGHT,130,143,0.9090909090909091,1,0.007692307692307693,1.0,0.675,-0.003896991566763261,NO
WSL2021,Ann-Katrin Berger,Chelsea FCW,False,FREE,LONG_CENTRAL,462,476,0.9705882352941176,20,0.04329004329004329,0.6,0.7307858605924491,-0.004572376976305613,CENTRAL_ZONE_PROXY_ONLY
WSL2021,Ann-Katrin Berger,Chelsea FCW,False,FREE,LONG_LEFT,462,476,0.9705882352941176,30,0.06493506493506493,0.7333333333333333,0.7910180181456206,-0.0032252089523412335,NO
WSL2021,Ann-Katrin Berger,Chelsea FCW,False,FREE,LONG_RIGHT,462,476,0.9705882352941176,23,0.049783549783549784,0.6086956521739131,0.7512047748254715,-0.004620440413137336,NO
WSL2021,Ann-Katrin Berger,Chelsea FCW,False,FREE,MEDIUM_CENTRAL,462,476,0.9705882352941176,17,0.0367965367965368,0.7058823529411765,0.8245985581877754,-0.0016644907764927375,CENTRAL_ZONE_PROXY_ONLY
WSL2021,Ann-Katrin Berger,Chelsea FCW,False,FREE,MEDIUM_LEFT,462,476,0.9705882352941176,55,0.11904761904761904,0.8181818181818182,0.827248087800855,-0.0022851653390211384,NO
WSL2021,Ann-Katrin Berger,Chelsea FCW,False,FREE,MEDIUM_RIGHT,462,476,0.9705882352941176,47,0.10173160173160173,0.8936170212765957,0.8712286676455132,-0.0023347862662104223,NO
WSL2021,Ann-Katrin Berger,Chelsea FCW,False,FREE,SHORT_CENTRAL,462,476,0.9705882352941176,84,0.18181818181818182,0.9880952380952381,0.8905054431473939,-0.001279640646900441,CENTRAL_ZONE_PROXY_ONLY
WSL2021,Ann-Katrin Berger,Chelsea FCW,False,FREE,SHORT_LEFT,462,476,0.9705882352941176,91,0.19696969696969696,0.989010989010989,0.8797941779787241,-0.0017919333177719321,NO
WSL2021,Ann-Katrin Berger,Chelsea FCW,False,FREE,SHORT_RIGHT,462,476,0.9705882352941176,85,0.18398268398268397,1.0,0.9005924287265421,-0.0009756438545785218,NO
WSL2021,Ann-Katrin Berger,Chelsea FCW,False,FREE,VERY_LONG_CENTRAL,462,476,0.9705882352941176,3,0.006493506493506494,0.3333333333333333,0.8151555074577708,-0.002814957793125244,CENTRAL_ZONE_PROXY_ONLY
WSL2021,Ann-Katrin Berger,Chelsea FCW,False,FREE,VERY_LONG_LEFT,462,476,0.9705882352941176,3,0.006493506493506494,1.0,0.5473684210526316,-0.0073608277954063,NO
WSL2021,Ann-Katrin Berger,Chelsea FCW,False,FREE,VERY_LONG_RIGHT,462,476,0.9705882352941176,4,0.008658008658008658,0.75,0.672275222349539,-0.005130245092582805,NO
WSL2021,Ann-Katrin Berger,Chelsea FCW,False,PRESSURED,LONG_CENTRAL,49,57,0.8596491228070176,4,0.08163265306122448,0.0,0.5818676492325109,-0.006176306006494696,CENTRAL_ZONE_PROXY_ONLY
WSL2021,Ann-Katrin Berger,Chelsea FCW,False,PRESSURED,LONG_LEFT,49,57,0.8596491228070176,4,0.08163265306122448,0.25,0.6333529269910171,-0.0097256128792336,NO
WSL2021,Ann-Katrin Berger,Chelsea FCW,False,PRESSURED,LONG_RIGHT,49,57,0.8596491228070176,9,0.1836734693877551,0.3333333333333333,0.5755024537031493,-0.008029281315130345,NO
WSL2021,Ann-Katrin Berger,Chelsea FCW,False,PRESSURED,MEDIUM_CENTRAL,49,57,0.8596491228070176,4,0.08163265306122448,0.0,0.6052083333333333,-0.008298101395813813,CENTRAL_ZONE_PROXY_ONLY
WSL2021,Ann-Katrin Berger,Chelsea FCW,False,PRESSURED,MEDIUM_LEFT,49,57,0.8596491228070176,2,0.04081632653061224,0.5,0.6307726208431426,-0.007864794156993931,NO
WSL2021,Ann-Katrin Berger,Chelsea FCW,False,PRESSURED,MEDIUM_RIGHT,49,57,0.8596491228070176,7,0.14285714285714285,0.7142857142857143,0.6125694142523672,-0.009199773975041247,NO
WSL2021,Ann-Katrin Berger,Chelsea FCW,False,PRESSURED,SHORT_CENTRAL,49,57,0.8596491228070176,7,0.14285714285714285,1.0,0.6731634062631715,-0.004958327630049042,CENTRAL_ZONE_PROXY_ONLY
WSL2021,Ann-Katrin Berger,Chelsea FCW,False,PRESSURED,SHORT_LEFT,49,57,0.8596491228070176,6,0.12244897959183673,0.8333333333333334,0.7194517965910349,-0.005480544229739822,NO
WSL2021,Ann-Katrin Berger,Chelsea FCW,False,PRESSURED,SHORT_RIGHT,49,57,0.8596491228070176,6,0.12244897959183673,1.0,0.578618299850176,-0.009654550457550872,NO
WSL2021,Ann-Katrin Berger,Chelsea FCW,True,FREE,LONG_CENTRAL,92,96,0.9583333333333334,2,0.021739130434782608,0.5,0.7957981651376147,0.0005831815521113023,CENTRAL_ZONE_PROXY_ONLY
WSL2021,Ann-Katrin Berger,Chelsea FCW,True,FREE,LONG_LEFT,92,96,0.9583333333333334,13,0.14130434782608695,0.5384615384615384,0.7370488218485597,-0.0017426378340395317,NO
WSL2021,Ann-Katrin Berger,Chelsea FCW,True,FREE,LONG_RIGHT,92,96,0.9583333333333334,7,0.07608695652173914,1.0,0.7172135530695544,-0.0022266077946959425,NO
WSL2021,Ann-Katrin Berger,Chelsea FCW,True,FREE,MEDIUM_CENTRAL,92,96,0.9583333333333334,4,0.043478260869565216,1.0,0.7259770530284557,-0.001331706012272817,CENTRAL_ZONE_PROXY_ONLY
WSL2021,Ann-Katrin Berger,Chelsea FCW,True,FREE,MEDIUM_LEFT,92,96,0.9583333333333334,6,0.06521739130434782,1.0,0.7719660629523674,-0.0003666589058068746,NO
WSL2021,Ann-Katrin Berger,Chelsea FCW,True,FREE,MEDIUM_RIGHT,92,96,0.9583333333333334,6,0.06521739130434782,1.0,0.7846449596596227,-0.0003878847683509508,NO
WSL2021,Ann-Katrin Berger,Chelsea FCW,True,FREE,SHORT_CENTRAL,92,96,0.9583333333333334,25,0.2717391304347826,1.0,0.7917642603315851,-0.0003683277186750028,CENTRAL_ZONE_PROXY_ONLY
WSL2021,Ann-Katrin Berger,Chelsea FCW,True,FREE,SHORT_LEFT,92,96,0.9583333333333334,11,0.11956521739130435,1.0,0.770053481739151,-0.000362151026516434,NO
WSL2021,Ann-Katrin Berger,Chelsea FCW,True,FREE,SHORT_RIGHT,92,96,0.9583333333333334,17,0.18478260869565216,1.0,0.7991205682600936,-0.0003180891614008685,NO
WSL2021,Ann-Katrin Berger,Chelsea FCW,True,FREE,VERY_LONG_RIGHT,92,96,0.9583333333333334,1,0.010869565217391304,0.0,0.7841726618705036,-0.0008238707103799744,NO
WSL2021,Aurora Watten Mikalsen,Tottenham Hotspur Women,False,FREE,LONG_CENTRAL,106,110,0.9636363636363636,7,0.0660377358490566,0.5714285714285714,0.6795497979848094,-0.007166515160968852,CENTRAL_ZONE_PROXY_ONLY
WSL2021,Aurora Watten Mikalsen,Tottenham Hotspur Women,False,FREE,LONG_LEFT,106,110,0.9636363636363636,5,0.04716981132075472,0.6,0.8828361446814809,-0.00023202445278546494,NO
WSL2021,Aurora Watten Mikalsen,Tottenham Hotspur Women,False,FREE,LONG_RIGHT,106,110,0.9636363636363636,7,0.0660377358490566,0.42857142857142855,0.7615522428007163,-0.004457399970997579,NO
WSL2021,Aurora Watten Mikalsen,Tottenham Hotspur Women,False,FREE,MEDIUM_CENTRAL,106,110,0.9636363636363636,8,0.07547169811320754,0.375,0.8766762638676944,-0.002155720095594865,CENTRAL_ZONE_PROXY_ONLY
WSL2021,Aurora Watten Mikalsen,Tottenham Hotspur Women,False,FREE,MEDIUM_LEFT,106,110,0.9636363636363636,12,0.11320754716981132,0.8333333333333334,0.8487752633562301,-0.002586242916182452,NO
WSL2021,Aurora Watten Mikalsen,Tottenham Hotspur Women,False,FREE,MEDIUM_RIGHT,106,110,0.9636363636363636,9,0.08490566037735849,0.8888888888888888,0.8841456299093798,-0.0031029056640610067,NO
WSL2021,Aurora Watten Mikalsen,Tottenham Hotspur Women,False,FREE,SHORT_CENTRAL,106,110,0.9636363636363636,24,0.22641509433962265,1.0,0.9120215216514286,-0.002361155166428225,CENTRAL_ZONE_PROXY_ONLY
WSL2021,Aurora Watten Mikalsen,Tottenham Hotspur Women,False,FREE,SHORT_LEFT,106,110,0.9636363636363636,15,0.14150943396226415,1.0,0.9188822193911537,-0.0014087137873663724,NO
WSL2021,Aurora Watten Mikalsen,Tottenham Hotspur Women,False,FREE,SHORT_RIGHT,106,110,0.9636363636363636,17,0.16037735849056603,1.0,0.9221026124919557,-0.002071770656120537,NO
WSL2021,Aurora Watten Mikalsen,Tottenham Hotspur Women,False,FREE,VERY_LONG_RIGHT,106,110,0.9636363636363636,2,0.018867924528301886,1.0,0.4187270501835985,-0.012365827715476398,NO
WSL2021,Aurora Watten Mikalsen,Tottenham Hotspur Women,False,PRESSURED,LONG_LEFT,7,8,0.875,1,0.14285714285714285,0.0,0.6907216494845362,-0.007037409219762865,NO
WSL2021,Aurora Watten Mikalsen,Tottenham Hotspur Women,False,PRESSURED,LONG_RIGHT,7,8,0.875,2,0.2857142857142857,0.5,0.6930922827846735,-0.009165924749658223,NO
WSL2021,Aurora Watten Mikalsen,Tottenham Hotspur Women,False,PRESSURED,MEDIUM_LEFT,7,8,0.875,2,0.2857142857142857,0.5,0.7149410222804718,-0.007473241597256488,NO
WSL2021,Aurora Watten Mikalsen,Tottenham Hotspur Women,False,PRESSURED,SHORT_CENTRAL,7,8,0.875,1,0.14285714285714285,1.0,0.8283582089552238,-0.006573101233729978,CENTRAL_ZONE_PROXY_ONLY
WSL2021,Aurora Watten Mikalsen,Tottenham Hotspur Women,False,PRESSURED,SHORT_RIGHT,7,8,0.875,1,0.14285714285714285,1.0,0.7841726618705036,-0.006149243482062593,NO
WSL2021,Aurora Watten Mikalsen,Tottenham Hotspur Women,True,FREE,LONG_CENTRAL,54,56,0.9642857142857143,3,0.05555555555555555,0.6666666666666666,0.7838265991251513,-0.0016867806333815006,CENTRAL_ZONE_PROXY_ONLY
WSL2021,Aurora Watten Mikalsen,Tottenham Hotspur Women,True,FREE,LONG_LEFT,54,56,0.9642857142857143,4,0.07407407407407407,0.5,0.8094102527992,-0.0012399109955429908,NO
WSL2021,Aurora Watten Mikalsen,Tottenham Hotspur Women,True,FREE,LONG_RIGHT,54,56,0.9642857142857143,5,0.09259259259259259,0.6,0.8651551440064065,0.0001491687831244763,NO
WSL2021,Aurora Watten Mikalsen,Tottenham Hotspur Women,True,FREE,MEDIUM_CENTRAL,54,56,0.9642857142857143,3,0.05555555555555555,0.6666666666666666,0.821273922505665,-0.0010285372423751845,CENTRAL_ZONE_PROXY_ONLY
WSL2021,Aurora Watten Mikalsen,Tottenham Hotspur Women,True,FREE,MEDIUM_LEFT,54,56,0.9642857142857143,5,0.09259259259259259,0.8,0.7614464298778038,-0.0019396465954168614,NO
WSL2021,Aurora Watten Mikalsen,Tottenham Hotspur Women,True,FREE,MEDIUM_RIGHT,54,56,0.9642857142857143,5,0.09259259259259259,0.8,0.8684493530909532,-0.0005085124431557993,NO
WSL2021,Aurora Watten Mikalsen,Tottenham Hotspur Women,True,FREE,SHORT_CENTRAL,54,56,0.9642857142857143,3,0.05555555555555555,1.0,0.7768773387576909,-0.0015611228942016317,CENTRAL_ZONE_PROXY_ONLY
WSL2021,Aurora Watten Mikalsen,Tottenham Hotspur Women,True,FREE,SHORT_LEFT,54,56,0.9642857142857143,10,0.18518518518518517,1.0,0.7417803510871356,-0.0017989695610389847,NO
WSL2021,Aurora Watten Mikalsen,Tottenham Hotspur Women,True,FREE,SHORT_RIGHT,54,56,0.9642857142857143,16,0.2962962962962963,1.0,0.8349638250246845,-0.0007724637831985495,NO
WSL2021,Benedicte Håland,Bristol City WFC,False,FREE,MEDIUM_LEFT,21,24,0.875,1,0.047619047619047616,1.0,0.8283582089552238,-0.006452411866636798,NO
WSL2021,Benedicte Håland,Bristol City WFC,False,FREE,MEDIUM_RIGHT,21,24,0.875,2,0.09523809523809523,1.0,0.9074223477208552,-0.0018431001073876906,NO
WSL2021,Benedicte Håland,Bristol City WFC,False,FREE,SHORT_CENTRAL,21,24,0.875,3,0.14285714285714285,1.0,0.7989011775654103,-0.0016410484079211172,CENTRAL_ZONE_PROXY_ONLY
WSL2021,Benedicte Håland,Bristol City WFC,False,FREE,SHORT_LEFT,21,24,0.875,8,0.38095238095238093,1.0,0.7893863477374694,-0.0032344199415363767,NO
WSL2021,Benedicte Håland,Bristol City WFC,False,FREE,SHORT_RIGHT,21,24,0.875,7,0.3333333333333333,1.0,0.8170966436670292,-0.0033680917844214234,NO
WSL2021,Benedicte Håland,Bristol City WFC,False,PRESSURED,LONG_LEFT,3,3,1.0,1,0.3333333333333333,0.0,0.7841726618705036,-0.0076310043587571545,NO
WSL2021,Benedicte Håland,Bristol City WFC,False,PRESSURED,MEDIUM_CENTRAL,3,3,1.0,1,0.3333333333333333,0.0,0.4,-0.01496607446369939,CENTRAL_ZONE_PROXY_ONLY
WSL2021,Benedicte Håland,Bristol City WFC,False,PRESSURED,MEDIUM_LEFT,3,3,1.0,1,0.3333333333333333,1.0,0.5609756097560976,-0.009000399169971737,NO
WSL2021,Benedicte Håland,Bristol City WFC,True,FREE,LONG_LEFT,8,10,0.8,1,0.125,0.0,0.7841726618705036,0.0007716110295993609,NO
WSL2021,Benedicte Håland,Bristol City WFC,True,FREE,MEDIUM_LEFT,8,10,0.8,2,0.25,1.0,0.6725741358133006,-0.0022141287620755885,NO
WSL2021,Benedicte Håland,Bristol City WFC,True,FREE,SHORT_CENTRAL,8,10,0.8,1,0.125,1.0,0.675,-0.003896991566763261,CENTRAL_ZONE_PROXY_ONLY
WSL2021,Benedicte Håland,Bristol City WFC,True,FREE,SHORT_LEFT,8,10,0.8,2,0.25,1.0,0.6179878048780488,-0.0036745475159162817,NO
WSL2021,Benedicte Håland,Bristol City WFC,True,FREE,SHORT_RIGHT,8,10,0.8,2,0.25,1.0,0.8482907104972957,-0.0007410407694764891,NO
WSL2021,Carly Mitchell Telford,Chelsea FCW,False,FREE,LONG_LEFT,65,67,0.9701492537313433,2,0.03076923076923077,1.0,0.7677672955974844,-0.009401017120944455,NO
WSL2021,Carly Mitchell Telford,Chelsea FCW,False,FREE,MEDIUM_CENTRAL,65,67,0.9701492537313433,2,0.03076923076923077,1.0,0.8325803306962618,-0.0020637669743435692,CENTRAL_ZONE_PROXY_ONLY
WSL2021,Carly Mitchell Telford,Chelsea FCW,False,FREE,MEDIUM_LEFT,65,67,0.9701492537313433,9,0.13846153846153847,1.0,0.8514657626918996,-0.0018970131355798639,NO
WSL2021,Carly Mitchell Telford,Chelsea FCW,False,FREE,MEDIUM_RIGHT,65,67,0.9701492537313433,4,0.06153846153846154,1.0,0.944752182758861,-0.0009306852133693311,NO
WSL2021,Carly Mitchell Telford,Chelsea FCW,False,FREE,SHORT_CENTRAL,65,67,0.9701492537313433,16,0.24615384615384617,1.0,0.8866699064117198,-0.0020029623965755684,CENTRAL_ZONE_PROXY_ONLY
WSL2021,Carly Mitchell Telford,Chelsea FCW,False,FREE,SHORT_LEFT,65,67,0.9701492537313433,20,0.3076923076923077,1.0,0.8893097951304394,-0.0012396116561044317,NO
WSL2021,Carly Mitchell Telford,Chelsea FCW,False,FREE,SHORT_RIGHT,65,67,0.9701492537313433,12,0.18461538461538463,1.0,0.8604668235180429,-0.001962247119476844,NO
WSL2021,Carly Mitchell Telford,Chelsea FCW,False,PRESSURED,MEDIUM_LEFT,6,8,0.75,1,0.16666666666666666,1.0,0.7028985507246377,-0.009480013338537192,NO
WSL2021,Carly Mitchell Telford,Chelsea FCW,False,PRESSURED,MEDIUM_RIGHT,6,8,0.75,2,0.3333333333333333,1.0,0.5430555555555556,-0.003923923380566879,NO
WSL2021,Carly Mitchell Telford,Chelsea FCW,False,PRESSURED,SHORT_LEFT,6,8,0.75,3,0.5,1.0,0.7202768861654184,-0.004020959717799539,NO
WSL2021,Carly Mitchell Telford,Chelsea FCW,True,FREE,MEDIUM_LEFT,10,11,0.9090909090909091,2,0.2,1.0,0.8187919463087249,0.001073964884334577,NO
WSL2021,Carly Mitchell Telford,Chelsea FCW,True,FREE,MEDIUM_RIGHT,10,11,0.9090909090909091,1,0.1,1.0,0.8505747126436781,0.0019133204694940726,NO
WSL2021,Carly Mitchell Telford,Chelsea FCW,True,FREE,SHORT_CENTRAL,10,11,0.9090909090909091,1,0.1,1.0,0.7550335570469798,-0.002418997426711854,CENTRAL_ZONE_PROXY_ONLY
WSL2021,Carly Mitchell Telford,Chelsea FCW,True,FREE,SHORT_LEFT,10,11,0.9090909090909091,5,0.5,1.0,0.7833344864964599,-0.0001665553267924065,NO
WSL2021,Carly Mitchell Telford,Chelsea FCW,True,FREE,SHORT_RIGHT,10,11,0.9090909090909091,1,0.1,1.0,0.8505747126436781,0.0019133204694940726,NO
WSL2021,Cecilie Fiskerstrand,Brighton & Hove Albion WFC,False,FREE,LONG_CENTRAL,193,213,0.9061032863849765,10,0.05181347150259067,0.5,0.6722841011436519,-0.006579425579103211,CENTRAL_ZONE_PROXY_ONLY
WSL2021,Cecilie Fiskerstrand,Brighton & Hove Albion WFC,False,FREE,LONG_LEFT,193,213,0.9061032863849765,8,0.04145077720207254,0.625,0.7115482301047826,-0.004840511566813446,NO
WSL2021,Cecilie Fiskerstrand,Brighton & Hove Albion WFC,False,FREE,LONG_RIGHT,193,213,0.9061032863849765,20,0.10362694300518134,0.45,0.7278413906222401,-0.003979465780630073,NO
WSL2021,Cecilie Fiskerstrand,Brighton & Hove Albion WFC,False,FREE,MEDIUM_CENTRAL,193,213,0.9061032863849765,9,0.046632124352331605,0.4444444444444444,0.75794899878953,-0.0033811903206518315,CENTRAL_ZONE_PROXY_ONLY
WSL2021,Cecilie Fiskerstrand,Brighton & Hove Albion WFC,False,FREE,MEDIUM_LEFT,193,213,0.9061032863849765,20,0.10362694300518134,0.85,0.8974879837585771,-0.0012718307820375843,NO
WSL2021,Cecilie Fiskerstrand,Brighton & Hove Albion WFC,False,FREE,MEDIUM_RIGHT,193,213,0.9061032863849765,43,0.22279792746113988,0.7209302325581395,0.7929969062884371,-0.0035945500493561704,NO
WSL2021,Cecilie Fiskerstrand,Brighton & Hove Albion WFC,False,FREE,SHORT_CENTRAL,193,213,0.9061032863849765,13,0.06735751295336788,1.0,0.8827229966435064,-0.0015137780537278654,CENTRAL_ZONE_PROXY_ONLY
WSL2021,Cecilie Fiskerstrand,Brighton & Hove Albion WFC,False,FREE,SHORT_LEFT,193,213,0.9061032863849765,24,0.12435233160621761,1.0,0.8189572493551879,-0.0035068468440801596,NO
WSL2021,Cecilie Fiskerstrand,Brighton & Hove Albion WFC,False,FREE,SHORT_RIGHT,193,213,0.9061032863849765,44,0.22797927461139897,0.9772727272727273,0.8460764098650924,-0.0030481446235951764,NO
WSL2021,Cecilie Fiskerstrand,Brighton & Hove Albion WFC,False,FREE,VERY_LONG_CENTRAL,193,213,0.9061032863849765,1,0.0051813471502590676,1.0,0.4421052631578947,-0.010947706039201359,CENTRAL_ZONE_PROXY_ONLY
WSL2021,Cecilie Fiskerstrand,Brighton & Hove Albion WFC,False,FREE,VERY_LONG_RIGHT,193,213,0.9061032863849765,1,0.0051813471502590676,1.0,1.0,0.004566177131497066,NO
WSL2021,Cecilie Fiskerstrand,Brighton & Hove Albion WFC,False,PRESSURED,LONG_RIGHT,8,10,0.8,2,0.25,0.0,0.47947454844006565,-0.01105045357420575,NO
WSL2021,Cecilie Fiskerstrand,Brighton & Hove Albion WFC,False,PRESSURED,MEDIUM_CENTRAL,8,10,0.8,2,0.25,0.5,0.6943396226415094,-0.004939649704209913,CENTRAL_ZONE_PROXY_ONLY
WSL2021,Cecilie Fiskerstrand,Brighton & Hove Albion WFC,False,PRESSURED,MEDIUM_LEFT,8,10,0.8,3,0.375,0.3333333333333333,0.607788671023965,-0.0063084889783270376,NO
WSL2021,Cecilie Fiskerstrand,Brighton & Hove Albion WFC,False,PRESSURED,SHORT_CENTRAL,8,10,0.8,1,0.125,1.0,0.47619047619047616,-0.011475983323831526,CENTRAL_ZONE_PROXY_ONLY
WSL2021,Cecilie Fiskerstrand,Brighton & Hove Albion WFC,True,FREE,LONG_CENTRAL,63,72,0.875,4,0.06349206349206349,0.75,0.7548076923076923,-0.0010129694805602464,CENTRAL_ZONE_PROXY_ONLY
WSL2021,Cecilie Fiskerstrand,Brighton & Hove Albion WFC,True,FREE,LONG_LEFT,63,72,0.875,11,0.1746031746031746,0.5454545454545454,0.7177233285573998,-0.0017230122779069996,NO
WSL2021,Cecilie Fiskerstrand,Brighton & Hove Albion WFC,True,FREE,LONG_RIGHT,63,72,0.875,6,0.09523809523809523,0.5,0.7154341350341631,-0.001869291302588343,NO
WSL2021,Cecilie Fiskerstrand,Brighton & Hove Albion WFC,True,FREE,MEDIUM_LEFT,63,72,0.875,3,0.047619047619047616,1.0,0.6864224935257122,-0.0022551798406072183,NO
WSL2021,Cecilie Fiskerstrand,Brighton & Hove Albion WFC,True,FREE,MEDIUM_RIGHT,63,72,0.875,5,0.07936507936507936,1.0,0.6865508533191782,-0.002709198937474586,NO
WSL2021,Cecilie Fiskerstrand,Brighton & Hove Albion WFC,True,FREE,SHORT_CENTRAL,63,72,0.875,10,0.15873015873015872,1.0,0.6527125406805212,-0.0033764211237627033,CENTRAL_ZONE_PROXY_ONLY
WSL2021,Cecilie Fiskerstrand,Brighton & Hove Albion WFC,True,FREE,SHORT_LEFT,63,72,0.875,10,0.15873015873015872,1.0,0.7200924356135671,-0.0016991332073346042,NO
WSL2021,Cecilie Fiskerstrand,Brighton & Hove Albion WFC,True,FREE,SHORT_RIGHT,63,72,0.875,14,0.2222222222222222,0.9285714285714286,0.7797212892508896,-0.0010160300751328067,NO
WSL2021,Courtney Brosnan,West Ham United LFC,False,FREE,LONG_CENTRAL,130,146,0.8904109589041096,29,0.2230769230769231,0.5517241379310345,0.6774554277212281,-0.006705183842659257,CENTRAL_ZONE_PROXY_ONLY
WSL2021,Courtney Brosnan,West Ham United LFC,False,FREE,LONG_LEFT,130,146,0.8904109589041096,15,0.11538461538461539,0.6666666666666666,0.7390136793080123,-0.0032029919923223095,NO
WSL2021,Courtney Brosnan,West Ham United LFC,False,FREE,LONG_RIGHT,130,146,0.8904109589041096,26,0.2,0.6923076923076923,0.7097016581164468,-0.00530891759977612,NO
WSL2021,Courtney Brosnan,West Ham United LFC,False,FREE,MEDIUM_LEFT,130,146,0.8904109589041096,13,0.1,0.9230769230769231,0.8809260996981533,-0.002726502745482726,NO
WSL2021,Courtney Brosnan,West Ham United LFC,False,FREE,MEDIUM_RIGHT,130,146,0.8904109589041096,13,0.1,1.0,0.8695513555107828,-0.0021143476520335065,NO
WSL2021,Courtney Brosnan,West Ham United LFC,False,FREE,SHORT_CENTRAL,130,146,0.8904109589041096,6,0.046153846153846156,1.0,0.932972095942202,-0.001838376670618354,CENTRAL_ZONE_PROXY_ONLY
WSL2021,Courtney Brosnan,West Ham United LFC,False,FREE,SHORT_LEFT,130,146,0.8904109589041096,10,0.07692307692307693,1.0,0.8479502708067818,-0.003128545461430379,NO
WSL2021,Courtney Brosnan,West Ham United LFC,False,FREE,SHORT_RIGHT,130,146,0.8904109589041096,13,0.1,1.0,0.8923717180571338,-0.002729683003032941,NO
WSL2021,Courtney Brosnan,West Ham United LFC,False,FREE,VERY_LONG_CENTRAL,130,146,0.8904109589041096,2,0.015384615384615385,1.0,0.6154990842490842,-0.00639867718869968,CENTRAL_ZONE_PROXY_ONLY
WSL2021,Courtney Brosnan,West Ham United LFC,False,FREE,VERY_LONG_LEFT,130,146,0.8904109589041096,1,0.007692307692307693,1.0,0.8461538461538461,-0.0038159925359733692,NO
WSL2021,Courtney Brosnan,West Ham United LFC,False,FREE,VERY_LONG_RIGHT,130,146,0.8904109589041096,2,0.015384615384615385,0.0,0.3726744186046511,-0.012619379870195787,NO
WSL2021,Courtney Brosnan,West Ham United LFC,False,PRESSURED,LONG_CENTRAL,12,12,1.0,1,0.08333333333333333,1.0,0.6705882352941176,-0.011116210196273194,CENTRAL_ZONE_PROXY_ONLY
WSL2021,Courtney Brosnan,West Ham United LFC,False,PRESSURED,LONG_LEFT,12,12,1.0,1,0.08333333333333333,1.0,0.6705882352941176,-0.01641627957822514,NO
WSL2021,Courtney Brosnan,West Ham United LFC,False,PRESSURED,LONG_RIGHT,12,12,1.0,2,0.16666666666666666,0.5,0.6835748792270532,-0.006062446518525048,NO
WSL2021,Courtney Brosnan,West Ham United LFC,False,PRESSURED,MEDIUM_LEFT,12,12,1.0,3,0.25,0.6666666666666666,0.6949786509722463,-0.006239446039083216,NO
WSL2021,Courtney Brosnan,West Ham United LFC,False,PRESSURED,MEDIUM_RIGHT,12,12,1.0,2,0.16666666666666666,0.5,0.45476190476190476,-0.010325027181118145,NO
WSL2021,Courtney Brosnan,West Ham United LFC,False,PRESSURED,SHORT_LEFT,12,12,1.0,2,0.16666666666666666,1.0,0.6705882352941176,-0.008668612903372312,NO
WSL2021,Courtney Brosnan,West Ham United LFC,False,PRESSURED,SHORT_RIGHT,12,12,1.0,1,0.08333333333333333,1.0,0.6705882352941176,-0.007897153980864557,NO
WSL2021,Courtney Brosnan,West Ham United LFC,True,FREE,LONG_CENTRAL,40,47,0.851063829787234,6,0.15,0.8333333333333334,0.771398776268612,-0.00036547878964570893,CENTRAL_ZONE_PROXY_ONLY
WSL2021,Courtney Brosnan,West Ham United LFC,True,FREE,LONG_LEFT,40,47,0.851063829787234,20,0.5,0.65,0.7554069927794187,-0.0003361299932985334,NO
WSL2021,Courtney Brosnan,West Ham United LFC,True,FREE,LONG_RIGHT,40,47,0.851063829787234,5,0.125,0.6,0.7296460229577403,-0.001301440930912292,NO
WSL2021,Courtney Brosnan,West Ham United LFC,True,FREE,MEDIUM_CENTRAL,40,47,0.851063829787234,1,0.025,0.0,0.7155963302752294,-0.0009449052437373795,CENTRAL_ZONE_PROXY_ONLY
WSL2021,Courtney Brosnan,West Ham United LFC,True,FREE,MEDIUM_LEFT,40,47,0.851063829787234,3,0.075,0.3333333333333333,0.6855909336211549,-0.0018084475201631577,NO
WSL2021,Courtney Brosnan,West Ham United LFC,True,FREE,SHORT_RIGHT,40,47,0.851063829787234,3,0.075,1.0,0.7940212150433944,-0.0007991343125616649,NO
WSL2021,Courtney Brosnan,West Ham United LFC,True,FREE,VERY_LONG_CENTRAL,40,47,0.851063829787234,1,0.025,0.0,0.6705882352941176,-0.002240218658376047,CENTRAL_ZONE_PROXY_ONLY
WSL2021,Courtney Brosnan,West Ham United LFC,True,FREE,VERY_LONG_LEFT,40,47,0.851063829787234,1,0.025,0.0,0.7155963302752294,-0.0009449052437373795,NO
WSL2021,Ellie Roebuck,Manchester City WFC,False,FREE,LONG_CENTRAL,638,652,0.9785276073619632,5,0.007836990595611285,0.4,0.7376094145107956,-0.00407172748789097,CENTRAL_ZONE_PROXY_ONLY
WSL2021,Ellie Roebuck,Manchester City WFC,False,FREE,LONG_LEFT,638,652,0.9785276073619632,7,0.0109717868338558,0.7142857142857143,0.7909238615916829,-0.0021743099473279346,NO
WSL2021,Ellie Roebuck,Manchester City WFC,False,FREE,LONG_RIGHT,638,652,0.9785276073619632,12,0.018808777429467086,0.6666666666666666,0.7538262278751594,-0.003209058192916919,NO
WSL2021,Ellie Roebuck,Manchester City WFC,False,FREE,MEDIUM_CENTRAL,638,652,0.9785276073619632,12,0.018808777429467086,0.9166666666666666,0.8254156516201517,-0.000979690387606282,CENTRAL_ZONE_PROXY_ONLY
WSL2021,Ellie Roebuck,Manchester City WFC,False,FREE,MEDIUM_LEFT,638,652,0.9785276073619632,32,0.050156739811912224,0.96875,0.8506714020019458,-0.002574547558203226,NO
WSL2021,Ellie Roebuck,Manchester City WFC,False,FREE,MEDIUM_RIGHT,638,652,0.9785276073619632,52,0.08150470219435736,0.9615384615384616,0.8260743492293414,-0.0031338579686092174,NO
WSL2021,Ellie Roebuck,Manchester City WFC,False,FREE,SHORT_CENTRAL,638,652,0.9785276073619632,181,0.2836990595611285,1.0,0.8664299080179134,-0.00162654879544106,CENTRAL_ZONE_PROXY_ONLY
WSL2021,Ellie Roebuck,Manchester City WFC,False,FREE,SHORT_LEFT,638,652,0.9785276073619632,139,0.21786833855799373,1.0,0.8426998266771404,-0.0026650701649961342,NO
WSL2021,Ellie Roebuck,Manchester City WFC,False,FREE,SHORT_RIGHT,638,652,0.9785276073619632,196,0.3072100313479624,1.0,0.8368585552584985,-0.0025373482373642134,NO
WSL2021,Ellie Roebuck,Manchester City WFC,False,FREE,VERY_LONG_LEFT,638,652,0.9785276073619632,1,0.001567398119122257,1.0,0.4421052631578947,-0.009151490290029308,NO
WSL2021,Ellie Roebuck,Manchester City WFC,False,FREE,VERY_LONG_RIGHT,638,652,0.9785276073619632,1,0.001567398119122257,1.0,0.7563025210084033,-0.004189121132725773,NO
WSL2021,Ellie Roebuck,Manchester City WFC,False,PRESSURED,LONG_LEFT,46,52,0.8846153846153846,1,0.021739130434782608,0.0,0.7666666666666667,-0.008922182639599747,NO
WSL2021,Ellie Roebuck,Manchester City WFC,False,PRESSURED,LONG_RIGHT,46,52,0.8846153846153846,1,0.021739130434782608,1.0,0.7028985507246377,-0.004957826013368154,NO
WSL2021,Ellie Roebuck,Manchester City WFC,False,PRESSURED,MEDIUM_CENTRAL,46,52,0.8846153846153846,2,0.043478260869565216,0.5,0.6611502984264785,-0.00474343798858505,CENTRAL_ZONE_PROXY_ONLY
WSL2021,Ellie Roebuck,Manchester City WFC,False,PRESSURED,MEDIUM_LEFT,46,52,0.8846153846153846,4,0.08695652173913043,0.5,0.6939575246137709,-0.008198354441205593,NO
WSL2021,Ellie Roebuck,Manchester City WFC,False,PRESSURED,MEDIUM_RIGHT,46,52,0.8846153846153846,3,0.06521739130434782,0.6666666666666666,0.6011383826455162,-0.008605964679345395,NO
WSL2021,Ellie Roebuck,Manchester City WFC,False,PRESSURED,SHORT_CENTRAL,46,52,0.8846153846153846,14,0.30434782608695654,1.0,0.6422033326019461,-0.007389154605593252,CENTRAL_ZONE_PROXY_ONLY
WSL2021,Ellie Roebuck,Manchester City WFC,False,PRESSURED,SHORT_LEFT,46,52,0.8846153846153846,7,0.15217391304347827,1.0,0.6425590973776798,-0.005684187760245687,NO
WSL2021,Ellie Roebuck,Manchester City WFC,False,PRESSURED,SHORT_RIGHT,46,52,0.8846153846153846,14,0.30434782608695654,1.0,0.5978566533440148,-0.0067461410029328135,NO
WSL2021,Ellie Roebuck,Manchester City WFC,True,FREE,LONG_CENTRAL,102,105,0.9714285714285714,1,0.00980392156862745,1.0,0.6907216494845362,-0.0022123314625862936,CENTRAL_ZONE_PROXY_ONLY
WSL2021,Ellie Roebuck,Manchester City WFC,True,FREE,LONG_RIGHT,102,105,0.9714285714285714,6,0.058823529411764705,0.5,0.7210241582916549,-0.0014564040398415976,NO
WSL2021,Ellie Roebuck,Manchester City WFC,True,FREE,MEDIUM_CENTRAL,102,105,0.9714285714285714,2,0.0196078431372549,0.5,0.7286941580756015,-0.001467456894392848,CENTRAL_ZONE_PROXY_ONLY
WSL2021,Ellie Roebuck,Manchester City WFC,True,FREE,MEDIUM_LEFT,102,105,0.9714285714285714,3,0.029411764705882353,1.0,0.8080720516667347,0.0001817603633653196,NO
WSL2021,Ellie Roebuck,Manchester City WFC,True,FREE,MEDIUM_RIGHT,102,105,0.9714285714285714,4,0.0392156862745098,1.0,0.73744715567752,-0.0007203602164934664,NO
WSL2021,Ellie Roebuck,Manchester City WFC,True,FREE,SHORT_CENTRAL,102,105,0.9714285714285714,21,0.20588235294117646,1.0,0.7413159005517953,-0.0011947722074862929,CENTRAL_ZONE_PROXY_ONLY
WSL2021,Ellie Roebuck,Manchester City WFC,True,FREE,SHORT_LEFT,102,105,0.9714285714285714,37,0.3627450980392157,1.0,0.754770185951025,-0.0010657250218101936,NO
WSL2021,Ellie Roebuck,Manchester City WFC,True,FREE,SHORT_RIGHT,102,105,0.9714285714285714,28,0.27450980392156865,1.0,0.7298341105944832,-0.0016657827454039861,NO
WSL2021,Grace Moloney,Reading WFC,False,FREE,LONG_CENTRAL,597,656,0.9100609756097561,38,0.06365159128978225,0.5263157894736842,0.6049087524340815,-0.0077561798686701915,CENTRAL_ZONE_PROXY_ONLY
WSL2021,Grace Moloney,Reading WFC,False,FREE,LONG_LEFT,597,656,0.9100609756097561,33,0.05527638190954774,0.45454545454545453,0.7659322664268802,-0.0033315278263489527,NO
WSL2021,Grace Moloney,Reading WFC,False,FREE,LONG_RIGHT,597,656,0.9100609756097561,48,0.08040201005025126,0.6458333333333334,0.7054628620297301,-0.005138586772521405,NO
WSL2021,Grace Moloney,Reading WFC,False,FREE,MEDIUM_CENTRAL,597,656,0.9100609756097561,15,0.02512562814070352,0.7333333333333333,0.7614960126544061,-0.003438460362274556,CENTRAL_ZONE_PROXY_ONLY
WSL2021,Grace Moloney,Reading WFC,False,FREE,MEDIUM_LEFT,597,656,0.9100609756097561,60,0.10050251256281408,0.8333333333333334,0.8388270409701443,-0.0028356124271615114,NO
WSL2021,Grace Moloney,Reading WFC,False,FREE,MEDIUM_RIGHT,597,656,0.9100609756097561,43,0.07202680067001675,0.8604651162790697,0.8844124695170108,-0.0012346749663986482,NO
WSL2021,Grace Moloney,Reading WFC,False,FREE,SHORT_CENTRAL,597,656,0.9100609756097561,122,0.20435510887772193,1.0,0.8602450832185347,-0.0021468473019088494,CENTRAL_ZONE_PROXY_ONLY
WSL2021,Grace Moloney,Reading WFC,False,FREE,SHORT_LEFT,597,656,0.9100609756097561,133,0.22278056951423786,0.9924812030075187,0.8370812769767296,-0.0029936913438356064,NO
WSL2021,Grace Moloney,Reading WFC,False,FREE,SHORT_RIGHT,597,656,0.9100609756097561,98,0.16415410385259632,1.0,0.8553868343899428,-0.002521029360782867,NO
WSL2021,Grace Moloney,Reading WFC,False,FREE,VERY_LONG_CENTRAL,597,656,0.9100609756097561,1,0.0016750418760469012,0.0,0.3,-0.018669440975893556,CENTRAL_ZONE_PROXY_ONLY
WSL2021,Grace Moloney,Reading WFC,False,FREE,VERY_LONG_LEFT,597,656,0.9100609756097561,3,0.005025125628140704,0.6666666666666666,0.813514002713822,-0.003064948520142161,NO
WSL2021,Grace Moloney,Reading WFC,False,FREE,VERY_LONG_RIGHT,597,656,0.9100609756097561,3,0.005025125628140704,0.6666666666666666,0.6109005311443747,-0.008602935720400435,NO
WSL2021,Grace Moloney,Reading WFC,False,PRESSURED,LONG_CENTRAL,54,60,0.9,4,0.07407407407407407,0.5,0.6202304468776904,-0.007964392503726145,CENTRAL_ZONE_PROXY_ONLY
WSL2021,Grace Moloney,Reading WFC,False,PRESSURED,LONG_LEFT,54,60,0.9,4,0.07407407407407407,0.5,0.6190963341858482,-0.007743069610859149,NO
WSL2021,Grace Moloney,Reading WFC,False,PRESSURED,LONG_RIGHT,54,60,0.9,5,0.09259259259259259,0.8,0.57686605457661,-0.009108027714100705,NO
WSL2021,Grace Moloney,Reading WFC,False,PRESSURED,MEDIUM_CENTRAL,54,60,0.9,1,0.018518518518518517,1.0,0.5416666666666666,-0.007227901858131434,CENTRAL_ZONE_PROXY_ONLY
WSL2021,Grace Moloney,Reading WFC,False,PRESSURED,MEDIUM_LEFT,54,60,0.9,4,0.07407407407407407,1.0,0.6293512118817646,-0.007298061712883056,NO
WSL2021,Grace Moloney,Reading WFC,False,PRESSURED,MEDIUM_RIGHT,54,60,0.9,5,0.09259259259259259,0.4,0.5533574879227052,-0.01309746376180051,NO
WSL2021,Grace Moloney,Reading WFC,False,PRESSURED,SHORT_CENTRAL,54,60,0.9,15,0.2777777777777778,0.8666666666666667,0.5955071136986821,-0.00843600140053404,CENTRAL_ZONE_PROXY_ONLY
WSL2021,Grace Moloney,Reading WFC,False,PRESSURED,SHORT_LEFT,54,60,0.9,8,0.14814814814814814,1.0,0.5888574546755025,-0.007552270288350543,NO
WSL2021,Grace Moloney,Reading WFC,False,PRESSURED,SHORT_RIGHT,54,60,0.9,8,0.14814814814814814,0.875,0.6651826745974634,-0.006125219436315242,NO
WSL2021,Grace Moloney,Reading WFC,True,FREE,LONG_CENTRAL,180,197,0.9137055837563451,10,0.05555555555555555,0.6,0.7123789507246411,-0.0022948490029948416,CENTRAL_ZONE_PROXY_ONLY
WSL2021,Grace Moloney,Reading WFC,True,FREE,LONG_LEFT,180,197,0.9137055837563451,21,0.11666666666666667,0.6666666666666666,0.69741142101706,-0.0025001686189409715,NO
WSL2021,Grace Moloney,Reading WFC,True,FREE,LONG_RIGHT,180,197,0.9137055837563451,10,0.05555555555555555,0.4,0.6907706868915569,-0.0029256663330384037,NO
WSL2021,Grace Moloney,Reading WFC,True,FREE,MEDIUM_CENTRAL,180,197,0.9137055837563451,3,0.016666666666666666,0.3333333333333333,0.6152517355105053,-0.00564383082059487,CENTRAL_ZONE_PROXY_ONLY
WSL2021,Grace Moloney,Reading WFC,True,FREE,MEDIUM_LEFT,180,197,0.9137055837563451,7,0.03888888888888889,0.8571428571428571,0.7086048929181873,-0.002207117745943789,NO
WSL2021,Grace Moloney,Reading WFC,True,FREE,MEDIUM_RIGHT,180,197,0.9137055837563451,3,0.016666666666666666,1.0,0.6937726599199219,-0.001989536941789234,NO
WSL2021,Grace Moloney,Reading WFC,True,FREE,SHORT_CENTRAL,180,197,0.9137055837563451,62,0.34444444444444444,1.0,0.7106723213767343,-0.002113562836063062,CENTRAL_ZONE_PROXY_ONLY
WSL2021,Grace Moloney,Reading WFC,True,FREE,SHORT_LEFT,180,197,0.9137055837563451,35,0.19444444444444445,1.0,0.7321928463401981,-0.0015922380679607834,NO
WSL2021,Grace Moloney,Reading WFC,True,FREE,SHORT_RIGHT,180,197,0.9137055837563451,29,0.16111111111111112,1.0,0.7759992949877147,-0.0014692606544459328,NO
WSL2021,Hannah Hampton,Birmingham City WFC,False,FREE,LONG_CENTRAL,448,511,0.8767123287671232,42,0.09375,0.30952380952380953,0.6973730832082965,-0.006528631615903896,CENTRAL_ZONE_PROXY_ONLY
WSL2021,Hannah Hampton,Birmingham City WFC,False,FREE,LONG_LEFT,448,511,0.8767123287671232,44,0.09821428571428571,0.3409090909090909,0.7911715389501759,-0.0033876734817108994,NO
WSL2021,Hannah Hampton,Birmingham City WFC,False,FREE,LONG_RIGHT,448,511,0.8767123287671232,54,0.12053571428571429,0.6111111111111112,0.749370326263479,-0.0038057480643096005,NO
WSL2021,Hannah Hampton,Birmingham City WFC,False,FREE,MEDIUM_CENTRAL,448,511,0.8767123287671232,9,0.020089285714285716,0.6666666666666666,0.7172101931244758,-0.006631881682318948,CENTRAL_ZONE_PROXY_ONLY
WSL2021,Hannah Hampton,Birmingham City WFC,False,FREE,MEDIUM_LEFT,448,511,0.8767123287671232,23,0.05133928571428571,0.6956521739130435,0.8614105608474084,-0.0028897130505053893,NO
WSL2021,Hannah Hampton,Birmingham City WFC,False,FREE,MEDIUM_RIGHT,448,511,0.8767123287671232,29,0.06473214285714286,0.8275862068965517,0.8609725558754148,-0.002542880591121037,NO
WSL2021,Hannah Hampton,Birmingham City WFC,False,FREE,SHORT_CENTRAL,448,511,0.8767123287671232,83,0.18526785714285715,1.0,0.8958060909780767,-0.0012526128238767816,CENTRAL_ZONE_PROXY_ONLY
WSL2021,Hannah Hampton,Birmingham City WFC,False,FREE,SHORT_LEFT,448,511,0.8767123287671232,62,0.13839285714285715,0.9838709677419355,0.8495903812650761,-0.00240266297859145,NO
WSL2021,Hannah Hampton,Birmingham City WFC,False,FREE,SHORT_RIGHT,448,511,0.8767123287671232,58,0.12946428571428573,0.9827586206896551,0.8781533509445099,-0.0017128881786461331,NO
WSL2021,Hannah Hampton,Birmingham City WFC,False,FREE,VERY_LONG_CENTRAL,448,511,0.8767123287671232,16,0.03571428571428571,0.3125,0.5573937945615909,-0.008491283603178326,CENTRAL_ZONE_PROXY_ONLY
WSL2021,Hannah Hampton,Birmingham City WFC,False,FREE,VERY_LONG_LEFT,448,511,0.8767123287671232,15,0.033482142857142856,0.5333333333333333,0.7706075932615473,-0.005678394066469282,NO
WSL2021,Hannah Hampton,Birmingham City WFC,False,FREE,VERY_LONG_RIGHT,448,511,0.8767123287671232,13,0.029017857142857144,0.38461538461538464,0.6164315418419981,-0.007447022990612784,NO
WSL2021,Hannah Hampton,Birmingham City WFC,False,PRESSURED,LONG_CENTRAL,64,81,0.7901234567901234,7,0.109375,0.42857142857142855,0.6654652074630232,-0.009325220787598369,CENTRAL_ZONE_PROXY_ONLY
WSL2021,Hannah Hampton,Birmingham City WFC,False,PRESSURED,LONG_LEFT,64,81,0.7901234567901234,4,0.0625,0.75,0.6474859580348775,-0.006309207109044461,NO
WSL2021,Hannah Hampton,Birmingham City WFC,False,PRESSURED,LONG_RIGHT,64,81,0.7901234567901234,17,0.265625,0.7058823529411765,0.5732661680439615,-0.009498274010564021,NO
WSL2021,Hannah Hampton,Birmingham City WFC,False,PRESSURED,MEDIUM_CENTRAL,64,81,0.7901234567901234,2,0.03125,1.0,0.7613489157983666,-0.0025107418772219716,CENTRAL_ZONE_PROXY_ONLY
WSL2021,Hannah Hampton,Birmingham City WFC,False,PRESSURED,MEDIUM_LEFT,64,81,0.7901234567901234,3,0.046875,0.6666666666666666,0.6892754695534214,-0.006791882630783373,NO
WSL2021,Hannah Hampton,Birmingham City WFC,False,PRESSURED,MEDIUM_RIGHT,64,81,0.7901234567901234,9,0.140625,0.7777777777777778,0.6199430301551937,-0.007519114602387664,NO
WSL2021,Hannah Hampton,Birmingham City WFC,False,PRESSURED,SHORT_CENTRAL,64,81,0.7901234567901234,8,0.125,1.0,0.6207962032664238,-0.009180386285334359,CENTRAL_ZONE_PROXY_ONLY
WSL2021,Hannah Hampton,Birmingham City WFC,False,PRESSURED,SHORT_LEFT,64,81,0.7901234567901234,5,0.078125,1.0,0.678487728755852,-0.006501413750485798,NO
WSL2021,Hannah Hampton,Birmingham City WFC,False,PRESSURED,SHORT_RIGHT,64,81,0.7901234567901234,5,0.078125,0.8,0.5754218092400814,-0.008343968026974326,NO
WSL2021,Hannah Hampton,Birmingham City WFC,False,PRESSURED,VERY_LONG_CENTRAL,64,81,0.7901234567901234,2,0.03125,0.5,0.5615587719593836,-0.010846910848879779,CENTRAL_ZONE_PROXY_ONLY
WSL2021,Hannah Hampton,Birmingham City WFC,False,PRESSURED,VERY_LONG_RIGHT,64,81,0.7901234567901234,2,0.03125,1.0,0.5609756097560976,-0.011509037094503075,NO
WSL2021,Hannah Hampton,Birmingham City WFC,True,FREE,LONG_CENTRAL,211,263,0.8022813688212928,33,0.15639810426540285,0.48484848484848486,0.7271309992731648,-0.0017164427352728121,CENTRAL_ZONE_PROXY_ONLY
WSL2021,Hannah Hampton,Birmingham City WFC,True,FREE,LONG_LEFT,211,263,0.8022813688212928,38,0.18009478672985782,0.5,0.7309461493770232,-0.0012075730620761055,NO
WSL2021,Hannah Hampton,Birmingham City WFC,True,FREE,LONG_RIGHT,211,263,0.8022813688212928,43,0.2037914691943128,0.5813953488372093,0.7086587466330723,-0.0026760009967544424,NO
WSL2021,Hannah Hampton,Birmingham City WFC,True,FREE,MEDIUM_CENTRAL,211,263,0.8022813688212928,1,0.004739336492890996,1.0,0.75,-0.00043993793911516416,CENTRAL_ZONE_PROXY_ONLY
WSL2021,Hannah Hampton,Birmingham City WFC,True,FREE,MEDIUM_LEFT,211,263,0.8022813688212928,1,0.004739336492890996,1.0,0.6705882352941176,-0.002240218658376047,NO
WSL2021,Hannah Hampton,Birmingham City WFC,True,FREE,MEDIUM_RIGHT,211,263,0.8022813688212928,4,0.018957345971563982,0.75,0.8189535287265461,-0.0005607062158707508,NO
WSL2021,Hannah Hampton,Birmingham City WFC,True,FREE,SHORT_CENTRAL,211,263,0.8022813688212928,43,0.2037914691943128,1.0,0.7782474438063032,-0.0008716244537619213,CENTRAL_ZONE_PROXY_ONLY
WSL2021,Hannah Hampton,Birmingham City WFC,True,FREE,SHORT_LEFT,211,263,0.8022813688212928,11,0.052132701421800945,1.0,0.7486636700358578,-0.001219580409132119,NO
WSL2021,Hannah Hampton,Birmingham City WFC,True,FREE,SHORT_RIGHT,211,263,0.8022813688212928,14,0.06635071090047394,1.0,0.79982822857939,-0.0007361985288921968,NO
WSL2021,Hannah Hampton,Birmingham City WFC,True,FREE,VERY_LONG_CENTRAL,211,263,0.8022813688212928,6,0.02843601895734597,0.16666666666666666,0.7113692989155957,-0.0021398010031834663,CENTRAL_ZONE_PROXY_ONLY
WSL2021,Hannah Hampton,Birmingham City WFC,True,FREE,VERY_LONG_LEFT,211,263,0.8022813688212928,9,0.04265402843601896,0.3333333333333333,0.716157153913453,-0.0016767547098513452,NO
WSL2021,Hannah Hampton,Birmingham City WFC,True,FREE,VERY_LONG_RIGHT,211,263,0.8022813688212928,8,0.037914691943127965,0.625,0.698453211191545,-0.0021863869030483386,NO
WSL2021,Karen Bardsley,Manchester City WFC,False,FREE,LONG_RIGHT,23,23,1.0,1,0.043478260869565216,1.0,0.9142857142857143,-0.0013650753059028275,NO
WSL2021,Karen Bardsley,Manchester City WFC,False,FREE,MEDIUM_LEFT,23,23,1.0,1,0.043478260869565216,1.0,0.9124087591240876,-0.000728107738056106,NO
WSL2021,Karen Bardsley,Manchester City WFC,False,FREE,MEDIUM_RIGHT,23,23,1.0,1,0.043478260869565216,1.0,0.9124087591240876,0.0010887907628413511,NO
WSL2021,Karen Bardsley,Manchester City WFC,False,FREE,SHORT_CENTRAL,23,23,1.0,9,0.391304347826087,1.0,0.9495763067371423,0.0008515108260620901,CENTRAL_ZONE_PROXY_ONLY
WSL2021,Karen Bardsley,Manchester City WFC,False,FREE,SHORT_LEFT,23,23,1.0,6,0.2608695652173913,1.0,0.9212601728332914,-0.0013881843683111958,NO
WSL2021,Karen Bardsley,Manchester City WFC,False,FREE,SHORT_RIGHT,23,23,1.0,5,0.21739130434782608,1.0,0.9548955449282659,-0.002359363940270991,NO
WSL2021,Karen Bardsley,Manchester City WFC,True,FREE,MEDIUM_RIGHT,3,3,1.0,1,0.3333333333333333,1.0,0.9124087591240876,7.027013626764375e-05,NO
WSL2021,Karen Bardsley,Manchester City WFC,True,FREE,SHORT_CENTRAL,3,3,1.0,1,0.3333333333333333,1.0,0.9124087591240876,0.002785870210645046,CENTRAL_ZONE_PROXY_ONLY
WSL2021,Karen Bardsley,Manchester City WFC,True,FREE,SHORT_LEFT,3,3,1.0,1,0.3333333333333333,1.0,0.8283582089552238,0.001953764153021022,NO
WSL2021,Karima Benameur,Manchester City WFC,False,FREE,LONG_RIGHT,22,22,1.0,1,0.045454545454545456,0.0,0.8461538461538461,-0.00571425242321766,NO
WSL2021,Karima Benameur,Manchester City WFC,False,FREE,MEDIUM_LEFT,22,22,1.0,2,0.09090909090909091,1.0,0.8855421686746987,-0.0011490331446245877,NO
WSL2021,Karima Benameur,Manchester City WFC,False,FREE,MEDIUM_RIGHT,22,22,1.0,2,0.09090909090909091,1.0,0.8855421686746987,-0.0007438810713740873,NO
WSL2021,Karima Benameur,Manchester City WFC,False,FREE,SHORT_CENTRAL,22,22,1.0,11,0.5,1.0,0.870474017597616,-0.0005385809895371098,CENTRAL_ZONE_PROXY_ONLY
WSL2021,Karima Benameur,Manchester City WFC,False,FREE,SHORT_LEFT,22,22,1.0,4,0.18181818181818182,1.0,0.8524349498835678,-0.0023058830002339794,NO
WSL2021,Karima Benameur,Manchester City WFC,False,FREE,SHORT_RIGHT,22,22,1.0,2,0.09090909090909091,1.0,0.8012281835811248,-0.004487408004313634,NO
WSL2021,Karima Benameur,Manchester City WFC,False,PRESSURED,SHORT_CENTRAL,7,7,1.0,1,0.14285714285714285,1.0,0.6705882352941176,-0.0058080057286378555,CENTRAL_ZONE_PROXY_ONLY
WSL2021,Karima Benameur,Manchester City WFC,False,PRESSURED,SHORT_LEFT,7,7,1.0,3,0.42857142857142855,1.0,0.6855909336211549,-0.004974929008834331,NO
WSL2021,Karima Benameur,Manchester City WFC,False,PRESSURED,SHORT_RIGHT,7,7,1.0,3,0.42857142857142855,1.0,0.6137254901960784,-0.0058565672958303975,NO
WSL2021,Karima Benameur,Manchester City WFC,True,FREE,SHORT_CENTRAL,3,3,1.0,1,0.3333333333333333,1.0,0.7155963302752294,-0.0009449052437373795,CENTRAL_ZONE_PROXY_ONLY
WSL2021,Karima Benameur,Manchester City WFC,True,FREE,SHORT_LEFT,3,3,1.0,1,0.3333333333333333,1.0,0.7155963302752294,-0.0009449052437373795,NO
WSL2021,Karima Benameur,Manchester City WFC,True,FREE,VERY_LONG_RIGHT,3,3,1.0,1,0.3333333333333333,1.0,0.7155963302752294,-0.00207514685051665,NO
WSL2021,Lisa Weiß,Aston Villa,False,FREE,LONG_CENTRAL,393,443,0.8871331828442438,32,0.08142493638676845,0.34375,0.5457306365543674,-0.009031522708607215,CENTRAL_ZONE_PROXY_ONLY
WSL2021,Lisa Weiß,Aston Villa,False,FREE,LONG_LEFT,393,443,0.8871331828442438,43,0.10941475826972011,0.3953488372093023,0.6545149797603232,-0.006845052314084594,NO
WSL2021,Lisa Weiß,Aston Villa,False,FREE,LONG_RIGHT,393,443,0.8871331828442438,49,0.12468193384223919,0.5918367346938775,0.5661915078468635,-0.008454135668369753,NO
WSL2021,Lisa Weiß,Aston Villa,False,FREE,MEDIUM_CENTRAL,393,443,0.8871331828442438,18,0.04580152671755725,0.5555555555555556,0.5727854830559909,-0.007843209555831322,CENTRAL_ZONE_PROXY_ONLY
WSL2021,Lisa Weiß,Aston Villa,False,FREE,MEDIUM_LEFT,393,443,0.8871331828442438,41,0.10432569974554708,0.7073170731707317,0.8302982749153464,-0.002324892562778219,NO
WSL2021,Lisa Weiß,Aston Villa,False,FREE,MEDIUM_RIGHT,393,443,0.8871331828442438,26,0.06615776081424936,0.7692307692307693,0.8328118333490088,-0.0022869368579842885,NO
WSL2021,Lisa Weiß,Aston Villa,False,FREE,SHORT_CENTRAL,393,443,0.8871331828442438,44,0.11195928753180662,0.9772727272727273,0.8658646170998169,-0.0017971968082124883,CENTRAL_ZONE_PROXY_ONLY
WSL2021,Lisa Weiß,Aston Villa,False,FREE,SHORT_LEFT,393,443,0.8871331828442438,59,0.15012722646310434,0.9491525423728814,0.834086691470459,-0.002514630233127183,NO
WSL2021,Lisa Weiß,Aston Villa,False,FREE,SHORT_RIGHT,393,443,0.8871331828442438,68,0.17302798982188294,0.9852941176470589,0.8534925758682173,-0.0016723390481214262,NO
WSL2021,Lisa Weiß,Aston Villa,False,FREE,VERY_LONG_CENTRAL,393,443,0.8871331828442438,4,0.010178117048346057,0.25,0.5178981106612686,-0.010397903695154611,CENTRAL_ZONE_PROXY_ONLY
WSL2021,Lisa Weiß,Aston Villa,False,FREE,VERY_LONG_LEFT,393,443,0.8871331828442438,4,0.010178117048346057,0.0,0.4554878048780488,-0.011182436214661405,NO
WSL2021,Lisa Weiß,Aston Villa,False,FREE,VERY_LONG_RIGHT,393,443,0.8871331828442438,5,0.01272264631043257,0.4,0.49950612623618673,-0.009239879198008732,NO
WSL2021,Lisa Weiß,Aston Villa,False,PRESSURED,LONG_CENTRAL,18,25,0.72,4,0.2222222222222222,0.75,0.6443070543565148,-0.005079290072538591,CENTRAL_ZONE_PROXY_ONLY
WSL2021,Lisa Weiß,Aston Villa,False,PRESSURED,LONG_LEFT,18,25,0.72,1,0.05555555555555555,0.0,0.8115942028985508,-0.0029329706277988173,NO
WSL2021,Lisa Weiß,Aston Villa,False,PRESSURED,LONG_RIGHT,18,25,0.72,2,0.1111111111111111,1.0,0.5649087221095335,-0.008306689109790143,NO
WSL2021,Lisa Weiß,Aston Villa,False,PRESSURED,MEDIUM_CENTRAL,18,25,0.72,1,0.05555555555555555,0.0,0.8283582089552238,-0.006389370289312586,CENTRAL_ZONE_PROXY_ONLY
WSL2021,Lisa Weiß,Aston Villa,False,PRESSURED,MEDIUM_LEFT,18,25,0.72,3,0.16666666666666666,1.0,0.5679442508710801,-0.011591920498481937,NO
WSL2021,Lisa Weiß,Aston Villa,False,PRESSURED,MEDIUM_RIGHT,18,25,0.72,5,0.2777777777777778,0.4,0.5015328311398614,-0.010293148472277334,NO
WSL2021,Lisa Weiß,Aston Villa,False,PRESSURED,SHORT_RIGHT,18,25,0.72,2,0.1111111111111111,0.5,0.6806549423893269,-0.00935231545631418,NO
WSL2021,Lisa Weiß,Aston Villa,True,FREE,LONG_CENTRAL,190,220,0.8636363636363636,3,0.015789473684210527,0.0,0.712313657124722,-0.0017243134755844855,CENTRAL_ZONE_PROXY_ONLY
WSL2021,Lisa Weiß,Aston Villa,True,FREE,LONG_LEFT,190,220,0.8636363636363636,42,0.22105263157894736,0.3333333333333333,0.7138634927768681,-0.001585444625657147,NO
WSL2021,Lisa Weiß,Aston Villa,True,FREE,LONG_RIGHT,190,220,0.8636363636363636,51,0.26842105263157895,0.6470588235294118,0.7139075291920446,-0.001947744084565827,NO
WSL2021,Lisa Weiß,Aston Villa,True,FREE,MEDIUM_CENTRAL,190,220,0.8636363636363636,6,0.031578947368421054,0.8333333333333334,0.6560315142015681,-0.00404313711293716,CENTRAL_ZONE_PROXY_ONLY
WSL2021,Lisa Weiß,Aston Villa,True,FREE,MEDIUM_LEFT,190,220,0.8636363636363636,15,0.07894736842105263,0.7333333333333333,0.6974619417086886,-0.0023860597447165487,NO
WSL2021,Lisa Weiß,Aston Villa,True,FREE,MEDIUM_RIGHT,190,220,0.8636363636363636,8,0.042105263157894736,0.75,0.7177207453503943,-0.002783421997395112,NO
WSL2021,Lisa Weiß,Aston Villa,True,FREE,SHORT_CENTRAL,190,220,0.8636363636363636,17,0.08947368421052632,1.0,0.7378118658911649,-0.0018906060640178051,CENTRAL_ZONE_PROXY_ONLY
WSL2021,Lisa Weiß,Aston Villa,True,FREE,SHORT_LEFT,190,220,0.8636363636363636,23,0.12105263157894737,1.0,0.6803523847853372,-0.00293086994805048,NO
WSL2021,Lisa Weiß,Aston Villa,True,FREE,SHORT_RIGHT,190,220,0.8636363636363636,24,0.12631578947368421,1.0,0.8123244155474926,-0.0008261259449889995,NO
WSL2021,Lisa Weiß,Aston Villa,True,FREE,VERY_LONG_LEFT,190,220,0.8636363636363636,1,0.005263157894736842,1.0,0.7028985507246377,-0.001986680241436711,NO
WSL2021,Lisa Weiß,Aston Villa W,False,FREE,LONG_LEFT,16,18,0.8888888888888888,1,0.0625,0.0,0.7841726618705036,-0.004313704276038964,NO
WSL2021,Lisa Weiß,Aston Villa W,False,FREE,LONG_RIGHT,16,18,0.8888888888888888,1,0.0625,0.0,0.675,-0.0013811501966420232,NO
WSL2021,Lisa Weiß,Aston Villa W,False,FREE,MEDIUM_CENTRAL,16,18,0.8888888888888888,2,0.125,0.0,0.7295863309352518,-0.005505965398980307,CENTRAL_ZONE_PROXY_ONLY
WSL2021,Lisa Weiß,Aston Villa W,False,FREE,MEDIUM_LEFT,16,18,0.8888888888888888,5,0.3125,0.8,0.8787430130860787,0.0004574940528224615,NO
WSL2021,Lisa Weiß,Aston Villa W,False,FREE,MEDIUM_RIGHT,16,18,0.8888888888888888,2,0.125,0.5,0.885329574178495,-0.0030865034065281085,NO
WSL2021,Lisa Weiß,Aston Villa W,False,FREE,SHORT_CENTRAL,16,18,0.8888888888888888,2,0.125,1.0,0.885329574178495,-0.0035518673935424974,CENTRAL_ZONE_PROXY_ONLY
WSL2021,Lisa Weiß,Aston Villa W,False,FREE,SHORT_LEFT,16,18,0.8888888888888888,2,0.125,1.0,0.938963000251699,0.000500411212470896,NO
WSL2021,Lisa Weiß,Aston Villa W,False,FREE,SHORT_RIGHT,16,18,0.8888888888888888,1,0.0625,1.0,0.7841726618705036,-0.004313704276038964,NO
WSL2021,Lisa Weiß,Aston Villa W,False,PRESSURED,MEDIUM_LEFT,1,2,0.5,1,1.0,1.0,0.7841726618705036,-0.002543811786587145,NO
WSL2021,Lisa Weiß,Aston Villa W,True,FREE,LONG_LEFT,7,11,0.6363636363636364,2,0.2857142857142857,0.5,0.6179878048780488,-0.004548430060256899,NO
WSL2021,Lisa Weiß,Aston Villa W,True,FREE,LONG_RIGHT,7,11,0.6363636363636364,1,0.14285714285714285,0.0,0.7841726618705036,-0.0008238707103799744,NO
WSL2021,Lisa Weiß,Aston Villa W,True,FREE,MEDIUM_CENTRAL,7,11,0.6363636363636364,2,0.2857142857142857,1.0,0.6725741358133006,-0.003965277653217232,CENTRAL_ZONE_PROXY_ONLY
WSL2021,Lisa Weiß,Aston Villa W,True,FREE,MEDIUM_LEFT,7,11,0.6363636363636364,1,0.14285714285714285,1.0,0.675,-0.002149226478082025,NO
WSL2021,Lisa Weiß,Aston Villa W,True,FREE,MEDIUM_RIGHT,7,11,0.6363636363636364,1,0.14285714285714285,1.0,0.8283582089552238,0.000419916186176835,NO
WSL2021,Lydia Grace Yilkari Williams,Arsenal WFC,False,FREE,LONG_CENTRAL,291,294,0.9897959183673469,2,0.006872852233676976,0.5,0.6099415204678362,-0.0063595869488738905,CENTRAL_ZONE_PROXY_ONLY
WSL2021,Lydia Grace Yilkari Williams,Arsenal WFC,False,FREE,LONG_LEFT,291,294,0.9897959183673469,3,0.010309278350515464,0.0,0.8483043490962511,-0.004277980679310352,NO
WSL2021,Lydia Grace Yilkari Williams,Arsenal WFC,False,FREE,LONG_RIGHT,291,294,0.9897959183673469,10,0.03436426116838488,0.5,0.7789467654080653,-0.0029072534521480163,NO
WSL2021,Lydia Grace Yilkari Williams,Arsenal WFC,False,FREE,MEDIUM_CENTRAL,291,294,0.9897959183673469,7,0.024054982817869417,1.0,0.8264721602640304,-0.0027221746517206067,CENTRAL_ZONE_PROXY_ONLY
WSL2021,Lydia Grace Yilkari Williams,Arsenal WFC,False,FREE,MEDIUM_LEFT,291,294,0.9897959183673469,29,0.09965635738831616,0.9310344827586207,0.8698357459287249,-0.001871438426127304,NO
WSL2021,Lydia Grace Yilkari Williams,Arsenal WFC,False,FREE,MEDIUM_RIGHT,291,294,0.9897959183673469,20,0.06872852233676977,0.95,0.8509215831910429,-0.002376546941877436,NO
WSL2021,Lydia Grace Yilkari Williams,Arsenal WFC,False,FREE,SHORT_CENTRAL,291,294,0.9897959183673469,80,0.27491408934707906,1.0,0.8851066597618711,-0.0015999452330769013,CENTRAL_ZONE_PROXY_ONLY
WSL2021,Lydia Grace Yilkari Williams,Arsenal WFC,False,FREE,SHORT_LEFT,291,294,0.9897959183673469,69,0.23711340206185566,1.0,0.8668327464699683,-0.001972266279343207,NO
WSL2021,Lydia Grace Yilkari Williams,Arsenal WFC,False,FREE,SHORT_RIGHT,291,294,0.9897959183673469,70,0.24054982817869416,0.9857142857142858,0.8856329119132894,-0.0011147607722111444,NO
WSL2021,Lydia Grace Yilkari Williams,Arsenal WFC,False,FREE,VERY_LONG_CENTRAL,291,294,0.9897959183673469,1,0.003436426116838488,0.0,0.8463687150837989,-0.00139614150746015,CENTRAL_ZONE_PROXY_ONLY
WSL2021,Lydia Grace Yilkari Williams,Arsenal WFC,False,PRESSURED,LONG_RIGHT,15,17,0.8823529411764706,2,0.13333333333333333,1.0,0.5916666666666667,-0.010193164020799558,NO
WSL2021,Lydia Grace Yilkari Williams,Arsenal WFC,False,PRESSURED,MEDIUM_LEFT,15,17,0.8823529411764706,2,0.13333333333333333,1.0,0.6383928571428572,-0.007923180884994184,NO
WSL2021,Lydia Grace Yilkari Williams,Arsenal WFC,False,PRESSURED,MEDIUM_RIGHT,15,17,0.8823529411764706,3,0.2,1.0,0.7160366552119131,-0.007086326976063979,NO
WSL2021,Lydia Grace Yilkari Williams,Arsenal WFC,False,PRESSURED,SHORT_CENTRAL,15,17,0.8823529411764706,3,0.2,1.0,0.6788621037128905,-0.006775911441891683,CENTRAL_ZONE_PROXY_ONLY
WSL2021,Lydia Grace Yilkari Williams,Arsenal WFC,False,PRESSURED,SHORT_LEFT,15,17,0.8823529411764706,4,0.26666666666666666,1.0,0.6680412371134021,-0.008146165459605392,NO
WSL2021,Lydia Grace Yilkari Williams,Arsenal WFC,False,PRESSURED,SHORT_RIGHT,15,17,0.8823529411764706,1,0.06666666666666667,1.0,0.5609756097560976,-0.010461323810246111,NO
WSL2021,Lydia Grace Yilkari Williams,Arsenal WFC,True,FREE,LONG_CENTRAL,54,56,0.9642857142857143,5,0.09259259259259259,0.6,0.6866949666464526,-0.0027237951347004142,CENTRAL_ZONE_PROXY_ONLY
WSL2021,Lydia Grace Yilkari Williams,Arsenal WFC,True,FREE,LONG_LEFT,54,56,0.9642857142857143,1,0.018518518518518517,1.0,0.7155963302752294,-0.00207514685051665,NO
WSL2021,Lydia Grace Yilkari Williams,Arsenal WFC,True,FREE,MEDIUM_CENTRAL,54,56,0.9642857142857143,2,0.037037037037037035,1.0,0.7031589898798828,-0.0015786183531618365,CENTRAL_ZONE_PROXY_ONLY
WSL2021,Lydia Grace Yilkari Williams,Arsenal WFC,True,FREE,MEDIUM_LEFT,54,56,0.9642857142857143,5,0.09259259259259259,1.0,0.6977059115240442,-0.0022830599878291597,NO
WSL2021,Lydia Grace Yilkari Williams,Arsenal WFC,True,FREE,MEDIUM_RIGHT,54,56,0.9642857142857143,1,0.018518518518518517,1.0,0.876,8.950341963404962e-05,NO
WSL2021,Lydia Grace Yilkari Williams,Arsenal WFC,True,FREE,SHORT_CENTRAL,54,56,0.9642857142857143,21,0.3888888888888889,1.0,0.762736373031558,-0.0010669498994507432,CENTRAL_ZONE_PROXY_ONLY
WSL2021,Lydia Grace Yilkari Williams,Arsenal WFC,True,FREE,SHORT_LEFT,54,56,0.9642857142857143,8,0.14814814814814814,0.875,0.7496601490966405,-0.0010117647526276335,NO
WSL2021,Lydia Grace Yilkari Williams,Arsenal WFC,True,FREE,SHORT_RIGHT,54,56,0.9642857142857143,11,0.2037037037037037,1.0,0.7768745694954695,-0.0009471870743219079,NO
WSL2021,Mackenzie Arnold,West Ham United LFC,False,FREE,LONG_CENTRAL,562,631,0.8906497622820919,24,0.042704626334519574,0.5416666666666666,0.665864482444484,-0.006968415107294725,CENTRAL_ZONE_PROXY_ONLY
WSL2021,Mackenzie Arnold,West Ham United LFC,False,FREE,LONG_LEFT,562,631,0.8906497622820919,45,0.0800711743772242,0.7555555555555555,0.7600897230420156,-0.004321755741456819,NO
WSL2021,Mackenzie Arnold,West Ham United LFC,False,FREE,LONG_RIGHT,562,631,0.8906497622820919,64,0.11387900355871886,0.578125,0.7222824835136888,-0.005208647904364797,NO
WSL2021,Mackenzie Arnold,West Ham United LFC,False,FREE,MEDIUM_CENTRAL,562,631,0.8906497622820919,17,0.030249110320284697,0.7647058823529411,0.8011321738832654,-0.0042630423443465746,CENTRAL_ZONE_PROXY_ONLY
WSL2021,Mackenzie Arnold,West Ham United LFC,False,FREE,MEDIUM_LEFT,562,631,0.8906497622820919,62,0.1103202846975089,0.8225806451612904,0.8398280244196334,-0.002759471973973751,NO
WSL2021,Mackenzie Arnold,West Ham United LFC,False,FREE,MEDIUM_RIGHT,562,631,0.8906497622820919,62,0.1103202846975089,0.7903225806451613,0.8176707054601546,-0.0034530762954509023,NO
WSL2021,Mackenzie Arnold,West Ham United LFC,False,FREE,SHORT_CENTRAL,562,631,0.8906497622820919,70,0.12455516014234876,0.9857142857142858,0.8524167184108856,-0.0024580542991294654,CENTRAL_ZONE_PROXY_ONLY
WSL2021,Mackenzie Arnold,West Ham United LFC,False,FREE,SHORT_LEFT,562,631,0.8906497622820919,108,0.19217081850533807,1.0,0.8428052454888404,-0.0029681583451033797,NO
WSL2021,Mackenzie Arnold,West Ham United LFC,False,FREE,SHORT_RIGHT,562,631,0.8906497622820919,95,0.16903914590747332,0.9578947368421052,0.8542233243212567,-0.0025639054531903624,NO
WSL2021,Mackenzie Arnold,West Ham United LFC,False,FREE,VERY_LONG_CENTRAL,562,631,0.8906497622820919,2,0.0035587188612099642,0.5,0.5791614193892868,-0.006126258383608883,CENTRAL_ZONE_PROXY_ONLY
WSL2021,Mackenzie Arnold,West Ham United LFC,False,FREE,VERY_LONG_LEFT,562,631,0.8906497622820919,5,0.008896797153024912,0.6,0.7193177144603162,-0.004994391896091729,NO
WSL2021,Mackenzie Arnold,West Ham United LFC,False,FREE,VERY_LONG_RIGHT,562,631,0.8906497622820919,8,0.014234875444839857,0.75,0.7096330722849351,-0.007598559278867641,NO
WSL2021,Mackenzie Arnold,West Ham United LFC,False,PRESSURED,LONG_CENTRAL,34,43,0.7906976744186046,6,0.17647058823529413,0.5,0.5990279373362497,-0.006682626104359861,CENTRAL_ZONE_PROXY_ONLY
WSL2021,Mackenzie Arnold,West Ham United LFC,False,PRESSURED,LONG_LEFT,34,43,0.7906976744186046,4,0.11764705882352941,0.25,0.6159198113207547,-0.010901063246380531,NO
WSL2021,Mackenzie Arnold,West Ham United LFC,False,PRESSURED,LONG_RIGHT,34,43,0.7906976744186046,4,0.11764705882352941,0.25,0.6155908639523336,-0.004988085521591618,NO
WSL2021,Mackenzie Arnold,West Ham United LFC,False,PRESSURED,MEDIUM_CENTRAL,34,43,0.7906976744186046,2,0.058823529411764705,1.0,0.4979166666666667,-0.013894364236630439,CENTRAL_ZONE_PROXY_ONLY
WSL2021,Mackenzie Arnold,West Ham United LFC,False,PRESSURED,MEDIUM_RIGHT,34,43,0.7906976744186046,8,0.23529411764705882,0.625,0.6529180242170785,-0.010317741154208308,NO
WSL2021,Mackenzie Arnold,West Ham United LFC,False,PRESSURED,SHORT_CENTRAL,34,43,0.7906976744186046,1,0.029411764705882353,1.0,0.631578947368421,-0.010381564388339409,CENTRAL_ZONE_PROXY_ONLY
WSL2021,Mackenzie Arnold,West Ham United LFC,False,PRESSURED,SHORT_LEFT,34,43,0.7906976744186046,5,0.14705882352941177,1.0,0.5946098726137332,-0.008195962364097201,NO
WSL2021,Mackenzie Arnold,West Ham United LFC,False,PRESSURED,SHORT_RIGHT,34,43,0.7906976744186046,3,0.08823529411764706,0.6666666666666666,0.5532856213402733,-0.009818278408614918,NO
WSL2021,Mackenzie Arnold,West Ham United LFC,False,PRESSURED,VERY_LONG_CENTRAL,34,43,0.7906976744186046,1,0.029411764705882353,1.0,0.6943396226415094,-0.003949402160428428,CENTRAL_ZONE_PROXY_ONLY
WSL2021,Mackenzie Arnold,West Ham United LFC,True,FREE,LONG_CENTRAL,129,138,0.9347826086956522,11,0.08527131782945736,0.5454545454545454,0.6778610645116457,-0.002899887899090055,CENTRAL_ZONE_PROXY_ONLY
WSL2021,Mackenzie Arnold,West Ham United LFC,True,FREE,LONG_LEFT,129,138,0.9347826086956522,27,0.20930232558139536,0.7037037037037037,0.7078319966359586,-0.0020936501660890347,NO
WSL2021,Mackenzie Arnold,West Ham United LFC,True,FREE,LONG_RIGHT,129,138,0.9347826086956522,24,0.18604651162790697,0.625,0.6952020604184169,-0.002401352600076557,NO
WSL2021,Mackenzie Arnold,West Ham United LFC,True,FREE,MEDIUM_CENTRAL,129,138,0.9347826086956522,1,0.007751937984496124,1.0,0.6907216494845362,-0.0028744791035482968,CENTRAL_ZONE_PROXY_ONLY
WSL2021,Mackenzie Arnold,West Ham United LFC,True,FREE,MEDIUM_LEFT,129,138,0.9347826086956522,10,0.07751937984496124,0.8,0.6857519480933991,-0.0027533317945194462,NO
WSL2021,Mackenzie Arnold,West Ham United LFC,True,FREE,MEDIUM_RIGHT,129,138,0.9347826086956522,9,0.06976744186046512,0.5555555555555556,0.7194402125755878,-0.0018710359967309732,NO
WSL2021,Mackenzie Arnold,West Ham United LFC,True,FREE,SHORT_CENTRAL,129,138,0.9347826086956522,4,0.031007751937984496,1.0,0.7440667616775654,-0.001378174815104155,CENTRAL_ZONE_PROXY_ONLY
WSL2021,Mackenzie Arnold,West Ham United LFC,True,FREE,SHORT_LEFT,129,138,0.9347826086956522,26,0.20155038759689922,1.0,0.7067992149817095,-0.0022781623999707993,NO
WSL2021,Mackenzie Arnold,West Ham United LFC,True,FREE,SHORT_RIGHT,129,138,0.9347826086956522,15,0.11627906976744186,1.0,0.7785461587292237,-0.0008206774372839825,NO
WSL2021,Mackenzie Arnold,West Ham United LFC,True,FREE,VERY_LONG_CENTRAL,129,138,0.9347826086956522,1,0.007751937984496124,0.0,0.47619047619047616,-0.007885757362847103,CENTRAL_ZONE_PROXY_ONLY
WSL2021,Mackenzie Arnold,West Ham United LFC,True,FREE,VERY_LONG_LEFT,129,138,0.9347826086956522,1,0.007751937984496124,0.0,0.7550335570469798,-0.002418997426711854,NO
WSL2021,Manuela Zinsberger,Arsenal WFC,False,FREE,LONG_CENTRAL,493,518,0.9517374517374517,8,0.016227180527383367,0.625,0.8119950920672607,-0.0026628666097532607,CENTRAL_ZONE_PROXY_ONLY
WSL2021,Manuela Zinsberger,Arsenal WFC,False,FREE,LONG_LEFT,493,518,0.9517374517374517,17,0.034482758620689655,0.5294117647058824,0.8379217056272006,-0.003508611353333706,NO
WSL2021,Manuela Zinsberger,Arsenal WFC,False,FREE,LONG_RIGHT,493,518,0.9517374517374517,9,0.018255578093306288,0.6666666666666666,0.8294007658677611,-0.0010143001123958566,NO
WSL2021,Manuela Zinsberger,Arsenal WFC,False,FREE,MEDIUM_CENTRAL,493,518,0.9517374517374517,4,0.008113590263691683,1.0,0.8822939318008498,0.00026502863156856437,CENTRAL_ZONE_PROXY_ONLY
WSL2021,Manuela Zinsberger,Arsenal WFC,False,FREE,MEDIUM_LEFT,493,518,0.9517374517374517,32,0.06490872210953347,0.96875,0.8787326631395032,-0.0017140206485759804,NO
WSL2021,Manuela Zinsberger,Arsenal WFC,False,FREE,MEDIUM_RIGHT,493,518,0.9517374517374517,42,0.08519269776876268,0.9523809523809523,0.886806151984482,-0.0021561828759539873,NO
WSL2021,Manuela Zinsberger,Arsenal WFC,False,FREE,SHORT_CENTRAL,493,518,0.9517374517374517,115,0.2332657200811359,0.991304347826087,0.8978004700654636,-0.0014772656713909166,CENTRAL_ZONE_PROXY_ONLY
WSL2021,Manuela Zinsberger,Arsenal WFC,False,FREE,SHORT_LEFT,493,518,0.9517374517374517,150,0.30425963488843816,1.0,0.8863584581236266,-0.002088897295751577,NO
WSL2021,Manuela Zinsberger,Arsenal WFC,False,FREE,SHORT_RIGHT,493,518,0.9517374517374517,115,0.2332657200811359,1.0,0.9021001284979557,-0.0014529637166133473,NO
WSL2021,Manuela Zinsberger,Arsenal WFC,False,FREE,VERY_LONG_CENTRAL,493,518,0.9517374517374517,1,0.002028397565922921,0.0,0.5416666666666666,-0.01024444197952951,CENTRAL_ZONE_PROXY_ONLY
WSL2021,Manuela Zinsberger,Arsenal WFC,False,PRESSURED,LONG_CENTRAL,45,56,0.8035714285714286,1,0.022222222222222223,0.0,0.7550335570469798,-0.0013333480928191966,CENTRAL_ZONE_PROXY_ONLY
WSL2021,Manuela Zinsberger,Arsenal WFC,False,PRESSURED,LONG_LEFT,45,56,0.8035714285714286,2,0.044444444444444446,0.5,0.8062654354128638,-0.0013466725885695622,NO
WSL2021,Manuela Zinsberger,Arsenal WFC,False,PRESSURED,LONG_RIGHT,45,56,0.8035714285714286,1,0.022222222222222223,0.0,0.6470588235294118,-0.011013869742326016,NO
WSL2021,Manuela Zinsberger,Arsenal WFC,False,PRESSURED,MEDIUM_CENTRAL,45,56,0.8035714285714286,1,0.022222222222222223,0.0,0.631578947368421,-0.009434397458301765,CENTRAL_ZONE_PROXY_ONLY
WSL2021,Manuela Zinsberger,Arsenal WFC,False,PRESSURED,MEDIUM_LEFT,45,56,0.8035714285714286,8,0.17777777777777778,0.875,0.6824097869406323,-0.007159492264480142,NO
WSL2021,Manuela Zinsberger,Arsenal WFC,False,PRESSURED,MEDIUM_RIGHT,45,56,0.8035714285714286,7,0.15555555555555556,0.42857142857142855,0.6490675895906356,-0.007008873261996513,NO
WSL2021,Manuela Zinsberger,Arsenal WFC,False,PRESSURED,SHORT_CENTRAL,45,56,0.8035714285714286,8,0.17777777777777778,1.0,0.6716967516133843,-0.00685115551370403,CENTRAL_ZONE_PROXY_ONLY
WSL2021,Manuela Zinsberger,Arsenal WFC,False,PRESSURED,SHORT_LEFT,45,56,0.8035714285714286,9,0.2,0.8888888888888888,0.7184878872336234,-0.004542235811682983,NO
WSL2021,Manuela Zinsberger,Arsenal WFC,False,PRESSURED,SHORT_RIGHT,45,56,0.8035714285714286,8,0.17777777777777778,0.875,0.7259089238438882,-0.004841302573094324,NO
WSL2021,Manuela Zinsberger,Arsenal WFC,True,FREE,LONG_CENTRAL,80,93,0.8602150537634409,4,0.05,0.75,0.792643665096751,0.00011977893232464443,CENTRAL_ZONE_PROXY_ONLY
WSL2021,Manuela Zinsberger,Arsenal WFC,True,FREE,LONG_LEFT,80,93,0.8602150537634409,6,0.075,0.8333333333333334,0.8077548393419893,0.0008920106357358082,NO
WSL2021,Manuela Zinsberger,Arsenal WFC,True,FREE,LONG_RIGHT,80,93,0.8602150537634409,1,0.0125,0.0,0.8283582089552238,0.001953764153021022,NO
WSL2021,Manuela Zinsberger,Arsenal WFC,True,FREE,MEDIUM_LEFT,80,93,0.8602150537634409,8,0.1,0.625,0.7657544524330564,-0.0002807972381767557,NO
WSL2021,Manuela Zinsberger,Arsenal WFC,True,FREE,MEDIUM_RIGHT,80,93,0.8602150537634409,8,0.1,1.0,0.81293577813422,-0.0006171251893702582,NO
WSL2021,Manuela Zinsberger,Arsenal WFC,True,FREE,SHORT_CENTRAL,80,93,0.8602150537634409,30,0.375,1.0,0.7921936301005661,-0.00020554789708810293,CENTRAL_ZONE_PROXY_ONLY
WSL2021,Manuela Zinsberger,Arsenal WFC,True,FREE,SHORT_LEFT,80,93,0.8602150537634409,15,0.1875,1.0,0.7666534295954343,-0.00024039336406494636,NO
WSL2021,Manuela Zinsberger,Arsenal WFC,True,FREE,SHORT_RIGHT,80,93,0.8602150537634409,8,0.1,1.0,0.833900273586995,-4.5714354194500637e-05,NO
WSL2021,Mary Alexandra Earps,Manchester United,False,FREE,LONG_CENTRAL,281,297,0.9461279461279462,7,0.02491103202846975,0.42857142857142855,0.7026825389028082,-0.005159827253363695,CENTRAL_ZONE_PROXY_ONLY
WSL2021,Mary Alexandra Earps,Manchester United,False,FREE,LONG_LEFT,281,297,0.9461279461279462,25,0.08896797153024912,0.6,0.7988285457794839,-0.003974393667680818,NO
WSL2021,Mary Alexandra Earps,Manchester United,False,FREE,LONG_RIGHT,281,297,0.9461279461279462,19,0.06761565836298933,0.47368421052631576,0.7549610933351777,-0.0037688548274563394,NO
WSL2021,Mary Alexandra Earps,Manchester United,False,FREE,MEDIUM_CENTRAL,281,297,0.9461279461279462,8,0.028469750889679714,0.625,0.8074439561887179,-0.0022837753088106104,CENTRAL_ZONE_PROXY_ONLY
WSL2021,Mary Alexandra Earps,Manchester United,False,FREE,MEDIUM_LEFT,281,297,0.9461279461279462,31,0.1103202846975089,0.8709677419354839,0.8511318246945387,-0.002098652463517236,NO
WSL2021,Mary Alexandra Earps,Manchester United,False,FREE,MEDIUM_RIGHT,281,297,0.9461279461279462,18,0.06405693950177936,0.8333333333333334,0.8250054191944595,-0.0032884647106484004,NO
WSL2021,Mary Alexandra Earps,Manchester United,False,FREE,SHORT_CENTRAL,281,297,0.9461279461279462,78,0.2775800711743772,1.0,0.8609866639569521,-0.002420692865422746,CENTRAL_ZONE_PROXY_ONLY
WSL2021,Mary Alexandra Earps,Manchester United,False,FREE,SHORT_LEFT,281,297,0.9461279461279462,49,0.17437722419928825,1.0,0.8550554803621879,-0.0027895933965446135,NO
WSL2021,Mary Alexandra Earps,Manchester United,False,FREE,SHORT_RIGHT,281,297,0.9461279461279462,44,0.15658362989323843,1.0,0.8854698744770183,-0.0019963506013354008,NO
WSL2021,Mary Alexandra Earps,Manchester United,False,FREE,VERY_LONG_LEFT,281,297,0.9461279461279462,1,0.0035587188612099642,0.0,0.9124087591240876,-0.0009854608007958943,NO
WSL2021,Mary Alexandra Earps,Manchester United,False,FREE,VERY_LONG_RIGHT,281,297,0.9461279461279462,1,0.0035587188612099642,1.0,0.9077306733167082,-0.003364678685342003,NO
WSL2021,Mary Alexandra Earps,Manchester United,False,PRESSURED,LONG_LEFT,15,18,0.8333333333333334,2,0.13333333333333333,0.5,0.7608452485166812,-0.00267762237585182,NO
WSL2021,Mary Alexandra Earps,Manchester United,False,PRESSURED,LONG_RIGHT,15,18,0.8333333333333334,2,0.13333333333333333,1.0,0.6509163802978237,-0.005367147571391433,NO
WSL2021,Mary Alexandra Earps,Manchester United,False,PRESSURED,MEDIUM_CENTRAL,15,18,0.8333333333333334,2,0.13333333333333333,0.5,0.5478223981930666,-0.01312350116259679,CENTRAL_ZONE_PROXY_ONLY
WSL2021,Mary Alexandra Earps,Manchester United,False,PRESSURED,MEDIUM_LEFT,15,18,0.8333333333333334,3,0.2,0.0,0.6727644039615414,-0.006630301268593805,NO
WSL2021,Mary Alexandra Earps,Manchester United,False,PRESSURED,SHORT_CENTRAL,15,18,0.8333333333333334,1,0.06666666666666667,1.0,0.6907216494845362,-0.005853594360340928,CENTRAL_ZONE_PROXY_ONLY
WSL2021,Mary Alexandra Earps,Manchester United,False,PRESSURED,SHORT_LEFT,15,18,0.8333333333333334,3,0.2,1.0,0.6640907388276388,-0.006785520570483167,NO
WSL2021,Mary Alexandra Earps,Manchester United,False,PRESSURED,SHORT_RIGHT,15,18,0.8333333333333334,2,0.13333333333333333,0.5,0.7010461902881958,-0.006617286580663469,NO
WSL2021,Mary Alexandra Earps,Manchester United,True,FREE,LONG_CENTRAL,72,76,0.9473684210526315,5,0.06944444444444445,0.8,0.7353415174967795,-0.0014554418362357395,CENTRAL_ZONE_PROXY_ONLY
WSL2021,Mary Alexandra Earps,Manchester United,True,FREE,LONG_LEFT,72,76,0.9473684210526315,16,0.2222222222222222,0.5,0.7438566488662117,-0.001094190251139034,NO
WSL2021,Mary Alexandra Earps,Manchester United,True,FREE,LONG_RIGHT,72,76,0.9473684210526315,8,0.1111111111111111,0.75,0.7266360202082269,-0.0016213121092046746,NO
WSL2021,Mary Alexandra Earps,Manchester United,True,FREE,MEDIUM_CENTRAL,72,76,0.9473684210526315,2,0.027777777777777776,1.0,0.7851698113207547,-0.0012411415352847133,CENTRAL_ZONE_PROXY_ONLY
WSL2021,Mary Alexandra Earps,Manchester United,True,FREE,MEDIUM_LEFT,72,76,0.9473684210526315,3,0.041666666666666664,1.0,0.7120836637589215,-0.0017986702910759017,NO
WSL2021,Mary Alexandra Earps,Manchester United,True,FREE,MEDIUM_RIGHT,72,76,0.9473684210526315,3,0.041666666666666664,1.0,0.8161463370140054,0.00012226023943942167,NO
WSL2021,Mary Alexandra Earps,Manchester United,True,FREE,SHORT_CENTRAL,72,76,0.9473684210526315,7,0.09722222222222222,1.0,0.7909365307594752,-0.000967117922169895,CENTRAL_ZONE_PROXY_ONLY
WSL2021,Mary Alexandra Earps,Manchester United,True,FREE,SHORT_LEFT,72,76,0.9473684210526315,9,0.125,1.0,0.7500063864545822,-0.0008613156947940103,NO
WSL2021,Mary Alexandra Earps,Manchester United,True,FREE,SHORT_RIGHT,72,76,0.9473684210526315,18,0.25,1.0,0.8552652464639144,0.0001786387279230546,NO
WSL2021,Mary Alexandra Earps,Manchester United,True,FREE,VERY_LONG_LEFT,72,76,0.9473684210526315,1,0.013888888888888888,1.0,0.7550335570469798,-0.002418997426711854,NO
WSL2021,Mary Alexandra Earps,Manchester United W,False,FREE,LONG_CENTRAL,287,302,0.9503311258278145,3,0.010452961672473868,1.0,0.8151987974861559,-0.0007746361653909653,CENTRAL_ZONE_PROXY_ONLY
WSL2021,Mary Alexandra Earps,Manchester United W,False,FREE,LONG_LEFT,287,302,0.9503311258278145,16,0.05574912891986063,0.625,0.8479198670988507,-0.0020695153874616618,NO
WSL2021,Mary Alexandra Earps,Manchester United W,False,FREE,LONG_RIGHT,287,302,0.9503311258278145,21,0.07317073170731707,0.47619047619047616,0.8201530973364926,-0.003099416041058257,NO
WSL2021,Mary Alexandra Earps,Manchester United W,False,FREE,MEDIUM_CENTRAL,287,302,0.9503311258278145,6,0.020905923344947737,1.0,0.9102726391092375,-0.0010376489228153558,CENTRAL_ZONE_PROXY_ONLY
WSL2021,Mary Alexandra Earps,Manchester United W,False,FREE,MEDIUM_LEFT,287,302,0.9503311258278145,31,0.10801393728222997,0.9354838709677419,0.8440222337758698,-0.003047088992379152,NO
WSL2021,Mary Alexandra Earps,Manchester United W,False,FREE,MEDIUM_RIGHT,287,302,0.9503311258278145,14,0.04878048780487805,0.8571428571428571,0.8596298722185137,-0.001984263007543581,NO
WSL2021,Mary Alexandra Earps,Manchester United W,False,FREE,SHORT_CENTRAL,287,302,0.9503311258278145,79,0.27526132404181186,0.9873417721518988,0.896920258446441,-0.0013335862846919674,CENTRAL_ZONE_PROXY_ONLY
WSL2021,Mary Alexandra Earps,Manchester United W,False,FREE,SHORT_LEFT,287,302,0.9503311258278145,57,0.1986062717770035,1.0,0.8719396303482753,-0.002469803290441948,NO
WSL2021,Mary Alexandra Earps,Manchester United W,False,FREE,SHORT_RIGHT,287,302,0.9503311258278145,57,0.1986062717770035,1.0,0.9043455551538466,-0.0014223506923109058,NO
WSL2021,Mary Alexandra Earps,Manchester United W,False,FREE,VERY_LONG_LEFT,287,302,0.9503311258278145,1,0.003484320557491289,1.0,0.8557377049180328,-0.0032724547631313647,NO
WSL2021,Mary Alexandra Earps,Manchester United W,False,FREE,VERY_LONG_RIGHT,287,302,0.9503311258278145,2,0.006968641114982578,0.5,0.6611721611721612,-0.004494606389338989,NO
WSL2021,Mary Alexandra Earps,Manchester United W,False,PRESSURED,LONG_CENTRAL,29,36,0.8055555555555556,1,0.034482758620689655,1.0,0.6705882352941176,-0.011116210196273194,CENTRAL_ZONE_PROXY_ONLY
WSL2021,Mary Alexandra Earps,Manchester United W,False,PRESSURED,LONG_LEFT,29,36,0.8055555555555556,2,0.06896551724137931,0.0,0.6705882352941176,-0.006624055576035196,NO
WSL2021,Mary Alexandra Earps,Manchester United W,False,PRESSURED,LONG_RIGHT,29,36,0.8055555555555556,7,0.2413793103448276,0.5714285714285714,0.6331410634429211,-0.00868628969883938,NO
WSL2021,Mary Alexandra Earps,Manchester United W,False,PRESSURED,MEDIUM_LEFT,29,36,0.8055555555555556,4,0.13793103448275862,1.0,0.6357066021650662,-0.006072854675372144,NO
WSL2021,Mary Alexandra Earps,Manchester United W,False,PRESSURED,MEDIUM_RIGHT,29,36,0.8055555555555556,3,0.10344827586206896,0.6666666666666666,0.6813583404376242,-0.0032721428828337124,NO
WSL2021,Mary Alexandra Earps,Manchester United W,False,PRESSURED,SHORT_CENTRAL,29,36,0.8055555555555556,5,0.1724137931034483,1.0,0.7130212268393595,-0.006884048789602795,CENTRAL_ZONE_PROXY_ONLY
WSL2021,Mary Alexandra Earps,Manchester United W,False,PRESSURED,SHORT_LEFT,29,36,0.8055555555555556,3,0.10344827586206896,1.0,0.6705882352941176,-0.00918368960352679,NO
WSL2021,Mary Alexandra Earps,Manchester United W,False,PRESSURED,SHORT_RIGHT,29,36,0.8055555555555556,4,0.13793103448275862,1.0,0.6838710726999001,-0.005311770897565034,NO
WSL2021,Mary Alexandra Earps,Manchester United W,True,FREE,LONG_LEFT,57,66,0.8636363636363636,6,0.10526315789473684,0.6666666666666666,0.7221692014038545,-0.001077434548090834,NO
WSL2021,Mary Alexandra Earps,Manchester United W,True,FREE,LONG_RIGHT,57,66,0.8636363636363636,3,0.05263157894736842,0.6666666666666666,0.7145709341099996,-0.0021086887243987064,NO
WSL2021,Mary Alexandra Earps,Manchester United W,True,FREE,MEDIUM_LEFT,57,66,0.8636363636363636,4,0.07017543859649122,1.0,0.7223015547293709,-0.0019080528917514992,NO
WSL2021,Mary Alexandra Earps,Manchester United W,True,FREE,MEDIUM_RIGHT,57,66,0.8636363636363636,1,0.017543859649122806,0.0,0.8557377049180328,-0.00040369082778228624,NO
WSL2021,Mary Alexandra Earps,Manchester United W,True,FREE,SHORT_CENTRAL,57,66,0.8636363636363636,15,0.2631578947368421,1.0,0.780266168468264,-0.0007275652309621558,CENTRAL_ZONE_PROXY_ONLY
WSL2021,Mary Alexandra Earps,Manchester United W,True,FREE,SHORT_LEFT,57,66,0.8636363636363636,15,0.2631578947368421,1.0,0.7541555640403304,-0.0007108660191695501,NO
WSL2021,Mary Alexandra Earps,Manchester United W,True,FREE,SHORT_RIGHT,57,66,0.8636363636363636,13,0.22807017543859648,1.0,0.8368848097085329,-0.0004625707961967229,NO
WSL2021,Megan Walsh,Brighton & Hove Albion WFC,False,FREE,LONG_CENTRAL,341,394,0.8654822335025381,7,0.020527859237536656,0.42857142857142855,0.5588186093229238,-0.007320935423454518,CENTRAL_ZONE_PROXY_ONLY
WSL2021,Megan Walsh,Brighton & Hove Albion WFC,False,FREE,LONG_LEFT,341,394,0.8654822335025381,25,0.07331378299120235,0.64,0.7956293697883523,-0.0031200257856918976,NO
WSL2021,Megan Walsh,Brighton & Hove Albion WFC,False,FREE,LONG_RIGHT,341,394,0.8654822335025381,50,0.1466275659824047,0.58,0.6636658601862441,-0.006773773924962923,NO
WSL2021,Megan Walsh,Brighton & Hove Albion WFC,False,FREE,MEDIUM_CENTRAL,341,394,0.8654822335025381,8,0.02346041055718475,0.625,0.7171219049299608,-0.0035420761024505427,CENTRAL_ZONE_PROXY_ONLY
WSL2021,Megan Walsh,Brighton & Hove Albion WFC,False,FREE,MEDIUM_LEFT,341,394,0.8654822335025381,38,0.11143695014662756,0.9210526315789473,0.833328277057024,-0.002767324051348862,NO
WSL2021,Megan Walsh,Brighton & Hove Albion WFC,False,FREE,MEDIUM_RIGHT,341,394,0.8654822335025381,51,0.1495601173020528,0.7843137254901961,0.8164758718619924,-0.0031655301461407737,NO
WSL2021,Megan Walsh,Brighton & Hove Albion WFC,False,FREE,SHORT_CENTRAL,341,394,0.8654822335025381,30,0.08797653958944282,1.0,0.8569318861595931,-0.0026127887865542657,CENTRAL_ZONE_PROXY_ONLY
WSL2021,Megan Walsh,Brighton & Hove Albion WFC,False,FREE,SHORT_LEFT,341,394,0.8654822335025381,45,0.13196480938416422,0.9555555555555556,0.8731114230863909,-0.0022062195382847984,NO
WSL2021,Megan Walsh,Brighton & Hove Albion WFC,False,FREE,SHORT_RIGHT,341,394,0.8654822335025381,81,0.2375366568914956,0.9876543209876543,0.8753549331316282,-0.0021781759992686484,NO
WSL2021,Megan Walsh,Brighton & Hove Albion WFC,False,FREE,VERY_LONG_CENTRAL,341,394,0.8654822335025381,1,0.002932551319648094,0.0,0.38095238095238093,-0.012982251810121973,CENTRAL_ZONE_PROXY_ONLY
WSL2021,Megan Walsh,Brighton & Hove Albion WFC,False,FREE,VERY_LONG_RIGHT,341,394,0.8654822335025381,5,0.01466275659824047,0.2,0.43350041771094405,-0.011215397169943415,NO
WSL2021,Megan Walsh,Brighton & Hove Albion WFC,False,PRESSURED,LONG_CENTRAL,38,57,0.6666666666666666,3,0.07894736842105263,0.3333333333333333,0.5470588235294117,-0.013176780332749402,CENTRAL_ZONE_PROXY_ONLY
WSL2021,Megan Walsh,Brighton & Hove Albion WFC,False,PRESSURED,LONG_LEFT,38,57,0.6666666666666666,2,0.05263157894736842,0.0,0.3471698113207547,-0.016967318178352175,NO
WSL2021,Megan Walsh,Brighton & Hove Albion WFC,False,PRESSURED,LONG_RIGHT,38,57,0.6666666666666666,2,0.05263157894736842,0.0,0.5304878048780488,-0.009995900330029816,NO
WSL2021,Megan Walsh,Brighton & Hove Albion WFC,False,PRESSURED,MEDIUM_CENTRAL,38,57,0.6666666666666666,3,0.07894736842105263,1.0,0.6507625272331155,-0.008232185135415333,CENTRAL_ZONE_PROXY_ONLY
WSL2021,Megan Walsh,Brighton & Hove Albion WFC,False,PRESSURED,MEDIUM_LEFT,38,57,0.6666666666666666,2,0.05263157894736842,0.5,0.6276576161988034,-0.013090201360719618,NO
WSL2021,Megan Walsh,Brighton & Hove Albion WFC,False,PRESSURED,MEDIUM_RIGHT,38,57,0.6666666666666666,12,0.3157894736842105,0.6666666666666666,0.5126019106829723,-0.011426189035074587,NO
WSL2021,Megan Walsh,Brighton & Hove Albion WFC,False,PRESSURED,SHORT_CENTRAL,38,57,0.6666666666666666,3,0.07894736842105263,0.6666666666666666,0.5571507736753776,-0.008149834504366968,CENTRAL_ZONE_PROXY_ONLY
WSL2021,Megan Walsh,Brighton & Hove Albion WFC,False,PRESSURED,SHORT_LEFT,38,57,0.6666666666666666,2,0.05263157894736842,1.0,0.5727941176470588,-0.008985004376332307,NO
WSL2021,Megan Walsh,Brighton & Hove Albion WFC,False,PRESSURED,SHORT_RIGHT,38,57,0.6666666666666666,9,0.23684210526315788,1.0,0.5918565077340783,-0.009654406016501034,NO
WSL2021,Megan Walsh,Brighton & Hove Albion WFC,True,FREE,LONG_CENTRAL,125,145,0.8620689655172413,3,0.024,0.3333333333333333,0.7120836637589215,-0.0020332600155649454,CENTRAL_ZONE_PROXY_ONLY
WSL2021,Megan Walsh,Brighton & Hove Albion WFC,True,FREE,LONG_LEFT,125,145,0.8620689655172413,24,0.192,0.7916666666666666,0.7047129886337388,-0.0021209842421476173,NO
WSL2021,Megan Walsh,Brighton & Hove Albion WFC,True,FREE,LONG_RIGHT,125,145,0.8620689655172413,19,0.152,0.8947368421052632,0.6973085585998002,-0.002633276517342732,NO
WSL2021,Megan Walsh,Brighton & Hove Albion WFC,True,FREE,MEDIUM_CENTRAL,125,145,0.8620689655172413,5,0.04,0.6,0.7188817927575339,-0.002413800039441002,CENTRAL_ZONE_PROXY_ONLY
WSL2021,Megan Walsh,Brighton & Hove Albion WFC,True,FREE,MEDIUM_LEFT,125,145,0.8620689655172413,12,0.096,0.8333333333333334,0.7273888832162982,-0.001159675199106997,NO
WSL2021,Megan Walsh,Brighton & Hove Albion WFC,True,FREE,MEDIUM_RIGHT,125,145,0.8620689655172413,5,0.04,0.8,0.7101354465931243,-0.0015637835462803304,NO
WSL2021,Megan Walsh,Brighton & Hove Albion WFC,True,FREE,SHORT_CENTRAL,125,145,0.8620689655172413,16,0.128,1.0,0.710997452627919,-0.0017005590992898193,CENTRAL_ZONE_PROXY_ONLY
WSL2021,Megan Walsh,Brighton & Hove Albion WFC,True,FREE,SHORT_LEFT,125,145,0.8620689655172413,18,0.144,1.0,0.7515534310989738,-0.0008809131847520059,NO
WSL2021,Megan Walsh,Brighton & Hove Albion WFC,True,FREE,SHORT_RIGHT,125,145,0.8620689655172413,21,0.168,1.0,0.8065814370581154,-0.0010495296611837102,NO
WSL2021,Megan Walsh,Brighton & Hove Albion WFC,True,FREE,VERY_LONG_CENTRAL,125,145,0.8620689655172413,1,0.008,0.0,0.6111111111111112,-0.004410707756070507,CENTRAL_ZONE_PROXY_ONLY
WSL2021,Megan Walsh,Brighton & Hove Albion WFC,True,FREE,VERY_LONG_LEFT,125,145,0.8620689655172413,1,0.008,1.0,0.6705882352941176,-0.0034453545412328913,NO
WSL2021,Rebecca Leigh Spencer,Tottenham Hotspur Women,False,FREE,LONG_CENTRAL,407,457,0.8905908096280087,12,0.029484029484029485,0.4166666666666667,0.7763970330320645,-0.0031660746508742122,CENTRAL_ZONE_PROXY_ONLY
WSL2021,Rebecca Leigh Spencer,Tottenham Hotspur Women,False,FREE,LONG_LEFT,407,457,0.8905908096280087,29,0.07125307125307126,0.4827586206896552,0.799693158637057,-0.004351556475289022,NO
WSL2021,Rebecca Leigh Spencer,Tottenham Hotspur Women,False,FREE,LONG_RIGHT,407,457,0.8905908096280087,37,0.09090909090909091,0.6486486486486487,0.7561783483881733,-0.002810256542552466,NO
WSL2021,Rebecca Leigh Spencer,Tottenham Hotspur Women,False,FREE,MEDIUM_CENTRAL,407,457,0.8905908096280087,8,0.019656019656019656,0.875,0.7359573591844848,-0.004773393437648569,CENTRAL_ZONE_PROXY_ONLY
WSL2021,Rebecca Leigh Spencer,Tottenham Hotspur Women,False,FREE,MEDIUM_LEFT,407,457,0.8905908096280087,32,0.07862407862407862,0.9375,0.832024573130673,-0.0030578036706841363,NO
WSL2021,Rebecca Leigh Spencer,Tottenham Hotspur Women,False,FREE,MEDIUM_RIGHT,407,457,0.8905908096280087,29,0.07125307125307126,0.9655172413793104,0.8337781351548206,-0.002015545004826449,NO
WSL2021,Rebecca Leigh Spencer,Tottenham Hotspur Women,False,FREE,SHORT_CENTRAL,407,457,0.8905908096280087,85,0.20884520884520885,0.9882352941176471,0.8175265587038544,-0.0025201324184505563,CENTRAL_ZONE_PROXY_ONLY
WSL2021,Rebecca Leigh Spencer,Tottenham Hotspur Women,False,FREE,SHORT_LEFT,407,457,0.8905908096280087,82,0.20147420147420148,1.0,0.8427961925124906,-0.0019587081700524894,NO
WSL2021,Rebecca Leigh Spencer,Tottenham Hotspur Women,False,FREE,SHORT_RIGHT,407,457,0.8905908096280087,90,0.22113022113022113,0.9777777777777777,0.838374366269664,-0.0018665581919838042,NO
WSL2021,Rebecca Leigh Spencer,Tottenham Hotspur Women,False,FREE,VERY_LONG_LEFT,407,457,0.8905908096280087,1,0.002457002457002457,1.0,0.8187919463087249,-0.0006176435091431298,NO
WSL2021,Rebecca Leigh Spencer,Tottenham Hotspur Women,False,FREE,VERY_LONG_RIGHT,407,457,0.8905908096280087,2,0.004914004914004914,0.5,0.7128108961705487,-0.0032095062369369987,NO
WSL2021,Rebecca Leigh Spencer,Tottenham Hotspur Women,False,PRESSURED,LONG_CENTRAL,28,38,0.7368421052631579,2,0.07142857142857142,0.5,0.6577981651376147,-0.005770160136832922,CENTRAL_ZONE_PROXY_ONLY
WSL2021,Rebecca Leigh Spencer,Tottenham Hotspur Women,False,PRESSURED,LONG_LEFT,28,38,0.7368421052631579,2,0.07142857142857142,0.5,0.561624649859944,-0.006607923087239754,NO
WSL2021,Rebecca Leigh Spencer,Tottenham Hotspur Women,False,PRESSURED,LONG_RIGHT,28,38,0.7368421052631579,6,0.21428571428571427,0.5,0.6305705653733652,-0.009467147632574627,NO
WSL2021,Rebecca Leigh Spencer,Tottenham Hotspur Women,False,PRESSURED,MEDIUM_CENTRAL,28,38,0.7368421052631579,2,0.07142857142857142,0.5,0.4556005023893776,-0.01228074140208069,CENTRAL_ZONE_PROXY_ONLY
WSL2021,Rebecca Leigh Spencer,Tottenham Hotspur Women,False,PRESSURED,MEDIUM_LEFT,28,38,0.7368421052631579,5,0.17857142857142858,1.0,0.600079185520362,-0.006162318803317239,NO
WSL2021,Rebecca Leigh Spencer,Tottenham Hotspur Women,False,PRESSURED,MEDIUM_RIGHT,28,38,0.7368421052631579,3,0.10714285714285714,1.0,0.5975131516021043,-0.007083901474564766,NO
WSL2021,Rebecca Leigh Spencer,Tottenham Hotspur Women,False,PRESSURED,SHORT_CENTRAL,28,38,0.7368421052631579,3,0.10714285714285714,1.0,0.5540626554143252,-0.012690936758018315,CENTRAL_ZONE_PROXY_ONLY
WSL2021,Rebecca Leigh Spencer,Tottenham Hotspur Women,False,PRESSURED,SHORT_LEFT,28,38,0.7368421052631579,1,0.03571428571428571,1.0,0.6705882352941176,-0.004492628654366832,NO
WSL2021,Rebecca Leigh Spencer,Tottenham Hotspur Women,False,PRESSURED,SHORT_RIGHT,28,38,0.7368421052631579,4,0.14285714285714285,1.0,0.4214939024390244,-0.012159050302976114,NO
WSL2021,Rebecca Leigh Spencer,Tottenham Hotspur Women,True,FREE,LONG_CENTRAL,132,152,0.868421052631579,7,0.05303030303030303,0.5714285714285714,0.7444412835966147,-0.0015270298178007124,CENTRAL_ZONE_PROXY_ONLY
WSL2021,Rebecca Leigh Spencer,Tottenham Hotspur Women,True,FREE,LONG_LEFT,132,152,0.868421052631579,19,0.14393939393939395,0.6842105263157895,0.7426343468567704,-0.0013177095515392618,NO
WSL2021,Rebecca Leigh Spencer,Tottenham Hotspur Women,True,FREE,LONG_RIGHT,132,152,0.868421052631579,10,0.07575757575757576,0.8,0.7181411219488262,-0.0021138049861373154,NO
WSL2021,Rebecca Leigh Spencer,Tottenham Hotspur Women,True,FREE,MEDIUM_LEFT,132,152,0.868421052631579,9,0.06818181818181818,0.8888888888888888,0.6975500304856752,-0.0022548501023121606,NO
WSL2021,Rebecca Leigh Spencer,Tottenham Hotspur Women,True,FREE,MEDIUM_RIGHT,132,152,0.868421052631579,6,0.045454545454545456,1.0,0.6959508206362798,-0.0024153486920000674,NO
WSL2021,Rebecca Leigh Spencer,Tottenham Hotspur Women,True,FREE,SHORT_CENTRAL,132,152,0.868421052631579,11,0.08333333333333333,1.0,0.750301110281815,-0.0018235240566886136,CENTRAL_ZONE_PROXY_ONLY
WSL2021,Rebecca Leigh Spencer,Tottenham Hotspur Women,True,FREE,SHORT_LEFT,132,152,0.868421052631579,42,0.3181818181818182,1.0,0.7287210934645457,-0.0016896481524277366,NO
WSL2021,Rebecca Leigh Spencer,Tottenham Hotspur Women,True,FREE,SHORT_RIGHT,132,152,0.868421052631579,27,0.20454545454545456,1.0,0.7404516695611302,-0.0019157335842546605,NO
WSL2021,Rebecca Leigh Spencer,Tottenham Hotspur Women,True,FREE,VERY_LONG_LEFT,132,152,0.868421052631579,1,0.007575757575757576,0.0,0.8505747126436781,0.0019133204694940726,NO
WSL2021,Sian Rogers,Aston Villa,False,FREE,LONG_LEFT,25,29,0.8620689655172413,2,0.08,0.5,0.7869127516778524,-0.0025396957069099345,NO
WSL2021,Sian Rogers,Aston Villa,False,FREE,LONG_RIGHT,25,29,0.8620689655172413,3,0.12,0.3333333333333333,0.7550335570469798,-0.0036607744916326555,NO
WSL2021,Sian Rogers,Aston Villa,False,FREE,MEDIUM_CENTRAL,25,29,0.8620689655172413,1,0.04,1.0,0.7550335570469798,-0.0015860183785159675,CENTRAL_ZONE_PROXY_ONLY
WSL2021,Sian Rogers,Aston Villa,False,FREE,MEDIUM_LEFT,25,29,0.8620689655172413,3,0.12,1.0,0.8879146705233661,0.0004806685468823806,NO
WSL2021,Sian Rogers,Aston Villa,False,FREE,MEDIUM_RIGHT,25,29,0.8620689655172413,3,0.12,1.0,0.8790410682408875,-0.0013068704577638725,NO
WSL2021,Sian Rogers,Aston Villa,False,FREE,SHORT_CENTRAL,25,29,0.8620689655172413,2,0.08,0.5,0.5998721636305528,-0.005663789107446657,CENTRAL_ZONE_PROXY_ONLY
WSL2021,Sian Rogers,Aston Villa,False,FREE,SHORT_LEFT,25,29,0.8620689655172413,7,0.28,0.8571428571428571,0.8109887874988547,-0.002725197023376503,NO
WSL2021,Sian Rogers,Aston Villa,False,FREE,SHORT_RIGHT,25,29,0.8620689655172413,4,0.16,1.0,0.8258045086904147,-0.002403564480549638,NO
WSL2021,Sian Rogers,Aston Villa,False,PRESSURED,LONG_LEFT,5,7,0.7142857142857143,3,0.6,0.6666666666666666,0.5203703703703705,-0.012170768773033589,NO
WSL2021,Sian Rogers,Aston Villa,False,PRESSURED,MEDIUM_CENTRAL,5,7,0.7142857142857143,1,0.2,0.0,0.7028985507246377,-0.00906785573372261,CENTRAL_ZONE_PROXY_ONLY
WSL2021,Sian Rogers,Aston Villa,False,PRESSURED,MEDIUM_LEFT,5,7,0.7142857142857143,1,0.2,1.0,0.475,-0.015740137966672264,NO
WSL2021,Sian Rogers,Aston Villa,True,FREE,LONG_CENTRAL,13,15,0.8666666666666667,1,0.07692307692307693,1.0,0.7028985507246377,-0.00395335274127973,CENTRAL_ZONE_PROXY_ONLY
WSL2021,Sian Rogers,Aston Villa,True,FREE,LONG_LEFT,13,15,0.8666666666666667,2,0.15384615384615385,0.5,0.7550335570469798,-0.0006098394630788357,NO
WSL2021,Sian Rogers,Aston Villa,True,FREE,LONG_RIGHT,13,15,0.8666666666666667,1,0.07692307692307693,1.0,0.7028985507246377,-0.00395335274127973,NO
WSL2021,Sian Rogers,Aston Villa,True,FREE,SHORT_CENTRAL,13,15,0.8666666666666667,1,0.07692307692307693,1.0,0.7550335570469798,-0.002418997426711854,CENTRAL_ZONE_PROXY_ONLY
WSL2021,Sian Rogers,Aston Villa,True,FREE,SHORT_LEFT,13,15,0.8666666666666667,4,0.3076923076923077,1.0,0.7419998054663943,-0.0018980072735373138,NO
WSL2021,Sian Rogers,Aston Villa,True,FREE,SHORT_RIGHT,13,15,0.8666666666666667,4,0.3076923076923077,1.0,0.7647839358105045,-0.0025471971371060992,NO
WSL2021,Sophie Baggaley,Bristol City WFC,False,FREE,LONG_CENTRAL,427,505,0.8455445544554455,36,0.08430913348946135,0.4722222222222222,0.7034952203889857,-0.005236653783935159,CENTRAL_ZONE_PROXY_ONLY
WSL2021,Sophie Baggaley,Bristol City WFC,False,FREE,LONG_LEFT,427,505,0.8455445544554455,84,0.19672131147540983,0.6190476190476191,0.7731330627376961,-0.003991062920271922,NO
WSL2021,Sophie Baggaley,Bristol City WFC,False,FREE,LONG_RIGHT,427,505,0.8455445544554455,59,0.13817330210772832,0.6101694915254238,0.7032760982957371,-0.005050771215291288,NO
WSL2021,Sophie Baggaley,Bristol City WFC,False,FREE,MEDIUM_CENTRAL,427,505,0.8455445544554455,4,0.00936768149882904,1.0,0.832457729673518,-0.0038277725541766678,CENTRAL_ZONE_PROXY_ONLY
WSL2021,Sophie Baggaley,Bristol City WFC,False,FREE,MEDIUM_LEFT,427,505,0.8455445544554455,48,0.11241217798594848,0.7916666666666666,0.8534644744165533,-0.002717876393021131,NO
WSL2021,Sophie Baggaley,Bristol City WFC,False,FREE,MEDIUM_RIGHT,427,505,0.8455445544554455,32,0.07494145199063232,0.71875,0.7943182620795703,-0.004430020234883181,NO
WSL2021,Sophie Baggaley,Bristol City WFC,False,FREE,SHORT_CENTRAL,427,505,0.8455445544554455,22,0.05152224824355972,1.0,0.8541764741768509,-0.0039099521998273885,CENTRAL_ZONE_PROXY_ONLY
WSL2021,Sophie Baggaley,Bristol City WFC,False,FREE,SHORT_LEFT,427,505,0.8455445544554455,68,0.1592505854800937,0.9705882352941176,0.8444163648844395,-0.0033320763831619577,NO
WSL2021,Sophie Baggaley,Bristol City WFC,False,FREE,SHORT_RIGHT,427,505,0.8455445544554455,44,0.10304449648711944,1.0,0.8295818280556548,-0.0033096239171792417,NO
WSL2021,Sophie Baggaley,Bristol City WFC,False,FREE,VERY_LONG_CENTRAL,427,505,0.8455445544554455,4,0.00936768149882904,0.0,0.6393608247422681,-0.007140020048230967,CENTRAL_ZONE_PROXY_ONLY
WSL2021,Sophie Baggaley,Bristol City WFC,False,FREE,VERY_LONG_LEFT,427,505,0.8455445544554455,17,0.03981264637002342,0.6470588235294118,0.6786854299472235,-0.006363180154498616,NO
WSL2021,Sophie Baggaley,Bristol City WFC,False,FREE,VERY_LONG_RIGHT,427,505,0.8455445544554455,9,0.02107728337236534,0.5555555555555556,0.609089445488556,-0.006730419467349567,NO
WSL2021,Sophie Baggaley,Bristol City WFC,False,PRESSURED,LONG_CENTRAL,52,66,0.7878787878787878,7,0.1346153846153846,0.14285714285714285,0.5353745588135868,-0.009630144354367117,CENTRAL_ZONE_PROXY_ONLY
WSL2021,Sophie Baggaley,Bristol City WFC,False,PRESSURED,LONG_LEFT,52,66,0.7878787878787878,6,0.11538461538461539,0.6666666666666666,0.5366219222986557,-0.009814572431851111,NO
WSL2021,Sophie Baggaley,Bristol City WFC,False,PRESSURED,LONG_RIGHT,52,66,0.7878787878787878,14,0.2692307692307692,0.5,0.5706867125465244,-0.009194945414673111,NO
WSL2021,Sophie Baggaley,Bristol City WFC,False,PRESSURED,MEDIUM_CENTRAL,52,66,0.7878787878787878,4,0.07692307692307693,1.0,0.4426325247079964,-0.01473985320415136,CENTRAL_ZONE_PROXY_ONLY
WSL2021,Sophie Baggaley,Bristol City WFC,False,PRESSURED,MEDIUM_LEFT,52,66,0.7878787878787878,4,0.07692307692307693,0.5,0.6519044791037898,-0.006963505790216284,NO
WSL2021,Sophie Baggaley,Bristol City WFC,False,PRESSURED,MEDIUM_RIGHT,52,66,0.7878787878787878,8,0.15384615384615385,0.5,0.5497442082347685,-0.008518908872097365,NO
WSL2021,Sophie Baggaley,Bristol City WFC,False,PRESSURED,SHORT_CENTRAL,52,66,0.7878787878787878,2,0.038461538461538464,0.5,0.5203608247422681,-0.010226806233221362,CENTRAL_ZONE_PROXY_ONLY
WSL2021,Sophie Baggaley,Bristol City WFC,False,PRESSURED,SHORT_LEFT,52,66,0.7878787878787878,5,0.09615384615384616,1.0,0.5139756042590852,-0.011202841684784677,NO
WSL2021,Sophie Baggaley,Bristol City WFC,False,PRESSURED,SHORT_RIGHT,52,66,0.7878787878787878,2,0.038461538461538464,1.0,0.5788793103448276,-0.006597545090545182,NO
WSL2021,Sophie Baggaley,Bristol City WFC,True,FREE,LONG_CENTRAL,211,251,0.8406374501992032,6,0.02843601895734597,0.6666666666666666,0.6795584298588674,-0.0027495303531605165,CENTRAL_ZONE_PROXY_ONLY
WSL2021,Sophie Baggaley,Bristol City WFC,True,FREE,LONG_LEFT,211,251,0.8406374501992032,86,0.4075829383886256,0.5232558139534884,0.7220215320057352,-0.0017404572520405865,NO
WSL2021,Sophie Baggaley,Bristol City WFC,True,FREE,LONG_RIGHT,211,251,0.8406374501992032,51,0.24170616113744076,0.43137254901960786,0.7056243267970141,-0.002570117550382915,NO
WSL2021,Sophie Baggaley,Bristol City WFC,True,FREE,MEDIUM_CENTRAL,211,251,0.8406374501992032,1,0.004739336492890996,1.0,0.6943396226415094,-0.0025717864902034763,CENTRAL_ZONE_PROXY_ONLY
WSL2021,Sophie Baggaley,Bristol City WFC,True,FREE,MEDIUM_LEFT,211,251,0.8406374501992032,8,0.037914691943127965,0.875,0.7023475734689772,-0.0020526602486139155,NO
WSL2021,Sophie Baggaley,Bristol City WFC,True,FREE,MEDIUM_RIGHT,211,251,0.8406374501992032,4,0.018957345971563982,0.5,0.7153233630773581,-0.002748959076176838,NO
WSL2021,Sophie Baggaley,Bristol City WFC,True,FREE,SHORT_CENTRAL,211,251,0.8406374501992032,3,0.014218009478672985,1.0,0.6880961527907359,-0.0027359774351676286,CENTRAL_ZONE_PROXY_ONLY
WSL2021,Sophie Baggaley,Bristol City WFC,True,FREE,SHORT_LEFT,211,251,0.8406374501992032,26,0.12322274881516587,1.0,0.7134653180130995,-0.0019440417578426676,NO
WSL2021,Sophie Baggaley,Bristol City WFC,True,FREE,SHORT_RIGHT,211,251,0.8406374501992032,19,0.09004739336492891,1.0,0.7440508658219347,-0.0015527057722473407,NO
WSL2021,Sophie Baggaley,Bristol City WFC,True,FREE,VERY_LONG_LEFT,211,251,0.8406374501992032,4,0.018957345971563982,0.0,0.6824639289678135,-0.0022514395450494258,NO
WSL2021,Sophie Baggaley,Bristol City WFC,True,FREE,VERY_LONG_RIGHT,211,251,0.8406374501992032,3,0.014218009478672985,0.0,0.7740500517546497,-0.0013398788034904435,NO
WSL2021,Tinja-Riikka Tellervo Korpela,Everton LFC,False,FREE,LONG_CENTRAL,190,191,0.9947643979057592,3,0.015789473684210527,0.3333333333333333,0.527175697865353,-0.010289375544631876,CENTRAL_ZONE_PROXY_ONLY
WSL2021,Tinja-Riikka Tellervo Korpela,Everton LFC,False,FREE,LONG_LEFT,190,191,0.9947643979057592,2,0.010526315789473684,1.0,0.8026912024756852,-0.0005602593589577091,NO
WSL2021,Tinja-Riikka Tellervo Korpela,Everton LFC,False,FREE,LONG_RIGHT,190,191,0.9947643979057592,4,0.021052631578947368,0.75,0.7636778654285343,-0.0028866554288787378,NO
WSL2021,Tinja-Riikka Tellervo Korpela,Everton LFC,False,FREE,MEDIUM_CENTRAL,190,191,0.9947643979057592,2,0.010526315789473684,1.0,0.9294529914529914,0.0020108795749590215,CENTRAL_ZONE_PROXY_ONLY
WSL2021,Tinja-Riikka Tellervo Korpela,Everton LFC,False,FREE,MEDIUM_LEFT,190,191,0.9947643979057592,11,0.05789473684210526,0.9090909090909091,0.8597078881916876,-0.0026665561348829356,NO
WSL2021,Tinja-Riikka Tellervo Korpela,Everton LFC,False,FREE,MEDIUM_RIGHT,190,191,0.9947643979057592,10,0.05263157894736842,0.9,0.8665399906252305,-0.0017772108633532368,NO
WSL2021,Tinja-Riikka Tellervo Korpela,Everton LFC,False,FREE,SHORT_CENTRAL,190,191,0.9947643979057592,46,0.24210526315789474,1.0,0.8774090343467209,-0.0017846673700778399,CENTRAL_ZONE_PROXY_ONLY
WSL2021,Tinja-Riikka Tellervo Korpela,Everton LFC,False,FREE,SHORT_LEFT,190,191,0.9947643979057592,44,0.23157894736842105,0.9772727272727273,0.8666976184462359,-0.0026437369222948276,NO
WSL2021,Tinja-Riikka Tellervo Korpela,Everton LFC,False,FREE,SHORT_RIGHT,190,191,0.9947643979057592,68,0.35789473684210527,1.0,0.9005034596097999,-0.0019048937019439738,NO
WSL2021,Tinja-Riikka Tellervo Korpela,Everton LFC,False,PRESSURED,LONG_LEFT,15,16,0.9375,1,0.06666666666666667,1.0,0.6470588235294118,-0.0032395663101716828,NO
WSL2021,Tinja-Riikka Tellervo Korpela,Everton LFC,False,PRESSURED,LONG_RIGHT,15,16,0.9375,2,0.13333333333333333,0.0,0.5889492753623189,-0.006035812524934535,NO
WSL2021,Tinja-Riikka Tellervo Korpela,Everton LFC,False,PRESSURED,MEDIUM_LEFT,15,16,0.9375,2,0.13333333333333333,0.5,0.6292270531400966,-0.00628391229788664,NO
WSL2021,Tinja-Riikka Tellervo Korpela,Everton LFC,False,PRESSURED,MEDIUM_RIGHT,15,16,0.9375,2,0.13333333333333333,1.0,0.6292270531400966,-0.006372980332475546,NO
WSL2021,Tinja-Riikka Tellervo Korpela,Everton LFC,False,PRESSURED,SHORT_CENTRAL,15,16,0.9375,2,0.13333333333333333,1.0,0.7550335570469798,-0.005365501414882722,CENTRAL_ZONE_PROXY_ONLY
WSL2021,Tinja-Riikka Tellervo Korpela,Everton LFC,False,PRESSURED,SHORT_LEFT,15,16,0.9375,1,0.06666666666666667,1.0,0.7028985507246377,-0.009480013338537192,NO
WSL2021,Tinja-Riikka Tellervo Korpela,Everton LFC,False,PRESSURED,SHORT_RIGHT,15,16,0.9375,5,0.3333333333333333,0.8,0.6621400317738223,-0.00754870115507969,NO
WSL2021,Tinja-Riikka Tellervo Korpela,Everton LFC,True,FREE,SHORT_CENTRAL,27,27,1.0,9,0.3333333333333333,1.0,0.7294302995439503,-0.0015683400440903912,CENTRAL_ZONE_PROXY_ONLY
WSL2021,Tinja-Riikka Tellervo Korpela,Everton LFC,True,FREE,SHORT_LEFT,27,27,1.0,8,0.2962962962962963,1.0,0.8064624216349952,0.00048173641820485483,NO
WSL2021,Tinja-Riikka Tellervo Korpela,Everton LFC,True,FREE,SHORT_RIGHT,27,27,1.0,10,0.37037037037037035,1.0,0.758196472402636,-0.0012274179915098167,NO
WSL2021,Zecira Musovic,Chelsea FCW,False,FREE,LONG_CENTRAL,38,40,0.95,1,0.02631578947368421,1.0,0.44612528364124415,-0.013323214704523061,CENTRAL_ZONE_PROXY_ONLY
WSL2021,Zecira Musovic,Chelsea FCW,False,FREE,LONG_LEFT,38,40,0.95,2,0.05263157894736842,0.5,0.8577530864197531,-0.0013277639578243147,NO
WSL2021,Zecira Musovic,Chelsea FCW,False,FREE,LONG_RIGHT,38,40,0.95,9,0.23684210526315788,0.1111111111111111,0.7643035602856693,-0.0033284110558504864,NO
WSL2021,Zecira Musovic,Chelsea FCW,False,FREE,MEDIUM_CENTRAL,38,40,0.95,1,0.02631578947368421,1.0,0.9777777777777777,0.0013119972742221863,CENTRAL_ZONE_PROXY_ONLY
WSL2021,Zecira Musovic,Chelsea FCW,False,FREE,MEDIUM_LEFT,38,40,0.95,1,0.02631578947368421,1.0,0.8461538461538461,-0.005214844893353792,NO
WSL2021,Zecira Musovic,Chelsea FCW,False,FREE,MEDIUM_RIGHT,38,40,0.95,8,0.21052631578947367,0.75,0.8155535124451976,-0.0020717760794333787,NO
WSL2021,Zecira Musovic,Chelsea FCW,False,FREE,SHORT_CENTRAL,38,40,0.95,6,0.15789473684210525,1.0,0.9346229508196721,0.0002599325998297074,CENTRAL_ZONE_PROXY_ONLY
WSL2021,Zecira Musovic,Chelsea FCW,False,FREE,SHORT_LEFT,38,40,0.95,4,0.10526315789473684,1.0,0.8630161472948359,-0.0006163068446061455,NO
WSL2021,Zecira Musovic,Chelsea FCW,False,FREE,SHORT_RIGHT,38,40,0.95,4,0.10526315789473684,1.0,0.8672287538407757,-0.002430274012814794,NO
WSL2021,Zecira Musovic,Chelsea FCW,False,FREE,VERY_LONG_CENTRAL,38,40,0.95,1,0.02631578947368421,0.0,0.7710843373493975,-0.00887681149077414,CENTRAL_ZONE_PROXY_ONLY
WSL2021,Zecira Musovic,Chelsea FCW,False,FREE,VERY_LONG_RIGHT,38,40,0.95,1,0.02631578947368421,1.0,0.43333333333333335,-0.010757091891839005,NO
WSL2021,Zecira Musovic,Chelsea FCW,False,PRESSURED,LONG_LEFT,3,3,1.0,1,0.3333333333333333,0.0,0.6705882352941176,-0.005799675805549086,NO
WSL2021,Zecira Musovic,Chelsea FCW,False,PRESSURED,LONG_RIGHT,3,3,1.0,1,0.3333333333333333,0.0,0.6705882352941176,-0.005799675805549086,NO
WSL2021,Zecira Musovic,Chelsea FCW,False,PRESSURED,MEDIUM_RIGHT,3,3,1.0,1,0.3333333333333333,0.0,0.6705882352941176,-0.0019717492855629935,NO
WSL2021,Zecira Musovic,Chelsea FCW,True,FREE,LONG_CENTRAL,14,14,1.0,4,0.2857142857142857,0.5,0.7155963302752294,-0.0015100260471270148,CENTRAL_ZONE_PROXY_ONLY
WSL2021,Zecira Musovic,Chelsea FCW,True,FREE,LONG_LEFT,14,14,1.0,1,0.07142857142857142,0.0,0.7155963302752294,-0.0009449052437373795,NO
WSL2021,Zecira Musovic,Chelsea FCW,True,FREE,LONG_RIGHT,14,14,1.0,3,0.21428571428571427,0.6666666666666666,0.7155963302752294,-0.00207514685051665,NO
WSL2021,Zecira Musovic,Chelsea FCW,True,FREE,MEDIUM_LEFT,14,14,1.0,3,0.21428571428571427,1.0,0.7528556969346442,-0.0005954911699981662,NO
WSL2021,Zecira Musovic,Chelsea FCW,True,FREE,SHORT_LEFT,14,14,1.0,2,0.14285714285714285,1.0,0.7518796992481203,-0.00038882247396368605,NO
WSL2021,Zecira Musovic,Chelsea FCW,True,FREE,VERY_LONG_RIGHT,14,14,1.0,1,0.07142857142857142,1.0,0.7155963302752294,-0.00207514685051665,NO
