scope,event_id,match_id,evaluation_fold
ALL,001f36d5-65a3-4a1b-8fb5-fc48dbf14a90,3930175,3
ALL,0029898d-2311-4643-bcc4-6bc1b01ee81b,3930181,0
ALL,003f6772-4c10-4dc0-b09d-f7c0bbb56b3a,3857257,2
ALL,0059a940-c623-483e-b99b-e79f90422507,3930181,0
ALL,006eb36a-ca33-4eed-a8c4-56499a04253f,3930171,1
ALL,00745a51-14a0-4756-ba49-a28b6a42d8b2,3940878,4
ALL,0095979b-369c-42dc-85ee-aace2fe66e6c,3857296,1
ALL,00bc9abb-f048-4e27-8300-5b26aff0902a,3857298,1
ALL,00c24d6b-31cf-4ed5-a36f-1c7ef96c57a5,3857260,1
ALL,00dac45e-6aab-45bc-9575-27ca7d2ef2b0,3930163,3
ALL,00e533d9-00a6-4135-9179-544d70704837,3857277,2
ALL,00fab4f6-2e22-457e-8777-fad1f3765bbe,3857292,0
ALL,010b7c14-e6b8-4f55-8f76-d5106d4c596b,3869151,0
ALL,01126bd9-5b8b-429a-a08e-0068e3325f58,3930160,4
ALL,011b9b1d-bdbb-40fa-a569-4e93ca61ab53,3857284,0
ALL,0123f48e-a568-4403-a8dc-c89394b65912,3857297,2
ALL,01294bf3-6ee7-454b-9c6f-862a4d6b42fb,3857260,1
ALL,012fb620-8870-48bd-931b-93ee1c5e93b9,3857288,4
ALL,013f681b-f086-41e4-b561-c24a9b1d6c94,3930170,4
ALL,0150f1c2-0b79-4cc4-99ff-758d0d810736,3857262,4
ALL,015a1d4d-3621-41b9-8a7d-0f0a510e145a,3857276,2
ALL,01927e91-7471-4708-a01f-484b0dd0103b,3857292,0
ALL,0193a1f7-53a4-484a-b387-7e4636c535ea,3869152,3
ALL,01b0c543-366e-4595-b682-ae0988735860,3940878,4
ALL,01b26700-6c70-47c1-85a4-d6ab1572c186,3857260,1
ALL,01c73ecb-2a6d-4efe-87d4-addf36873d01,3857290,2
ALL,01d923ef-25fe-456d-885a-828649409510,3857300,0
ALL,01df2de7-0578-4eee-aec0-9f4d790328bd,3869152,3
ALL,01e95252-8f70-4116-861d-23659956455b,3857263,0
ALL,01f8a6a6-60ef-43fd-9d6f-f6b840b441a8,3857290,2
ALL,02022a1d-5920-4f02-b3ed-3bbf59f071d1,3857271,3
ALL,0218d183-5bf3-42b4-a381-f30d47fe3492,3930164,4
ALL,021fe2fa-472d-450f-b461-fd9f605dd24d,3869684,2
ALL,0228f9d4-cfe5-4f9e-8da1-b3b0744678c4,3930182,3
ALL,0249e108-0b2c-43c9-9ba9-e9c925ce6f06,3857261,4
ALL,0251a2ef-9bab-4b37-bc04-db9b1d36f114,3942349,4
ALL,0261df89-8458-41c0-ac04-aa4dc8c9f15a,3938643,1
ALL,02628600-4f9c-4fa9-90ca-ac3c938e7f49,3857284,0
ALL,026fbff9-374b-4963-a4a8-c638560300db,3942819,4
ALL,02733635-e5af-4bd2-89a1-c86a6f6c1529,3857260,1
ALL,0288dd00-0213-45d7-9fb9-7a42b79cbe22,3869486,1
ALL,02a87358-16a9-441d-a753-e30f74792d1d,3930184,1
ALL,02c57e28-978d-4ea4-a89a-672d042e92c0,3942226,3
ALL,02c9fcd4-dcf4-4db7-b820-60d8fdd21a25,3930169,2
ALL,02db687b-68ff-45e1-9986-984901e88641,3857300,0
ALL,02dd9516-c740-487c-afeb-0489e395f129,3930176,0
ALL,02e95aa0-a2e6-4cba-b919-f2c82cc7bc36,3930177,4
ALL,02ec98fa-1369-421a-975c-269dc2bac21a,3930173,4
ALL,02f68320-2365-4395-b713-277d0aed7ab2,3857301,1
ALL,03005bb5-3fed-4457-9d99-b4fc21fa4ff5,3857260,1
ALL,030babb5-7282-46a8-a128-4212d8b93ddd,3857280,2
ALL,033f42cd-aac6-4ef7-af23-6f372cf4760b,3942227,4
ALL,03696884-d4de-4bb2-85e0-7a59bb319928,3930182,3
ALL,036cd2db-b161-4ba1-a4b7-7f4c9c2baee5,3857276,2
ALL,03720177-92db-4b58-ae3b-4419c0d2d2ef,3857298,1
ALL,0379a9a3-6c49-4c42-8e35-2119715bfdf7,3857282,1
ALL,0388fe51-94ce-4639-9a07-5f68a6a4d1b3,3857268,4
ALL,03990083-b1d3-4969-b101-5cb34126130f,3930173,4
ALL,03a09b32-e1be-4ec4-b832-346f58f9fd66,3857262,4
ALL,03b27318-a8d2-46e6-ad53-44d96b20e233,3857274,3
ALL,03c0ec8e-389a-408e-a011-978ccfe3752b,3941020,3
ALL,03c928ca-ef07-4d2f-a38d-41fe97e8cfbe,3941020,3
ALL,03fbf815-10d8-4d40-b916-18d31db42f4d,3857263,0
ALL,03fcecb1-8c3d-4f01-979c-333b6e9dd6fc,3857280,2
ALL,041f4a7b-8183-4467-be97-2f34a75d4fa9,3869253,2
ALL,0422eaf4-a9f5-4f64-b9a8-a8cb472c8a29,3930183,3
ALL,042b033d-aff5-4f4c-b87d-3cdf2a2e9157,3857279,1
ALL,0436a545-9551-41a7-9467-b2816f80332c,3930166,4
ALL,0441f69b-0f34-4c1e-8bc8-85628db8d276,3930164,4
ALL,0483ab68-3e2c-4103-93dc-c67d91512746,3857297,2
ALL,04aa0283-2dbc-49d1-b200-65cb6130b1db,3930165,3
ALL,04bf3013-4f35-4c68-ad16-b9f61bbf4b26,3930171,1
ALL,04c28c12-cd6d-40a3-b599-845cb26e5fae,3857286,1
ALL,04e064e6-dc2a-42f2-853d-dfc1ffc89353,3857271,3
ALL,04e514c0-b36b-4cd1-ae6b-1aae2f07f1db,3857254,0
ALL,04f550db-1e45-4c1a-9640-5566720a64d1,3941022,2
ALL,04fcd59f-bc18-4ef3-a215-c06f533dd1de,3857289,3
ALL,05028209-7ed8-4afd-a61b-c8d6fb3d3d6e,3857254,0
ALL,051b50c6-a245-4164-bdc3-4934873a8461,3857254,0
ALL,0523f881-a4f4-4874-a022-725b25201907,3857263,0
ALL,052455ef-e07a-49a0-bedc-f041c30b2f3b,3857291,3
ALL,055e3e7b-a926-4d2c-99d7-cef8bebba6d3,3869420,0
ALL,05702b43-98a6-4223-9e52-c3d133b8e25d,3857273,0
ALL,0576f719-69d3-4f8a-a2f3-2646985ef4de,3869685,1
ALL,058aef31-627e-43ea-ab4b-0591233ef33f,3942227,4
ALL,05971621-acf2-4ee6-9cf5-70d9cae8b281,3857298,1
ALL,059b1801-ec40-4361-831d-d2b52ee790b0,3869117,2
ALL,05a68b61-351d-42c2-a158-8a4d3090f21c,3857289,3
ALL,05c5a2a6-42ba-4fcd-b851-8567ad32c921,3857263,0
ALL,05c63761-2457-4451-90a2-673b6c4ef835,3857281,4
ALL,05dc0152-9e30-492a-8472-947ce6aab653,3857261,4
ALL,05fc56a7-dcb7-4d43-9398-38526cf394e1,3930181,0
ALL,0620057e-4177-4856-9e21-67430f89cc5c,3942819,4
ALL,0634393a-cb4f-4ca7-96b1-dabd9819b381,3857261,4
ALL,0638777f-e61e-4704-ade0-db90d5c02d78,3930170,4
ALL,065ba211-16d2-4ee2-bc5f-cc554aa2591a,3942382,0
ALL,06618194-2112-4a48-aaa1-b167d818a1d3,3930161,4
ALL,0665425f-d0e1-4981-b8ed-6feafcdc8199,3930175,3
ALL,066a2e7a-1012-45ab-b949-b9dabe280665,3857292,0
ALL,0670e70a-c1ee-41b3-b264-8cf676019834,3941021,3
ALL,067a478a-1a44-4550-8816-1f69f2028d90,3930177,4
ALL,067de1d3-5689-4750-a11f-d6239180443c,3930164,4
ALL,069711df-c467-45f7-9492-e1a8570966a3,3940878,4
ALL,06b37eaa-0880-445e-af47-84b1841df2cc,3857275,0
ALL,06ba9aa4-dab2-44c6-8382-117b2e6e3d54,3857266,2
ALL,06c019e1-28a4-4ff1-a9ad-8cd405101e3b,3857297,2
ALL,06c9d7be-2c8d-48a4-bd84-b63051e20523,3941021,3
ALL,06cbcd4d-c00a-4d89-99f9-ea8a0a3de0fb,3930182,3
ALL,06d36b0a-0a87-42ba-b9c3-091902702749,3930162,0
ALL,06e5ef01-4170-4e93-9827-d3fa577be78f,3857282,1
ALL,06e9b4d0-7b69-49eb-a3ac-f020cccac180,3857275,0
ALL,06f195d1-1c71-41c6-8a1e-767e9b16013b,3857295,2
ALL,06fb152c-190d-441b-9990-5e8397cb76e1,3943043,1
ALL,0711348d-6422-4a18-98cb-d05ea37db9c5,3857294,2
ALL,0716b204-29b6-4cae-8f58-e797a116acc9,3857272,2
ALL,071f3eab-2124-49a9-a2ef-0d5b8b580c81,3930177,4
ALL,073140d9-782a-4f92-b2d7-ae36e5404642,3869552,4
ALL,07362d3a-da0e-4d7a-94b8-dee738913dbe,3857256,0
ALL,0743aa65-b729-490e-bf60-7c331d5e5556,3938637,4
ALL,074e5037-ab28-466f-966c-d60330a147ee,3938643,1
ALL,07507772-e632-4840-9c04-896926e6fa4a,3930182,3
ALL,076ad6c1-8242-4414-9b12-e4f50a28f24d,3869254,4
ALL,07825e17-3134-4064-96e9-080220cc8a76,3869220,0
ALL,0792a5d9-bffd-43cc-a121-ca2db050c8ca,3930182,3
ALL,079333d4-649e-4d73-b43e-ff420afdc8c9,3857290,2
ALL,07b9673e-4d13-4cdd-92c9-93d3c3dac310,3930165,3
ALL,07dbeb9f-2747-499d-91f9-280197aaf763,3930160,4
ALL,07dc04ad-3485-4d12-a624-1f94002f527a,3869219,1
ALL,07dd37b7-f075-43bb-af9e-8120d70c9b48,3857285,1
ALL,07e4382f-24b0-4055-b0b4-f5c046abe708,3869151,0
ALL,08018838-00e5-457a-858c-fa5497877878,3941017,1
ALL,08088e85-71c4-4097-848d-d1e8c17d028a,3869151,0
ALL,0825cb8c-b71e-4d9d-bb88-ded3f0b5e28d,3930176,0
ALL,0853b21a-af84-4026-997c-739007c6d542,3938637,4
ALL,085c4cc5-5019-4131-b6da-af314a9125d6,3857273,0
ALL,08921e39-1efc-42ad-9157-8b86f3485dec,3930179,4
ALL,08d3d405-254b-48a0-9f16-ed90791d4422,3930180,1
ALL,08d436f7-9ff4-49cd-be15-33d5c33c9ca1,3943043,1
ALL,08d59d09-ac55-419d-b272-349ee5dab188,3857268,4
ALL,08dd7a2f-2f20-4bba-a202-331fa55bbdf3,3857290,2
ALL,08f8281a-750a-4e1b-8e37-df3e5b6d023f,3942226,3
ALL,09033db6-b1d3-4dbb-9ce0-ca07d24dc0b9,3857260,1
ALL,0905b406-93de-4e29-9bd9-1ec216989084,3869684,2
ALL,0918e2c5-9171-48e2-8595-069d7f92462a,3930174,2
ALL,0936c136-20bc-413c-a5dc-271cc649565f,3857283,3
ALL,09381288-4fa3-4e09-9407-10d5a6d9d37c,3930184,1
ALL,094a1788-85c9-40c5-b9d8-6e51db08d70b,3930178,3
ALL,095da489-5e71-4f85-961f-5f47bbca3251,3857254,0
ALL,096f4aed-7442-46cf-9035-99aecc45a6ee,3941017,1
ALL,096fcc02-be70-4ca8-ace2-bda22f401823,3930169,2
ALL,09765697-ff8f-4bc0-b270-f83c3fa6b6cb,3938643,1
ALL,0980520c-440d-4556-8465-282f4bb528cb,3857295,2
ALL,0982ea2c-70a9-4314-ad0f-f517a305a9fd,3857268,4
ALL,099a97cf-ab67-4414-bee8-765563ffe2b6,3857276,2
ALL,09b19a0f-e813-461c-98db-37265b9efe71,3869354,3
ALL,09b840f3-530d-4c38-acd4-1fc55a122fe1,3857282,1
ALL,09c62a5b-74ce-4d90-8058-3cd112c6ff9a,3869254,4
ALL,09ce4621-57da-4f33-8a46-0eb77fbae231,3938643,1
ALL,09de4f7c-090f-4ee3-9113-82f67537c17e,3930174,2
ALL,09fcea3a-3c22-4b02-8179-0a91b4c0ccce,3942752,2
ALL,0a07b296-bfa4-4128-b776-774fa3cf1af6,3869151,0
ALL,0a121fcb-e843-4186-9559-c33d733f9c27,3857267,2
ALL,0a15a3ff-06ab-4350-82b9-e2e75befe7c2,3857296,1
ALL,0a15a47f-1114-40ac-ad51-87786a2b5faf,3930173,4
ALL,0a2fca1a-8ca8-4d4f-9bb5-b9b004e2e323,3942382,0
ALL,0a3d1af3-ceac-4656-b16d-f5a932e8fcf6,3943043,1
ALL,0a47c0e6-0d94-4a20-818c-794d649aa83a,3938637,4
ALL,0a4abd9f-dc7b-42fa-b01d-f3339bdbd0d0,3930171,1
ALL,0a572679-3c31-4d13-af11-5568ac56bd12,3857301,1
ALL,0a68858f-b0a2-4551-bb66-80bc92691d2b,3857262,4
ALL,0a709b7b-2b78-46be-b360-a4c406d9d51d,3857270,3
ALL,0a70d8a6-5b33-44ec-bd97-f516e91c3858,3930183,3
ALL,0a7e80d4-6f03-407b-98b4-e09d065de6ee,3857268,4
ALL,0a92321e-bf10-435a-ab7b-aad37af28fa9,3930179,4
ALL,0ab65e70-b914-4543-b842-e1d0fc89f6b0,3930182,3
ALL,0ab78cc6-9eac-44e8-9850-7bdad90f4b05,3857273,0
ALL,0aba83db-9490-4db7-9a0e-02b82eb8f27a,3857299,4
ALL,0abc40f2-7748-45ce-bc58-42e7aff5bb3d,3857262,4
ALL,0abeacd0-229e-4f2d-82f6-f39e03053b91,3869321,0
ALL,0abf2e1c-3f66-431a-8b07-92e6ef633123,3869253,2
ALL,0acab1fc-b41f-49b6-8330-32bd71bc8a4d,3857261,4
ALL,0ad13f55-eb2e-46ee-b306-342d55fa81c3,3869354,3
ALL,0af7587a-5f73-41b4-8902-d7a0bd1a3c64,3930163,3
ALL,0b09e322-3577-478f-aa70-2647791c0c81,3930168,2
ALL,0b0b702f-2151-4d70-b6fe-5852d0293b42,3857293,4
ALL,0b23928c-19aa-4b2e-941a-2f32db1b05c2,3930184,1
ALL,0b2dfe42-ce99-4b9b-ac00-2a3681b8bee8,3857297,2
ALL,0b35abb8-d543-442b-8f16-e68ac80ac55c,3942349,4
ALL,0b479e6a-7fe1-4c4a-8d4e-2455efa1a2e4,3930182,3
ALL,0b4ee925-ff1e-4e2c-aa1c-73e59a47c712,3869254,4
ALL,0b50ef54-9807-4763-84dd-b0473edf01b1,3930174,2
ALL,0b51e5eb-3f0f-4d9d-8234-81ef7cbac69c,3869552,4
ALL,0b6c5473-6766-4fcc-9fa6-3ae54c6eb60a,3941017,1
ALL,0b7f663d-9366-4d15-a4f0-55cada1cab9d,3941017,1
ALL,0b8ae613-8b23-4e7c-b066-216fd6a4dc31,3941017,1
ALL,0b9f4e96-7318-4050-9317-67178a1a86f9,3869219,1
ALL,0ba67e7c-a21d-4ccd-af30-b65721eabdcb,3857293,4
ALL,0bb14ec5-37a9-4851-987f-e6ad3a47eff8,3857284,0
ALL,0bb34966-56af-4751-b6d6-f067f0f3f5ac,3930175,3
ALL,0bbad813-b0dc-41e4-873c-3a46f8b39d07,3869117,2
ALL,0bdc302b-b400-44aa-8429-aa3e08cf351f,3857254,0
ALL,0bf0abfc-70da-489c-aba7-acbc7cf651ec,3857256,0
ALL,0bfc79dd-94a7-42fa-951e-5d7c2a3d085a,3930160,4
ALL,0c080613-e83d-43bb-8135-323ac07ec2e8,3869486,1
ALL,0c0ad9bb-910c-4311-8223-4688467ef2ed,3857286,1
ALL,0c0f02ea-ecf0-418e-af4c-08e9817bbec3,3930166,4
ALL,0c2d96a2-b1ed-4ae2-b9d6-18413d08b578,3857287,1
ALL,0c35a7d6-7a2b-41de-9837-079db939445c,3869685,1
ALL,0c3b68a1-1c85-41e1-a864-6b98a3ca3586,3930174,2
ALL,0c440ed4-f9b4-455a-9290-967baf09bd2a,3942752,2
ALL,0c58349e-a3b7-47c1-9910-beeb91577206,3857259,0
ALL,0c5fd3d1-28c6-4935-9337-6393ce7c3fa5,3930182,3
ALL,0c617aa4-040b-4d17-ab02-ea4320655421,3857290,2
ALL,0c6ecf3b-729b-49eb-aba2-5cc33b8499ee,3930161,4
ALL,0c79d9f9-f7d1-40d6-95b9-dd8fc23e606e,3930179,4
ALL,0c7ef273-2a59-4718-81aa-34abb941b76c,3869117,2
ALL,0c8c449b-c7c1-425a-bd2b-3f80ab072087,3869219,1
ALL,0c8cbabd-2aae-4707-9888-ffd1bc91b07b,3857285,1
ALL,0ca0f6cf-622b-4622-9dd8-07496acb933a,3857284,0
ALL,0cae69de-7da8-4be0-99a7-7914f5fe433e,3930160,4
ALL,0cb3ff06-1857-4a28-894e-6fc1b3a4d7b6,3930180,1
ALL,0cbfae4b-efae-41a0-80e0-015b4004a183,3930163,3
ALL,0cda9ff4-01ff-4888-9999-93b2ed9d52f7,3869420,0
ALL,0cdced7e-4d3b-4da2-8dde-aba0f980be81,3857265,1
ALL,0cdf1ee7-d061-4fe7-a4dd-9140cf820ada,3930184,1
ALL,0cf89e34-8992-46e6-93ae-b54cc367e6d4,3938643,1
ALL,0cfcc878-ea65-4e83-b95a-1b7499876034,3942226,3
ALL,0d02ff4a-d449-4c66-8ced-686dbc738557,3938641,2
ALL,0d05a2d9-147a-4828-9193-13b786d8f3ee,3941019,0
ALL,0d3484c3-f83a-4aaf-b7d8-8893f6b9f1c4,3938640,3
ALL,0d45a556-3403-4554-9cd6-81b75679d75e,3938640,3
ALL,0d463c10-e620-4ae0-96f0-dea972a1967e,3938637,4
ALL,0d47f0d6-f2ea-4aae-8489-e6b7be51fcd8,3857264,2
ALL,0d64e4ae-4435-4cbb-9e2c-8ed898663db9,3857256,0
ALL,0d6863c0-88f4-471d-b7c6-c2bbeae7ec55,3942819,4
ALL,0d7380cb-0b01-49f5-bb62-0467fcc85476,3930181,0
ALL,0d802053-efa9-44cf-8a61-658fa89bf1be,3942382,0
ALL,0d969488-717e-4606-afd5-653f2eba1291,3857301,1
ALL,0d97cdd0-9b5d-4df5-b9d8-e0b6041f14e0,3930169,2
ALL,0db63d78-c2f4-4a23-8dc3-5d48398aa23c,3857296,1
ALL,0dccf698-c115-4eb0-9ab5-a74778dae95b,3857301,1
ALL,0dd086e3-34f0-4497-97bf-f884fc315724,3930171,1
ALL,0dedb748-7425-4a56-b436-7056e83a24c9,3930181,0
ALL,0dfce91c-2ddb-41b8-a32c-e62eab4c765d,3857260,1
ALL,0e07f32d-3168-48cf-9ed9-a300d3725c4f,3857267,2
ALL,0e1419d0-47bb-4b69-92ec-8c7db1f8e914,3857273,0
ALL,0e1e8209-7eb4-45a4-b87f-7a1cf00c516b,3869219,1
ALL,0e31d349-8682-4c9f-a782-0fc874e03335,3942349,4
ALL,0e33044e-39aa-402c-b6a8-0fea79a99b0b,3930161,4
ALL,0e3db327-8b0e-4c4d-a09e-6a3291ad8b9f,3869354,3
ALL,0e42f033-be45-41e2-a92f-f04d31e9148e,3857279,1
ALL,0e60c02f-9679-4751-9373-6b5174e1fd92,3857265,1
ALL,0e6a1468-4191-46af-95e2-a3ea3b6286d1,3869354,3
ALL,0e7378fe-b6de-49f4-8052-b68104c34c2b,3857300,0
ALL,0e95e70a-22b0-40fa-a78b-75660b46cd15,3930184,1
ALL,0e99f2af-3f98-45e4-994f-14ce42e3d692,3942226,3
ALL,0ea3ecfc-18e8-47f9-8026-b8d724f2973f,3857292,0
ALL,0ed967e4-8448-48fc-9ab5-7cdae84f4eb1,3930160,4
ALL,0ed9b375-38a1-4e85-8297-27ebe8efe1ac,3857264,2
ALL,0ee5877d-4022-4603-960a-f8c8477a268f,3857294,2
ALL,0eefdf3a-1b98-429f-8d00-76f89934a9eb,3857255,0
ALL,0efc53a5-d357-4e78-8733-8e2bacb3ef04,3869118,1
ALL,0f330918-cd5f-4a63-9f61-a32d389108fb,3930171,1
ALL,0f358b49-4ab5-4024-b71b-635aa85a07be,3857266,2
ALL,0f392a60-14c6-4c37-8dcc-590e9efa84a5,3869519,1
ALL,0f4103b2-20c3-435e-8f62-8f4e22e1f3bb,3942227,4
ALL,0f4c650f-b9b5-4a7a-9d9e-58e3f5450ef3,3857263,0
ALL,0f532e3c-02ff-47d0-8bde-09d89738946d,3869354,3
ALL,0f555a02-4e9b-48bd-95d9-a064745378c8,3857258,2
ALL,0f6cf36f-00d1-4cf6-a912-b168ec7efb2c,3857301,1
ALL,0f6ec512-85a9-4c31-a17f-83b41c1bd8a0,3930176,0
ALL,0f75d0be-3e31-4d68-828d-c5d9b4b73d4f,3869152,3
ALL,0f8926f0-5100-4e8d-bc56-73078a0b901d,3857257,2
ALL,0fc6e9ee-951d-4432-bf9f-034b7a244d19,3869420,0
ALL,0fcb58b2-4d16-4cc5-a2e7-bc6f3dd37a08,3869684,2
ALL,0fd3e8bd-1057-4f91-9d73-0b02810afa37,3857261,4
ALL,0fd8fae6-c3c5-426f-9735-de2434e0694a,3930159,0
ALL,0ff587f1-cb26-41ee-b416-734e249de8be,3857257,2
ALL,0ff8923b-484c-4a39-b5be-4543f841680c,3857284,0
ALL,0ff8a029-7c54-4204-9195-6ac692dfee06,3930169,2
ALL,10134fa6-a377-425f-9cde-04af0e713de8,3857285,1
ALL,1033eb2f-1406-4cc9-98bc-cc0a4b342dff,3938645,1
ALL,1043e827-26d3-467f-b10d-ede0d9d1a43a,3942752,2
ALL,1050b019-062d-4128-83db-ba8320110424,3938638,3
ALL,10541708-ea9d-4bee-9196-e09e147fc624,3857290,2
ALL,1054d491-648e-466e-95b0-0ec6a3556f61,3930170,4
ALL,10665270-d778-4be0-8613-3ef83369e9da,3857286,1
ALL,10c3f065-1311-48f9-bb7e-9f7e4cf8ece6,3857284,0
ALL,10c77f75-ccbb-4372-a12a-1fe904d7e9d3,3857281,4
ALL,10d7c2b6-bb01-4d63-9d7a-6cf310775b7d,3857268,4
ALL,10e13fe7-3aed-410a-a3a6-d455bbffe123,3857290,2
ALL,10f8ae55-9f42-4d10-befc-bfb4ffb453ca,3857267,2
ALL,10fa14ad-d30a-4513-9bfb-57c8f13e9e42,3938641,2
ALL,11233b20-9478-478f-86a0-f3f6739b39fa,3857297,2
ALL,113533b3-d29a-47ad-8ce6-d7d111efaa26,3857273,0
ALL,11371057-fff6-4085-ac36-60b82826fdf7,3857261,4
ALL,113c8d20-3bae-4405-9ebe-0ab29148be12,3869321,0
ALL,1152e960-e3ed-4a28-a909-640daf6620b4,3869321,0
ALL,1171a2da-d4a3-456b-982f-383b66425380,3857300,0
ALL,1175b479-2d96-4a1f-b8c8-4d0a132a8de8,3857283,3
ALL,118487b9-2f3d-4e71-90c6-60224f4395a3,3938640,3
ALL,1185667d-4525-43f7-b286-c46b8c399be8,3857265,1
ALL,1185f550-2530-4602-b2ee-6a8bc6ee6f77,3857299,4
ALL,11922c71-f767-4954-822f-30c8fa9813d0,3938643,1
ALL,1198eec8-9e22-4ec0-853b-85925d8df980,3930181,0
ALL,11a0f570-1cc4-4522-a4b2-a0d92cf2e801,3938644,3
ALL,11b07a74-7236-482a-857b-55712576b765,3941017,1
ALL,11c1c18c-145b-4664-9b6c-cc2097f1885d,3869684,2
ALL,11d4f9ec-4610-4331-ac07-58aa11e6af28,3930184,1
ALL,11d9981d-0593-4558-9cee-c6be8d0364e1,3857261,4
ALL,11e7295b-259c-4a7e-b578-b38e7120252b,3938640,3
ALL,11f92ad9-e68a-4f1e-bd7b-244e2be17027,3930178,3
ALL,12151809-22dc-4ab8-92ea-1f7e528b8f01,3857255,0
ALL,1231392e-54c8-4913-b9c0-e5fae0d50c0c,3938638,3
ALL,124ab55e-b2a4-40cd-9e2c-8b6c130a4208,3857285,1
ALL,124c9d22-7301-45c6-8ead-7f431d16459b,3930176,0
ALL,1268352e-a6bd-4c5e-a022-843555abfea3,3930162,0
ALL,126bb646-e3da-4891-afa6-44b4fae5df67,3857293,4
ALL,126c3ae3-c9d1-4512-8dbf-00767be41a52,3941020,3
ALL,127f42f9-e304-44a5-b8b1-05afa5375cee,3857263,0
ALL,128731d3-dd46-42c3-93ca-f93237817332,3943043,1
ALL,129677cc-8756-46d5-ad11-6cc128fcddbe,3930174,2
ALL,1297ba10-bf96-4041-ae8c-bdd6be83d0b5,3869219,1
ALL,129bfd87-e989-4b5c-8ca8-ea58fd989daa,3930174,2
ALL,129f4d54-7850-49c7-b019-14faeb83bfdc,3930183,3
ALL,129fb95d-1ba7-4fa5-9961-5d6e4db71b31,3941017,1
ALL,12a64162-30b5-4a35-ab8a-8fc2390da08d,3941019,0
ALL,12b67f88-7e50-4364-a7d9-8bd1894152b6,3857286,1
ALL,12bc848c-f43a-44b5-b5c4-4a8540abe932,3857282,1
ALL,12de4d0d-be7a-4245-a559-dd63dda1ea10,3938640,3
ALL,12e195ba-72c3-48e5-a456-fc3356d0dc7c,3938641,2
ALL,12e30be0-e0b9-4315-9783-c8663f0a3533,3869220,0
ALL,132b5bf7-fe6b-498b-a294-a6f2b9304469,3942752,2
ALL,1330238d-dd05-4218-a927-e4fbe8bcbc7b,3930168,2
ALL,1330cf79-e914-4f10-8f7d-64f32e3455b9,3941021,3
ALL,133be0ed-f585-44c5-a50d-be321bedc463,3869253,2
ALL,1353266a-cd0c-402d-adda-2d1f47802911,3930165,3
ALL,136147b3-ca80-4356-92d0-488b87f00359,3869321,0
ALL,137f189e-4e5c-410c-8f63-037787cc86c2,3930168,2
ALL,138866d9-cbcd-40f3-a3b2-c17a9d4d37a2,3941017,1
ALL,13b6ec10-9e89-4f7e-b1d6-74f007f4f666,3930177,4
ALL,13d6bd86-0929-4c57-baed-791661d69780,3930164,4
ALL,13dd22b9-3606-4d21-8794-86df069bf2f7,3930175,3
ALL,13e090e4-3b62-4213-8231-4343fb52e541,3930170,4
ALL,13e3d3ae-2c5f-43e8-82ed-097fc0b0b075,3857286,1
ALL,13ec1307-9e6c-408d-9a9c-8ad788e4a18a,3942382,0
ALL,14077ecf-99d6-4b5d-9ed3-4da64f75a800,3869254,4
ALL,14203a9a-7a13-46a5-94a2-b3a0e969e8ec,3869685,1
ALL,14390a7b-8dfa-436a-b258-bcbf6525e667,3869220,0
ALL,143ff6ab-3635-47fb-a40c-4ac8041d15b2,3869321,0
ALL,14430222-dca4-433b-bfc4-4b20b606f82a,3857280,2
ALL,144915f9-8b42-4fde-9d2a-e6df181ccfb8,3869321,0
ALL,144c70fb-3fca-45c4-a05e-ad62753d38f0,3930182,3
ALL,145811b0-dda5-414e-a35c-4f176a70a9f7,3938637,4
ALL,145ddd30-9406-4dba-9baa-fbb8a66c58aa,3869684,2
ALL,146b3d8d-42f2-479d-8ce8-9a03ee838063,3857300,0
ALL,1478cbb7-2dc0-4a37-82f3-a983ba94d135,3857256,0
ALL,1482398f-61fa-499f-aa53-ca6b784357b8,3857275,0
ALL,148a0317-6175-46fc-8923-4002c69341de,3930163,3
ALL,14b6e730-8651-40cc-9607-fa84d9ad420f,3869118,1
ALL,14c05f7c-3dfc-4d1f-9a56-7d2b79a82d84,3857293,4
ALL,14c10d83-8132-4060-9349-b8f94b604326,3869254,4
ALL,14c21f20-e652-4039-a248-7eb9f469db84,3857277,2
ALL,14c6598b-16f2-48e6-b267-4ec4e4d5612d,3857290,2
ALL,14ce036a-9af0-480a-88e2-94eb0b149aa0,3930164,4
ALL,14d3e686-9d8e-44ec-938c-afcfaffe608a,3930161,4
ALL,14d52082-e55b-47fc-b8f1-f1bc4196a0ad,3941022,2
ALL,14dfe9ce-cdb5-45e2-a085-16e0aeabc384,3857279,1
ALL,14e88ce1-6f49-45e3-a836-be28a6433740,3857266,2
ALL,14fcfff2-64cc-4464-b6d5-6c2e72b0bb73,3857288,4
ALL,1500fdf9-88a4-4ca3-b3b7-d35da75d36e9,3942349,4
ALL,15063151-39bc-473e-9c84-ccafb4eec191,3857260,1
ALL,150c54bf-bba7-430c-b118-d3c82b6d1226,3941021,3
ALL,15166b62-2ac9-4658-a376-1da167c4e521,3857259,0
ALL,151dcf7d-c35f-41c1-8aa9-63c8bcaac4db,3930178,3
ALL,152304bb-55a1-464a-b2ba-329860379821,3942227,4
ALL,1531dfad-812e-4203-ab92-4b3a5f9d3d41,3930172,0
ALL,153b4234-79b3-4e57-b5bc-693f70f7fc65,3930176,0
ALL,15471fc3-5384-40ca-a284-c6c8b00d1892,3930171,1
ALL,154ce151-3ad7-4718-bb9d-012e4048ccb6,3857281,4
ALL,15692fcd-f9ed-4acb-8eb5-31127a0e7643,3930163,3
ALL,15787700-0685-414a-ba5b-3d6a905e55ab,3940878,4
ALL,1579b134-088f-455b-b0a6-e246b2b4cc80,3857266,2
ALL,159dca2c-eeef-4a1a-875c-ab0f4aebd1f5,3857272,2
ALL,15a04542-5a26-40c1-a927-415d3af8ec62,3857279,1
ALL,15b659c0-353e-44c2-b7fc-827c0b61a763,3938642,0
ALL,15ce5f61-cdfd-4bbf-b705-ddcea2c6ec6a,3857295,2
ALL,15ebe4ac-71d7-46d4-9800-e04c7e9c9a05,3938643,1
ALL,15f5494d-ad7a-4fc7-91ed-d95b1706acd1,3941017,1
ALL,15fe12fb-9595-46ce-992d-3789dfa4e8ed,3930174,2
ALL,1619c928-75bb-4a8f-b575-570359ab05fe,3869151,0
ALL,162b9ea9-2fd2-4457-b0c0-4b40a4bcc21a,3857288,4
ALL,164d620e-edd2-4184-a48a-07e9411dbdee,3938640,3
ALL,1658188f-53d1-44cc-97cb-3f56481ae31b,3869151,0
ALL,16662169-014e-4806-a2c1-0589435ed0e6,3869254,4
ALL,167e275e-bcd8-46d4-96de-e56bd338ed98,3857281,4
ALL,16882ff0-3116-4f0d-a884-c67356ea44c0,3857278,3
ALL,16cb80aa-49e5-4fb2-92e7-b2e1832db3a0,3857291,3
ALL,16d937a9-ebe5-4672-b90e-fffcba9770ff,3857276,2
ALL,16e672e3-6056-4c1c-8155-53f94975c99b,3943043,1
ALL,16e78cfc-a172-4d9a-823a-35bd55f1b2f2,3857276,2
ALL,16f6006e-4c34-4d83-b0de-c76ed7025da8,3930181,0
ALL,16fc3dae-0dbf-455b-a7dc-199b6ef5470d,3857285,1
ALL,17107c1e-2270-43df-b420-760a909cc23b,3857265,1
ALL,171285b4-b095-48e8-8f99-afd9a03208d4,3857293,4
ALL,172b0e36-6b40-47eb-ac71-978310dc5bdb,3857263,0
ALL,172c5a9c-74e8-4320-a8f2-53eca91a36fb,3938638,3
ALL,17303b7e-807c-4e27-a8a4-0b7bc44b849f,3857275,0
ALL,17367406-0d10-4638-9c24-d173b0e3291c,3857275,0
ALL,174255dc-a7fa-4408-9dd8-fdc7130b76b1,3857300,0
ALL,174346fe-0652-4e48-bc4a-d37b2c7268f6,3930167,4
ALL,17463cd5-0e0c-453a-989c-e5789b7fb6c9,3930163,3
ALL,174f6cf3-6285-4f5f-9f56-992be2ab83b2,3938639,2
ALL,1755df62-2cce-4b77-9168-527ffc761801,3941018,1
ALL,175a8589-d534-4db8-a493-5f8ca1ac0d8c,3938639,2
ALL,175c363a-d1a5-4249-9c18-04af1c358a26,3857289,3
ALL,176dbee3-ef5a-4972-8cf2-587f2ef8ebe2,3857292,0
ALL,17811f3b-9b8d-45fd-b348-7fa9825d12fe,3930174,2
ALL,178883fb-bac9-483d-a4ce-d383ab2c5fa2,3857268,4
ALL,1789bdce-17c1-437b-b4d0-191f810313da,3930173,4
ALL,17efaf34-4de5-4ec4-ac13-20753b11d3e4,3940983,3
ALL,17f12a80-ceba-4201-b8fa-23722f224dee,3930159,0
ALL,17fc9e62-6bd8-46ad-85f4-8ecaf39a9687,3857279,1
ALL,18065e01-fdbe-46b0-a896-3afe4fc3fd9a,3930176,0
ALL,1810ed62-6583-4422-81b0-fdf7140b20e4,3930180,1
ALL,18118b33-aa99-424f-ab4f-841da546a3d3,3869420,0
ALL,18290085-ed5a-4ec7-9d6c-a389a83edd25,3869219,1
ALL,18296959-40c3-4e4c-83df-a98a4f15d612,3930183,3
ALL,182cbc96-612d-4be1-bbde-5ed06b122788,3942382,0
ALL,183d1ade-3f81-48e0-bdfc-332ed6dab61e,3941020,3
ALL,1855bfad-ead8-4ec8-970a-e5329a4a0a0e,3930169,2
ALL,1859feb7-448f-4288-b10d-68a0a3345d10,3857298,1
ALL,1863b2c5-9645-41e9-a32d-5d1707cf5db8,3857287,1
ALL,18694c2e-7e34-4c1b-8d78-c5c8db2262ea,3942752,2
ALL,18713be9-b32a-4c5c-ad4c-2eb4b6dfbc14,3938638,3
ALL,187233d9-3370-49e4-9256-99a8784f3570,3930182,3
ALL,18815b04-29b8-4b76-a80e-2e783ec45867,3930182,3
ALL,1891168b-2d7c-423d-a781-e99416ea8eaa,3857260,1
ALL,18993ace-1225-46ab-a8d8-918c8e3a5a2a,3869151,0
ALL,189b240c-3b40-41de-865e-c8710fb5ece2,3869254,4
ALL,18cda429-e846-4a93-a640-ed0c15230e08,3930173,4
ALL,18d595ef-9668-4abb-b521-b50771b40739,3930160,4
ALL,18d9ae46-bbc3-4ee7-91af-1881abbf83e2,3938640,3
ALL,18dcf558-b539-4a4d-bff4-6ae66d719d70,3857287,1
ALL,18f454cc-f850-41e1-91bb-9c0aa0b25062,3930182,3
ALL,18fba0b3-1361-4866-88cd-f81172850e21,3938641,2
ALL,1906bc6a-0c5e-4e23-a61e-7c4a2078abbd,3938643,1
ALL,191eb60e-f6a6-48c1-8402-fff84b7dd6fe,3857258,2
ALL,19212bb1-48ec-4f56-b78d-510fa753f4ee,3930183,3
ALL,19254102-962e-488f-95b3-e0a5721cd7d3,3930160,4
ALL,192aeb3c-5959-477f-ac90-557125231386,3938641,2
ALL,1942eb73-8a16-4377-8cac-06a3bb8d9cb3,3930182,3
ALL,19485fa4-cf73-4139-bdf0-a2653ef9f8a2,3869684,2
ALL,195d184c-8408-461c-822b-69997dbdda9a,3930158,0
ALL,1960c8f2-a627-45a8-8ec0-7ea08fa11d04,3930172,0
ALL,1970bfff-a55a-4a01-9d03-9f4fc0804fee,3930179,4
ALL,197856db-500d-4b71-8660-7687bdb968c0,3857292,0
ALL,198b3e83-e724-4410-aebe-7743b9362139,3930159,0
ALL,198baa5e-b48c-45c3-977e-2d6bc88974ea,3857269,3
ALL,198bb194-aae2-43f9-8edd-a2bffec05ad0,3857301,1
ALL,199103c9-26b0-4024-9bf7-b2556ed87f82,3930183,3
ALL,1995a0e8-2fe0-44f0-afac-b56894571e80,3930160,4
ALL,19a32a78-7a2a-4725-bc14-01c596f4cb5f,3930167,4
ALL,19b4ab6c-253e-48fa-81dc-f553aaa53ff4,3857259,0
ALL,19baa528-721f-45a0-9398-ba2bb9bab617,3857265,1
ALL,19c4e718-7a0f-4ea9-9bee-2332eac527d6,3857282,1
ALL,19d686bf-5017-4b92-9324-1528b32720d8,3930174,2
ALL,19ee6651-234c-4b11-ac99-172f9a02020c,3930172,0
ALL,19f0e99e-c10e-452d-8a80-bdc3f21739a2,3930172,0
ALL,19f50b4e-5a2d-4bec-84d3-a57f73af99fe,3857296,1
ALL,19fe256d-99ec-4a1c-bdc5-51c610e25305,3857263,0
ALL,1a199681-630d-4edb-9bd8-864241a7e9bf,3857276,2
ALL,1a1b474e-b494-4f9a-9013-cd050c50d094,3857276,2
ALL,1a2e9988-2550-44af-a3bb-fc6b561b791d,3930182,3
ALL,1a5006d1-691a-4475-adae-47b618d721a8,3857290,2
ALL,1a556e30-e166-408f-a21f-be117fc391cb,3930170,4
ALL,1a5eea03-3130-4448-8708-3974f2a4fc7f,3938644,3
ALL,1a5fc8a9-c96a-43f5-8018-b56a74e145e0,3938641,2
ALL,1a9c70f6-4006-4d53-9e97-27f323d39f9b,3930160,4
ALL,1addf859-ebdc-4de6-8b02-64548e5e0151,3942227,4
ALL,1adf83d3-2087-4b7c-996a-b68420e00fb7,3930169,2
ALL,1ae9b28a-b77b-4975-a309-9507e98da92a,3930177,4
ALL,1af6c38f-d336-429e-8a78-3503524c240e,3942819,4
ALL,1b134f96-f77f-4ebe-a506-dc104a5a840f,3857269,3
ALL,1b16b72d-ebfa-45e6-af42-2a6f2dd9b7c3,3941022,2
ALL,1b2b7168-ee3c-403e-9b9e-9a93ec7d1e4b,3857269,3
ALL,1b696225-8d1c-4771-96bf-490893b5c93d,3942819,4
ALL,1b6a8d0b-ff32-43cf-8e33-0174a56cc627,3930169,2
ALL,1b80b193-1bad-45b8-9bab-8e1a2ee25022,3857300,0
ALL,1b8b0c89-8109-48af-9088-799ba87f8055,3857257,2
ALL,1b9ddcc7-64f7-4a21-86a2-2e5528216f09,3857275,0
ALL,1bb8cb6a-ae0c-44a5-a5cc-d858dbbb71aa,3930168,2
ALL,1bbd1f02-c964-4369-83a0-aa2561bdb631,3930174,2
ALL,1bc066d0-6f45-4909-8dd4-fffde4d6ef5e,3857260,1
ALL,1bccf2b9-b0c6-4384-92a9-9e0937b3d31d,3869420,0
ALL,1bcdf88b-a467-4829-8ace-30dd6d1ab555,3930182,3
ALL,1bd151f3-ecce-4bfa-8bbe-18ee120f3a29,3857283,3
ALL,1bd7a908-5a4a-43d7-b056-2f550a6f86c2,3869420,0
ALL,1be0e78c-eb75-489b-b54c-1e32f613f28a,3930166,4
ALL,1be14acd-cb04-4642-a76a-74ac503d4013,3938638,3
ALL,1be2396a-8757-4889-8d05-a29aca8f3f2c,3857278,3
ALL,1be3beb5-a966-4e98-8a15-d14433001755,3857280,2
ALL,1be4c758-ea1c-4074-90e8-81f358fb4892,3869219,1
ALL,1bede07d-7cee-45c7-a3ea-7304d314c61b,3940983,3
ALL,1bee386b-2e89-4504-91e5-2477298c8ed7,3938645,1
ALL,1bf4572e-d216-411c-a2e7-220846c6f401,3857260,1
ALL,1bf9e01e-5c71-4fc4-b70c-dd2847725a41,3857263,0
ALL,1c3f01a6-555d-4499-b47e-66ee78fe6248,3938640,3
ALL,1c4c666c-5754-4c8f-aa11-9dc81c7a9954,3857272,2
ALL,1c68ffcd-0f53-4a60-922e-70ed510d68d1,3869151,0
ALL,1c7677f5-daf4-4122-af78-4bef5e7bec5c,3930160,4
ALL,1c932e71-a64d-463e-bb9a-569b57dce985,3942752,2
ALL,1c938028-debb-4ac8-853e-f138c83db9a3,3930164,4
ALL,1ca23c5e-0ae0-4cf0-acbd-db9f2f8761c0,3857269,3
ALL,1ca98c8e-d6f4-44df-b04a-bc51a513d74d,3857275,0
ALL,1cbe304f-efc4-4480-a7bc-29bd5daa0d43,3869220,0
ALL,1cc7aeb8-33b4-4577-ac21-a361d6f08f45,3930164,4
ALL,1ccfb6bc-01c2-40e5-a1ef-a15c77dfa5f1,3857282,1
ALL,1cf5d487-a325-47c5-8c52-1e14c7fbaa92,3930165,3
ALL,1cf9cc59-ddfe-4441-87c7-38608cde0705,3857291,3
ALL,1d0c6f55-c112-4dd1-8ec6-2bcdc66f689f,3930183,3
ALL,1d13a698-4910-4970-b159-befd84f59731,3857266,2
ALL,1d2208c5-c71f-46a0-99c5-d0dcc546ad76,3941017,1
ALL,1d22155b-41b2-44d6-b23b-e413203f67e5,3942226,3
ALL,1d25c5e1-4f09-42a5-a376-66ea5041462a,3857295,2
ALL,1d31bae5-6cd3-47dc-820d-55083f34bfa1,3857263,0
ALL,1d396be8-67cb-4bd5-830b-05eaa6da42a0,3857290,2
ALL,1d3a06c6-9671-45b9-88a4-3f1fe97bc334,3857296,1
ALL,1d4320ee-f0c6-4486-bbdf-d3cf0a965337,3857261,4
ALL,1d4a3a91-e8ba-434d-b911-ac159dc61b17,3942226,3
ALL,1d597355-dea4-4f5e-8272-b91c2cab3dbd,3930180,1
ALL,1d61bc89-6654-4c04-a1aa-ad70baceb58d,3857284,0
ALL,1d70da9e-f2c0-43bd-9f29-ac6eb0a65e9b,3857271,3
ALL,1d745a53-7c6c-496b-9468-61bacb76eb76,3869219,1
ALL,1d91e205-8ac9-477c-8c21-f487658809f3,3869152,3
ALL,1d924a68-7425-4e32-be12-b4c71872d736,3938637,4
ALL,1d937d79-e7f1-4490-a460-25d4b4f9cf91,3869486,1
ALL,1da21e3f-eaf3-44eb-8911-77d88136135e,3857289,3
ALL,1da9a14d-ccf1-4fcf-baa7-a7cd832f19de,3869151,0
ALL,1db6f2c7-6ce7-4ad7-95e6-5df150522cd2,3942349,4
ALL,1dbd396d-9ea2-4f29-905b-405f3f3853f1,3869321,0
ALL,1dc34765-9451-4503-88c6-0ebd3da0f638,3857254,0
ALL,1de72ce9-f7f4-49be-9962-fd0dddd5608b,3857274,3
ALL,1df3462f-9533-4ce8-9360-0b94719433f6,3942227,4
ALL,1e215cee-3c80-4866-8560-65b4d24ff889,3942227,4
ALL,1e29aaab-1bbe-4df7-8878-5c6c858203f3,3857259,0
ALL,1e2bc1f6-878c-47ea-8175-016c56399463,3941017,1
ALL,1e521354-d92c-4b04-bc86-ad0f2ff34b7f,3869220,0
ALL,1e5d276c-9769-4ed9-9971-67c25b9699f2,3930184,1
ALL,1e6623a8-fef4-4c59-adf7-adda271c6803,3869420,0
ALL,1e7763c8-f66a-497a-a80f-f0f573b8d592,3930164,4
ALL,1e7fb57a-c1e6-45a5-9209-8fed04f74da7,3930171,1
ALL,1e9b338e-4a94-48b3-b735-b0214638a8d7,3857260,1
ALL,1eb6e917-5bc3-4035-b3c6-a5ffbb47d7d0,3857254,0
ALL,1eb8bbd1-9ded-4765-8489-e8ec9d9f21d8,3857258,2
ALL,1ecae0c5-8c51-4ef6-906b-0a8f22cff87d,3857262,4
ALL,1ed14e2c-044f-4a87-bfca-6660d315e486,3857257,2
ALL,1edecbcc-ff5e-4fa3-96f1-62f0315a2e7f,3857301,1
ALL,1ee08e6e-6bc3-4e5a-8c6c-1625b37f37a7,3869321,0
ALL,1ee305c2-cd7a-4af7-ad5b-2829af11f05b,3930181,0
ALL,1ef11e36-ec09-4091-aa1d-d2d7d133b7bc,3930177,4
ALL,1ef9d0b5-907a-4b81-839a-45788f27cf62,3941017,1
ALL,1f10b0bb-5667-44b6-9e57-a5aa4ba15ed8,3869151,0
ALL,1f14011d-9da5-4292-a561-e268bf2a7447,3857291,3
ALL,1f1a006b-3870-4a08-92f5-881f07e097c8,3930169,2
ALL,1f425382-9b48-4cdb-8477-412a3040d9a0,3857257,2
ALL,1f46228a-975c-4ead-8ae7-aaa5af56b9d0,3857259,0
ALL,1f4a8a76-a6a3-4290-a6bb-a8d1f5db6df6,3941022,2
ALL,1f4c8dd2-a13f-4d16-b0c0-ae597eb531b7,3869151,0
ALL,1f51db5c-cdb5-40c6-8720-a8249c63eb1d,3942227,4
ALL,1f54f212-27a8-4b8b-9a6c-26f7644fd0f9,3938640,3
ALL,1f627c62-dd6f-45f1-828d-2c156dddef9f,3942382,0
ALL,1f8ae2d3-a47d-44f3-961a-e9c8aa6b8b3d,3938637,4
ALL,1f9c760c-eeaf-4151-b5a1-93748046aa98,3857277,2
ALL,1faeb98c-85fd-47ad-b99c-374dbd83ed1e,3930179,4
ALL,1fd09cf4-a3c5-4396-94bb-53b77430ab3a,3857279,1
ALL,1fd1599f-3674-404e-b6f8-1e01eb300115,3869684,2
ALL,1fdb8bce-9323-4ff2-8e6f-24ed674b54bd,3930159,0
ALL,1fdcf274-6956-442a-b7b6-ed9b84b2cf90,3857270,3
ALL,1fdd8cb9-61fc-4141-814d-966bdc14a0ea,3930159,0
ALL,1fe15341-7073-4b7c-ab68-a9a4e546dbed,3857290,2
ALL,1fe197b5-8079-4a5e-99db-5d32b072642c,3857300,0
ALL,1fec8048-6668-485c-800d-c6ce48d7f12e,3857261,4
ALL,1fee98d5-5869-4fcf-91ea-85d288a5f581,3930168,2
ALL,2009b827-2a74-4f0c-8843-889eda1bd9be,3869117,2
ALL,200e400f-ff8c-4053-b16c-7f377fc004fc,3942226,3
ALL,20128bf5-daa6-44b0-85df-a51527a63205,3930164,4
ALL,2014cf8e-5966-4f42-a087-db136a3eb696,3930176,0
ALL,20196560-2d9e-4826-a667-e4b223233dcc,3869685,1
ALL,202501cd-bfd9-43de-9ca7-e34254d505dd,3857276,2
ALL,2028ff72-9a21-4791-bc9e-7e28df9e9322,3930183,3
ALL,203b92c8-af4f-4ff8-8335-36823a3f3717,3930167,4
ALL,204429d9-1d57-4114-a6ed-4b2ec5a177f7,3869254,4
ALL,204546fc-a6ea-4399-bece-927946d57f67,3857296,1
ALL,2045f9f5-fbad-42a0-af46-6c1ec870ee03,3857296,1
ALL,204c7622-bff4-4035-bc74-82adb63ccb63,3930159,0
ALL,204d6b91-ae75-4163-a979-e520d926d9db,3857270,3
ALL,205ce041-ea30-4b4f-b67f-0365c96d5b5b,3857263,0
ALL,206dfc07-9e55-4363-b63e-7b2fdb5c1ebc,3857290,2
ALL,2071c354-a8df-4ee4-8bc8-2e798a0f8675,3941019,0
ALL,20884147-f0ba-4093-97c6-4a8d16324903,3941019,0
ALL,2095dfbd-412c-46c9-8a49-7ee21aed28c5,3930160,4
ALL,20b8c1de-1f30-4b78-af9a-21bb36a64135,3938639,2
ALL,20c34b22-766a-4a3a-bf41-ab4ad41fae2b,3930174,2
ALL,20d11536-444f-490b-8842-afa70520a159,3930172,0
ALL,20d2f511-d0d2-4e7b-9125-2d08abec0632,3942227,4
ALL,20f69701-459c-492e-84a8-cc4795dad85e,3857272,2
ALL,2103bed0-eae5-4e6e-bba6-a38203586c6a,3930174,2
ALL,211ea0db-9173-4a85-8853-d6118f84e48c,3857262,4
ALL,213f9030-8a13-49d6-9bfd-afe3853abfba,3857289,3
ALL,215f2d5b-1ffe-42f8-977c-c1f4ab824305,3869254,4
ALL,216f13bc-92ab-43e9-8855-4398daa1ed0d,3869685,1
ALL,2171a345-f447-4dbd-9322-967a09c4107b,3941019,0
ALL,217c30e8-fb06-4b2b-9011-dc95f732a59c,3938640,3
ALL,217e7f3e-3de8-4b48-be2e-2dc60d2d9d94,3941021,3
ALL,217f8edd-0e8e-40d6-9827-1981e00fddfb,3930180,1
ALL,218f41e6-d0f2-4379-882e-5fc6f0bdde20,3930166,4
ALL,218f4aca-e757-4724-a0fb-124b45663c9b,3857291,3
ALL,2190a423-6172-4c4d-b033-5e30f7185e4a,3857261,4
ALL,21b37a68-cc10-41b8-ab0b-487ff62b197b,3869118,1
ALL,21b4aa7d-61ec-4d82-b68f-04ef2e91762c,3857271,3
ALL,21b61ff4-b9e4-4af6-9b50-62bae9df3508,3930163,3
ALL,21baf6e2-caca-4b55-88dc-af6099e8c1c3,3942226,3
ALL,21d799bd-e515-4404-8c61-ae0b9346477f,3857295,2
ALL,21f5a9af-e2c7-470e-962d-4e7019c17ad0,3857260,1
ALL,2200313a-ec8e-49d4-ad10-68f23c6fd010,3938640,3
ALL,220f29c2-8dc0-49b3-a886-339b679b6c1e,3930181,0
ALL,22160d5f-ac31-4148-bf1f-a099af509729,3930166,4
ALL,221bf6ff-cfa7-405b-b365-5afa95e11507,3857284,0
ALL,222ece49-372a-4a42-bf6f-66f00af28b58,3857263,0
ALL,223c6131-3601-4b5e-95f1-b90765a454a6,3857288,4
ALL,22442538-b2bd-4be8-984e-a649cdf2daa0,3942819,4
ALL,22465e75-9bcd-447a-b05f-2ac791ec0665,3869118,1
ALL,224b7dfc-0b66-4875-bdbe-5ccbbe2f5d8e,3941019,0
ALL,22536fb3-91ee-46c8-87b3-5c0c1f06f280,3930170,4
ALL,226d8e8d-34cb-449d-981a-68d7b70c7a99,3857287,1
ALL,226ded20-d732-410f-a174-0a2a500d445c,3930164,4
ALL,22732752-8eca-48b8-bacc-2ae81e258938,3930160,4
ALL,2279a8b5-0a37-4d03-8fab-a147ad77ca65,3930169,2
ALL,2280c2e1-e760-4501-8f3b-0d10616964ec,3942226,3
ALL,228d91de-46fb-4b87-87da-d32f152976d9,3930172,0
ALL,228de741-0a14-4005-9c69-acc811b60c89,3869321,0
ALL,22c6c325-ba3b-4202-ac5d-5eff0206003c,3930175,3
ALL,230fecef-12f2-4828-85f7-718f96158672,3857291,3
ALL,2312ea3b-5bfa-437a-a2e7-c6f91819e27b,3857294,2
ALL,231ee41c-3ea9-47b6-95d1-735375f8ef4c,3869151,0
ALL,2321afc9-4744-43c2-89d6-28f3180b681c,3857295,2
ALL,2323cb05-4654-4cdd-a3a4-5e0869ae724b,3857297,2
ALL,2325e981-3be0-4bc6-983a-5afd8dc9ce04,3869254,4
ALL,233aacd5-24a9-4537-88cb-e822920027b7,3857272,2
ALL,2365d4d0-cbd1-4926-9e27-0de579695dac,3938638,3
ALL,237dd3ac-71bf-49eb-b73b-23d8712c3ce4,3857278,3
ALL,2384f285-9ac1-4115-8341-e2909132657a,3869684,2
ALL,23860534-5c48-4d4d-8c4e-5507a4ebae1f,3930164,4
ALL,23ae5889-dd02-4e5e-9528-f6846dd42a35,3942226,3
ALL,23ae6992-7a09-403b-a24a-cb54d20e5228,3942752,2
ALL,23d721c2-dfdf-4121-a85d-a44ec5ef6446,3930162,0
ALL,23df8f41-0182-4c6b-80ba-53cd2a0bd668,3930180,1
ALL,23f66c36-3622-44b4-826d-b21d75cb5fbd,3857294,2
ALL,23fa6793-4c01-419e-bffa-95a7c53a8381,3857296,1
ALL,241041d6-b596-4729-b494-9ea88da8278c,3857262,4
ALL,24159843-060c-4efc-8100-0ff47f104146,3930175,3
ALL,242277ca-aa31-42a1-b8b9-de9cfac92374,3930182,3
ALL,2429e471-1127-401e-955c-908a1b1f7aa6,3930174,2
ALL,2435e09e-c15b-4540-a681-16dbb1cf3de3,3942819,4
ALL,24493162-ec10-41b5-9609-06e2bf09514e,3938640,3
ALL,24597d7e-e38a-4f43-9ced-cb2e2ae274c3,3930179,4
ALL,2460a41d-d950-4cec-946c-d89443e8a2a8,3930166,4
ALL,2482ea5a-aef7-4624-9cb0-1bca8c51e49d,3857279,1
ALL,2485de0c-32d4-4cca-b94d-3ca82fc00194,3943043,1
ALL,2486848c-c3e5-48d4-a7df-b3975adca2e8,3857289,3
ALL,248f070a-f994-4f33-8180-70110fd03661,3857288,4
ALL,24a0c6b4-4b70-4aa6-8440-3ca9e95ea985,3938641,2
ALL,24a4b4e5-ed14-49c4-abd8-9fa850426dca,3930173,4
ALL,24b054e9-5dd1-45f8-ab88-a2271f017f52,3857296,1
ALL,24b4c5c0-9118-4600-be0d-af4433cbfe62,3869552,4
ALL,24c5caed-01bd-4d06-b4a2-2118d9c379be,3938640,3
ALL,24cf3035-99ea-4d73-9bd5-222ee9216717,3857273,0
ALL,24cf9d67-8008-48ad-89b4-b71a56868007,3869152,3
ALL,24e830fe-b93c-4860-9c0d-d296991d0e6f,3938643,1
ALL,24e83213-b9d9-4a78-b6c6-e1c0e6e814f8,3942227,4
ALL,24fcea66-f2f3-4add-a2ae-f3e05bdc57e9,3938637,4
ALL,24ff9e7d-cbfe-4d34-a628-ae102389980f,3940983,3
ALL,251284b0-8424-450f-a7d8-22a6ee8014a6,3930160,4
ALL,2513592f-3a9f-4f67-a8d4-0b1d4bdb1856,3857256,0
ALL,251f5924-7394-4b6d-91f8-e4950f37d839,3857272,2
ALL,25229f5e-1aaf-493c-8368-4a4c1110f8a9,3930158,0
ALL,252acad9-66fc-49d6-a300-c917b9874f5b,3943043,1
ALL,253efddc-f717-48ef-87fd-c68e596ab45b,3857291,3
ALL,25494569-1914-47ea-b811-fa2492c5067c,3941021,3
ALL,25510851-a5f1-4fca-b621-a34e03bdbc2a,3938643,1
ALL,256b39cd-383e-436b-bdd9-13f3b25c5dcf,3930169,2
ALL,256e5bf1-560d-4bac-8b1b-035af635311c,3938637,4
ALL,2586f270-ea84-43dd-ae4d-55d338e9607f,3941017,1
ALL,259b5d86-59b9-476c-a7e1-065fa1587051,3857266,2
ALL,25d827d0-7c3a-4383-b087-779af055ee73,3857294,2
ALL,25ebae29-9b52-4c20-8975-39e3506bb61b,3857287,1
ALL,25ff0295-2928-4d7b-8732-a5fbe3361458,3857288,4
ALL,260237f5-665b-4279-868a-101757706ffd,3942349,4
ALL,260b6e02-07fe-4666-99a3-aef03f9f6ed7,3869151,0
ALL,261b1b1b-0170-42c7-98ea-b41584fdb6b6,3930167,4
ALL,261ffebe-489e-49e9-a4a0-de77474be8be,3869118,1
ALL,26291f29-1649-44cb-9882-858b71dd7dab,3938639,2
ALL,26399380-2ffd-4238-af5f-f1fb54c9e7d7,3941019,0
ALL,2642522f-3ca4-4e2c-bcd4-bc8a09d08df7,3942227,4
ALL,2646e6e6-93e4-4c83-9b46-5d4f6afe0416,3869519,1
ALL,2649679b-b7c6-4d11-8e0c-672db779ce9b,3869519,1
ALL,265d3eab-3361-48cb-80e8-8990a2d3dd42,3930183,3
ALL,266a7790-69a8-4716-a3e4-be0c76667fc2,3857263,0
ALL,266ba3dc-d464-455a-8586-de339cf2b6bc,3857262,4
ALL,266cd170-6c48-4db0-95b8-5a69405efdbb,3930177,4
ALL,26757800-8bc9-4215-9ee8-8f2d7a4499ad,3857273,0
ALL,26837ba5-32e7-46dd-ba0a-c90dd38530b0,3869486,1
ALL,26848f9a-93e6-4f78-a7df-895b37841b21,3930168,2
ALL,26908cf4-fed5-4610-bba1-30797109577a,3938639,2
ALL,26a601d0-671e-484e-bb56-0d74c356fd4f,3857287,1
ALL,26c89e6a-9db0-4e51-bb4f-e5a39620b8a6,3942349,4
ALL,26c96e78-c1b5-4f80-9f27-b890ec9bf221,3942226,3
ALL,26cca3b8-b02e-408d-8785-957195fefb20,3930159,0
ALL,26cdc4f5-3a49-4704-ae76-1c4a473d6896,3857281,4
ALL,26db726f-45a3-43b9-90bd-df6a8d25f4b6,3857265,1
ALL,26e43d84-5453-4f48-a40a-844be615acb9,3857255,0
ALL,26fc2252-957a-4661-abfa-403eecfc78ef,3942349,4
ALL,26fc6c2c-1d41-4025-844a-8450b43011e1,3857274,3
ALL,273af2ad-8678-4640-9b2b-fd83a12396db,3942226,3
ALL,2752f3f3-15a1-430e-bbea-bd557ab5498e,3869220,0
ALL,2759252b-8a31-49ba-91d3-d6d8fb5c5f20,3930182,3
ALL,2764a025-f07d-418e-91f3-78b079b96543,3930184,1
ALL,276960af-ffcd-4d1a-8d2f-12d72fefc7eb,3857272,2
ALL,279fcb4e-fa76-4316-856a-22c098bf3aa2,3930169,2
ALL,27a26a04-ae6e-4f63-a73b-d33ce02f0439,3857287,1
ALL,27b9869c-4753-4d29-9682-6473ddb6b613,3943043,1
ALL,27c2cfdf-f749-4665-b52e-66b1ee854b31,3942819,4
ALL,27cc2a6a-9efa-4cf7-8fa0-8cc18837ad6e,3857268,4
ALL,27d61bed-96aa-45fa-8a50-3f9450769dd2,3869151,0
ALL,2800572a-fba1-43fb-b858-b03cb8fcb87d,3930183,3
ALL,280bb0dc-b887-46b1-a12c-b7b66f09d60f,3857276,2
ALL,281370f6-364c-4e7f-bbff-7f214ff2c046,3857288,4
ALL,2823ac7f-57e8-4668-aa6c-2f11bc809244,3857287,1
ALL,283159a7-5890-40ef-b299-bd21d34fbbd7,3930171,1
ALL,283e5dfe-bbaa-4dac-8304-b6568272247e,3941017,1
ALL,284a5e78-723b-41c6-99fa-78915ab28244,3941021,3
ALL,285c46e3-bc43-47f2-99e0-5554cf733f9b,3941019,0
ALL,287b11d6-e38f-44e6-985e-dac5b1b4133a,3938640,3
ALL,28b453fa-e5d8-4d3e-94d7-2122ee194699,3857291,3
ALL,28ba0bde-6ac3-46ff-8a99-a80a1918a3ec,3857288,4
ALL,28d886fe-dbe1-4941-b789-8377ca055ee3,3930160,4
ALL,28dc6e48-0c06-4bb4-8620-cc07012ed3c0,3930163,3
ALL,28e1d924-455a-46fa-86b6-bf6b7e73be9d,3857258,2
ALL,28f70f03-d1e5-4763-be8c-8d57e6e01dbb,3857265,1
ALL,28fdb1f8-4838-4ea8-9f95-b346680a8e11,3869219,1
ALL,2901f415-b0b5-4803-b4d6-c623238d7348,3930183,3
ALL,290a6300-d80e-432c-ba75-ac7ba934b361,3930177,4
ALL,29228d41-fd2f-4e84-b395-08607f9777f0,3869685,1
ALL,29306859-b813-4c1e-8814-4ea9ee311f84,3930177,4
ALL,29444345-d2aa-4c0c-a6c4-b6e105dd96e9,3941017,1
ALL,2954b6b4-a732-4789-b0c1-804be7e2a420,3857256,0
ALL,2957880f-b39f-42b1-a865-2685cb687842,3930167,4
ALL,2959fc4f-f3ef-48f9-9d59-8a7fa15d9d5b,3857290,2
ALL,295e62f1-14df-4490-a8a1-0d17b8cd744e,3930183,3
ALL,2965af3b-1560-4429-8066-0892e07a6f8e,3869321,0
ALL,297ef116-d59e-4e6e-874e-304a1dd1c2d1,3930159,0
ALL,29a36702-3a5a-4158-946a-3e1044056a71,3857278,3
ALL,29a64a20-99d1-4528-a20e-cc1dbf4f460b,3857289,3
ALL,29a80744-09ce-44de-9727-d4fdedaa7a56,3857262,4
ALL,29ac1925-1bed-4c39-9281-b7aa5b92766b,3857298,1
ALL,29ae6177-8180-4cdb-9442-25e48b0185b8,3857299,4
ALL,29af2b9d-6775-4689-ac0f-6db13cd60c37,3942382,0
ALL,29b049b2-5187-407a-b29a-c4b5563e7dbe,3857264,2
ALL,29b2615f-a50a-43cc-945b-60f9282de30d,3942752,2
ALL,29b34a3f-a3dd-4543-a9b2-46915cda8c72,3930180,1
ALL,29e5224c-671d-4a06-9295-b4f333bbb7d4,3938643,1
ALL,29e798bb-7bab-4387-846d-b71014e5f7b1,3938641,2
ALL,29fcb044-91e8-479e-86d7-505ec7bb173a,3857271,3
ALL,2a3c5fda-506e-4d55-986b-0f53f5f65d11,3938637,4
ALL,2a3d22f6-408b-4559-a29e-194e010c3da3,3930159,0
ALL,2a574c4f-312b-4e31-a41e-56ce4c6742f3,3869685,1
ALL,2a700dfc-7dc6-4be8-8775-86ed7dda2bf5,3857285,1
ALL,2a71eaf8-0544-4888-b76d-ddfd78280a54,3857257,2
ALL,2a768467-e199-4946-9fd5-65477c314f14,3938645,1
ALL,2a7927dd-acc6-423b-920e-5183fcf4502f,3857263,0
ALL,2aa34c4e-9cea-429e-b02e-cd9a2f0bcc89,3857273,0
ALL,2aaa4fd3-9d02-4cab-998c-46185bd648ec,3869117,2
ALL,2ab48cfc-a46f-483f-b3ca-0d0649221bca,3857282,1
ALL,2ab631d1-87ff-41db-98f7-9072a54ad25d,3857263,0
ALL,2ab957c8-00a5-4cfe-add5-890dbb75d395,3930168,2
ALL,2ab995d3-33a9-4855-818d-da1cd37678d4,3857274,3
ALL,2abb2618-b29e-448a-9f83-22ab1a742126,3930172,0
ALL,2ac93795-abc3-463e-83fd-b150a7a41c0b,3941022,2
ALL,2ad33c3f-a960-49ef-bfac-380a1aa7d479,3930182,3
ALL,2ade0802-d01b-42d8-94a3-6fdda04887f8,3869118,1
ALL,2ae3c63e-26d4-4e3b-b848-114579f7ce69,3869117,2
ALL,2aec9ce7-d4b3-479e-bf59-37e3f680f589,3857280,2
ALL,2af0e939-4fd1-4083-a40d-19f102725c63,3930179,4
ALL,2b339ba8-13e5-49d0-84eb-23b04b6b0e18,3930171,1
ALL,2b35602f-ee48-42cd-9538-c609c0721b81,3857259,0
ALL,2b378103-4e42-437e-a0fb-881c27286193,3930173,4
ALL,2b405ccf-10bd-4141-9d89-38e5b28fe1db,3869118,1
ALL,2b439e9a-b976-4a88-b238-16a3a30d2bea,3930174,2
ALL,2b4639c6-41df-43fb-9cc8-c264854a27b9,3857293,4
ALL,2b64f6a5-87f1-4401-a614-db04bdb6c34c,3930159,0
ALL,2b6540af-b784-48ec-b5e7-702c09cca761,3857296,1
ALL,2b67e6e9-b4ae-4d4f-8d76-619ebe981740,3857255,0
ALL,2b708b35-23f3-4ed6-8172-29a12b05a4fd,3857290,2
ALL,2b9e9036-a218-4025-bb44-4f4413fbf3ee,3857292,0
ALL,2ba67225-f555-4215-b1d3-e5458318462b,3869552,4
ALL,2baa5b71-507f-4f3b-b4eb-aeb90d36b7c8,3930184,1
ALL,2bbbe780-84fa-45fb-a3fe-e9a7956de21d,3857269,3
ALL,2bbe1227-b47d-4492-89b1-2a387a2bd98e,3869151,0
ALL,2bbf1941-a331-4f12-95f1-2a40c1f38c0b,3930178,3
ALL,2bca063a-3c9a-4aa2-a708-f8d3465d100a,3857278,3
ALL,2bcca2be-e719-4cda-894c-41cc4abb7e56,3930180,1
ALL,2bd38e52-8763-4639-94e5-852357c42b3d,3857265,1
ALL,2be4d2e6-bfcc-4751-bc5c-c1766ab9d055,3857263,0
ALL,2bef5efc-baaa-4396-81f8-0271e7fdf13c,3857283,3
ALL,2bfd4e1a-a815-431f-b921-ba40bdcc087d,3869552,4
ALL,2c016683-5979-4558-b86c-2d9f8914b5e7,3930172,0
ALL,2c1890d6-dc4b-467d-ad78-b535c0137e5c,3930158,0
ALL,2c1b4505-1dcb-4cec-889a-45903da15c58,3930182,3
ALL,2c2289c9-0cce-480c-af12-d830fa92dddb,3869321,0
ALL,2c251280-d0ca-45e8-b2fd-3da04e9bd0cf,3857283,3
ALL,2c2bc6da-4b37-4d93-802c-8b1ae740595f,3869151,0
ALL,2c2f81c5-f47d-4886-b5c0-858e5eaab533,3941019,0
ALL,2c33d062-9e98-40fa-a0a7-752125a4955e,3941020,3
ALL,2c3a8ca9-0e2c-43ca-9bc7-41629bd8b07d,3857280,2
ALL,2c521efc-8470-4ac9-abe4-e85412e4af05,3930179,4
ALL,2c528280-ac20-481e-b9d5-0550e8420241,3942227,4
ALL,2c59b85b-4a3e-4a9c-8213-57f3d124de32,3857287,1
ALL,2c6130c9-663f-4d8c-9825-b126292f7d3f,3857295,2
ALL,2c75a104-618b-439e-807f-c35d7c0edb49,3942226,3
ALL,2c7cc091-5a5a-44c2-8881-99da9125925f,3869219,1
ALL,2c81183d-ba42-42b6-aa03-0ac076e03474,3857267,2
ALL,2c83dbeb-e421-47df-a153-91c435ca0a49,3941017,1
ALL,2c8e7335-e819-4d82-b43e-7399254da100,3857274,3
ALL,2c93e350-c647-4d83-8a28-4083f8ab29b0,3941022,2
ALL,2c976fa8-d47f-4059-9f9b-09ae1b5a6142,3930172,0
ALL,2cd20f28-9853-4b46-9e1a-1ecb0bde87ea,3869685,1
ALL,2ce12f47-62f5-4332-99ea-39aa3024e002,3857285,1
ALL,2ce3b8b3-04bc-410e-9b25-025ab8070a69,3869354,3
ALL,2cf0861d-bfba-462b-8471-af7876ec1ba5,3857292,0
ALL,2d1462be-20b1-44b2-838f-f11e625d4a63,3869684,2
ALL,2d324b4f-3233-4e06-9e99-fc2f45e2b36f,3930181,0
ALL,2d3808b9-675d-4b5f-974a-59cc285e6a8d,3930181,0
ALL,2d40ae79-e8cc-4f6f-aadc-b8918d08df01,3941021,3
ALL,2d510269-e74a-490b-ac12-e97377e81b2c,3930182,3
ALL,2d5c9baf-0357-4bfd-a089-5a9739375c64,3930175,3
ALL,2d6c5dbe-3ca7-4ccc-83f7-7b7803853cdd,3930162,0
ALL,2d708eec-f8d5-4ae3-98e7-4d2ca805ee54,3930173,4
ALL,2d8639ae-1fba-4273-8d88-4268bdbb847b,3938640,3
ALL,2d9da521-aedd-4b1d-95ec-c686d308c874,3869354,3
ALL,2d9ff442-0d4a-4f5e-9061-54647443e489,3942227,4
ALL,2dababfe-a07d-4d76-9e4e-b72a4e4f9825,3938643,1
ALL,2ddde994-09f5-48cc-98f6-2a269313286a,3930180,1
ALL,2def0f6e-f67d-43b2-b5ec-33960a1595bd,3869151,0
ALL,2e106bda-541e-41df-ab68-275549e3eab7,3941020,3
ALL,2e3f54c9-a19e-4007-a822-c5aa35418bbd,3857265,1
ALL,2e446905-bbfc-4d95-a82d-f4c895e8449a,3930161,4
ALL,2e49631a-c03a-46cf-b1a6-aa1a75d112c0,3940983,3
ALL,2e5ab80b-cfe5-44a3-9d83-ad80d60cd8de,3869420,0
ALL,2e733ffb-2613-4382-839e-27195dcee07d,3869118,1
ALL,2e7ceef4-7876-4402-b397-c1fbf4112d32,3942227,4
ALL,2e97abae-f576-4b8d-99c6-c4c098de7409,3869117,2
ALL,2eabdb9b-19b2-4178-8e71-96f037afe0d4,3857272,2
ALL,2ecdbb7b-16f0-493c-9059-f9066d77caa1,3938638,3
ALL,2ee2b6d2-c545-4801-8294-166f36d892c2,3857265,1
ALL,2efaec5b-83ca-4fc8-9d3f-7d2ddbf6fbcd,3941020,3
ALL,2f04a2b5-8fe4-4a6f-8d39-89552bed01a2,3857264,2
ALL,2f06b02f-68e7-49af-a094-5a22c382b01f,3941022,2
ALL,2f214f4d-32c9-4549-bec0-64a7372f310a,3857290,2
ALL,2f261d57-9a34-4453-8301-71653629017f,3938637,4
ALL,2f2cc591-e303-4018-8539-7f71f6527b90,3869519,1
ALL,2f4b9da2-aa44-4985-a69a-aaf393a3b459,3857276,2
ALL,2f7cb6e4-65e6-48a1-bfa8-8f15c5af00e7,3942382,0
ALL,2f80a359-99ef-4c12-a21e-84db52ac96df,3857263,0
ALL,2f92b786-ed35-43fa-b11b-dcc667e465f4,3869321,0
ALL,2fa03497-1a63-41d8-8513-9c4718e887c0,3930175,3
ALL,2fa5b1b6-5a23-4bc0-9fff-554ef3c57571,3869152,3
ALL,2fab1e03-8f3d-4a09-9236-fbd9cea27f06,3940878,4
ALL,2fc09569-502a-4a68-94c6-aabdcb5749a7,3930182,3
ALL,2fd3b9ce-b829-4baa-ab03-89c96ece93d3,3857280,2
ALL,2fe4d6bd-1f4d-451f-befa-de524d3e6039,3857287,1
ALL,2ff8d783-dd86-49fc-ad59-39fc50b5be52,3930175,3
ALL,300896e6-7e8d-4428-affb-45586b5a4ccc,3857290,2
ALL,30101c2a-275d-471e-860c-2394aff7047f,3857266,2
ALL,3018f13f-c0f7-4cda-af8c-153aa03ac867,3938645,1
ALL,302f3a90-9ea2-4991-9c19-f07889f3ceda,3941018,1
ALL,303887f4-b546-4315-a52a-92ebed6455e7,3869151,0
ALL,30462b2b-5428-470f-ae77-8552c19fe875,3857286,1
ALL,304aa213-c1b6-419d-acf6-3228a7151e88,3857272,2
ALL,3055588d-5ccb-4baf-b669-f2284cfe138c,3857283,3
ALL,306baa2b-f03e-4112-ae50-835f67271b5b,3930162,0
ALL,307e8c57-dfe1-4253-a2fe-2baf93efa2b1,3857287,1
ALL,30a2835f-6b78-4ba9-ba6d-198ae9aa8e07,3857295,2
ALL,30cbcb55-725f-4d06-9f28-7d2b40a004a2,3869254,4
ALL,30dc7726-ae4a-4fa5-8f86-75bc8d824e66,3941017,1
ALL,30e453f5-9ee1-43e4-a1c4-ffb3a44043bf,3857258,2
ALL,30f166b0-7779-45e9-8d6e-072e109189b3,3940878,4
ALL,30fdc5dc-1be4-4773-ae61-69221680f7c3,3869152,3
ALL,310f1807-962f-4e2a-bfcd-cc008c386aaa,3857270,3
ALL,3118df44-5b0b-4f4e-8c17-11d4acbac5cc,3857266,2
ALL,31317f80-d303-4a51-9c03-de88d73757ed,3941021,3
ALL,31475884-669f-4f67-84c0-786272e11551,3941020,3
ALL,3152422f-5dbe-460f-9261-85a8d380d859,3857264,2
ALL,315456b3-f6cc-40c5-9c8d-7f4243b8eb7d,3857289,3
ALL,31558869-2dca-43fd-bd53-8c391b251fe2,3857285,1
ALL,3160c66d-75da-4f11-9540-3bd7a33b9d2c,3857297,2
ALL,316f5087-2020-4193-a1e5-62306f92d50a,3930172,0
ALL,3171b567-444c-46cd-9b59-b50740c79c56,3930169,2
ALL,31776374-eb36-4f04-a881-8a5aabaa5021,3930182,3
ALL,317d6383-4d3f-4aa1-b081-5770984081d6,3857271,3
ALL,317f170e-1d7d-49fb-b6e5-7a0906cf42e4,3869519,1
ALL,31810ea1-51d2-4e81-8be0-387f29f6c683,3857257,2
ALL,3197d554-477d-4f19-b0d0-158b61a1367b,3941017,1
ALL,31b73edb-000d-4a78-9e62-9b06d9ff5040,3869118,1
ALL,31ba871a-3f5f-4b1b-b3f6-9a54eac147c0,3938638,3
ALL,31c11012-aaab-447d-b3f4-d13f3fc57994,3930179,4
ALL,32095022-de23-4070-97f8-7dc9d0bb3f41,3857291,3
ALL,3211fd9a-4552-4e3f-89c0-95f6b311d502,3869117,2
ALL,32123f57-bac5-4ebb-a954-71acafbc018d,3869486,1
ALL,3221e531-8a52-4a3a-a102-d36421a52e7a,3930174,2
ALL,322fc952-ad20-4a82-9a52-02fffb85ec5a,3930160,4
ALL,323b3ed1-6245-44dc-a389-f8b53a169b32,3930164,4
ALL,323db134-8392-4baa-824e-3e1f906cd9c6,3930164,4
ALL,323f8413-02d5-4d88-bc45-d06814d096e1,3930184,1
ALL,32404aa9-8e27-49da-b707-260c2ce6b4e7,3857283,3
ALL,32465ba9-1258-443a-af13-5841f19d5812,3857271,3
ALL,32479484-8f6c-4e99-a25b-9c650ec77707,3942819,4
ALL,324acc11-2f26-44cb-a537-3bbb61e394e9,3930180,1
ALL,327382ca-6fbc-4b4b-8b80-a5a4693ed60a,3857254,0
ALL,3283e320-68e4-4db6-b192-c509c894f375,3857285,1
ALL,32896c41-fa18-4dd6-a922-8df3024e208d,3869253,2
ALL,328c1dc0-b9b1-46bf-8e74-9371fe9c06f3,3941021,3
ALL,328e6f6d-5512-4fbe-8562-a92ff0575606,3941017,1
ALL,32a04ec8-7d6b-4ef9-a495-5705f005576b,3942226,3
ALL,32b7b8b1-3d48-4a89-b4a7-dcd008f48415,3857295,2
ALL,32c0ee83-6b8b-44e1-9724-ef9c55e55258,3857256,0
ALL,32ce1acf-f78b-40ad-8345-ec1c5c52d9a8,3857284,0
ALL,32ee954e-c7a7-4da6-bcf9-d436abdcf905,3869486,1
ALL,3306cd75-52a8-45c0-990e-e6e2476b2581,3857282,1
ALL,33189b01-985d-4600-a8e5-faf9ca7e64be,3857261,4
ALL,331bf6bf-dc66-42ef-9e1c-0bbc02fb4d99,3942819,4
ALL,332ffefa-a24d-49ad-9253-30b35e13b4e3,3938640,3
ALL,33556edf-7bff-4239-9cff-3a3fb63dd5b3,3857296,1
ALL,3356d71e-4629-4929-8c3c-3b164500b652,3941017,1
ALL,3360ac8c-a998-48f6-bd58-527a9ce12a75,3857285,1
ALL,33731dfa-bdca-4fc8-86dc-7d37d51cfab6,3930162,0
ALL,337b98ec-03ae-401e-a871-f9059857e673,3857286,1
ALL,3384e528-bab6-4736-9c4c-d96576e1cae1,3930161,4
ALL,33a4e9e3-bf84-4e09-ba0b-709e5cc95f3d,3930160,4
ALL,33a87080-de37-4f0d-8e6f-d5c3312faf3f,3942226,3
ALL,33b2ccd1-5e04-4282-a89c-ec84d07304e1,3938637,4
ALL,33b5ce01-fd3c-43b7-85b2-74a5dc90ad0d,3938640,3
ALL,33b5f4a7-1a1a-4bc1-a4b7-56f5306d67a2,3930158,0
ALL,340215f2-2f3d-49b5-b924-c012ec9d7344,3857266,2
ALL,340fb1af-222b-4bc9-ab8b-59573a2580ec,3869118,1
ALL,341d4ea8-f90a-4537-8d74-f55b902a7bcb,3857287,1
ALL,3429dec5-afe9-40d8-9b09-70be996beaf8,3930183,3
ALL,342a04e2-bd6d-4744-9794-ddfda33b549c,3930159,0
ALL,344a29af-7f3b-4f2a-b1bd-3d984258383e,3857299,4
ALL,34510fdd-9441-4f63-b220-f076bd83f10d,3942227,4
ALL,345d2c75-405e-4482-a067-b912136d0057,3857272,2
ALL,346515e8-7792-4a03-a515-ed7d3082e303,3857260,1
ALL,3467a62c-774f-407e-9abc-88e7390e3fd0,3930171,1
ALL,346ee4fc-1636-43f6-9e19-39dce98e600d,3930170,4
ALL,347829c0-ab4d-4c64-86f4-837c09a9c1fb,3930160,4
ALL,34823594-5f05-4cce-b339-b5eb7329c43c,3857275,0
ALL,34aab636-7452-411d-aec3-430ef63be973,3930164,4
ALL,34cd2dd2-c704-4067-9715-c69ba423cb91,3857289,3
ALL,34cd8397-bc21-41ac-84eb-f6887f87e649,3857274,3
ALL,34d3f48c-2131-4f47-a698-0ada330111d9,3857266,2
ALL,34e2ff73-bd87-448f-8157-7537f478f01e,3857261,4
ALL,34e33b69-be0b-4313-8db5-eea2817c1d7e,3930159,0
ALL,34edacbb-3e1b-4f21-9ae3-9e4cbdf6dfef,3938637,4
ALL,3505d1e1-1ec1-4929-8815-e1d15a8de41a,3942226,3
ALL,353c4a30-291b-4882-aff0-0a15a44c8c51,3930161,4
ALL,35418d20-7dfb-4162-9776-20f3a24609c8,3938637,4
ALL,354e52ec-fe6a-4402-9072-f9493c3bdbc1,3857265,1
ALL,3550ca14-4848-48a6-9c0d-e7df500eaeca,3930184,1
ALL,3556aff7-0453-45f3-a66f-5e442393d35c,3869152,3
ALL,35658ab7-d110-4ee4-bcff-ffe6483f89fd,3942227,4
ALL,356777e6-f32f-4011-9ada-57bdb31d581d,3857263,0
ALL,356878c9-a9a5-43fd-a7d3-595dceb36765,3857275,0
ALL,3570dfbe-1be9-4a5e-8c09-1d22a80b7571,3942382,0
ALL,3574a997-4df9-4958-9b1f-0fb7a8e3b72c,3930172,0
ALL,357947a4-f564-4cc8-af48-25c6c6753bec,3938644,3
ALL,35877023-6f0f-44d9-b1a7-d06101762415,3857263,0
ALL,35888ea7-513e-4734-9df3-e1247bbb2602,3869684,2
ALL,35bcb876-4334-43e5-8560-5b7f19b3614a,3857287,1
ALL,35c05e5f-cd4f-421a-9265-25eaa830bbbc,3930158,0
ALL,35d28ad9-8c8b-45b8-bfcd-bdb36ba3b739,3857298,1
ALL,35f4beaf-ef7a-45f6-93d9-53ab928e3e3c,3930161,4
ALL,35fad284-76a2-4ae4-b32d-43d332b5cb19,3857259,0
ALL,362ad133-d117-433a-8dad-ff5bc1d26879,3930162,0
ALL,363dd7b4-7157-45a5-bc98-47a12d00ed8d,3869219,1
ALL,36401031-24bf-489a-9831-23cf36658c34,3857264,2
ALL,36542966-459a-4835-b85c-4141f57a6c04,3857280,2
ALL,3658b718-47f9-425b-955d-611b61a2efec,3857268,4
ALL,3671c85d-1126-48d8-b847-b6d18dd322c0,3857298,1
ALL,36743a05-fb6f-4998-8368-fe9ce9fa0212,3857290,2
ALL,36779332-8eb3-430c-a281-162958efdb2b,3857269,3
ALL,3698b901-510e-4b33-a10e-90dff29617c8,3930162,0
ALL,36a07282-ef83-49bc-ba4e-9908447021c4,3942227,4
ALL,36aeba48-b15b-4b05-b33b-be021a606bc9,3930160,4
ALL,36b74207-8c87-4334-8012-0f9e367fe80d,3869220,0
ALL,36dbaef6-3572-419b-9199-44dacadfbaec,3857270,3
ALL,36ddc97c-e5f4-421b-855a-78003919b969,3930164,4
ALL,36e6767f-af8e-4dc4-a1b3-db0a8552f705,3930183,3
ALL,36fd5a48-cce2-4224-9bc2-1075d9a80665,3930184,1
ALL,37017f4d-85b4-4a56-808f-6990f94dd0e9,3930161,4
ALL,3714b3e4-950b-47f9-98fa-7725edf4be31,3938637,4
ALL,371c4bea-04cd-4eb3-9501-abab96ff9a0c,3930180,1
ALL,371c9bcc-8482-4e5a-ab14-581f90d3df85,3869486,1
ALL,372d1b4b-fc2e-44f0-bb03-bee41a924a63,3869118,1
ALL,373fba25-8153-4b2d-baac-75decfe29ef1,3869253,2
ALL,374335c7-22c3-4dcd-bda9-6f24cadef732,3857277,2
ALL,3745e50a-0c65-48bd-88e0-032cf0d52ef5,3857254,0
ALL,374a077b-90e7-4f9f-8aee-7dd6aa2a8b0a,3941017,1
ALL,375052b5-5f8d-413b-958a-67074a37394f,3938640,3
ALL,375611cd-97d7-4f80-bc9b-020c1214cc24,3930159,0
ALL,375bd8b5-d189-48d5-922b-59900473ec67,3857255,0
ALL,375f1984-ba98-4559-b899-a364a71f6ba8,3930159,0
ALL,375f7fe2-ef74-412e-af41-e690d2879323,3869321,0
ALL,37706773-b05c-4c76-abb6-a8d5dd5af60a,3857281,4
ALL,3770eb02-3faa-4274-889a-3167ba19f792,3869321,0
ALL,377bb123-3f7a-45b3-9aaa-edbb5512eaed,3869118,1
ALL,377e7ab2-741f-4140-bc70-6605e962fa7c,3857259,0
ALL,377fd949-1afa-4f59-b6aa-1bda7b192ea6,3940983,3
ALL,37847948-bc56-43bf-85a8-c7bbe7cd0945,3941017,1
ALL,3791f45b-6ad5-4177-a605-6a3c43289ac8,3930171,1
ALL,37b8c7ab-d511-4ee3-a17f-2ca9f85a5d10,3942819,4
ALL,37b96c00-2490-484f-b4fc-2962bca44975,3938640,3
ALL,37ba85bc-b4cc-4c0a-8200-8021407e0034,3857283,3
ALL,37bf1ef0-60d1-4c05-9d14-84e7567f43e8,3857254,0
ALL,37c31f28-9001-4781-9258-adc5596e2ed0,3857262,4
ALL,37cec73d-8930-4cf3-9237-4a0fbcd5448f,3941019,0
ALL,37d32129-ce16-4d56-96b6-2883b710438a,3940983,3
ALL,37d3a41a-0874-4662-90c5-6dc848415840,3941019,0
ALL,37d79b74-949e-42ef-ac88-e68246d511d1,3869685,1
ALL,37f0ac7e-8285-4c8f-b85f-4535c4ca6e50,3869685,1
ALL,37f26479-6d5a-4449-b361-8d4a330d500b,3857291,3
ALL,37f5cb87-a47b-4d85-9b70-0afabdeb5304,3857257,2
ALL,38070d99-e007-48ba-bb80-4d24775d12c7,3857272,2
ALL,382ffeb7-0a6c-48ab-9ade-88f8ff24b801,3857290,2
ALL,385275d0-3dda-4422-b229-36babfea9935,3930163,3
ALL,3866117e-0528-4a13-934a-fb34844921c0,3857282,1
ALL,387535e8-ad29-497a-80a2-84311617481b,3857280,2
ALL,3875ef7d-04d7-44e7-96db-807ab578917c,3869684,2
ALL,3879ff93-eef9-433d-b4c7-e5be3e8e488d,3857288,4
ALL,3885cf45-9eb2-46b6-9054-60612d3f0ef4,3857254,0
ALL,389c1b9e-3a32-40a0-9cde-c6895dfabf36,3857258,2
ALL,389f7965-5376-4af4-9efb-119e6389f340,3857268,4
ALL,38b77c51-3576-474a-a19a-13d67aa7eec1,3857290,2
ALL,38c0b942-c728-4aa1-be58-f4b560646c99,3857282,1
ALL,38c7024f-8f99-4dab-925c-0db4265934d8,3930180,1
ALL,38d63f3f-4a20-46b1-b272-aea840f69b7a,3938640,3
ALL,38e7009e-c858-4790-8345-8093c88f2f8a,3942227,4
ALL,38f28d5b-53da-4356-b8e6-46e6440af79f,3930164,4
ALL,38f29192-a466-4443-a306-30177da5b80b,3930176,0
ALL,38fa52a8-b8d2-4503-84a4-c2c34fc727ba,3930167,4
ALL,3901c1e0-d562-4084-9953-caa33547fb55,3930176,0
ALL,391351bc-7286-4741-9437-a765f33f5087,3857282,1
ALL,3926e470-3b42-4d68-a82d-b28bcb5a0347,3857275,0
ALL,3927a95a-4dc4-467a-b24d-07d5f638426b,3857299,4
ALL,392dcb8b-c7de-49cb-b7e3-26eaf4eca181,3930183,3
ALL,3930ff07-3239-46cc-b804-378bb17083d1,3930165,3
ALL,39456dc1-e9d6-4887-a0ec-9914f9c3fd5a,3930182,3
ALL,39494b49-6654-43d4-a0f4-2e1a7eda727d,3930174,2
ALL,3952238b-4e59-4968-8f59-caf36edbd935,3930176,0
ALL,395a088d-ff41-46b0-a496-a433034eec4c,3942349,4
ALL,395b47f6-85a3-4ae2-9ea3-b57283fa66a4,3857287,1
ALL,3986b25b-e28b-4a68-9eb1-e50c1e5c0885,3857269,3
ALL,39a1ccfd-a248-482c-8d4f-4b94ce54cfce,3857273,0
ALL,39a2da3d-09bd-4cc2-8754-8f462fff9cfd,3869684,2
ALL,39c4e5ea-a868-49dc-be53-f636e482fcd5,3930172,0
ALL,39d1bf0f-76c2-4043-9717-7691b1729265,3930178,3
ALL,3a0c0125-68a5-426d-8c3c-2ee0698b0d9c,3941018,1
ALL,3a0f18ec-c532-4bbb-b8d8-840d45e62601,3857264,2
ALL,3a176732-984a-428b-bb15-e0e8f9a05b16,3857267,2
ALL,3a2199b3-fe0b-4c90-89c6-de251b770532,3941021,3
ALL,3a2e6868-9fb5-46ae-9b9a-6ac3a9305c05,3857260,1
ALL,3a7120d0-bf7c-4fe1-baa5-fc106402329e,3930179,4
ALL,3a7508a9-ef4d-439f-b560-871ff2a0c37b,3857257,2
ALL,3aa2c884-264a-466b-9d8b-d20caaf2c96c,3930183,3
ALL,3aa33351-c9e6-4765-bdb5-55c564440cb6,3938641,2
ALL,3ab28a34-b47b-4354-8306-58d86713c233,3930170,4
ALL,3ac07a7d-176d-4f90-8bb0-69ab3b6c228f,3857262,4
ALL,3ac32675-2bdb-4db7-a564-a07bcba1f32c,3857298,1
ALL,3ac7693e-4948-4d06-a25e-039dfc9263ec,3869684,2
ALL,3acc5a8e-c022-4401-b6c1-5f0c65a4300e,3930177,4
ALL,3acff6bf-f281-438b-99ea-cb51b70ff2d0,3942226,3
ALL,3adc6843-debb-437f-8079-addfc08ffd66,3930158,0
ALL,3adf2102-3500-4544-9b66-66845c8bfe77,3930183,3
ALL,3ae34be4-94e6-4200-bc22-f38421f902f3,3930172,0
ALL,3b034e6a-dca1-4256-afb8-856c5cff0c7c,3930177,4
ALL,3b1c0517-f626-41dd-aa2d-b24ca7fe0090,3869552,4
ALL,3b23da56-79cd-4aed-8d38-f223c1e41810,3869152,3
ALL,3b25a8d5-9c63-4eab-90d9-b687aed80f8f,3930159,0
ALL,3b2674cd-ae1f-4a8e-a3bd-3d6e770f5ce3,3869220,0
ALL,3b694f77-4293-4b44-844e-49c710cdf346,3869254,4
ALL,3b748225-9e52-4284-9c5f-e3e32086535d,3940983,3
ALL,3b83f28f-aa63-4d78-a4d1-ca7bf43999d1,3857282,1
ALL,3b8bc77c-bc5e-45b2-9ab3-9d6d23e0e256,3930176,0
ALL,3b8ead09-2278-4d05-abf0-c5d1f3a3300c,3938641,2
ALL,3ba9c0c8-77fd-4a5b-8ed3-f7f3e71067e1,3857266,2
ALL,3bada25f-e864-49f1-bd37-e99c1dca0fe6,3930175,3
ALL,3bae4b37-bab2-4762-b43f-c70b4e3f092b,3930184,1
ALL,3bafeefc-4387-4baf-9e44-a29740ab9102,3857282,1
ALL,3bbf4da8-7228-4ee6-ae4c-6e5961ee05d5,3941021,3
ALL,3bc309f0-df5e-4137-8af2-500231cb88fa,3938640,3
ALL,3bc6893d-34a8-4f38-9bf9-3d7c1c9eb63f,3857264,2
ALL,3bcaa6c2-8eca-43f2-be41-8e64323a492f,3930168,2
ALL,3bcf0ece-252a-4b05-97c8-5ee28a2bde09,3857292,0
ALL,3bcfae75-9997-49e3-b58e-b7f76f0770d8,3869152,3
ALL,3c033656-33e2-4492-b630-24269a49c243,3938644,3
ALL,3c2981aa-4da5-4f7f-90b1-f2f18acfe99b,3941017,1
ALL,3c682f62-7eb6-4a2f-9a2b-2b571e6c07eb,3941017,1
ALL,3c733762-af08-471d-b4f9-19cf4dd5f311,3857290,2
ALL,3c80f4f5-a4ee-4749-be54-dccbf47b21d5,3930167,4
ALL,3c8a0ae2-cf6f-463a-b246-15c3f2990b5c,3869321,0
ALL,3c99b742-f32d-46cd-8735-ca3c43719349,3941017,1
ALL,3c9c3058-835a-4284-9fe7-408af76f87a8,3857261,4
ALL,3ccc65ff-ada3-45d4-8bc9-0778ef7cf17f,3930169,2
ALL,3cd2a5fb-5ff9-403e-91e6-04b97c8d55ed,3942752,2
ALL,3cd6574d-b479-4042-898f-bebbbc510e49,3940878,4
ALL,3cde34a0-a284-4c2f-8b85-57f35a0c98f7,3869420,0
ALL,3ce41d67-d812-4130-aa84-36fac5de78c1,3938643,1
ALL,3ce62bd8-2be9-4588-9788-62ed89c6d60e,3857256,0
ALL,3d020e92-46f7-4009-8278-d30d40303526,3857278,3
ALL,3d0473df-d3e8-4d55-bc13-fb562f14d68f,3941021,3
ALL,3d06a0cb-1b71-4acb-b5ee-b52467faf885,3938643,1
ALL,3d09f7aa-70a6-4f2b-b2a5-51c50f9b4f79,3857265,1
ALL,3d1a967f-b66d-4efb-9b32-0938b24eb564,3930174,2
ALL,3d230345-5321-42b7-8727-f422c7fd1282,3941020,3
ALL,3d38bb80-c405-4038-9fbe-0838b91e7949,3857294,2
ALL,3d53e3d2-8208-427e-a681-91b8ad327989,3941017,1
ALL,3d78a7bb-5b6f-4d4e-8ec7-2ccbd474c7b0,3930174,2
ALL,3d805e4a-da04-4e2e-847c-0b1c1a547790,3869118,1
ALL,3d85cb97-d1ea-4e3d-b48a-d4d6b1c590a1,3942349,4
ALL,3d85d26b-9ad4-4aa6-acfc-57b1f0b4ccd9,3857263,0
ALL,3d9dc42d-a7d5-43cb-a5e9-fd519fd73b1b,3930161,4
ALL,3dab210a-49c8-482d-b1b7-53c76c6f0c84,3938642,0
ALL,3dabf4c7-4633-43ef-9fd5-582590f5c43c,3869118,1
ALL,3dadd906-228b-4e2c-ad47-78fb71b1d966,3941018,1
ALL,3db87195-466f-405d-94cc-cb0f4c19eecb,3857263,0
ALL,3dbd1fa3-1ee3-47d8-bcd4-e7283ff2d06c,3941022,2
ALL,3dc31019-7b83-4cbf-a37b-98bf34293dcd,3930179,4
ALL,3dd1bf27-d070-4f06-85a4-b88e9a6bb28c,3930184,1
ALL,3ddaf256-1681-43ea-9e42-d7e6f3c075b8,3942349,4
ALL,3de45bf4-22d7-4d13-86bc-23df08d8798c,3942226,3
ALL,3de5a8ee-d3cc-42e8-8b69-e90479339ada,3857278,3
ALL,3de869e4-6b2a-495d-b5cb-d19b7aa5519d,3930176,0
ALL,3e1fe531-f0dc-4187-a46b-1f3539600718,3930170,4
ALL,3e3d0cf7-2dad-42df-adf7-6f3416a6a286,3930176,0
ALL,3e41987b-776d-4561-a5f0-f37a2e42f0f6,3941021,3
ALL,3e489e7d-748d-48f3-b40f-2aa33a409046,3857265,1
ALL,3e4c5f3c-d8a8-45fd-b57f-00d3bd724ee8,3869486,1
ALL,3e5db9c7-5032-4254-a85b-81740c588e99,3857276,2
ALL,3e606e32-b42f-4347-8660-e5bdd4fd45eb,3857270,3
ALL,3e6b2bad-58cb-4028-b650-eb1d71214ba2,3869151,0
ALL,3e6b7464-58d2-43c4-9148-1dd9956c8e79,3942819,4
ALL,3ea08f2c-abd4-43cb-a3a7-9dd56b2e681b,3857285,1
ALL,3eb9c0cb-5bdf-424f-ba9f-bb30a976c054,3930173,4
ALL,3ec15be8-d23f-45d6-be6b-317f380ef77c,3930160,4
ALL,3ec5b3f0-4cd6-4609-8886-145eece9b35f,3930162,0
ALL,3f006158-cb8c-4b93-90de-f8f9a6768a94,3869321,0
ALL,3f40312e-cb91-4484-b363-ec6c7ebd2fbe,3857263,0
ALL,3f40c54b-ad0a-455b-ad6a-37f8b0ec1c3e,3941017,1
ALL,3f436770-3d15-4fd8-9160-4a58cf7bafb7,3869118,1
ALL,3f567a9c-f973-4ebf-950a-dceea59d79ac,3930160,4
ALL,3f5b1f8f-4d77-430d-bd12-7ff0dbfe55b8,3938637,4
ALL,3f68b97a-886f-45d4-b7b6-39a672fd0282,3942227,4
ALL,3f72b6cf-f80b-4771-adec-38f25e25c8a6,3857258,2
ALL,3f76a504-23be-44e6-8957-1083a1cc51b2,3930184,1
ALL,3f7ab5a1-3fd1-4f9e-a729-645c8857b9e4,3930177,4
ALL,3f8cfdb2-2b5e-4bab-a146-5e806d84a118,3857260,1
ALL,3f95ed4f-2fca-40ee-91e8-65d89ac807bc,3857277,2
ALL,3f96bd0a-e09f-4339-b878-f1fa22307cc4,3942227,4
ALL,3fa08d1e-438a-4877-af01-0cb7145cf204,3857281,4
ALL,3ff03447-670a-4e3c-a363-5edc404073b0,3942752,2
ALL,3fff86fa-9025-47e0-943e-87d94f4e685b,3941022,2
ALL,3fffc1a8-a97c-433d-adee-f0e72e38c714,3938640,3
ALL,4000acea-7c5d-46db-98de-51fce95949ce,3857278,3
ALL,400e1344-fa6b-49c8-9963-4a9bfd7188fb,3857273,0
ALL,4011f4b0-221e-4917-8063-23a7513ed069,3869519,1
ALL,4025c14e-7c7f-4133-a498-22af9be44727,3869117,2
ALL,40276df3-3ca8-482f-b9ba-9fefcc79a94a,3857301,1
ALL,4040f0f7-60ba-4981-8ef5-0426acb7da36,3857277,2
ALL,4046832f-72d4-4497-ae7b-96056255b8eb,3930184,1
ALL,406b2a8c-340e-484d-90a3-19d0f6c533f7,3857283,3
ALL,40769098-2f4b-46d5-b5c4-70212c43003e,3869219,1
ALL,407b738c-6d50-4c1e-a093-aae48c96b14e,3930167,4
ALL,4086471e-6ca3-482d-82aa-8ec894b1d883,3857288,4
ALL,408a1edc-8d7e-4fc7-a094-81694e98eb5c,3857299,4
ALL,409319ff-6078-43ec-9071-3179d4dddc48,3857256,0
ALL,40b7adfc-d115-40b4-b311-c0e200f6f3d8,3930171,1
ALL,40c9d378-7f80-4d36-8dd5-0d41be62bdf7,3857269,3
ALL,40d55f4c-33d0-41da-a8c2-76170aaa8a84,3869519,1
ALL,40de1bab-a33b-4203-ad51-11d15eedbc0d,3938645,1
ALL,40e76bb2-c6d5-4c3b-baba-aa4dce54b8ee,3857273,0
ALL,40ec4302-e989-4eb8-a5bf-26830546076c,3941021,3
ALL,40f400c2-2be9-4210-94d3-9108fec7be8d,3869685,1
ALL,40f4cbeb-4ebd-4de4-a091-7ece8b4cbe20,3857273,0
ALL,410522bb-4230-4022-905c-de747fe1b315,3930163,3
ALL,410770ce-2a5a-408c-837e-f3e41df37695,3930177,4
ALL,41088640-e8e5-42e9-8ceb-59f9c2240e2e,3869152,3
ALL,412af0c3-f334-4a9f-9807-e3352bdaf2b6,3857294,2
ALL,412d49fa-e8dc-4b69-9f7f-ca8aeaa3b712,3857297,2
ALL,413499f4-3db8-4f15-8b19-c438c5df3309,3857289,3
ALL,4138775f-cf27-4812-97eb-f3d716b0f547,3930163,3
ALL,41587570-e154-4d4a-8a92-775c8289a288,3857255,0
ALL,415f7e05-2788-484b-87be-44f6ae349c22,3938642,0
ALL,41722680-3378-40d6-b59b-8621ae4f81e6,3930163,3
ALL,417a5b8f-28b1-4a6b-b19a-17e000e8e0e7,3930172,0
ALL,417b3eb5-01f8-45ed-b8bc-a987ea665bfd,3942752,2
ALL,41865818-bd96-4bf5-8c7f-56fcefca89dd,3930175,3
ALL,41a6cc65-b691-4819-80ed-92caf21b1875,3942349,4
ALL,41b05cfb-67be-44be-96b7-4cc9c2c446a4,3930169,2
ALL,41c0f083-4f10-4aca-9384-f617eabbcad5,3857298,1
ALL,41c5bdc9-d287-40d2-a254-5db72742f5aa,3938643,1
ALL,41c5cd98-cb04-4c85-8b1e-2e389491249f,3857262,4
ALL,41c63d14-4ed4-4a20-8ddf-128f135059b0,3869118,1
ALL,41d8218f-33f7-4f4a-8a73-46c859e3144a,3930167,4
ALL,4210f87d-613d-44db-ba04-0c303ad024b9,3857263,0
ALL,42119974-29d0-4ce7-b05d-15a64d6b902d,3941022,2
ALL,423418b0-f447-4014-93c5-615ad3f07340,3941017,1
ALL,423552e5-b0a4-49b4-9559-daac62fa2c1a,3941017,1
ALL,424f46bf-2a49-4cfe-b74e-621a83fe72a6,3857261,4
ALL,425438f7-9f60-4603-aa5b-51dcca5b218d,3930163,3
ALL,4268a6f3-b971-4ff2-924f-42fc158267b1,3857290,2
ALL,4278c9a7-f61b-4662-b72a-c120a4d2954d,3930163,3
ALL,427e6253-666f-4380-b19e-79f58849fbce,3930173,4
ALL,4281cb46-6ceb-49ae-b073-be5558da0bed,3930182,3
ALL,428d6420-0dc8-4b9a-b8fe-f8ee1d055e4c,3869254,4
ALL,42964317-1976-4f47-83f0-c16b45b8b312,3941018,1
ALL,429c7d66-062c-4e5c-90d4-118689cf9103,3930169,2
ALL,429eae3b-171f-4a23-be4c-861bdf1788d2,3930158,0
ALL,42a554c7-b74b-4ffe-85c5-22222dd6200a,3930169,2
ALL,42ac3d0b-096a-4101-a325-d14b5a9fc980,3938638,3
ALL,42ae7af7-25f8-49e6-8537-83666664b71d,3938640,3
ALL,42b13a7e-7ac7-4231-acaa-5428367d36fa,3857257,2
ALL,42cd340b-2957-4bf7-9cd3-c3381386c02a,3857264,2
ALL,42cf9eaf-0b81-4920-8e7f-8b8c80be8d8e,3942752,2
ALL,42cfeb60-2c62-4645-ad30-40188253e627,3857282,1
ALL,42d8f478-5cc3-4c30-a321-13f04d738b5e,3857296,1
ALL,42f77759-c26b-4dbf-b950-788fb716d941,3857263,0
ALL,42f7c76f-6b6e-40ce-84da-b5c99bbad403,3930169,2
ALL,430606f3-39a8-4355-bc00-15ec8c974041,3869254,4
ALL,431c25fe-261b-4604-8509-8412b8f2ad70,3930159,0
ALL,4323675f-9ada-4e18-8d4f-b245ab7b1672,3857259,0
ALL,432aa0c1-7b56-4e30-a53c-b7c9d2c1df1f,3941017,1
ALL,432edb7c-ff6c-4015-8f2d-23f159e5509d,3857276,2
ALL,434827ff-1979-4f63-bc46-0702df331306,3857285,1
ALL,4361bd86-e094-4286-904f-776c668ed21f,3941021,3
ALL,436f1f7f-485e-4fca-a1de-f05b05dfac96,3869219,1
ALL,437883b8-12a2-4d3c-93d7-5d2ab8412792,3857271,3
ALL,43831a41-4aba-47ef-8cd4-474fb98ce45c,3938640,3
ALL,438e10bf-baa1-4c8f-89ba-d29db3c5867d,3938643,1
ALL,43bee174-00c5-428d-a4e1-a2be73b6070a,3857265,1
ALL,43bf101a-f6c2-4fd0-b90c-2204d71e806c,3857291,3
ALL,43c600b8-9dfc-4a54-9789-1f375d8ff75f,3941021,3
ALL,43cd07c9-d81c-4fff-92d8-79ebfadf297d,3869220,0
ALL,43d1f7c3-1044-4848-a43d-1e4d6df03187,3857287,1
ALL,43e8e0a6-5768-4d76-85e5-751bfd864e65,3869151,0
ALL,43ec7f53-1c1d-4570-9736-91db9345cd33,3930181,0
ALL,4419fddd-2e46-4d2d-a6a9-a39b0f48a68b,3930181,0
ALL,441d1e03-40a4-4b23-aa8d-64343acfd5a8,3869151,0
ALL,4426eb05-4d6a-4e71-a111-d0363bf2c4cf,3857294,2
ALL,444e3ca8-4c39-4bfc-ab60-867edd7e3a5e,3857293,4
ALL,4459b6bd-5de3-4029-b32a-9c8da42b28f7,3941017,1
ALL,447149e6-5202-4a41-877c-4b1fe15f2484,3930163,3
ALL,4474af49-fcb5-4018-8c79-58a024bb4cfe,3941021,3
ALL,4478ebf9-113e-455f-a84a-f9dd4cb4384b,3938643,1
ALL,4485fbb8-8b8e-4890-924b-eb4ba8468c30,3938637,4
ALL,448a3341-2c71-40fa-a343-163a3f3240b8,3938639,2
ALL,4499a533-18e6-425c-a3f9-1f285c7d435e,3857298,1
ALL,44a144aa-0ce6-4476-bd76-625e82563287,3930174,2
ALL,44d705de-6777-4e15-8e74-62285b8967b6,3941020,3
ALL,45002f6a-277f-4098-91cc-910f3f6ad189,3857278,3
ALL,450281e5-98c7-4142-a695-ea2203522bda,3938639,2
ALL,45075b7f-ebae-4207-b167-9aa5fcfb3821,3857300,0
ALL,451482d2-3a0c-4b92-95c3-8a47c360821e,3940878,4
ALL,45266a50-1cc0-4f78-96f2-af93d8b237d4,3857281,4
ALL,45286baa-6135-4824-976d-0d3e3c5cf9cd,3930167,4
ALL,452efe29-799f-4ab9-84bf-e43e4cc5fbdd,3857265,1
ALL,45332777-31ab-4ff4-8274-ac1d66b77676,3857272,2
ALL,456c1820-496c-4048-b7d1-eda6da6c0af0,3869552,4
ALL,458dac25-b327-47cc-83e8-f77a0a6efe66,3943043,1
ALL,45b84ef0-1991-44e9-bf2d-13416b1a3df3,3938639,2
ALL,45be98e8-217c-4b27-916b-33917fe99e8e,3857285,1
ALL,45d95cd6-2b99-48a3-a149-af6678e6abe3,3869219,1
ALL,45eb05d5-2709-4104-aaad-8a14128eeff4,3930183,3
ALL,45ec1f10-6688-4a2b-a8e3-9922ed455ec3,3930182,3
ALL,45eed5be-5457-42f7-b668-ef74f005b621,3941020,3
ALL,45fa78fa-1648-45f1-bed3-1f6738ef099c,3857298,1
ALL,460380a2-58bc-4dec-bb25-ef40938c756f,3869321,0
ALL,460542bd-375d-411f-9989-a10abe12c57e,3857280,2
ALL,4607cd23-9cb5-4931-8e7a-d5b5a2dd1418,3930161,4
ALL,463a0c24-79f3-4bbd-8bfd-f65f42aea7a7,3930174,2
ALL,463c4efd-3b1b-4d98-ab45-fd0a672bd721,3930163,3
ALL,464c678d-55c7-43de-89db-d60aabff35e4,3940983,3
ALL,4655ea80-a538-4647-bcec-cd0ee2fab787,3857259,0
ALL,466cfb0a-30a1-4e5b-9c3a-3ee10244cd49,3930174,2
ALL,467f97c6-ed31-4bad-b5fd-a87f83fda39d,3930180,1
ALL,46882f3c-869b-4946-ac85-e4f05cbf85c9,3869118,1
ALL,4694e21f-12a1-41df-b979-760465fdcc92,3942227,4
ALL,46a1fffb-90ad-41d4-9ce4-ce0c83ecce53,3857286,1
ALL,46ad73d8-ab18-427d-952d-d20e79620b08,3857284,0
ALL,46b234e9-d038-4ec7-b938-7422b6fce5e7,3869254,4
ALL,46b3c566-76ca-4d70-9056-7bf8a88afbcc,3930170,4
ALL,46bf1ea9-2e91-42ec-8199-5eba513e44cd,3857276,2
ALL,46c071e3-6e15-44b5-b5d8-7507bd8e85f2,3869117,2
ALL,46d08a40-cd33-4e97-9c55-6702add76ec2,3869486,1
ALL,46d56df8-d891-4a3a-8a21-40d187d8f975,3930168,2
ALL,46fad567-b36a-4da6-bc15-c92a9ad211a8,3869354,3
ALL,47029b72-7e6c-4666-a511-3d782536b83f,3857284,0
ALL,470ac049-79b2-4a62-9d3e-0a2c5d04085c,3930163,3
ALL,4713df47-66f5-4db9-a314-6514116c75a5,3857279,1
ALL,47186dae-a96d-4778-adc9-319f493733b9,3930171,1
ALL,471a786d-8624-4ebf-8489-b0543ecfc547,3869486,1
ALL,4720bd90-babd-42d0-8c05-654a9ebca2dc,3930174,2
ALL,472406be-74a8-4acc-a167-af59b7eb0aa0,3857297,2
ALL,47260146-d65f-42a5-a1ed-556c36d00898,3941017,1
ALL,47293534-e0b2-47c4-81d4-39173e0072ae,3857279,1
ALL,473b526e-5597-4258-8cc8-fc542b34b487,3942226,3
ALL,474fc256-e453-4fd1-b03a-4d7c1c13d50b,3930168,2
ALL,4753aa3f-d62e-43e4-86c9-5bdc8c34eb8b,3942227,4
ALL,475c7b5a-f918-42be-b6bd-9caf10f670c8,3857255,0
ALL,477e1919-3c87-4a86-9a5b-8e03becfff51,3857294,2
ALL,4793e4bd-7dd3-4fe7-a76d-90c82139b0e1,3869254,4
ALL,479c20a1-bc59-436c-af8b-e492f6bc08dc,3857271,3
ALL,47aaa629-2c47-48a4-afc4-ccdaf070142b,3930165,3
ALL,47b8f0b8-b74f-49c3-8e6c-42b42640c8dc,3857301,1
ALL,47bb6bf8-2324-456f-8fbc-256f63365cec,3869219,1
ALL,47bda5e6-1a22-414f-a979-020d188287d3,3930173,4
ALL,47d814c4-4c1d-482a-b2dc-3780094b631f,3930161,4
ALL,47e49b31-d027-4f12-a5f3-a93953b9e95d,3941018,1
ALL,47ea4f5c-2cf7-4929-8476-7e39a536dd8e,3930165,3
ALL,47f8daae-4623-472a-9063-61c08c7fd8ab,3857295,2
ALL,4800f75b-4f33-47fb-9677-6908adfc5a44,3857291,3
ALL,480c9688-edbc-41ce-9e2e-6f313b6babdd,3869219,1
ALL,4849298e-d931-4ede-857a-4849b3d82ab8,3857284,0
ALL,486029db-a05c-4900-bd2c-3be3b64c9e09,3857290,2
ALL,48865508-af5d-4b7a-a2d8-db04d353b4e6,3942227,4
ALL,488c6f0e-a2b2-42c6-8de5-7a56fb5274df,3857269,3
ALL,488d5e49-5d7c-4712-b909-342d702c10b7,3930183,3
ALL,48953b91-ed97-44f0-b212-b369b13ca3a8,3930161,4
ALL,4898a289-cb39-4ca5-8105-eeacf30de231,3938637,4
ALL,48ac3d19-cf27-4310-9350-9942401ec101,3938640,3
ALL,48b4bef9-2d71-4b40-a03f-871dfe7cac4d,3930175,3
ALL,48b9b9d9-ed93-4bd4-a7f7-4e7a6477f4c5,3857264,2
ALL,48c53156-6d3e-4b2e-a613-cc8075faa729,3930173,4
ALL,48d3b5b3-20da-484a-a8dd-b3fece5c2e02,3857301,1
ALL,48e34889-00ea-46c2-9c3c-59b56d1f58af,3857262,4
ALL,48e41d09-4e04-48d5-943c-18dacee1a2b4,3869219,1
ALL,48eceb3e-835d-4b16-87a4-a251068d5de0,3938641,2
ALL,48ee0399-547f-4db3-b6b9-1da9bf76de84,3857277,2
ALL,48f3a4fa-e58c-4bd2-969c-09d02705b962,3857261,4
ALL,48f7a255-c2a5-47d4-9d44-90ead0a28f43,3857262,4
ALL,48fdbe5e-a1dc-486a-b32a-a640003da53c,3857294,2
ALL,49047377-cd48-464d-a73e-3bcc0c0e4509,3857298,1
ALL,4908b279-1140-4489-9c11-8672580da09c,3930166,4
ALL,49164c32-5328-4e01-9efe-2d99b3af75ac,3857273,0
ALL,492fe606-edd1-481f-9829-9cf950fb12fe,3938645,1
ALL,494161c2-eef3-4d2c-8e3a-15cafabd61b1,3857258,2
ALL,494ec0ce-2531-4876-8f52-57b0aef4a429,3857284,0
ALL,495b904e-5df3-42c8-9a59-c8f27e799671,3857274,3
ALL,495c5290-0bc0-4780-8fae-b5646c7b25ee,3930184,1
ALL,4966f811-e385-4afe-b3f0-e43b93313536,3938640,3
ALL,496f09af-aa1b-4b45-a4af-c4e831b4ab8c,3857266,2
ALL,497be68e-5808-4c9b-ab7f-26fba54e6dad,3857287,1
ALL,4984e889-8e43-486f-8bcd-5ce5f228df64,3938641,2
ALL,49927e5f-d84e-4e41-8e1e-c8796d39836a,3942227,4
ALL,499c7d23-daed-40a7-9574-c0218d862a04,3857269,3
ALL,499e1d60-8ee0-44d2-b6dc-14af2fe5450e,3930173,4
ALL,49c5b54a-d538-498f-8451-84b88d74237b,3857273,0
ALL,49c613c0-a0f4-4404-987c-ce3facbdf170,3857281,4
ALL,49d2068f-ef3f-48e8-9cbb-3c77fb9f0b98,3869253,2
ALL,49dad800-4adb-49f5-9ef8-04d0463beaba,3938645,1
ALL,49e1ae71-e96a-4cb1-8445-8c679661700a,3857287,1
ALL,49e34eed-61be-4b74-9758-1ca9fef57b20,3930184,1
ALL,49efbacd-9bfb-4aaf-a0ff-8f715104a771,3857274,3
ALL,49fa1e9c-0661-415b-ac91-e5d2ca86710f,3938640,3
ALL,4a0aada9-444b-426a-8c69-07bba0cee2df,3938641,2
ALL,4a1331a6-0670-456a-b856-6bf1c61c98f0,3857286,1
ALL,4a298b85-ff37-4959-b80f-86678f75e36a,3869420,0
ALL,4a38af9a-453c-4e8e-95c8-bb5dbeb42c9a,3930164,4
ALL,4a3a9a6e-8eba-4d78-986c-04f0d034c147,3930176,0
ALL,4a3d5ac5-f34f-4249-87c9-b0d1b96b0da4,3942752,2
ALL,4a447445-1444-463b-a06d-26852913e0e8,3857259,0
ALL,4a478c63-6aa9-4a9e-abe5-7f039102a447,3941017,1
ALL,4a49a3b5-5bf6-41a8-aa47-3509cf1c6757,3869117,2
ALL,4a4bf1f6-efe9-489e-9f04-0561d67f8fe9,3930177,4
ALL,4a4fdd6c-8e52-471a-b272-0d923131d092,3941022,2
ALL,4a513d99-8d84-4e84-9e42-5e6c4d47ec9e,3941022,2
ALL,4a5e096b-4eab-4876-bec9-68a11b6ad5cb,3869219,1
ALL,4a6bda1c-6d31-44a1-8937-9ab1f2087403,3938639,2
ALL,4a80f447-5587-4556-92ce-7924ff52de58,3857271,3
ALL,4a8e13b1-11cf-467d-8d5a-c108423543e5,3857261,4
ALL,4a8e73f9-b5a4-480d-a13a-268f6885f77d,3857277,2
ALL,4a909e02-fccc-4acc-8631-f69b5f8db20e,3942752,2
ALL,4a962a6f-8eb7-47c8-844b-403485d26d7b,3857293,4
ALL,4aa74109-e34d-4495-9bb7-75ab7b4a2197,3857271,3
ALL,4aa9f0b8-6d5a-48ce-89c4-37eff7670c19,3857301,1
ALL,4ab01ba9-12ed-4fce-ad3a-1ceee936100b,3857281,4
ALL,4ab40f6c-faf5-4a1f-80ba-27995607a978,3857254,0
ALL,4ab91d8a-8269-47ff-a00a-1b20665e7b66,3869219,1
ALL,4abd0ed7-4e53-47bd-916e-cec0b669ca6c,3857264,2
ALL,4ac79015-88bd-4a56-b13a-fd0eaaf46136,3857284,0
ALL,4ad3349b-822a-470d-82da-c7d729144adc,3857295,2
ALL,4ae0e343-c581-4ddd-adcd-526ea711c028,3930182,3
ALL,4ae509ad-49c8-4ab5-9491-0c009a48b928,3857292,0
ALL,4ae64a00-b375-4901-bfc9-1f7c89d85b01,3938638,3
ALL,4af341a1-8747-4c5a-968d-cc5681360195,3942227,4
ALL,4b0347fb-ad28-4b9a-8934-26781a450301,3869420,0
ALL,4b05a5ae-ccb3-4b99-a672-ad51c901fb4b,3857282,1
ALL,4b190955-dbfc-43d8-9176-ad02d0d32e8d,3930158,0
ALL,4b2af4a9-cba0-4637-bc67-eb8383dc2b8f,3941017,1
ALL,4b411924-4397-4ec4-9aa3-66f2b86b7380,3930163,3
ALL,4b6bc458-1cb8-488f-b820-e4870a67695d,3857259,0
ALL,4b6c9bf8-d3c5-4f2e-a41c-ffa32661648f,3857256,0
ALL,4b718e77-e404-4432-b409-7c82593ba7db,3857262,4
ALL,4b725187-307b-4d94-ab5a-a4e97c48b3a1,3857267,2
ALL,4b745d6f-ea2a-4f39-8df8-e411521bd461,3930174,2
ALL,4b89a1e6-95f3-4bb7-b8f8-0f2977684e28,3869685,1
ALL,4b94d696-8cad-437c-b78c-893b6be72cc3,3869685,1
ALL,4b99bbaa-469a-4ede-801b-5b54eb266cce,3938640,3
ALL,4baf8c47-f946-4ad9-b4f7-5d049b932081,3857272,2
ALL,4bb926f4-d381-49fa-a085-ae2b96996e35,3942752,2
ALL,4bbd952d-aaaa-466a-99d4-3cd25d719424,3930167,4
ALL,4bdbd496-1087-4b7a-aeb2-ebb6736ab4bb,3938638,3
ALL,4bebca4c-5803-43a6-b612-f5c99d6b0f5d,3930182,3
ALL,4bf21d75-6d83-4294-a27d-63aa4238a54b,3938641,2
ALL,4c0c4a30-acbf-44b9-ad33-08113ebf4614,3930179,4
ALL,4c1891b6-387a-4b0d-8e0f-677e4873c7f0,3938645,1
ALL,4c1ba453-e753-49f6-9dd2-8979fbc4dc00,3930182,3
ALL,4c1bdbc3-9d60-44be-873b-afe5ff85df6d,3857255,0
ALL,4c34988e-ae24-4954-90a2-cceb95259588,3857296,1
ALL,4c3e48d3-6a85-4585-92f1-78dd7053b93e,3857268,4
ALL,4c5274d8-6bac-44c7-bbc7-fe2628399c09,3857275,0
ALL,4c6097ad-ab13-4fe3-97b7-2ad2e462e970,3930159,0
ALL,4c6179cb-959e-4d0d-a86f-827cb4c13e0b,3857276,2
ALL,4c652daa-da68-48bc-8b23-84c1acc23bfe,3869118,1
ALL,4c695794-26f1-43b5-a12e-551c0a83cb65,3938641,2
ALL,4c7a5186-fe6b-4e71-9a4b-6445f3ad56d2,3930175,3
ALL,4c7ec2dc-d484-445f-ae6f-05e2265afcdb,3857259,0
ALL,4c914bd2-2733-4dfb-9a12-bfd05cfa83bb,3857267,2
ALL,4c932e6e-b507-4579-aa40-f1b19e83638a,3857297,2
ALL,4c9cee58-8d33-43c2-a07b-2c4290226d54,3869220,0
ALL,4c9e163f-e483-409c-905d-c4917fa90456,3857287,1
ALL,4ca0fec0-9c24-472f-a402-be9fd9fce7fe,3857284,0
ALL,4ca26df2-d033-4af3-bd7f-0351ceeb6a35,3857268,4
ALL,4cb385a5-6fe4-46e7-bd72-0254634ba14b,3940878,4
ALL,4ccf9566-62fc-4fcc-b98b-a260015f24f8,3930174,2
ALL,4cd6421a-2ddc-40c1-8c0f-46649c1107d8,3940878,4
ALL,4cda22a7-2808-4983-9d18-71a8da9cb44a,3857284,0
ALL,4ceb269c-8517-4561-a624-e2996cda75f2,3942226,3
ALL,4d15b8f3-88d5-4cd9-a4ce-74aa3f3d463a,3930172,0
ALL,4d381aca-a642-4423-ae4b-a228e2bbd902,3857299,4
ALL,4d3a57b0-d351-492e-8f0b-6003a285957f,3930169,2
ALL,4d482d84-5fb8-42cd-a358-0b30f7dca135,3857295,2
ALL,4d4dd4cf-6704-47f1-bf3f-73ff9fca1d1a,3857281,4
ALL,4d5d1382-8f41-4466-9f46-b8057dc10329,3930158,0
ALL,4d66ef91-9da6-4f2d-a2f3-54140036ff72,3869118,1
ALL,4d682d8f-286b-41f9-92c8-cdf2cfc6326b,3930182,3
ALL,4d76ed97-d36b-4b82-8132-3b32fbaea2e0,3857295,2
ALL,4d9bf1f4-b481-4956-8afc-6c4a24ddcb87,3930178,3
ALL,4db402e8-abe3-42e4-bada-86e090d76600,3869420,0
ALL,4dcc2c9e-ba79-4003-b3a2-086a28ae0fe6,3869219,1
ALL,4dd335ef-2bf5-459f-a508-f28e3d67a485,3938638,3
ALL,4dd5a4d5-92d1-411e-b1c7-f0c7fd36fdd9,3941017,1
ALL,4de09b1f-3a91-4f3a-b25e-4b5a10422b5d,3940878,4
ALL,4de32ad4-92f6-403b-adff-927caf2054fe,3930179,4
ALL,4df5af53-5a4c-4b88-86e2-77c87dcde15a,3857272,2
ALL,4df9e84c-6f1b-43f9-9e2d-08fb668374bf,3857256,0
ALL,4dfb73ce-0299-4498-a170-d1630af84340,3857254,0
ALL,4e0862f8-112c-4519-8481-ec64ba987927,3857283,3
ALL,4e0d054e-1c25-42f2-ab7c-90019e9b08c3,3940983,3
ALL,4e21e8b5-062c-4258-bd76-df7d77c64509,3930165,3
ALL,4e3fd5c6-75bd-4915-8d65-0db0848a548c,3857271,3
ALL,4e4a8a85-df2a-424e-8793-46ade13f2da8,3857262,4
ALL,4e7deeb0-f538-4593-8c2b-78ae37755157,3857301,1
ALL,4e84c4b4-61d4-4a49-8198-d15d53a3f1a8,3930167,4
ALL,4eb32c59-df4b-49b7-9620-59677e0b29b1,3930177,4
ALL,4ec61547-95c2-489e-a6fc-ba72cc4de9c6,3869118,1
ALL,4ed4be38-910c-4756-9fba-31bf094aa52f,3857279,1
ALL,4edc9de1-2eb2-4cb7-9eab-a5130cdf6a89,3869254,4
ALL,4f0dcfaf-969f-404a-bd29-2508559d76dd,3938638,3
ALL,4f2a0fb0-84dc-4420-8201-ea1b20bbbee8,3857299,4
ALL,4f2e11a6-f0ee-4db0-8efa-50a7240f40c8,3930182,3
ALL,4f5d25dd-3b2c-4c7d-b851-2d3c5289f340,3941021,3
ALL,4f6eabd8-fb0a-4e5a-8bec-35b191a46856,3869151,0
ALL,4f76e5e1-0354-4228-a2cc-1995ae3c5468,3930174,2
ALL,4f94ff76-2984-4520-b30c-558d50404812,3869420,0
ALL,4f978c71-7cbf-4a44-97a7-041e1ff641dd,3857299,4
ALL,4fa9e757-070f-4f60-88a0-542cd8de77e4,3869151,0
ALL,4faa1af3-6add-4b95-bddb-a6f4c13ebec7,3930159,0
ALL,4fabc170-592b-42f4-a75c-97750c14922a,3869685,1
ALL,500051ee-6c9a-4007-9c18-b50e8b9e7a39,3857300,0
ALL,500273a8-675b-41dd-b515-8ba530c69be6,3869321,0
ALL,50225d52-223f-4bcb-9100-a68609b299ac,3857274,3
ALL,5023ad8c-2edf-4691-a54e-b7d7932b5597,3930173,4
ALL,502e8f3d-09fb-40e8-b227-57051f22dfad,3930184,1
ALL,5045eabb-c0e5-4c48-9f46-82c6480fff9a,3930169,2
ALL,5062247c-c6cd-4833-bfc3-2ceb17e5374c,3869117,2
ALL,506956dd-3fc1-4afa-91de-b3f8bc189d3a,3857254,0
ALL,506a4d18-fa75-4374-aa54-591d8e286b06,3930170,4
ALL,506d70e7-9899-42f8-9801-279c60b5e767,3857257,2
ALL,50aea567-7355-43d9-94f5-48e81038c128,3857257,2
ALL,50c38959-a90b-40da-9e2b-144dccc336d3,3942752,2
ALL,50cf2c79-4098-4487-b2a3-7eb22bc052fd,3938645,1
ALL,50d8dc35-d2ca-4294-bbf3-41e5a00ca731,3930170,4
ALL,50dcf650-aefe-455a-848c-68418d9b8875,3869118,1
ALL,51097e67-8d6f-4651-aed1-1645a6f57fbe,3857296,1
ALL,511389d1-859d-4974-b698-c9076e557183,3857275,0
ALL,5119f051-2d0e-4b80-b98c-5cf6820d5ee9,3857256,0
ALL,5123e00e-c398-418d-aea4-df901b23174a,3857257,2
ALL,5129b70d-717d-4b42-bd8b-75fc66b42da6,3938641,2
ALL,513020e3-cbf5-4c2a-809c-bdc52be8c2ae,3943043,1
ALL,5138bbdf-8172-47c1-9287-93dd8412c531,3942226,3
ALL,5165f6c4-ab42-498f-8aa7-b154afc403ae,3857263,0
ALL,51675bad-ef1b-4107-9c91-181bce27bdda,3930164,4
ALL,516bd636-aef9-4ba3-b131-500266b6dbc8,3869684,2
ALL,5175ee0d-8e2b-416c-9f23-a3116393df40,3857264,2
ALL,5180bb36-3287-4f1b-8038-8425a45d0bbd,3857254,0
ALL,51841bad-70e6-4809-a3b1-e3cf1ffaa81f,3930163,3
ALL,519022c6-760c-476b-8386-5f368a0fde20,3930164,4
ALL,519440e3-8859-44f2-a1cc-32bdff2d2f8e,3930160,4
ALL,519e1c70-82d9-42cb-93c0-1eab8f99d13d,3857276,2
ALL,51a82166-8a63-40c2-9f30-8f851556a63f,3857289,3
ALL,51b7ae0d-12a6-4bfe-baa8-9dd26221fe13,3857291,3
ALL,51c625f5-c408-40f3-9a02-d69d065a35ac,3930172,0
ALL,51c8d3d2-545b-4214-9a8a-f65e134f8ba7,3857259,0
ALL,51c92da1-b56f-4e1e-877a-254640bb2c39,3938642,0
ALL,51d27d9a-e8bf-4e8a-9c77-563e29689546,3930181,0
ALL,51dda5d5-f215-4974-a502-c899caf56469,3857284,0
ALL,51ddb058-a4cf-4130-bf49-8ceff1ee098f,3941017,1
ALL,51e2b28f-39b0-41ad-9f46-e86a979c75e6,3930169,2
ALL,51e2cf34-c0d7-40f6-af9d-802310ada46e,3857300,0
ALL,51eab409-00de-4b62-b7e1-f0df60fc9ff4,3857268,4
ALL,51ee60d9-0cb0-4d54-8a32-7b198b4e025a,3930174,2
ALL,51f62695-0b5a-43d7-99ec-b74658ad4c38,3930167,4
ALL,52066cd3-9a58-4a7d-ab5b-2c29a56f2d6b,3857273,0
ALL,521bef6a-84c1-43d5-8287-abc9095203f3,3869118,1
ALL,5221010b-2354-41db-bbd0-953589c97822,3930172,0
ALL,523315d3-a373-47cf-a5f4-57c1dca55b69,3869486,1
ALL,5233a5a3-bee4-4cb3-918d-f69cd89d1913,3942227,4
ALL,523f5822-7b43-40d0-b98c-c4864d61d29d,3938644,3
ALL,52638891-02e3-4b46-8aff-a18377bbb3fa,3941017,1
ALL,5275ea5f-6be3-4162-8ba1-318ec2a0eb59,3857290,2
ALL,527807b1-647e-4b98-91ce-65e1e2b28971,3857285,1
ALL,527f13b5-e558-49dd-b359-0c407d82dbd9,3857261,4
ALL,52853db8-1558-406d-8c80-19ac547e08b9,3857265,1
ALL,528ce8aa-d840-458a-a16f-ac4befa7aecb,3857261,4
ALL,5297bb4f-d24d-47c6-803a-ef8100a280bd,3857287,1
ALL,52a68d2b-d33e-4506-b7f4-198317e55e09,3857301,1
ALL,52ae8798-1c77-4223-8f58-8d2774dfadbe,3869253,2
ALL,52b1ebd6-b2e7-4f74-a2ad-06bf56abd719,3930180,1
ALL,52c7c729-2f05-4dd2-812c-aeaf03b014d4,3938642,0
ALL,52ca2d91-80f6-4b2d-8d84-c2fa0d74e3a6,3869152,3
ALL,52eaaac0-476a-4847-9d88-8787eb759b0b,3857285,1
ALL,52eb0720-9d60-490e-bc1a-75311a762a20,3930159,0
ALL,52fb8e8c-f403-4391-881d-9898dfb1b5f5,3930163,3
ALL,5300cff8-d70f-432c-861a-a6122bbaf30d,3869552,4
ALL,5305083f-c473-4928-bbdf-2a23f0f5256f,3930164,4
ALL,53083f29-47ce-41b6-91b9-50165c35b4fc,3857291,3
ALL,53100769-c4b3-4f84-b515-4d01392d6872,3857263,0
ALL,533bacee-666e-4e8d-9ea3-9bc653243ad1,3857271,3
ALL,5346f98c-6ed7-4779-a12e-cf96169fd440,3857290,2
ALL,53482e2c-e8fa-4b4c-948f-fcd2edba64a3,3942349,4
ALL,53574d9a-c898-4efe-bdcc-05048ba7893a,3857260,1
ALL,535967f8-1950-4151-b7a0-7e47836a2aba,3930184,1
ALL,535b494e-5f9c-48da-afcd-1dee30699ddc,3857298,1
ALL,535bd525-bf87-448c-9ea3-921bb8de4217,3857265,1
ALL,5368b7dc-8dee-4fb9-b0c7-f1175f3bbf41,3857276,2
ALL,537542c6-b5bb-4ed9-9efb-c1951c3f4743,3857290,2
ALL,53796493-4881-404d-971c-05fe0667577b,3941020,3
ALL,537ae27a-3122-47b4-a076-905640e38e9a,3857298,1
ALL,537eb263-59cd-4009-bf0f-bb2ef9313372,3869118,1
ALL,53a372d8-138e-4c63-88f6-9bae58a107b4,3857271,3
ALL,53bdaa97-cc0e-4bc4-bdd8-5069c92437bb,3930179,4
ALL,53c146bc-1534-4d88-90fc-09e712ace517,3869519,1
ALL,53c33855-ee04-46f9-94a5-351825cea7bb,3930183,3
ALL,53ccaba7-3edb-4b94-84e1-25055998d98c,3857263,0
ALL,53cd6aaf-1e7b-4319-b8f9-02cc6e6aae96,3857268,4
ALL,53da044d-9459-4192-ba0e-2ef86591dcd6,3938639,2
ALL,53dac5d2-8680-411f-acf5-80d0ac7a082f,3930159,0
ALL,53dd52c0-740f-4f5d-9889-d91df3e099d0,3869354,3
ALL,53e22d8b-3c79-4a69-89cd-a29046287aa3,3857290,2
ALL,53eff73a-d4e4-4635-b91e-06dedf646bb5,3942349,4
ALL,5421d093-c5d4-4550-98a2-578637d58e24,3938641,2
ALL,5443d415-f05f-473e-82ef-392f810ee459,3942349,4
ALL,546e9b02-ccb0-4504-8621-445990376f99,3930158,0
ALL,547832a5-9eff-4253-9b8b-5daaed9ba66d,3857298,1
ALL,548222b3-d31f-435f-9f64-f5f330b34411,3930171,1
ALL,5497263e-f457-4be2-bc60-86340ffe44cb,3930175,3
ALL,54dba60f-d0ca-47a8-98c7-58f6f01e0012,3857295,2
ALL,54e2c942-d747-4a0a-a8e9-419cb404cc39,3857272,2
ALL,54ed3bbb-5ab5-4736-8f08-a1c68ba804e2,3941018,1
ALL,5501b461-244c-4c44-aa8d-5b1029dee691,3857296,1
ALL,550884fa-709b-43ff-aa44-382d038c1873,3869321,0
ALL,55097a46-8842-4525-9f53-d88169fda219,3857255,0
ALL,55140703-65bc-498c-84c2-b0e4577c7d93,3930173,4
ALL,5515ee24-3464-4cc1-97fe-eb2d2fc14529,3857256,0
ALL,552c4832-06a6-41f9-a6cf-1c4af315abfc,3869220,0
ALL,553443f4-940a-4e28-91cd-2de6851c93f4,3938640,3
ALL,554ef63c-8f92-49a2-bffa-a6b938135995,3857292,0
ALL,55648a50-7aab-4173-8ac3-0b262b820fae,3943043,1
ALL,5569d723-1f59-4612-b29b-2ec7747cfc5e,3930179,4
ALL,5571dfc0-b4d4-48d0-b702-d9f02c9cb17d,3930175,3
ALL,5580997e-bfe6-4c0a-8424-259bf67c9570,3930164,4
ALL,5585dcd3-54bf-4f1c-a03f-97b7d689d23a,3869220,0
ALL,559da831-df8d-4398-a326-d833b45bc525,3857255,0
ALL,559fd327-e0eb-4eb7-bafb-4fecf3a5ee60,3942226,3
ALL,55a35a3d-0f7c-4dce-8466-c053bbec3d4d,3930160,4
ALL,55a387ec-9dab-4241-8be3-5f57c2f082be,3857257,2
ALL,55acff3c-8b51-4fea-90a0-0971efe02501,3857292,0
ALL,55b65264-8f4e-4daf-8eb5-157d85e2c0a2,3930160,4
ALL,55d5794c-b0bc-40e6-a10d-f40e6cc7c4ab,3930171,1
ALL,55d6ac8d-e6ee-4902-b679-e4cfbe1ac1f5,3857268,4
ALL,55ea2b78-2309-40bd-a69c-74dce3c93219,3941022,2
ALL,55ed31ae-bb68-4f64-9a30-a6a7c8a20ca2,3869117,2
ALL,560e3f87-7460-416a-9cf8-169b4b413f50,3869685,1
ALL,563cb8ca-8085-4ec2-b9e1-56a17aa7fda0,3869684,2
ALL,5653fe4b-c5b3-4d84-a101-85e81eee97e4,3930167,4
ALL,566d746f-dba9-4043-9315-62c5afb0b6ce,3869519,1
ALL,567d4823-ea5a-44c9-b8ae-dc186d5f8185,3930161,4
ALL,568488b9-5417-42d8-9d48-4a307b27086d,3869219,1
ALL,56859df2-3571-44fc-8e5c-5b6c1d464c86,3857265,1
ALL,568ee344-9e21-427c-817b-3833d451f415,3943043,1
ALL,569980a7-07ac-4ea3-b68f-7cd1374114e2,3930184,1
ALL,56ac1472-851e-43c1-9463-b1bc6a593e82,3857299,4
ALL,56c53e86-6a4d-4308-ad95-c948d6470116,3857257,2
ALL,56c71cea-0922-4262-af1f-8f9ee99a3eae,3938640,3
ALL,56e6f932-3f5e-4b33-ade3-d45257b9fbf1,3857261,4
ALL,56e9958d-5af6-4f90-84b1-129b4e032324,3857270,3
ALL,56fef792-c25f-4246-8705-cae5278e94d9,3857279,1
ALL,5729ed5d-05b2-4f45-9db1-20c13b4f95ea,3942226,3
ALL,5729f960-2f44-4d68-8854-34ad1ad20b90,3869220,0
ALL,5731e5e6-548c-4019-a47d-9fbfd2d23745,3857272,2
ALL,573926f1-fd23-4548-87bb-0973e6546c27,3857290,2
ALL,57400157-4723-4103-8eb6-5ecf19c9afca,3857268,4
ALL,5742948b-764a-4402-ae8d-4ad906b2d0e4,3857273,0
ALL,5743e7b1-6fac-482b-ade0-bf685f17230f,3869118,1
ALL,5745eddc-775d-4fd2-baac-dfea6ccd2c92,3857273,0
ALL,5752553f-4f9a-4922-ac23-90f9e9852c3b,3857259,0
ALL,577f4c7a-410e-4133-a47a-e2b831c57544,3869684,2
ALL,57822821-fb50-4b7c-bb56-1169f5a4f8b2,3930182,3
ALL,5787e603-f36f-482d-ae01-74a6660f2be5,3943043,1
ALL,578a4775-c570-4613-8562-b55bff951029,3857258,2
ALL,5791f630-3bc4-470c-84df-003f6b3b74be,3938639,2
ALL,579840cf-a572-4647-9b36-4e3b1656f279,3930169,2
ALL,57b1a922-7aa7-4225-a5d1-18ee733e178e,3857293,4
ALL,57b7aecc-f67a-4f6e-9b5e-1a1ee55eaf12,3857294,2
ALL,57c08e48-39eb-4491-b27c-af9fc1c8f15f,3943043,1
ALL,57e07f95-7a9d-4983-bdd1-f7897a3608b7,3857297,2
ALL,57e72a3d-1ed3-4ce6-878e-c18a6ea8665f,3857262,4
ALL,57ea86f9-4d84-4ddf-aa0b-1d24ab35c44a,3930172,0
ALL,57ec0046-26a4-41bf-b9a9-984af4507aab,3941021,3
ALL,5800970b-f9d9-4e87-b587-4ad56fe67deb,3930159,0
ALL,5804510f-6e3b-4a76-b9cf-56ceffb61e54,3857288,4
ALL,580bf7e8-27bc-4cdc-840d-62cf079c5073,3857276,2
ALL,581829fd-e3b8-46dd-b01a-8a037bbadcee,3857289,3
ALL,5827abec-dee5-47c5-89e9-4db25d0f0f9b,3938638,3
ALL,58289716-9216-44bd-b00f-715bf3ed71cb,3869321,0
ALL,583c4972-9dfa-4f6b-8c83-8b5d516d1cfa,3930165,3
ALL,58520e8a-fe46-47c6-ae1a-989016f58ab9,3930179,4
ALL,587b5f67-fc68-4482-885a-e11906f47ae4,3930180,1
ALL,5885a4ce-45c6-4f30-857e-a2b70ed9a6c7,3857278,3
ALL,589667b9-e321-42df-9a3e-fa736620e3b5,3857284,0
ALL,589861ec-75d9-4047-a8c1-a6bb9fdbe2b9,3857271,3
ALL,58ae7017-1eab-4330-a5e8-cbf95aa290fe,3941021,3
ALL,58cabf31-04d4-42e8-8a83-ab60c02323ad,3869486,1
ALL,58ddb73e-cf23-4bc1-ab19-88c7a3fb2bb4,3869685,1
ALL,58f126d1-c476-448b-b5fc-b55fe612d79f,3857269,3
ALL,58f29cca-41b4-4aa3-90c9-89b4a05e1bba,3857278,3
ALL,58ff3348-e3c7-4bd4-bd38-e38f624ae214,3857254,0
ALL,5905f75b-c3ab-48ec-bc1b-ea7a0ba15e33,3857256,0
ALL,5907ec6c-2d44-4dda-b63c-96bf54fb620f,3930177,4
ALL,592ec5a2-50a7-4bd5-b6fc-164c54a4137c,3869552,4
ALL,593cfe82-b9bf-4d76-8b0f-263de609299c,3942227,4
ALL,5957a12f-7766-428f-a368-0494a82842cb,3869253,2
ALL,59800d7b-bd22-4945-aaec-2733b5532e57,3941022,2
ALL,59970e74-696d-4909-a85a-ec97a407a4c2,3857284,0
ALL,59a5211f-bcf4-44a1-a69f-b6a15208e31b,3942226,3
ALL,59acf951-6a2b-47d1-b45b-af12e6bb1e79,3857254,0
ALL,59ade331-ea26-4812-a85f-89131b49167a,3869420,0
ALL,59e0b636-8989-41ee-b816-0a01a527080c,3930179,4
ALL,59e0c56d-ab9d-4a3f-89db-584eb9246f15,3869420,0
ALL,59fab05a-1ecb-4ee3-a486-d9cdb5d3ad16,3869685,1
ALL,59fe4b8f-e949-4052-8ab5-25f8bf3aee1a,3857255,0
ALL,5a1f11b8-c1d4-4cd5-b659-a904a85d0267,3938645,1
ALL,5a21ee9c-e60a-4bf4-828c-6d01a4130fec,3930172,0
ALL,5a242506-fda8-461f-9fde-5d9abb8635e0,3857295,2
ALL,5a351f5e-e0ff-4bf9-84ae-c77891a0b531,3942819,4
ALL,5a3e8c7d-572b-493f-b5b0-6ffcd0aad510,3857268,4
ALL,5a499a8b-0e3d-4198-a8aa-3e2a7e477f50,3941020,3
ALL,5a6de109-f2f5-4029-a1e8-a83490cd04cc,3869519,1
ALL,5a827685-4487-48ee-b9e1-9044a1067a9c,3930168,2
ALL,5a85a9de-0127-4d86-8b19-ca99f61dd478,3869118,1
ALL,5ab54084-4709-44fd-aea0-d64fae4df4e7,3942752,2
ALL,5acf1ff9-9987-4d6c-9986-42afb6cf1309,3930181,0
ALL,5ae00a38-cb77-470d-beba-5425e343f8f1,3930171,1
ALL,5ae0d402-4152-4f1e-8ec3-588f440988cf,3857271,3
ALL,5aea1fa5-b060-4bd0-8a08-ad0b9e70fab2,3869420,0
ALL,5b023a2a-e3df-490a-87a3-49cb417b321a,3930159,0
ALL,5b177530-ab32-4f93-8941-a5a9529bd861,3938645,1
ALL,5b224164-8348-4914-b26c-63a48835ce33,3857254,0
ALL,5b25e20f-5112-4682-beba-cef46e0c445c,3869254,4
ALL,5b2c1b00-dd23-4abf-bb85-a86922b31255,3938638,3
ALL,5b4b5882-5989-4e66-9007-58a7447c6d5b,3930171,1
ALL,5b51c560-de62-4066-b119-c4d243694fcf,3930177,4
ALL,5b53eb5b-8b7d-4194-b61f-ab677ff9b019,3869254,4
ALL,5b5ba123-ba52-48cd-bf6c-db57a47146bd,3930165,3
ALL,5b6d8b92-73a9-4876-b114-838658c1c7dd,3857276,2
ALL,5b74a272-be75-4698-adc5-b9f62bea2051,3941018,1
ALL,5b7d8c40-9472-4c9e-93fb-fe4a4d4a82a7,3857284,0
ALL,5b800024-dc72-42af-96bf-5f8b16262b74,3930180,1
ALL,5b86fbab-aa8b-4b16-843c-6c42c3fe6995,3857261,4
ALL,5b898503-1867-4827-a890-18f4a1a2aa54,3857274,3
ALL,5b9a9277-74d4-4238-8eec-8001cc79018b,3869354,3
ALL,5b9bee41-638d-48c6-a9b5-49cfa4fefdca,3938642,0
ALL,5b9e8b72-a318-4445-ab7a-79b81b309462,3869152,3
ALL,5ba086c3-ff49-4655-9182-b36f1045c025,3857263,0
ALL,5ba6c5b6-77db-4f87-af61-97e513727f01,3857259,0
ALL,5bb0022a-a7a1-44f1-83b9-688789562259,3942752,2
ALL,5bc9f200-0ec2-444f-9af5-1592d961df0e,3857262,4
ALL,5bd745b7-dc72-40c1-ac3e-b9f77c3dd248,3857263,0
ALL,5bde5545-20f1-44be-acca-aa075aff5f4f,3857258,2
ALL,5bf3a65c-df66-48a3-99ab-4785dcc93b83,3930171,1
ALL,5bf9d101-8ac4-4a2e-a918-44cf10a6f46f,3857272,2
ALL,5bfe5c31-2b2b-451d-9082-601ec37c3d50,3857272,2
ALL,5c00f934-e831-4f21-b36d-d0d5db536579,3930167,4
ALL,5c031cfc-d613-471b-ad8e-59c86b718839,3857280,2
ALL,5c191780-84b6-40d5-9c99-ed37baf25f31,3857290,2
ALL,5c1a69a3-7a09-4022-ae86-6c384d973074,3857267,2
ALL,5c263597-9628-417e-a785-6155d30e7383,3930159,0
ALL,5c60836f-e143-4a70-b087-be39cded69ad,3942226,3
ALL,5c63c9a3-aacc-4d70-a1eb-15fa7931acbd,3930159,0
ALL,5c6ea22f-b2a6-4ba9-a5c4-32fb3188ff90,3930174,2
ALL,5c72229b-f02c-4466-8fe2-029e3b92f8e2,3857254,0
ALL,5c72c5fa-d0da-4403-a079-fe7b42a227d4,3857298,1
ALL,5c8bbdfb-7bdd-446b-882f-68793c57e6cb,3930167,4
ALL,5ca43ed3-2208-4fdb-989f-9a8fe639ac0c,3941021,3
ALL,5cb1d4d9-c26b-4366-978b-2e7cf5b0de8f,3857281,4
ALL,5cb54e20-9800-4a53-96ae-dd53e921bada,3938637,4
ALL,5cbf5ee3-1254-4dea-8bf7-11a9364cc5da,3942752,2
ALL,5cc47ede-9ee1-41b5-8a97-1f43396f5f12,3942382,0
ALL,5cee21d9-2a7b-431d-9fd5-f434d145693e,3930168,2
ALL,5cee6941-493e-4e3b-aa54-bdb325263251,3930184,1
ALL,5d00b98e-5a59-47ba-8e73-2f176ec6e513,3857284,0
ALL,5d0427c2-289f-41b7-a7a2-b0a1f228c983,3857262,4
ALL,5d0ae280-cb7b-4bd4-ac32-32a029063ee1,3857257,2
ALL,5d13927b-3cc4-4b17-ac09-401703208130,3930175,3
ALL,5d1d274a-ecb6-49ba-b924-ab685ce5f574,3930183,3
ALL,5d2638ca-bbf1-445d-9083-96c55ae81156,3930173,4
ALL,5d2fcece-ea8b-4038-a71d-198483d91aeb,3857259,0
ALL,5d30d4e8-3f86-4130-ac03-a6460cd57ea4,3857301,1
ALL,5d3cab3b-29c4-4ebf-824f-8ec5ff86809a,3942382,0
ALL,5d3cad21-dbfc-4492-bd16-b964356f7ec6,3930162,0
ALL,5d3f299b-1ebb-489a-878e-27ca45f2363c,3930179,4
ALL,5d4002b8-ec3e-41d7-85ab-b45aa522018f,3857271,3
ALL,5d5ae570-eba5-404e-8f72-dd9b9ba95206,3930176,0
ALL,5d625088-a5a5-4247-b49b-5c16e262c76c,3857259,0
ALL,5d69dae3-9be7-4eab-92bd-9323ab511cc3,3857276,2
ALL,5d708236-c1a9-4256-9c1a-37f392f40e1c,3869254,4
ALL,5d7889c1-7e3e-44e0-aab7-322fffd7463f,3930164,4
ALL,5d8ebb48-a4b3-4ef9-856e-37e097e5e2d9,3942227,4
ALL,5d9b5e87-f208-4568-a57f-cce824c9db3e,3857277,2
ALL,5db175f6-e8d9-46d7-b9e4-eb24f4643bdf,3930159,0
ALL,5dbd4179-cb47-430f-970c-a9618a490a00,3943043,1
ALL,5dc1f2bb-c2cb-4de3-a77b-4943b5ca8327,3857261,4
ALL,5dcedc59-e54c-4fda-b27d-ffa06b4f40f2,3930160,4
ALL,5dd94228-3dd2-4f30-8ec4-f0dd2a6af3dc,3938638,3
ALL,5dda5547-6125-434f-a3ec-f0aa3465fec1,3857272,2
ALL,5dde1f66-a5dd-4d9e-8d6c-e282ada45b50,3869486,1
ALL,5df25a45-22f7-46e8-8cfc-c16430fcb4d6,3942349,4
ALL,5e05c307-d783-4f55-8fde-1e1d266a5fbe,3930168,2
ALL,5e0c2bfe-62a1-4614-ac54-f3e614ae0245,3857282,1
ALL,5e1100ea-20f4-42ff-96be-7c6292b6486a,3857300,0
ALL,5e17a3ef-64e7-4ba4-bf4a-91a7ae22bad1,3930184,1
ALL,5e1ec942-9af4-444c-857b-66a4a7758f39,3857282,1
ALL,5e2100ac-1d8c-40e5-ac91-809609c4dad2,3857281,4
ALL,5e22358d-7c78-4ea6-b921-8d4147e13304,3857279,1
ALL,5e54b98d-155f-4129-b2a7-a70bb276bd64,3940983,3
ALL,5e55f8d4-5a32-4d90-90dc-5e0510c14d6e,3930159,0
ALL,5e6607e9-8d82-4f91-91df-4a348bf7e809,3869684,2
ALL,5e668c19-4dbb-49e9-bf42-caddf3675180,3857265,1
ALL,5e677634-1e96-4f53-82c5-d05ab6fd61d3,3869118,1
ALL,5e68b63b-058f-4def-8566-98d9f1e74a0a,3940983,3
ALL,5e69f560-29f5-4cc6-834f-c30bc163c9ac,3930165,3
ALL,5e7cae92-c269-426b-968e-d53dd1157abb,3930164,4
ALL,5e83a9f4-9e85-435d-a9d6-c50516cde33f,3938641,2
ALL,5eb2f5f6-80a1-4764-b223-ee3bb0d6a53b,3930173,4
ALL,5ebeac50-9dba-4643-9b8a-3d848c669a02,3869117,2
ALL,5ec01205-1c0e-4670-9374-3e0e2ad0ab8e,3869151,0
ALL,5ec0b664-465c-4b96-be0c-f8a7df8b1bf7,3942226,3
ALL,5ec519cc-f6cf-48e4-bfd0-64df82e48c3b,3857290,2
ALL,5ed0c0c9-e827-4710-b374-2e9d54997161,3930174,2
ALL,5edae342-9097-4e84-9d43-d97a5bcf5063,3857289,3
ALL,5ee25320-2f51-4527-8bf5-9e5f98264a32,3857300,0
ALL,5ef644ef-c7e9-4e0e-9f78-bf2723fb4909,3857295,2
ALL,5efd686c-49af-4211-9f5a-e0c906fed4b6,3930164,4
ALL,5f05727f-d5cb-4bac-9253-b4ebcc97c6e6,3857261,4
ALL,5f0ed16f-c4c2-43e0-9d96-f2a1c24b5ebf,3857254,0
ALL,5f111df4-f9a6-463f-80c1-f15470dda4af,3857268,4
ALL,5f16a353-0fa2-4c8c-b903-9652c03add90,3857267,2
ALL,5f2c8982-e674-44b7-a7cc-00d3a623f6d4,3940983,3
ALL,5f2f05d1-94f6-427a-9693-f84a73cf128e,3942752,2
ALL,5f2f3e27-2afa-4a9c-900e-d68e1b762d35,3930164,4
ALL,5f39e28e-cd34-42bd-9afa-fa0db4d67549,3857287,1
ALL,5f3b3065-1912-4542-a471-fcf0815ec5e4,3930175,3
ALL,5f4ed006-433a-45d2-a030-748d0e82e6c9,3857260,1
ALL,5f4f303c-4c0d-4972-a301-377d55b82e1e,3930172,0
ALL,5f4f9e42-77cc-47ff-9127-5b283e590b6d,3857295,2
ALL,5f6136ad-4a3d-4331-9c15-4e61b30cf397,3869254,4
ALL,5f6a216f-3bda-4c3c-b1cb-d3db879d18eb,3869552,4
ALL,5f7fcd47-c3be-40dd-b3e7-1c4421523e2f,3857264,2
ALL,5f8396b8-0664-4b8a-a24d-b348138a7e62,3930175,3
ALL,5f928beb-71e3-4117-8b98-887059438765,3930176,0
ALL,5f98ac32-aa1b-4cca-8859-c5ae323b791b,3857258,2
ALL,5f9a0ab1-7a80-49aa-aaea-93c656846297,3857275,0
ALL,5fa1f62a-de5f-4299-b66d-efa41ee15ae6,3857262,4
ALL,5fa5ef67-4958-4554-a2cf-37d4cdb03822,3869552,4
ALL,5fa8d461-0d1a-4da6-bc09-4cff13c51042,3857284,0
ALL,5faaa8aa-e5d8-4e9a-9b5e-d02080adfa04,3857281,4
ALL,5fb20876-a951-4c18-94ac-49e51178d7a4,3942226,3
ALL,5fdf7f3d-577b-49ca-92a5-fcdd7e8c69f6,3857276,2
ALL,5ff7b8a0-62ae-4831-85ef-9266738d551f,3857279,1
ALL,60021acf-44ac-43c1-91ae-c7b19859dbec,3930167,4
ALL,60056aca-d461-4627-9e2e-52a25f6e3c7a,3942349,4
ALL,601a16f4-06d5-40fb-935d-c899e7cf86ae,3942819,4
ALL,6021914d-60da-488a-83c6-4e1d891478ba,3930175,3
ALL,6048a0a0-cfd0-423c-947f-439e58cf4944,3869117,2
ALL,60545644-44b1-4f19-86f1-d625948088d8,3857256,0
ALL,605473a6-b539-48f8-b0ca-c5cbb0a136ae,3869552,4
ALL,6058f6aa-e107-45e3-94e5-3ae052d3f26e,3930169,2
ALL,6068684d-35c5-4a98-ab0a-cbc8aa3833e9,3941018,1
ALL,6073ed83-eea8-4347-ada5-99f37791e589,3930165,3
ALL,60796399-6749-44bc-9a84-a0a438e405f4,3942227,4
ALL,608d1fbd-c6ce-4d68-87a4-072503f89ae3,3942819,4
ALL,60917574-c1c4-4685-8dcc-8ec784db96c9,3857300,0
ALL,6097225c-8237-450e-8cc5-6c616562be56,3857261,4
ALL,60aad1be-4b42-430e-9ba0-7117f8864581,3938639,2
ALL,60ab16ef-8b0b-4cba-a91b-7244c6b41d2c,3942752,2
ALL,60b0ef1e-7925-474a-b4ba-a5dbd77467a9,3941017,1
ALL,60bb1915-d350-4210-8cca-3020af34fa97,3930180,1
ALL,60bb784a-416c-4f52-bb36-686ebe0ccb3c,3938641,2
ALL,60dd114d-3a78-4e93-832c-2e9be351d090,3857274,3
ALL,60e6ca2e-8268-4b27-921d-d4a8b6d376c0,3869684,2
ALL,60e7132e-3845-4919-8031-0481d3ca40ad,3941017,1
ALL,60f183b8-ee24-48d8-a9af-1af80fc86504,3942227,4
ALL,60f26ce6-4fa6-40e4-9573-5fb32047752f,3930165,3
ALL,60fd4200-e312-45ec-8060-18ab777202ad,3857256,0
ALL,61000692-a2be-4315-ad55-fb79df2e1c59,3857288,4
ALL,6114fadd-f9d9-445a-860d-9ed5b7ee3410,3938641,2
ALL,61249342-cb70-4777-a978-cfc4ac396a2e,3857290,2
ALL,6147ca77-4729-41e1-8b35-de22925e2a62,3857262,4
ALL,6154ac23-8289-495f-aacf-cb6a42ff925a,3869253,2
ALL,6184964c-c9a7-4471-9d18-b200388258a0,3941018,1
ALL,6188aaeb-2f39-4a66-b472-7502ef50ffef,3942752,2
ALL,61a0c1f7-c58b-4a4a-b3f9-f215f31a5a33,3930168,2
ALL,61a409fc-08a5-4e75-8309-5ebb20883828,3930173,4
ALL,61a79aac-a489-4da2-9b9c-f3a00be127e6,3857269,3
ALL,61ad446b-efbe-4129-a920-a11afe4d907f,3857258,2
ALL,61af4a8e-6f08-48d2-baf9-4bfdc275229e,3930175,3
ALL,61b72470-e155-4375-b6c7-9c96a14f998c,3857270,3
ALL,61bdf505-6aa6-4b15-a2c1-3a9f832da350,3930172,0
ALL,61c53adc-124c-47c3-8326-18146183f8dc,3857269,3
ALL,61d51af8-15a6-4b3d-a001-c2309f43456e,3857257,2
ALL,61d5520b-931c-4fd3-a727-dd398280717d,3869354,3
ALL,61d90b9b-d4be-403e-9d98-41da0003a40c,3857264,2
ALL,61dc250d-d251-4977-82fd-0712aea1cf88,3857299,4
ALL,61df478e-0656-48a8-a875-cea15457098d,3930183,3
ALL,61e2aa20-2766-43fa-a5a8-f462ce7df921,3941017,1
ALL,61f28572-679c-42b7-96b1-969531a56ac5,3869253,2
ALL,61f2e219-b3d2-447a-8523-d581844a94a2,3857283,3
ALL,62047ce9-1a16-4af3-9fb5-1d1d67b274d8,3857269,3
ALL,6213c232-cb2f-4f7a-b4a9-5c81b2c69493,3857274,3
ALL,62199106-6c9a-4e45-9f34-47467295eb86,3930177,4
ALL,62205c55-ef27-49f0-aa48-aa74389e346a,3857278,3
ALL,622e54fc-4fb3-401a-a5e5-8357d7a69c0b,3942382,0
ALL,622f978c-78c4-4b08-9a05-d10f419b9d94,3869117,2
ALL,6239dcfb-fe8f-441e-896a-10d3de97399f,3857264,2
ALL,624f456f-f5e6-451e-a290-f30980f34702,3869152,3
ALL,62542826-598d-491e-a26f-e3fb951a3ee9,3941022,2
ALL,625af17c-3ed5-4b35-a9e7-0a0a37dca2d1,3942752,2
ALL,6272ccfe-4478-40a1-80e5-3130e54dad75,3857297,2
ALL,629edfec-b6ac-48d1-83d5-c072e61dfb26,3857286,1
ALL,62aba15f-164c-4ab8-aa68-f519b254debc,3857295,2
ALL,62bb6ae9-965a-4759-b724-3ccdabe88be9,3938644,3
ALL,62d09872-f767-46ab-8d61-6d793736898d,3930177,4
ALL,62d9a176-6689-4c36-a0af-c113553e43b1,3869486,1
ALL,62e68dff-73c0-4391-b441-45202fbda66b,3857290,2
ALL,62ee98de-cb6f-4072-b6f7-d72963d63018,3940878,4
ALL,62fd77ac-e264-4c12-929a-c6a3e118b6b7,3930176,0
ALL,63004a15-849d-4e37-ab08-85e8af47aed7,3941021,3
ALL,6300af8a-057b-437e-839a-20ef8a4d2f0c,3930179,4
ALL,63074ca1-94fd-445d-b4f2-abfebb570410,3930177,4
ALL,6312ec51-8b5a-4c19-b76e-50217ca234b2,3938639,2
ALL,631b39a8-f42b-4d80-8d1d-fc3ba8267df3,3857298,1
ALL,632574ba-2820-47b9-b259-5fe93f45bcc1,3857289,3
ALL,632da2f7-2f3c-4db1-b13c-c09ab43e8719,3943043,1
ALL,6334322f-f774-4afc-a037-f7a54564ecee,3857288,4
ALL,633738e5-5b47-4abd-b196-741f200e1f3b,3930176,0
ALL,634e790a-0ab5-4a58-b127-47aca764a8d3,3938637,4
ALL,635239c3-fe8f-4c42-b774-5581c06c784f,3930177,4
ALL,635a7029-1902-4c13-bed2-3f88ffc6f8b7,3930175,3
ALL,63632a52-1d30-45fc-aff1-6c8fa0e31524,3857293,4
ALL,636de5bd-fe1e-4152-9144-80295804c22d,3857262,4
ALL,6373b223-5307-4cd7-867d-bf684501fc17,3857280,2
ALL,638c5404-f42e-4e52-87e0-2b1e2a7a82a7,3857265,1
ALL,6396b40f-1c54-40b8-9c18-ebf405231790,3930170,4
ALL,639921b2-9ea7-476b-a132-be6038f984b9,3941021,3
ALL,63ae2835-1496-4857-af04-9aeaa821392a,3941021,3
ALL,63b226ed-da5b-49dc-950d-151858d50053,3857274,3
ALL,63b65f83-f6da-46ef-a368-0f3d1b4c8011,3857267,2
ALL,63b688eb-2a91-41e0-bb5a-d128e881c3c8,3857296,1
ALL,63c6e3f9-2565-4532-b99f-1ea01cc4280c,3857292,0
ALL,63e722a5-dfb1-4dd7-9207-58af5db8268b,3857298,1
ALL,6402e0b9-f71d-43b4-a57e-ebc8ce6da3e0,3857263,0
ALL,642581bf-5ce5-4574-bdaa-be7a04fca38f,3869519,1
ALL,642eed11-e88d-41f7-ae48-6d4e7d0bfbfc,3857259,0
ALL,643c6a27-9f69-4d2b-8dff-93acd9804352,3930174,2
ALL,643ecbe6-e469-447d-b5ba-ee04e7b2386d,3930160,4
ALL,645721e5-8964-4e10-b54b-6a00c528a720,3930163,3
ALL,6457cdc0-69b5-461f-9a52-a87cd088bc74,3930158,0
ALL,6459cb06-2f63-418d-b719-256945bd4f47,3857263,0
ALL,645c2435-24a4-470b-98d9-a4a1a14d5aa7,3857266,2
ALL,64603209-6a3a-4713-84e7-444788a3cd65,3857269,3
ALL,6470cc26-28c0-4512-8315-ac26cc19ea33,3857263,0
ALL,647c1b06-9b20-41aa-80a1-1e199301e9c5,3857261,4
ALL,6498e19d-e582-4bb3-afc4-d9bb0d7d3d81,3930169,2
ALL,649b5741-f4d3-4d0d-a2c0-13001d1ef160,3938640,3
ALL,649c66dd-554f-476f-b298-771c1d0a3c13,3857295,2
ALL,649f121e-d618-4f0f-87cb-b1b032fb0379,3857301,1
ALL,64a32d32-edb1-4069-8f5c-9ad1f937974b,3930181,0
ALL,64a7f61d-a066-449b-93b0-e759248ea7de,3857280,2
ALL,64c747a2-cc9c-4044-b990-3f7192b2840a,3857259,0
ALL,64cd7c29-3714-4b62-977b-03789818d281,3869118,1
ALL,64e09faa-3135-4128-870d-f584df6c01b8,3869684,2
ALL,64e2b818-06d6-415f-9429-376e218345dc,3941017,1
ALL,64e868d7-b96c-437d-b696-6a869b19e0cf,3869519,1
ALL,64ebcc6f-59d3-4149-86d1-de54ef8a1b99,3930166,4
ALL,64f79e95-64ce-4f7c-bcea-317eb1700502,3869354,3
ALL,64f95e06-020b-44c4-8043-c1cdf0adb455,3930170,4
ALL,64fca160-7d8f-4bdf-ba62-a3b92b37ee46,3857284,0
ALL,6512bc1a-b3a1-49fe-bf43-45c1c51a9dfc,3857278,3
ALL,65192d90-5609-4ca9-8579-31b39134b11d,3857277,2
ALL,6527f79c-3f50-43cc-b571-ece85b448859,3857277,2
ALL,654375f3-9d26-4b6a-a0b8-d9cb22e01ecf,3857259,0
ALL,655315eb-7ca7-44cf-ba42-4a9b4ae73084,3857259,0
ALL,6566af5f-df3f-4fdd-a172-1f5ced330110,3857271,3
ALL,65690e15-4d87-45c1-9b2f-7c2fe6ec4036,3942752,2
ALL,656ca74a-52ae-4ddf-8f68-ddb4b27caa7d,3857262,4
ALL,6581eda2-524a-429b-ae1a-850f1da6e7f2,3857276,2
ALL,658fb742-7992-4c0c-9fcb-3b95c8f40a86,3940878,4
ALL,65b340af-e09e-446a-89c1-988799a7bf3a,3857263,0
ALL,65b5f954-3b61-459b-b63a-58b47d2ebaaf,3930163,3
ALL,65cd4c15-75e9-44e7-996e-6f2d70c18af3,3869486,1
ALL,65ce9d25-633a-4be6-b6a4-aefaa69da74f,3930160,4
ALL,65e7bf78-4ceb-4e88-9955-532d2119adcd,3943043,1
ALL,65ec53f3-3376-4934-86ae-0bdf8f2f3f9c,3942382,0
ALL,65f24e83-ffc1-4db3-befc-85357905b789,3938644,3
ALL,65f2fb09-224b-4406-9063-fb770f07fbc9,3857299,4
ALL,65f53eef-7862-4bd0-9e52-59c86ed20aa9,3857289,3
ALL,661aec6e-80ea-4947-906d-6a220c828958,3857294,2
ALL,6620ee86-ad5b-40df-8698-e39697f2efad,3857265,1
ALL,662e86bb-c501-4c5d-b9ef-e2216357462a,3930170,4
ALL,6630876a-3a34-4299-99cd-1cd0da0886c5,3857289,3
ALL,663f1007-2b36-4caa-9c56-d8671078d610,3869152,3
ALL,664da27b-078d-4e69-91a7-c1d98e84f48e,3942752,2
ALL,666625ff-0977-4a4d-8dd4-4f3accbae1fe,3942382,0
ALL,667ae011-b0e4-4f33-a228-8d3057aa857a,3930159,0
ALL,668df44a-37b8-46cf-b8b1-2a00b39152e7,3869117,2
ALL,669e44bf-fa9f-4403-b1a4-212fe7986388,3930179,4
ALL,66aff198-d30a-4f6b-9de2-deceb33674f8,3930160,4
ALL,66b716fa-fedf-446a-9a6d-7faef3a9c2e9,3930179,4
ALL,66b84682-1a04-4042-8f7b-f98114696014,3857291,3
ALL,66c36fef-8055-42d4-8fdf-2993c27a1580,3938645,1
ALL,66c5bb87-1570-4a30-a970-73d4133ea8e0,3869220,0
ALL,66c7e1b0-2c12-46ef-bb66-5918d47f8a6e,3930178,3
ALL,66d4542f-ec60-4e76-bed6-3a6201fa5264,3938639,2
ALL,670ce3d4-cf9b-49e9-a766-a730dabc03e3,3930173,4
ALL,6730fac4-8018-4c5d-9c84-81ab9d8ade81,3857301,1
ALL,67416ff1-53d1-4992-928d-163e722bae39,3941017,1
ALL,674790d4-3f9c-4225-af66-ae27a9677c5d,3869321,0
ALL,67627f49-dbcd-4daa-8284-a3d7f1d0ce93,3938643,1
ALL,676af8d7-144e-4dd7-a17e-806cf9ba6aa4,3857290,2
ALL,67893feb-013e-4e59-9fbd-b7354f29778e,3941017,1
ALL,6789f6cc-dd4b-4e9d-a7ee-0d3889dcef45,3857291,3
ALL,678e356a-8372-4d33-9a73-ee1b0123df3a,3857269,3
ALL,678e45bd-c56d-4e71-8a48-138ac9e15506,3857271,3
ALL,6793fb31-84b6-40b1-ae37-5bf7294e9ea3,3869220,0
ALL,6798286d-8a35-4af9-b526-6907df042c14,3930181,0
ALL,679b5051-f07a-4626-8666-3a0bc8346fd9,3930182,3
ALL,679de3e9-2d47-453d-b2c6-c0d5f4da7935,3857257,2
ALL,67bb4630-5d09-46e1-aeb5-b0999dbc6202,3930171,1
ALL,67bd3c6c-f148-4a8c-8849-7cdd594ad729,3869254,4
ALL,67e5b74b-1401-496a-ab4e-99261abbfbda,3869420,0
ALL,67edc988-a0b2-43de-b06b-e826056b8442,3930158,0
ALL,67f74994-e121-4e49-a380-3d96b84ac8ee,3857259,0
ALL,67f86ffb-76ae-45af-a363-fa7440de32c3,3930182,3
ALL,6816b282-e487-4a66-8cfc-21789ca2f71d,3857276,2
ALL,682fb188-ec68-4320-999e-fa5552540a04,3940983,3
ALL,684d5060-e1b6-4e58-8ab4-d9a887cf5886,3857267,2
ALL,6850af58-6d4d-41d4-9556-8f7208ed524a,3938641,2
ALL,6886f175-a323-40cc-9032-a7eeef550726,3930178,3
ALL,68950541-075a-426c-9e13-1465ee16ddc8,3930165,3
ALL,68990dbb-6305-4328-9412-2099a65d5458,3857291,3
ALL,689b61a7-dbde-4676-9184-2d38d3f507e8,3930178,3
ALL,689ec62d-0ed6-4dbe-86da-6117ef160baa,3930182,3
ALL,68a25617-5029-4d3d-ac03-0b57aa56182e,3857294,2
ALL,68a9773b-69c6-4998-b7ec-bfa76ad7be70,3869254,4
ALL,68aa602e-0b10-4d6d-bf6d-7c517ea14606,3930180,1
ALL,68b73a78-ab8a-4c44-923f-ac17c3dd5cae,3869117,2
ALL,68c32192-19e9-4be2-b61b-ab1b8a7ac91d,3857295,2
ALL,68d558fa-35f1-477f-8aaf-e7001610befb,3857254,0
ALL,68e20211-c0d6-4314-9765-5e92d18739d7,3940878,4
ALL,68e67913-68a1-4909-ad66-c533787b0b52,3869420,0
ALL,68ee9b56-ffc0-4fa1-a754-090737c7cdcb,3942819,4
ALL,68f448ff-0934-406c-9e1f-4e85bd490569,3930161,4
ALL,68fa9cde-b87c-486a-96dd-3ad382b3fdf3,3930167,4
ALL,69094dff-5d00-48f7-84c6-c8022d133d2d,3930166,4
ALL,690b7144-f261-4f67-841f-a2b060cbb0ad,3857287,1
ALL,69227093-53d1-453e-b136-80ca9f96927e,3857267,2
ALL,6924fed4-bb66-47ea-a610-0e458c14b853,3930174,2
ALL,694a5e27-c918-4127-89f3-415e77bb975a,3930160,4
ALL,69648177-9784-4396-a4d1-5fb55122da05,3857268,4
ALL,696df2f1-7870-4146-8472-511f27bc12ad,3930169,2
ALL,69824201-4256-4083-8103-199b0f203d58,3941021,3
ALL,69934140-9917-4d5f-a2df-47846e3a42b2,3857258,2
ALL,699d7ab8-2cd7-4612-b68a-27ceb5b614bf,3869152,3
ALL,69a13641-3baf-45b5-a91c-1c8622183b55,3930179,4
ALL,69d280ab-221d-46af-9bbc-6a4116243323,3942382,0
ALL,69e3835c-4df4-4b87-a199-a387853b84dd,3869519,1
ALL,69f1868c-8f9e-4d8a-9b71-3f1a485e859c,3869253,2
ALL,69fd0268-bb53-4abd-822a-17569175e0f8,3930163,3
ALL,6a0077d1-f6c9-40cf-8bdc-e8a073c85230,3930172,0
ALL,6a136664-cb06-4f06-acb1-3d65bdd20b8a,3857279,1
ALL,6a17ae8c-83c9-43e7-a500-58c662f94ba0,3857259,0
ALL,6a19cbe0-fde1-48b9-8049-81451299d5b7,3857299,4
ALL,6a1b136b-479c-40e3-837f-029f7fc68482,3857259,0
ALL,6a1f101b-4dbb-4ab3-8beb-d4a133b43037,3930158,0
ALL,6a219fd3-8a45-4cbc-8aaa-b223f114e12a,3943043,1
ALL,6a3f4544-0202-41b5-83d9-ce9bdbf06207,3941018,1
ALL,6a516fa8-2e69-4fe8-93de-d78fc7950cd2,3857301,1
ALL,6a59a447-f6d9-4175-af98-57e8ed192c74,3930174,2
ALL,6a5b77ff-69a8-440f-bd5a-992c3572fcb3,3930176,0
ALL,6a5c4ea1-c058-4132-9957-fba700db6e6d,3943043,1
ALL,6a5e0a44-024d-4ee3-a89c-1f9293a8e26c,3942226,3
ALL,6a75cb89-07d0-47cb-b62c-bb43e5c4e1ac,3942752,2
ALL,6a7787f9-b334-492e-9f35-3a06a3646b4f,3869685,1
ALL,6aa350e7-6e56-44a6-830d-dc66df3b26d7,3869117,2
ALL,6aabddae-39a6-4f16-ba4e-14b0afa6f3cb,3938645,1
ALL,6ab8bc0e-ecc0-45f5-b7aa-021518ef2833,3869152,3
ALL,6ac4a21e-29ef-44de-9744-bcaa2355c289,3869118,1
ALL,6ac58aad-16d9-47a1-b5a9-42e71fd22034,3930160,4
ALL,6acbf7df-13c7-4c28-ada4-64d4fc407300,3869684,2
ALL,6ae4c642-e26b-4b18-819c-3f338b29b912,3938641,2
ALL,6ae82e43-0d2a-4c36-80f9-e9790f1f8606,3857280,2
ALL,6af56883-f5d3-4c12-b266-d6ac7184a007,3857277,2
ALL,6afa86dc-3438-413d-b2b2-bed622514b03,3941019,0
ALL,6afc0229-1c43-4f15-8a0c-c46aeb59eaec,3930165,3
ALL,6afd06ad-8d19-4794-8c91-2deb9d81ca11,3942226,3
ALL,6b07fa0c-00cf-493b-9501-0040b0f86a53,3930163,3
ALL,6b117b59-88ed-401e-a226-32bd7a888ccb,3857290,2
ALL,6b12695e-ea04-45db-98d3-cbd1f36a0b41,3857257,2
ALL,6b1c44ed-8884-4224-b8fe-2d0c63d73c1f,3857270,3
ALL,6b250f0f-aa32-4392-9c59-836baf8d2db3,3930164,4
ALL,6b2b4c90-3f54-4c47-8389-449356f1d97c,3857260,1
ALL,6b5a8150-41d7-4a96-bfd1-8880b112c449,3930177,4
ALL,6b6b5f1b-6e40-42a7-a408-79bd611aeacd,3938640,3
ALL,6b6cc2b5-c949-4dc0-88a9-d1b4345280b5,3857292,0
ALL,6baca923-526c-41ed-8637-56290afa008f,3930176,0
ALL,6bc86242-0cf4-44ed-b80a-90a544cbcb2e,3857263,0
ALL,6bd99a65-1a3d-4321-90d6-f6b5fc13dd26,3857279,1
ALL,6bd99be6-f23c-4306-8448-9df3ab9bfc7f,3857272,2
ALL,6be2e15a-fb98-41ea-ac05-e196c5c0b318,3857263,0
ALL,6bf01ec0-f91e-4903-9fae-29a43dd1029f,3857301,1
ALL,6c081fff-ee81-442c-b6a5-0d4a549b0a56,3941022,2
ALL,6c1cde13-6f0e-4d09-9d81-716ad8e377b6,3930175,3
ALL,6c248622-b3d6-40a1-aa59-dfb74fde866d,3857288,4
ALL,6c25882d-2a02-4b37-a64f-56f943d9b13d,3857278,3
ALL,6c3c8a83-a484-4729-8dc0-4b9061b38f88,3942382,0
ALL,6c539fa7-aa58-41d7-9306-0e610e67f781,3869254,4
ALL,6c53cec8-31fa-48ab-9417-301795f2e696,3857298,1
ALL,6c5d7bf3-7a8b-45b2-b6c1-acc400570c8c,3857282,1
ALL,6c760885-6fea-44a4-a6cb-d55a300351f9,3857256,0
ALL,6c80a666-eb8e-46d7-a3fe-d96ad9020b43,3930178,3
ALL,6c80a8ba-3a0a-4435-a8c7-1a9dba4e8256,3857294,2
ALL,6c83a7c5-3c49-448e-843e-113479afce3b,3943043,1
ALL,6cae573c-9b6f-4af6-ab75-8f91fb7f508f,3857267,2
ALL,6cb767b2-0497-4b82-a1be-dde6d3c3905a,3857287,1
ALL,6cbb6360-154f-4b7c-a913-c6b3a8e8536f,3857289,3
ALL,6cd51b11-7bed-4074-9629-4d7826cb3eae,3930177,4
ALL,6cdcb46b-080a-4866-a69a-f46fbb5438b5,3857280,2
ALL,6cedcf9b-370f-4a5d-ac26-5f2fa082be10,3930172,0
ALL,6d025789-ae33-4b4f-b54f-b23d7af8cd39,3857272,2
ALL,6d0bec03-5c46-465b-ac19-c3010f03847c,3857257,2
ALL,6d21aec1-0cec-4398-b010-fbcedfba03f9,3930169,2
ALL,6d41ef2e-0db9-4f69-b984-a3ab8a6cadc2,3857271,3
ALL,6d4a1288-d535-4b05-8244-28ddb05cd18b,3857264,2
ALL,6d51b6a5-486f-4e0e-800b-12eb62a9af5d,3942226,3
ALL,6d54c7d3-3a41-403c-8ae1-2b0f48b53df3,3930184,1
ALL,6d5774a7-90df-47c5-a30c-d571a4f25666,3857290,2
ALL,6d640e60-d58f-4724-b8d1-1fd115032ebc,3930171,1
ALL,6d759b1c-5b92-4995-b91d-b614e92dc5f0,3857265,1
ALL,6d7d05ed-c869-4c33-bfec-51e6352654eb,3869117,2
ALL,6d83f977-3194-4ea8-851e-5de224bd674b,3869685,1
ALL,6d90ae0f-86c4-4c5a-92ce-84ad22185762,3930166,4
ALL,6d9a3314-18e7-49ee-beb9-81e508ef2add,3930174,2
ALL,6daf1312-7ffb-4566-a759-0a65e2fa3abd,3930167,4
ALL,6db5597c-253e-4674-9e2d-a097876ed97c,3941020,3
ALL,6dba2ca8-cc04-47e4-a718-bd5aa2fc4836,3942819,4
ALL,6dbb3559-bfd3-405b-9f37-a6320c4054e3,3869552,4
ALL,6dc68932-fdcf-4b91-83d2-247eddd72708,3930161,4
ALL,6dcd62da-cc70-42cc-b84a-3207bcf061f3,3857292,0
ALL,6dd9eca9-2ea7-46b5-b26f-e94336117adc,3930167,4
ALL,6e09f730-e34a-4b0f-8a60-6a3b7c42503a,3930181,0
ALL,6e1933ff-5781-4efc-814d-41457783668e,3930184,1
ALL,6e209c15-14a5-4140-8013-84f399cf4715,3930160,4
ALL,6e23150b-14af-45b0-b65d-d5bafd251e53,3857291,3
ALL,6e2cf948-65bd-48ad-a1a6-798d75e24ad4,3857284,0
ALL,6e2d0638-c6d9-4fb5-8182-91f888103a48,3857295,2
ALL,6e2e1583-afcd-44f8-9c20-1328445a8aec,3869321,0
ALL,6e34ee2e-5443-4639-a2f3-4a2d3b8ab253,3869486,1
ALL,6e3590d0-732b-42e2-9bcf-b301ddbb17b3,3930160,4
ALL,6e44159b-b584-454c-99c5-691f3396abd4,3930160,4
ALL,6e64a51e-c8ca-4314-9ac5-c27c38aef3b6,3942819,4
ALL,6ec1a445-1124-4ffb-b16d-744439fd7fa5,3930184,1
ALL,6ec797fb-3323-499d-8841-f8f1bb16bc1e,3938643,1
ALL,6ec89d43-33f3-4fb5-bae0-4c02ff5f7f6a,3857286,1
ALL,6ecc6da5-d713-4acd-99ed-3f3d7d2e6f95,3869220,0
ALL,6ecf3f83-1880-4317-8c86-c6dbbd8afced,3930161,4
ALL,6ed3158c-a6e0-4e34-9f1e-460359584da3,3930166,4
ALL,6ed4394d-d05a-4287-bee0-a77637a61c0b,3930179,4
ALL,6ed8668d-0ce9-4b5e-88be-a208d81a3634,3857299,4
ALL,6eec179c-815f-41a3-a824-241339a964fe,3942819,4
ALL,6efbd681-0d5b-4218-bef6-62774a9f2419,3930175,3
ALL,6f0db5f5-f1f9-4f72-8372-e5fa9a7d7543,3857288,4
ALL,6f0e37ee-6f7c-4c80-ab1e-ce2e04a7b05f,3857271,3
ALL,6f1af8c8-fa37-4c9e-831b-c885ae3e9cad,3857254,0
ALL,6f25b071-5ceb-4b9f-9035-85746a31bab5,3938644,3
ALL,6f2f5ac9-130a-413e-bb64-b8c733b25ad6,3857288,4
ALL,6f3e4cca-6351-4991-8445-1273ffae4dbf,3930176,0
ALL,6f473d47-ae2f-4809-84ae-826a3fc3bcc2,3930183,3
ALL,6f4b1d46-cdbc-4f6f-846c-890c3a88c777,3857278,3
ALL,6f4e98e3-e5ae-4127-9290-b8c9945ad1ab,3857258,2
ALL,6f5c55d8-c693-4abe-b95a-665b747067e7,3869321,0
ALL,6f5c863d-02da-4e4f-ab3c-a0da1414cac6,3930183,3
ALL,6f6f785f-b428-4f30-bb8e-c6cdedcd60d7,3930164,4
ALL,6f79f97c-d203-4022-beb4-14c2607368b1,3857257,2
ALL,6f85fbab-3605-41f9-af20-0d7ca376d4e3,3869420,0
ALL,6f9f7efd-6541-4342-8a8e-c82027e0e96e,3857290,2
ALL,6fb6045b-e9c5-4b5c-bd57-a4150ef0c174,3857276,2
ALL,6fb92a09-f8b3-4bb4-a9f6-e408adedf837,3869685,1
ALL,6fef2335-5770-45ce-bed5-02c75e4907b2,3930160,4
ALL,70017b09-a2b0-480c-874e-ba34db429e6c,3930163,3
ALL,7067bc4a-ddf3-4e0a-bae1-6bbbaf48783c,3942819,4
ALL,7068dcdf-4cfc-48ab-b4e3-d8d8fbf9c396,3869254,4
ALL,7081ff12-e3ac-496f-a6d7-ba0fa3273db1,3857300,0
ALL,7089f3e7-0491-4e1f-bb2b-e947e21013a9,3857261,4
ALL,70b73409-a126-4213-8ba6-aa8a516dba5a,3857290,2
ALL,70f61e9b-d1dc-46e2-a318-1b366e0f88f2,3857290,2
ALL,710e7234-ef08-4b94-97fe-eea2e747f64b,3930165,3
ALL,7112fdae-6972-4094-8301-4b92600264e6,3857261,4
ALL,711e9b4a-23d5-488e-a067-c2668288d124,3857274,3
ALL,71253e99-e507-4991-a784-a1a35e1d910a,3857281,4
ALL,712a2f5a-3f04-4221-a725-bf22118494db,3857294,2
ALL,714554c6-9bb9-4072-a9c4-afc5928b9be7,3869151,0
ALL,71573f0d-de79-4bb6-a2d1-f217b7a4cafb,3857276,2
ALL,71626f7e-4da9-40a8-98a2-9eeec8a15ea5,3869254,4
ALL,716f9724-2c40-47f6-a015-78a5f4b80ae1,3869684,2
ALL,7174f8a0-f7a0-41c4-aeb1-67ac47538266,3869220,0
ALL,7178aeba-f354-4c3d-97a8-5dd572118470,3938640,3
ALL,7181d986-39f7-4d5a-8593-53389651dc08,3930158,0
ALL,71a003db-5837-4196-8e27-c9032bc9b588,3930158,0
ALL,71a3c526-30f1-412a-b6c3-c391ae0bfda4,3857256,0
ALL,71ac01b3-8322-4270-9260-50e838eb6340,3869420,0
ALL,71c1cd10-ae2f-4f9f-8114-d5b8c91ec424,3857285,1
ALL,71d00c70-8fa7-474a-aef2-017073879f2f,3940878,4
ALL,720b5c5f-aac9-4b7f-91da-d254c8516408,3930172,0
ALL,72348bbf-54ed-418f-a73b-9e639c618fe1,3942227,4
ALL,7239cdf9-fe32-43d6-9b95-cdd60400c44b,3857257,2
ALL,72597252-aa7a-4ff6-be23-8e77426232eb,3869151,0
ALL,725d1a14-9c78-4020-b463-61f296525250,3857286,1
ALL,726b1657-e8a5-466e-9a05-14961dda1bd6,3857270,3
ALL,728abb8c-80b2-4752-bd27-5c66b358773f,3930169,2
ALL,729d8721-2756-44f5-b7d8-01d7d674f9fa,3857291,3
ALL,72a102a6-0477-4d66-8aab-e11cd35b3cd5,3938643,1
ALL,72bd355e-4c02-47f5-8993-0b8288fb4c5d,3938645,1
ALL,72ce7a6c-999b-4268-8e16-76f4635cdce7,3857260,1
ALL,72d22e1e-c416-4e2c-973b-b56dd48b786a,3857277,2
ALL,72d4a115-bba6-4b4a-8207-965284e41e36,3869220,0
ALL,72d4ec2c-b774-4c92-9d8a-e1480c4c15ee,3869420,0
ALL,72d71c64-a450-4313-baeb-df9b59d255c8,3930183,3
ALL,72f7143c-5549-4141-a595-222e6977ccbb,3938644,3
ALL,730d8f97-1512-43f5-99bb-0d06e8b996a2,3857257,2
ALL,7314aedb-5c05-4b11-8b3e-081fea0b8d5b,3857287,1
ALL,732620d7-c9e9-472a-848b-e474776bc3bd,3930174,2
ALL,73366685-ae5f-4888-96d0-43dd728519dd,3857262,4
ALL,7338fec9-378e-4283-b985-f3f4f59bef25,3938642,0
ALL,734db398-f971-47a4-828d-7642cf995de2,3869519,1
ALL,7352e5cf-25d8-403e-a59f-362e2845634c,3857275,0
ALL,7353ffbb-37fd-406f-9a1a-3c8b31b0f3ff,3930162,0
ALL,7355ffd4-12a8-4f1e-a3c8-c0fc9287ed24,3857280,2
ALL,7365e4ae-9801-4807-b135-08bd9766b3d4,3857273,0
ALL,737b4059-4afa-4ea1-ad9b-1f601e4d45b7,3857263,0
ALL,738068ec-9ecf-4604-8d39-95c20939bcee,3943043,1
ALL,7397bf68-0294-4539-8a69-c14c19094df1,3869220,0
ALL,73d0d512-ee9d-476e-9cf1-7d64c4d6282e,3857274,3
ALL,73eacb72-647b-4bfd-9760-f3e217db8dbf,3869118,1
ALL,73f80ac8-d3e4-4e7f-9958-dc2b91208b5d,3857268,4
ALL,740aa6aa-c5d8-46a3-aad2-84f5dd8337d3,3857294,2
ALL,740f9d08-281e-40ed-81f8-544ddbede98a,3857267,2
ALL,743f0025-05f2-47ae-b226-95e889ec55fe,3938642,0
ALL,744139de-42d9-4167-9054-542b26aa4008,3857266,2
ALL,7453ff89-fe5c-4e44-9465-582c8c3c49bb,3938637,4
ALL,747abcc7-2db8-41c8-bc62-0ae4ea994a42,3930174,2
ALL,7484ac1f-247f-408a-89c9-d584dcbe92eb,3941020,3
ALL,74b14a7d-2be2-4317-aaae-0e3ab0f584f3,3857269,3
ALL,74c6ff3b-c400-442c-90ec-588091acac0f,3857256,0
ALL,74c7e2a2-0677-4160-9a7f-650b8d82efd4,3940983,3
ALL,74cde44d-ea34-49d3-921a-ea855e6d1deb,3930180,1
ALL,74d254b9-f691-4507-b098-8b62b034459b,3941020,3
ALL,74e94177-e876-48de-a499-fd90b9a80ba7,3869684,2
ALL,74fdab1a-94a9-498c-bf13-411538a4551b,3857278,3
ALL,75037f34-d783-4901-bfdb-8a05aa966481,3857256,0
ALL,7503abcc-615a-431b-9909-d9350cdccf7b,3940983,3
ALL,7510f3de-e8df-48d4-8c36-1a0b9a7bebee,3857263,0
ALL,7521146d-da7a-4248-8231-cd90e12f93de,3857262,4
ALL,752a7b5a-e5c1-4c43-871e-3c43ba1b3dca,3857281,4
ALL,753b586f-c844-4734-981c-e126b478a30b,3869151,0
ALL,75440b64-2dd8-4ed7-a1a0-eb0376cb6bfb,3857254,0
ALL,7547d0f4-6ea0-4bfd-98aa-50bbd2062cb0,3942382,0
ALL,7567de57-3b3c-4baf-a5b5-393d9a60aaef,3942227,4
ALL,757430a4-d565-4809-b4dd-f58cc7f5eb73,3869552,4
ALL,75928be7-2420-4d23-a1e1-7bfcb21b27e5,3930184,1
ALL,75939315-a071-47ca-880c-24fb474408e7,3869254,4
ALL,759c562a-22c4-47eb-b908-e45af660cdbb,3857265,1
ALL,75c812dc-ec4d-45d5-97db-02b4aacdbe84,3869685,1
ALL,75c9b5b6-1228-48d3-b7a2-e1365ba5e7a1,3930158,0
ALL,75ccdb30-bd8d-485f-92fa-a2e232839cb5,3930169,2
ALL,75e57497-2ae3-49f5-8df6-068234017bb2,3930179,4
ALL,7600bccb-ff77-469e-9550-f182a9436d93,3942819,4
ALL,7602d7c1-6d7a-43c5-b5d1-755c2a7fb884,3942349,4
ALL,76074080-9e58-4edd-85e8-52bc0f7cdea1,3938641,2
ALL,76123823-2ec9-4c28-8374-c56fcc38593f,3930179,4
ALL,76253bc3-14a0-4680-ac4c-f71c9e8680c4,3930183,3
ALL,76458596-db8b-457e-952a-5f0b1bdfdb71,3943043,1
ALL,76459346-69ad-47e5-b5ef-52f6eb204c8b,3938641,2
ALL,76524435-43dd-4569-92cb-741357b60aff,3857282,1
ALL,765f8bbe-1a35-4ac2-bacd-dc22a390d261,3857281,4
ALL,7663c378-19e6-4365-9337-e7a12b7ee126,3930180,1
ALL,766a9b94-34cf-40c2-8a9e-b335e59a48bb,3938641,2
ALL,766c9a10-9058-4b55-ac22-9f2febe2710c,3869253,2
ALL,76be0849-2e8c-4731-abe4-3d13843d44ea,3938640,3
ALL,76c45548-e4b5-409c-98d3-d44390325ea0,3941017,1
ALL,76d420b2-ecea-4b6c-8954-fa8618b820a4,3942226,3
ALL,76da14a4-5b18-4470-85aa-b21bab1b81f5,3930182,3
ALL,76da90be-3880-4965-9a69-7b0af150f303,3857290,2
ALL,76e2f4b8-6083-4753-85da-c3107817fe33,3941018,1
ALL,76e453bb-1c59-44ea-b9d0-44711a090251,3857256,0
ALL,76f7c14f-6e12-4fc5-ab3f-0aca11956784,3857271,3
ALL,770d9328-1121-4f8e-8846-be9a354e2a75,3869420,0
ALL,772a71cd-5565-44ed-be3f-9a8c1d93173e,3942382,0
ALL,7734984f-d3d4-470c-b64d-5a0fdc3fda42,3857268,4
ALL,7736f1dc-01dd-4262-8124-4e60b331a4b0,3942226,3
ALL,775242d9-b7ca-4abd-ad81-674b80c47ee5,3930169,2
ALL,77739d4a-9698-4315-a6f7-8f5dedbb7276,3857280,2
ALL,778f1b52-364f-44b6-8cf9-614680dab398,3943043,1
ALL,77a56e3a-9da4-429f-9f8f-13987c5dbab5,3857279,1
ALL,77b413bc-82c7-42f2-b7ec-6aa7fe3fde4a,3930173,4
ALL,77c402b3-9ba7-4cf9-93c1-29434f063658,3930164,4
ALL,77ce50c3-9838-488f-a22e-9805384a8e0a,3857290,2
ALL,77d85483-14b7-4714-b8e1-fb149778253f,3941017,1
ALL,77d9a6dc-d064-4b45-a537-8028942e62f3,3930168,2
ALL,77dcc029-f068-4f24-8ead-0deb1110525e,3857287,1
ALL,77e9820c-e94e-4e60-98f0-713d142f7fbf,3938641,2
ALL,77eca6fd-637c-49ce-a794-59f3d46ba9e9,3857274,3
ALL,77f16d35-0589-4f95-921a-158544b7ebbb,3930177,4
ALL,77f1bd20-39d3-45c8-a18a-5881148357ae,3857272,2
ALL,7802ca95-b868-41c7-b824-086407773c72,3857278,3
ALL,780b1ac7-95e8-452a-8420-895ad7e279f5,3857269,3
ALL,78351a74-2aca-49b0-a9bc-f9eeeb7f3012,3857293,4
ALL,78465188-e36f-412e-8323-181d5480f5bd,3942752,2
ALL,7848338b-0393-4b01-9434-7511fee8470c,3942226,3
ALL,7856ce8c-3ec3-49b8-a5b6-97604305e70a,3857275,0
ALL,785817ab-7f75-4aa1-8164-52098d46720d,3942752,2
ALL,78870957-c9fd-410d-bbf7-5007939572ca,3857290,2
ALL,788a106c-e1ad-48d7-be48-8b8a6a7447dc,3930159,0
ALL,788de1c5-65ce-4d4e-861c-de822c6eaa37,3942226,3
ALL,78ac3cfd-a425-4de7-8801-8e06b62ef309,3857297,2
ALL,78ad9ba9-0e1e-4a89-9458-876ae78dd371,3869151,0
ALL,78c02aa1-52ca-42de-a168-655e8e81de22,3857270,3
ALL,78dcdf32-0e19-48a7-996c-5a0c59905f44,3942226,3
ALL,78e571c3-8f97-441c-aa7d-6d20654a5d78,3941021,3
ALL,78ee60d2-ba8c-40f3-845e-8e9a29df95c7,3938645,1
ALL,78f39291-f695-440d-b648-a318c0ecc47b,3869321,0
ALL,790e4da1-8a28-48c7-bede-172d7fd7ab86,3857282,1
ALL,7927920b-3964-443e-97c3-ee1a815894ed,3869254,4
ALL,7929d955-72c5-4597-9a5e-e207a8ca89d2,3857268,4
ALL,7943d0ef-ee17-40b8-a268-d0661255af07,3930162,0
ALL,795a8f19-eb13-40d9-9b48-d6399187cb02,3857283,3
ALL,795df50d-0953-4e0e-b185-1fa8ef6b7b84,3930174,2
ALL,795e1ab9-f9c7-47cf-a7ac-e36afe07b4ef,3930165,3
ALL,797d340d-244b-472e-af53-9b09879fc5ac,3857270,3
ALL,79863313-a0e2-4034-ab07-3aa4554fb430,3857265,1
ALL,798bda27-5d6b-4b54-9812-800c276cf7bd,3857280,2
ALL,79992296-975a-4895-94a0-be2912ec7c39,3930184,1
ALL,79ac5050-2e42-4d75-85ac-06eabe526238,3930176,0
ALL,79b9d986-eae1-4650-9be7-5b8d1dfc6b8b,3938642,0
ALL,79c2a58e-0005-4fe1-a9b3-0428e2b65a54,3857294,2
ALL,79cbb6f2-40f9-4ba3-83ed-f89cebf7b874,3857279,1
ALL,79cd87ec-23de-4d54-ba41-5e5d6401f4ad,3938639,2
ALL,79d13f4b-ef52-49d5-a8d7-c952111fd091,3857278,3
ALL,79d2ee20-8bfb-4e32-a06c-9decadfb9c15,3869117,2
ALL,79d8f613-63e4-4816-8fef-c92670c4056d,3930169,2
ALL,79f0d6ac-7a97-49fd-a090-d959744209c8,3941017,1
ALL,79f82a1b-d83f-4b34-930d-44d1ae444162,3930174,2
ALL,79fa8138-2cdb-4ce9-a7d5-8af3d05331e6,3930161,4
ALL,7a14d178-e0ac-4af8-944c-386042a2ee9b,3930171,1
ALL,7a236065-dfd3-4ebc-a793-4eb6c1409dfc,3930167,4
ALL,7a2b00eb-4a17-4ebe-af9d-6fb39a3bc681,3857285,1
ALL,7a306a7e-f6f8-4682-89dd-ee2164213ca1,3930173,4
ALL,7a31837b-aeb6-4831-af7e-45f69d4b2b07,3869152,3
ALL,7a43e93e-2d55-4940-b8fe-d837abd9a0a8,3857273,0
ALL,7a4cb94b-0835-4833-80e0-9cc96305ac19,3938639,2
ALL,7a99bc2b-f126-4209-afed-99ad83dec517,3930174,2
ALL,7a99f672-6854-47dc-abe2-7435da4e94c0,3930180,1
ALL,7aa86875-eee0-4c0b-ba53-cb3c25657793,3938637,4
ALL,7aa8a26f-7fc7-47b6-8437-9603453de633,3857284,0
ALL,7aae667d-f229-4f1d-8b4a-d7af5449296d,3941021,3
ALL,7ab00f50-5505-4f5f-9a70-d7a45dd84325,3857263,0
ALL,7ab20aa6-8302-4def-af60-c0c3c9c422d2,3940983,3
ALL,7ab73234-41b1-4e6e-b6b3-90b6cca23898,3857282,1
ALL,7ad8071b-feac-40ab-8e66-1c1f4842c011,3857265,1
ALL,7ad892d2-df78-4d31-be58-e86dea1a0c15,3857257,2
ALL,7ae6218a-ff0e-4144-827e-cd3b32674a19,3857280,2
ALL,7af17ac8-8355-44f4-ad3c-8ead76d52cbd,3857289,3
ALL,7afde867-67d2-4db5-a7bc-8ed48c9b505f,3869151,0
ALL,7b0666e6-9c6b-4e16-b64f-61e718fba718,3941018,1
ALL,7b1f76e3-7b12-40ac-9dc8-5845f0a7c6da,3930168,2
ALL,7b2eb3d1-4995-4af3-b65c-5923393af62e,3943043,1
ALL,7b37cf03-61ec-4ce9-9925-41735a7bf179,3930176,0
ALL,7b385c4d-857c-4acb-9ea6-c883bbf63b80,3942752,2
ALL,7b411b86-bad6-49f4-8240-e3d063a80a0b,3857275,0
ALL,7b6030b9-756a-4511-b02a-88bffc63c95d,3857297,2
ALL,7b7720fb-d28f-46ad-a204-5011a55967ba,3857300,0
ALL,7b8178d7-e0bc-4a34-8692-babb7da3abd2,3930161,4
ALL,7b947b35-ecb0-4f62-a47b-11fce645cecb,3930182,3
ALL,7b94cbc3-0265-46fe-b2ec-ec192b358ba3,3930160,4
ALL,7ba3032d-ba51-4a79-9644-f2fd433f4dde,3869253,2
ALL,7ba7cc68-c998-43fc-a2e2-a818c120cd6e,3857296,1
ALL,7bafc9ea-6c91-4249-b0a3-f4d8e472af1e,3857265,1
ALL,7bba259e-679d-42c0-a351-e355f24038e2,3930172,0
ALL,7bc38b95-9185-45fd-82cc-e93c8a4f6c97,3930172,0
ALL,7bc6bc6b-f354-4837-9ce1-08b9fa4e598c,3857264,2
ALL,7bcad964-3853-417d-9b3e-556490bf93f0,3930184,1
ALL,7bfd2d5f-0d63-4b7d-bb2e-c5f5cef7424d,3869321,0
ALL,7c029785-0958-43cb-b680-020a64a0ed63,3930172,0
ALL,7c043b6d-85e4-4dfc-9a0e-df06695a51b0,3857262,4
ALL,7c1fb3c9-41e6-47aa-aea3-f684af260060,3857281,4
ALL,7c2a6ad9-f365-42a5-a58a-38b638e63a2b,3869354,3
ALL,7c3e9168-ef3a-494e-9168-d9c127a93d12,3857264,2
ALL,7c3f9b1a-9369-42c0-b1ea-4b1d49a85e6f,3857255,0
ALL,7c424347-dbfa-45a4-a260-d4ee5edeccf6,3938640,3
ALL,7c492517-8a9f-4ebf-ab6e-2f5956b08cd7,3942819,4
ALL,7c55db26-1001-4122-a60a-f6c1bcada0fd,3857278,3
ALL,7c5a3c46-d429-43cd-8f9e-bffd939ff714,3930175,3
ALL,7c6137ec-d755-42e1-96dc-e1ade2896f3f,3857297,2
ALL,7c6f1904-cb0b-4456-b89a-d0322b72c1d7,3857290,2
ALL,7c7f686f-4a65-4522-b85d-4231faf6f8c3,3857256,0
ALL,7c9ad6c8-a83e-4d9b-92ce-911663ff0284,3857262,4
ALL,7ca8cd49-4244-4a29-a6f1-883c5909de65,3857296,1
ALL,7cb59254-53c2-43de-802d-1d551fdf059d,3930177,4
ALL,7cc27af2-e8a0-4718-8b11-cfb5fa622404,3938644,3
ALL,7cd35fe6-d8a1-4aaa-a876-4851f81ec684,3930160,4
ALL,7cde7799-ac8e-49fd-be50-e39b88216aa0,3940983,3
ALL,7ce10db6-a1e1-46be-bbc1-8c25f9b57a54,3930177,4
ALL,7ce19032-6a15-4236-8d8a-d8ae3f28a0db,3869420,0
ALL,7cf1cac8-6312-4775-90bf-684250a7f67e,3930181,0
ALL,7d064d5f-795a-47b8-b6da-6e447cca1878,3942226,3
ALL,7d11eae3-f984-4d43-9ef5-c8adbb5cd647,3930178,3
ALL,7d1b527a-448a-49d4-938b-76ff3fe2cdb3,3857291,3
ALL,7d1def0a-5df6-4937-a933-688eadaeccd2,3930184,1
ALL,7d366b62-68ed-44c2-8e79-9e7f52330e9f,3930168,2
ALL,7d37bb28-4b3d-465c-b160-97e569c72501,3857278,3
ALL,7d459169-fe80-4d8b-a602-d792a61e425b,3857262,4
ALL,7d486098-ffd9-4546-aeaf-dd27661d559d,3857259,0
ALL,7d4c5773-690a-44e6-8f95-5f84248194cc,3941021,3
ALL,7d581314-8f36-4ede-920b-5c5078723f9b,3857263,0
ALL,7d738f3a-5164-4467-81dc-5ad56a861633,3857268,4
ALL,7d753d56-23bc-497e-a8e1-7dddee82251e,3942819,4
ALL,7d8214b7-0ef6-46be-b26b-9fe768eecc77,3940983,3
ALL,7d9505f6-7c8f-4f3d-9c4b-4a25851d6ee1,3942227,4
ALL,7dbe0117-3f4f-44a2-aff0-ccd1c89fb63c,3930184,1
ALL,7dc5f050-62f8-40d7-ab90-584991046ecf,3869684,2
ALL,7dcd82ab-5c4f-40e9-b4c2-79bb27a95020,3857284,0
ALL,7dd48a74-9b4e-40fc-8c79-918588e07dc6,3857261,4
ALL,7ddabc4e-4ccd-4156-9f94-26bd9de6e34f,3930175,3
ALL,7dfb767d-4f12-4692-b6c4-34213bdc9b58,3938645,1
ALL,7e062035-9fef-48af-8b94-d9a6c31f8d5c,3930163,3
ALL,7e1d3a88-c7bf-4148-aa42-51255ea9a129,3857286,1
ALL,7e33e83a-d0cf-4c7c-b99b-7ded0ec96604,3857298,1
ALL,7e5d2cca-c85e-49e9-b30d-05d556df892d,3930181,0
ALL,7e748acf-3e8c-423d-ba71-2903a1dc4675,3857279,1
ALL,7e7f112c-c72c-4272-b267-af57352c3bc8,3938641,2
ALL,7e848974-f313-4115-a509-bc0edae26c26,3942349,4
ALL,7e8ed420-31b0-4cae-957f-aae4a9a7e23d,3857283,3
ALL,7e8fa767-1f9f-4a98-a573-74ec8dfc3d2b,3869254,4
ALL,7eb3af77-b15f-48df-82f1-f23291fbf629,3857295,2
ALL,7ebd63c3-fc3a-4685-b24a-56b4401bcc5c,3857263,0
ALL,7ec082df-c882-4398-b3e2-1730b988ee9d,3857295,2
ALL,7ecdebdf-e01e-4ff3-b658-4be3a60de89f,3943043,1
ALL,7eee40f4-9a50-498a-aa0e-10c1d6389aae,3938637,4
ALL,7ef68d51-afd2-47a1-8826-3bea8bab7ab3,3930165,3
ALL,7f05c6de-d8b2-495e-86ad-34fe9a4ceab3,3930174,2
ALL,7f11652b-c8d7-43b2-941b-b55d932b72f6,3930172,0
ALL,7f16e864-3306-48a9-a2a4-a196658e2079,3869684,2
ALL,7f17a6f2-eaea-43bb-b8c9-a8efd787014f,3941017,1
ALL,7f249975-5ff4-4f56-b7b8-fc6257ff3457,3857268,4
ALL,7f25f4b9-faad-4183-837e-7aa99f5f4385,3938640,3
ALL,7f271bd8-a939-4860-b92c-799d8984b25e,3941020,3
ALL,7f2c4c10-c0e4-4db7-b305-454adbd92087,3869321,0
ALL,7f2d9461-a2fd-433d-8f85-50d37c3eaada,3941022,2
ALL,7f3a785b-4ec7-474a-8e1a-4c9b25bd1c8b,3930169,2
ALL,7f407f2e-ef62-4f38-b578-62e7d093bd84,3857254,0
ALL,7f43e0a4-333f-4d7a-94a8-2ec3cadf032b,3857292,0
ALL,7f49e536-541a-4bae-9218-017da49ecd77,3930180,1
ALL,7f57bceb-ecca-449b-8254-ae85846b42da,3857263,0
ALL,7f59d23e-3727-4e03-8b66-36323118be19,3942819,4
ALL,7f68e70e-063a-4fe2-9782-fd64088c746d,3857284,0
ALL,7f73422f-7721-4f2a-9c8b-00115f92a5c0,3869420,0
ALL,7f78246e-bd55-441c-a25d-d0d100b70ffc,3857273,0
ALL,7f8d98eb-210f-4fe1-871b-38c3ba56d664,3857276,2
ALL,7f90df26-fae0-4691-b5a4-43d472ea2d13,3930176,0
ALL,7f97acc6-aad0-4f4b-854c-57319da1d016,3857273,0
ALL,7fbcf430-7d59-4867-a271-c034d9af44dc,3869420,0
ALL,7fc59152-4714-4e47-9713-de71833d8eee,3857255,0
ALL,7fddc02a-667e-4ba5-af5d-3c1b1d0115f0,3942382,0
ALL,7ffb130d-4c5c-4d4b-b60e-944b6f217ecd,3869253,2
ALL,800a44be-6217-4ab9-8f3a-c58ff44f1a3c,3857273,0
ALL,800c2624-026a-4c48-afc5-67092b2d10b6,3869253,2
ALL,800f6174-1454-4196-bbe9-3151c8c66d02,3857284,0
ALL,80199645-39d2-4cfe-bceb-bf718f7a18fd,3930181,0
ALL,8039367c-934d-4f60-82b0-465725c8c6b0,3857259,0
ALL,803a007c-883b-422b-acf2-4fcd1e9d532b,3857269,3
ALL,803fdc61-cc77-4bd3-ad3f-92c97f8f8eff,3857281,4
ALL,8044eca6-8a7b-4514-a148-3a7267a29268,3857281,4
ALL,8057ba91-1e90-41a7-82cd-af0b98ceec8a,3930177,4
ALL,806503fb-f79f-4c62-a2b6-d993d5d518fc,3869219,1
ALL,80805810-e2d5-4116-ba8e-2b85ab623e34,3938639,2
ALL,8086e444-047b-454f-849e-2914f8f18527,3857285,1
ALL,80908425-67a6-46a6-a0c8-b565ea67f698,3857298,1
ALL,8095ee64-e7a9-4632-993b-abe384ad5911,3857296,1
ALL,809f0c8b-c6a7-4968-8bdd-5380af4c3ae7,3857260,1
ALL,80a37b8c-6c72-4a83-a564-7b203941a75f,3857265,1
ALL,80ad73ef-5e8f-4d0c-8349-0bc5656e801e,3857299,4
ALL,80c8317d-d6e5-44ab-b42b-e9b565adb494,3940878,4
ALL,80e37de3-6548-4bea-9b6a-3b4450b5da70,3857258,2
ALL,80e918ef-11a9-430e-b44d-13cc0815a943,3869219,1
ALL,80f8fc08-1f9c-4ee2-8a70-557a91678454,3857301,1
ALL,80fe5d2b-9268-4eaf-a9c4-66f297016b4d,3930184,1
ALL,8116e2c8-e42c-4af5-9b67-5b25d54031ac,3857290,2
ALL,81265b36-b7e1-470f-ba53-66a056ec041b,3857281,4
ALL,812f22d6-e934-421e-8167-330400b967fb,3857284,0
ALL,812f88b6-c55f-465d-a7ff-80c69da72db5,3942752,2
ALL,81365bd0-f54a-4602-9519-24a8eb9c1138,3930179,4
ALL,8152a5d8-99ad-4e5a-a5ea-44b5ec07e097,3857261,4
ALL,8167a0fe-8c22-40e2-a177-1cea1d361373,3938639,2
ALL,817233ca-438c-4658-bf0f-81602450b169,3930177,4
ALL,818379ba-3796-4df3-ad43-5adfae2113d9,3857273,0
ALL,819301c8-8471-4296-9264-9e251f4d8151,3857293,4
ALL,81952bb4-c0bd-4a67-9ada-797952dba27e,3857255,0
ALL,81dfc9fe-c263-4cc9-b32b-3de4ba040833,3930168,2
ALL,81ea055a-d184-45a8-a619-b8858a6e5682,3869552,4
ALL,81eb4087-6831-427f-894a-aa6e92a99b05,3930172,0
ALL,81ed62d5-8706-42a7-9f5f-dbfd6fb0dc30,3930164,4
ALL,81fa1953-b87d-451f-b96e-c8f3d66a0ef6,3941019,0
ALL,82256b69-2a0b-48b1-9df5-31b3e148d91c,3930183,3
ALL,8249fddd-415e-4a68-85f2-96ee142a01f2,3857286,1
ALL,8256148b-18a1-4abf-847c-8354724ef3ea,3930179,4
ALL,825f2ed5-9ea7-4bb7-987e-f00f1ff46a2e,3938637,4
ALL,82679489-8948-4e7b-903f-0df7b1f905c1,3857282,1
ALL,82753404-e5eb-42cc-b2b7-1172d9ddff87,3930164,4
ALL,8277163e-c019-424b-9d15-fd6db9c9f4f7,3857256,0
ALL,8280b834-f3b3-4914-8940-167893562952,3930176,0
ALL,828ae2f8-917b-4036-9f9c-8952d473898a,3857290,2
ALL,82a53643-94d8-4281-8e4a-b62b1318df61,3857262,4
ALL,82ad0bc7-b359-48d8-9d73-4fcc59b365c3,3857290,2
ALL,82bad00a-abda-4999-9fe1-d2d3ee6f568a,3943043,1
ALL,82c29a02-cc2c-49cd-a84d-028607ed6ba0,3930173,4
ALL,82c69d36-c112-4153-86ca-3a17f0897c6d,3930184,1
ALL,82f4811f-2781-4152-9566-0a3cd69cafe7,3869519,1
ALL,82f6e36a-c1cc-47b0-b531-e5294497ed06,3930177,4
ALL,83004748-3731-43a8-a118-4adc90eebf9b,3857282,1
ALL,8305d359-016d-408d-a678-ebfa3b725230,3930174,2
ALL,8320476c-eb0f-49f9-9bb1-ca1666881226,3869685,1
ALL,832bdc29-9807-4bdf-8a23-52889d49fc3e,3857297,2
ALL,8338d61a-0cbf-4b1d-b283-3a546e29ee3d,3930167,4
ALL,8340c7ef-3d0b-44a7-89e5-25c8424c8c6e,3857265,1
ALL,83504351-dd56-46c2-9c24-a97eeaa01074,3857299,4
ALL,835b10b4-03d2-4c62-b4f3-242b1ed37e05,3857292,0
ALL,8376be79-1fe9-4dc7-8852-997b869192d2,3857256,0
ALL,8379fe04-36f9-4f4a-a559-c2650049e2f9,3942227,4
ALL,837fdbfd-4674-4487-bde9-80ffa2e3805f,3857256,0
ALL,838625c4-bea1-4263-9523-7c11512f5270,3938643,1
ALL,83866733-7515-4be8-bf22-503bc34ff5ec,3857261,4
ALL,83877838-a9b0-4057-82dc-63435a116674,3869685,1
ALL,8392ee30-147a-4178-b21b-34673851ef0e,3857290,2
ALL,83b3b969-6c73-45de-8df9-3f04f82ef228,3869151,0
ALL,83c237c6-fe31-42dc-b2fc-d07c1f8a4f05,3930181,0
ALL,83de9e46-1c83-41ff-b16c-8a74570dbfc0,3930172,0
ALL,83e85575-99b9-4f97-a3ea-1ade842954b9,3857273,0
ALL,83ee238f-266d-4885-b9d0-50015b9302dc,3930164,4
ALL,84048193-4ae7-4983-9330-8c2f796db10e,3869118,1
ALL,84075c8a-3a12-4a4a-8031-d4d7ded916b7,3857276,2
ALL,840c00fe-c85f-41ed-a4f1-260ccb75d52a,3869220,0
ALL,84235efc-b4e0-47c0-863b-e0243c1b2c85,3930159,0
ALL,8431bfe3-c0ff-4e7e-b09b-7d4679576d9a,3930158,0
ALL,844407f7-601b-41cb-bb30-32fc14940d91,3930176,0
ALL,845e05e2-5aa6-4237-8b8a-408787a5317f,3857299,4
ALL,84763131-2b1f-447a-9946-616906918177,3941020,3
ALL,8476afa1-92a4-4f50-85e7-0317ee0905b1,3930177,4
ALL,84815ce1-37c9-418d-988b-bee3b9be8bc5,3857255,0
ALL,8485a6bf-334f-4e68-8912-256c9d0268ee,3938637,4
ALL,84890daa-52d3-49d7-b277-8bf0328eac3e,3930179,4
ALL,8492d148-7826-44f6-90ba-5eb63b42ac31,3930180,1
ALL,84b08d1a-328f-442d-9d9c-0b027ad47a44,3869220,0
ALL,84b370a5-5b12-4db5-ad3a-c4d6a13d2bd2,3857267,2
ALL,84d5c0f9-2861-4c48-aa12-bf86b6c39ff1,3938640,3
ALL,84db291d-32e0-430c-8c23-ca888e9d441b,3857296,1
ALL,84eef102-c7ee-4261-bb79-75492ed6bd09,3857299,4
ALL,84fded9e-766e-4555-9f2e-a4e23cb619a1,3857275,0
ALL,851b4608-95c1-42d2-91a0-785d7bfded84,3930175,3
ALL,851cda78-dbc1-4b5a-afc8-b261ed55f38f,3942819,4
ALL,851cfb94-6046-4b0b-be60-e51dc4c3a446,3857272,2
ALL,85302933-1985-47ad-89b5-dec24ba310fb,3857288,4
ALL,8552ce46-dc93-464b-ad1f-d12b937a3172,3857283,3
ALL,85724f5a-b175-4692-848d-b8fa8c70fd78,3930180,1
ALL,857b7490-c6a4-482f-9ba0-d77e6179190c,3857260,1
ALL,857def2d-c78f-4268-ae5b-88244b38a989,3857295,2
ALL,859b5b6a-39d9-4989-874a-4db64b5ffb99,3930180,1
ALL,85aa6e41-14a2-46f2-adf5-a47933e772b3,3942226,3
ALL,85aa7e05-c6bf-47b0-a08c-147b0431f40e,3869118,1
ALL,85cda4e4-e98c-468f-a93d-b9c531bc33ea,3930158,0
ALL,85cf1d18-e2f6-4d67-907f-5e5e9dc3b7c9,3930184,1
ALL,85edadfe-1855-48d3-8356-886293727068,3857273,0
ALL,85ede76b-4e39-4103-9b17-2b499119e737,3941017,1
ALL,85ee0731-2c48-4bfc-9a6f-0c2eaa0dcea5,3930162,0
ALL,85f4afde-b5cc-4db9-883d-41ac1330e0a0,3930163,3
ALL,85f7bc7b-e4cc-44e3-8644-49ae08e3a3a1,3930165,3
ALL,85fbc181-63b6-4038-9f28-1f3208825c1a,3930163,3
ALL,860120af-6497-4995-8a17-6c8a64df4db5,3857260,1
ALL,8618362b-a119-4905-92f9-591a654aa372,3869321,0
ALL,862439c5-94e2-4973-82da-80469c32873a,3857294,2
ALL,8628b86c-956d-4660-99ec-ddbb678cf526,3857293,4
ALL,863461cb-a382-4336-b2f2-01ef99e04fd3,3857284,0
ALL,863b70a8-2f15-4ce9-8891-c0d9591842fc,3938642,0
ALL,863b898f-3db9-44a8-8f64-bee20d8399c0,3869118,1
ALL,86434e94-a80b-41ec-8a07-c0b5cae692d8,3857301,1
ALL,866fe3c9-486b-4acf-b076-baaffe796c53,3938645,1
ALL,867086ed-1d20-4854-9c93-9b55e793b303,3930180,1
ALL,8670eef6-0968-4e8c-a4f8-ebf8a75d6d96,3857279,1
ALL,86761322-fedb-4c32-9f3f-b7bf271eb27e,3930158,0
ALL,867689b9-f818-4656-bbd2-46ce773fb26b,3942382,0
ALL,867d279f-cd52-4f10-b607-172424552218,3869117,2
ALL,8684631b-415b-4cb2-bffc-b85b74369b0a,3857256,0
ALL,8689f6cc-dde0-4be6-b346-3989c783733b,3930184,1
ALL,8697e6b6-e82c-44c0-b533-44f637a297c6,3857288,4
ALL,86b60806-d7ba-4050-8356-3962ae277fda,3857283,3
ALL,86b6a30d-5b5d-40cf-8dde-2b9f2f2bb5b5,3857263,0
ALL,86bfc827-585e-428b-827e-d6c9190afe75,3930162,0
ALL,86c1324d-a589-4775-9c94-2a688d1d8702,3857260,1
ALL,86c48588-841f-43e7-97be-d185d50833aa,3869219,1
ALL,86c6be1b-7455-41e5-925e-9012ba9d3fa1,3930182,3
ALL,86c6de46-e94a-4ac0-80bf-aa8741ee49d1,3869220,0
ALL,86f121bc-11d3-4575-901b-e2c697f544f1,3930175,3
ALL,86f4e527-34fd-4f8d-8319-9e5c92306c83,3857265,1
ALL,86f6730e-efa1-4761-9841-9ca19ef58122,3942752,2
ALL,86f919af-753a-48fb-b91d-54be5dd3e22b,3941020,3
ALL,87016dbf-480d-4264-b811-c06281ef03b4,3930164,4
ALL,871975a7-00f6-47d7-a184-c41c5094aa41,3943043,1
ALL,871e3900-ce3a-4b03-9ca5-dd76ee8d90fa,3938638,3
ALL,87205936-23f8-4ace-beb2-59ed26612707,3930171,1
ALL,8727a936-7673-4b70-8cf3-eb23829d0cd7,3857279,1
ALL,873d78d7-bf27-428c-b352-a1d25b261e30,3857258,2
ALL,87758bf7-ba26-4115-9dfa-075201a929b3,3857262,4
ALL,87761133-eb36-4541-93b4-f9a9415577d2,3857257,2
ALL,87910bee-5dc3-49ed-b63b-759eb7044793,3869684,2
ALL,8799a66f-ccbc-472f-9fdd-fc0269ae4f12,3857272,2
ALL,87a6bc33-bbdf-4c24-b1db-83383a735eb9,3930180,1
ALL,87b0e70f-d159-40aa-8369-c22c09b6f5dd,3930163,3
ALL,87cb2a69-611f-481f-9562-dd071a22ed3d,3857291,3
ALL,87e34cc9-87da-4970-b3c5-2872b892b350,3941021,3
ALL,87e7a410-e4a1-4006-90b3-4aa109d794fa,3930169,2
ALL,87e8796b-52cd-45c9-8f4f-c905c0ee17b7,3869219,1
ALL,87ebe2b7-f350-4167-b861-adbabb34e2f3,3943043,1
ALL,87fcd8cf-bced-44a6-8f94-eb7e706fb361,3930159,0
ALL,87ffdb03-f9d3-4151-91c5-c0443d584743,3941018,1
ALL,8801f3cc-237f-4772-9e4d-ad80db5948f7,3869151,0
ALL,880fe5d8-11ee-4849-aed1-d464c5137ee4,3930172,0
ALL,88184208-b591-4afd-8ccd-2ec3cc289195,3869117,2
ALL,882a5556-56df-4d39-b243-45b7df9797f2,3869117,2
ALL,882b29b2-6e32-4e0c-8931-72550696c8b9,3930177,4
ALL,88320bbe-1507-4ce6-9f8b-3396dc732cda,3857292,0
ALL,8837db0d-2870-425d-983d-5c1f36fc72fe,3857293,4
ALL,883d622d-9670-4528-badc-3281aba2367e,3941019,0
ALL,883da829-e77d-42a2-bdfa-e0e917578ed4,3857256,0
ALL,88528203-53f6-4fae-8763-5a7f50cccd1d,3857261,4
ALL,88545b8d-611e-4132-a5da-50a524a672ab,3857300,0
ALL,88658e0e-88d6-40e1-b81f-80f997ed09d2,3942752,2
ALL,88ae885b-fa24-4e20-b478-15af800eb58a,3857280,2
ALL,88b9e0ae-b09f-471b-aac1-4f70d7e67e0f,3857263,0
ALL,88bbe771-847b-4aca-9446-4ac9cbf510b0,3857270,3
ALL,88c09a15-9574-44f4-abd5-57f9aa9a29f2,3857293,4
ALL,88d9da91-243c-4c25-bc17-a85c4c75e195,3857269,3
ALL,88daf221-0fd7-4e69-95a4-b17615a40c68,3930173,4
ALL,892ce338-3111-4c3c-8060-f07de57d501d,3857278,3
ALL,892ec91b-0d9d-4a22-82ca-defebaecc1de,3857266,2
ALL,8939bc7c-2714-456a-b80e-c9c2ba298b1e,3930179,4
ALL,893a8142-4c01-4543-9279-a024db716356,3857259,0
ALL,893cabcb-5e63-4bf7-beba-2ff25ce885b8,3857267,2
ALL,89484afd-ac0c-4653-b2de-03fc66679f1c,3857268,4
ALL,89507550-4493-4224-8dcb-46c4ddd2a9a2,3930169,2
ALL,89623979-12f7-4cf0-94ac-ddfa29149075,3930166,4
ALL,8964ad9e-2682-46b5-92ba-1240c5e9cf05,3857263,0
ALL,897df443-6fab-4515-9543-1d012d0126bb,3943043,1
ALL,8982cf53-6483-4a74-81ba-1229da13254f,3857263,0
ALL,89a35fc2-ab35-4d44-9547-ac71cbd903d1,3857270,3
ALL,89a8bf86-48f8-49f2-8b1d-ca6bd06c6b91,3930161,4
ALL,89b016c7-8b21-446c-8cfd-d8d0da0c44d5,3941022,2
ALL,89b16a36-61cc-4f6c-879c-5d61df55aa1c,3857287,1
ALL,89bfdc98-e598-46ed-a1af-8bdca331e42a,3857270,3
ALL,89c36783-669e-4af9-865d-ac70a2626e38,3930171,1
ALL,89c51480-e2ed-4a15-a214-5879eca54f9b,3930175,3
ALL,89cde55f-28ae-4f19-b5bf-c4d71513a3f4,3930162,0
ALL,89e52f1e-317a-4e94-a014-a944f1174e50,3857301,1
ALL,89e694e4-7e19-408e-bdef-e3b2a1c76a84,3930169,2
ALL,89f4a819-a949-477a-b6d2-1366a9064590,3857274,3
ALL,89fb34e4-6b46-4c07-993c-9c628533de80,3869321,0
ALL,8a011aae-d032-45eb-a5cc-ef68881d8a12,3857256,0
ALL,8a0f2b06-f957-4f50-b0ae-c5dc372a7df2,3857281,4
ALL,8a21db63-cd0f-4d96-bfd9-c5cb29b52aa7,3857274,3
ALL,8a248307-6b2b-4dd0-90b3-bcad9f0213cf,3857299,4
ALL,8a26f403-f7aa-4649-847b-9cb4dbec338f,3930171,1
ALL,8a391c76-7976-462a-a1c7-4e5b84dfeb63,3857273,0
ALL,8a51ee55-41d2-436a-8be0-a17f8dace607,3857265,1
ALL,8a5585b2-6374-469f-aa65-fe56ac4a3bb7,3930175,3
ALL,8a595829-6c5a-485a-922d-938117769aac,3857296,1
ALL,8a6f6a8e-dcd8-4623-8bce-17a7cb326ce5,3940983,3
ALL,8a7e9ed6-8ca0-4ee9-8403-6a553cb0147e,3857288,4
ALL,8a886067-10b6-441f-9057-da28375f1f5b,3857270,3
ALL,8a889e77-bd72-4477-8b74-18c35cc4f7ea,3942226,3
ALL,8a96071f-a88e-4751-aa9c-948d740c8e2f,3942752,2
ALL,8a9b5099-424d-4fec-866a-56000d24f717,3941017,1
ALL,8ac828fb-7324-4223-b4cc-c5c40d5dae0b,3857269,3
ALL,8ac93819-74c5-4e18-9c19-f46c63268151,3942382,0
ALL,8ad52cee-c107-4d42-b6b6-b17274b8d82b,3857293,4
ALL,8aea2def-bd71-4987-976c-415af46746b2,3930160,4
ALL,8aee344d-a162-4686-afdd-fa2967879961,3930164,4
ALL,8af1d539-13a5-42ab-9c5f-2f605c9305a0,3857287,1
ALL,8af4fc27-469b-4d3e-b47f-2ef435b28d3b,3857262,4
ALL,8b22209a-6b09-4e7a-aecf-42e5eb5bcbe2,3930183,3
ALL,8b224c2f-8555-4780-b412-8e2caaad88f1,3930174,2
ALL,8b233983-0379-4255-9f6e-0f16a7845a1f,3930174,2
ALL,8b24547e-619f-4bf5-8301-4854db987cba,3857269,3
ALL,8b2be2fd-72eb-4f53-8c17-4e6d23ff4576,3941022,2
ALL,8b2cd05c-df63-4234-b3e4-a02a9497f4db,3930164,4
ALL,8b4d5770-4131-4220-a18d-a4e6c103f873,3857273,0
ALL,8b5befb5-3529-4ea0-8789-b0546b91a59a,3930171,1
ALL,8b6f603d-e14c-4521-8ce0-23da7007d285,3869219,1
ALL,8b746731-fca1-424d-9df7-2cc60c544e69,3857257,2
ALL,8b75a44b-d145-447f-9280-e82cadfa43fb,3930180,1
ALL,8b85a43f-3ff7-48df-81af-f3063e3d2a15,3943043,1
ALL,8ba0dbd7-525e-4dc3-bc9e-30744895223e,3938639,2
ALL,8bb605d2-081a-4607-acd0-323a2434e977,3942227,4
ALL,8bd3af6b-e27c-48e7-8da5-d0cc6c2d15c8,3857255,0
ALL,8bdb1186-887e-4140-b254-baed7640b843,3942227,4
ALL,8be05f04-acf9-4ea6-b3d3-2fdf4c9a5e1a,3857283,3
ALL,8bf14956-39a0-4b4f-99ab-f8010f6f26be,3930166,4
ALL,8bfd7b87-e8aa-40f4-a59e-7a22e7c4c23a,3869354,3
ALL,8c05dbac-2a4b-4dfb-b56a-5a6742d45fd9,3857272,2
ALL,8c12bf59-7248-4467-87e9-29e734dc8a4a,3857277,2
ALL,8c413b7e-10db-4cdf-a9d3-d0a0cbc40cb4,3941017,1
ALL,8c4fddb3-d361-4ba7-ae9f-557f7e4ad270,3857275,0
ALL,8c5bab8e-e083-4fa3-8219-979a42627b74,3869151,0
ALL,8c61c4c8-9404-434f-9e31-05418fab9cda,3942226,3
ALL,8c829348-5e18-414f-a297-739e09b58e35,3857301,1
ALL,8ca704e5-efce-44ac-8490-183fbf9f13eb,3930183,3
ALL,8cacf87b-8b08-4e7b-b651-35f808a4d254,3930174,2
ALL,8cb461b6-274a-4373-bece-70b82a8eb0a8,3930174,2
ALL,8cb57931-9693-4d8d-9397-96897874869b,3857264,2
ALL,8cbbc622-f8ff-4e66-82f8-38dd7443c367,3930182,3
ALL,8cd19854-bc32-45fe-8b7b-b70cd51f9367,3857290,2
ALL,8cd6ec97-164e-4cb4-9622-bb8fa40871f4,3930158,0
ALL,8d0f4bc8-381f-45ff-b568-40d2b41e24da,3857269,3
ALL,8d24464b-567b-4166-b586-337fcee05e1d,3938640,3
ALL,8d32ec5e-b008-48ab-9251-48349d9e953a,3930178,3
ALL,8d33c44b-5c0f-4a67-a27e-0a09c457e3ef,3857258,2
ALL,8d451a75-9051-45f0-adac-17ca897e392b,3940983,3
ALL,8d5079af-b17f-42e9-9a6d-54450cfdb99b,3857299,4
ALL,8d630ce0-56c1-4302-ba26-e1b14a36d6e4,3857280,2
ALL,8d84eaa8-1350-4975-815c-c117bc966ff9,3857255,0
ALL,8d888af5-ac83-4fca-a5bd-b89f1c7890c5,3942752,2
ALL,8d91f772-0e01-4e08-97b3-a93cedd9f6b7,3942349,4
ALL,8dc1f1f6-2fcc-491c-98fa-fc1d74e399da,3857290,2
ALL,8dd10995-b928-4a64-afd7-374c5782ecb1,3930179,4
ALL,8de9237c-b489-4b4e-ba4c-4c751c97c6bf,3857296,1
ALL,8e0354f6-d020-4281-a624-2da0644a877f,3857277,2
ALL,8e1323c4-aa4f-473b-b506-d5e5fb0da5d5,3857272,2
ALL,8e133c95-5529-4a9b-82c1-900db40588e3,3857299,4
ALL,8e1a9785-7788-4d3e-b0c2-88b41605c457,3857290,2
ALL,8e1cc49d-9606-4dc5-833e-b00cc8999207,3857289,3
ALL,8e25ba14-5692-41da-bf0a-b5aaa05d45d3,3857297,2
ALL,8e47cc04-321c-4504-8d0f-98d8038f6060,3942752,2
ALL,8e557be0-c55f-436f-98d0-0f4f22206a9a,3857262,4
ALL,8e7f643a-6384-4ed4-8f19-2cd8bdc229cf,3857269,3
ALL,8e928541-8df5-454a-b7f2-0b403ccda18d,3857288,4
ALL,8e98c1fb-6660-4ec8-a80a-11ea1d47dd3f,3869220,0
ALL,8ea80347-0efe-4dd9-b376-8922b6f2061b,3857281,4
ALL,8ec1480f-e64c-4d64-8e3d-94ad20ef5294,3857291,3
ALL,8ede0b81-0836-43c7-91ed-f040144ebcb3,3857257,2
ALL,8eef34bb-3ccc-4135-9b21-b50092100f70,3857260,1
ALL,8efa1695-5dbd-451c-9cf3-04dde37564bc,3930169,2
ALL,8efc0703-9375-40db-b6ea-b0c9d9ef394f,3940878,4
ALL,8efda3c9-c133-4c45-8570-c514b2d34d07,3857283,3
ALL,8f026106-b608-4ab0-9966-78ab8aaa41d5,3930184,1
ALL,8f2d5b3d-5884-40de-ab55-adbab6668b6f,3942752,2
ALL,8f2da71b-fff7-43c2-a68d-44ace31f2733,3869220,0
ALL,8f32df52-749f-4fff-8b79-887c981363bc,3938640,3
ALL,8f356fc9-1cdf-4070-9dc8-4c1c2ecea08f,3857262,4
ALL,8f40fe73-42d3-4c85-ae3a-aba357d8c400,3942227,4
ALL,8f4223d7-3d7d-4f62-96fe-62f7b94a4695,3869685,1
ALL,8f675349-83a0-4719-9a5a-4c490c72af9e,3930158,0
ALL,8fbb06d4-9983-4265-988e-d8b0b6374e9a,3869552,4
ALL,8fc1a824-3584-40ce-8a34-03d30f1a7b07,3938643,1
ALL,8fd13966-f938-4315-b86b-f84b46a72630,3857262,4
ALL,8fde4635-a37d-49db-9fe5-474b766f0de3,3857286,1
ALL,8ff2edb6-578e-4abc-aa44-9be997893c49,3857288,4
ALL,8ff69963-ba63-45a3-99d4-ab9f2ab103b7,3857276,2
ALL,901728e4-dc50-4793-aa11-6d2988f8f6b3,3857257,2
ALL,902fba39-e5d0-4f7b-8d00-b21ba40ba0be,3857278,3
ALL,9083e6a6-ca98-46b6-9c4c-de147c96544f,3930177,4
ALL,908f85eb-9c39-4b29-9f14-5ae9ee354139,3869519,1
ALL,90a6bc00-479a-486f-91c0-9e3c8d2e9bd1,3930175,3
ALL,90a9579c-6259-4bfe-b051-b847999d9c5a,3930184,1
ALL,90ae9c56-6c96-481a-a99f-eef483e00b65,3857287,1
ALL,90b1bf93-52c6-49d1-a82c-d69b1ccabad6,3930179,4
ALL,90b2ce35-912b-4385-bcd5-bca50a1d9349,3857276,2
ALL,90b4423d-238e-43f8-af3d-2b3c924756f0,3857287,1
ALL,90bb3257-5644-4c3d-8691-0e0edff34271,3869151,0
ALL,90c32b23-b020-46cc-98d5-a659b72d9623,3857268,4
ALL,90c35027-b096-490a-a483-54e482eb080d,3940878,4
ALL,90cdc53a-b15d-4758-91f7-6f6266f52d0e,3857265,1
ALL,90dceb54-ec9b-4bbf-85b8-e109fe10f7f8,3857286,1
ALL,90dd6dde-2787-4916-b525-534f3f624350,3942226,3
ALL,90edbbb5-3f3b-469c-9953-0f5858098b2c,3857301,1
ALL,90f4bb1c-a52a-4be6-bd6f-554fa17aff0b,3857255,0
ALL,90f77f2b-8499-44c9-90ba-632baa79ced6,3857280,2
ALL,910858ea-961a-4f39-89dc-9f9ebcb0f047,3930160,4
ALL,910be496-ce7c-44b1-9da6-a1c0fe0e7ef3,3857280,2
ALL,912d1810-0bb1-46dd-a8fe-e70fd4d1b6ff,3869254,4
ALL,913cec5e-d3f5-40f0-a4fc-f840901e3d6c,3940878,4
ALL,913ed2e8-1eba-4ba2-94c3-1d9d0083ffd8,3857277,2
ALL,916da11e-0046-452c-8078-8126d4f3809f,3941018,1
ALL,9181aac6-0597-49ea-8879-4ecaa1cbb498,3857263,0
ALL,9184c226-f17d-46a0-a2a1-c45e2457a329,3930164,4
ALL,91b65ed2-bb18-4cb5-8646-90d76de5460c,3857290,2
ALL,91b85e49-9ed3-423f-b57e-e4e00214573e,3869152,3
ALL,91b8d355-bf40-4f4b-a942-66bf71e3a51f,3869118,1
ALL,91c19b54-8405-4f7a-a6be-6089713d2bdc,3857301,1
ALL,91ce88eb-7945-42fc-9613-441fe2c132ed,3869151,0
ALL,91db6df5-ae13-470e-b835-a75a039e6a25,3930168,2
ALL,91de1997-7ea3-4370-a21c-dbf5b00c3bfd,3930176,0
ALL,91dfef0b-45b4-4735-81d4-6e1ec20b3fdc,3930160,4
ALL,91ef3ab3-5170-4b6e-9b59-98cf97d5c69e,3930159,0
ALL,920cd0da-b017-42e1-ad20-381e691db8a1,3938639,2
ALL,922bfb03-cc3e-4acb-aaea-66dfc6836559,3857268,4
ALL,923db234-1fc2-4caf-a037-23e6737f4280,3869519,1
ALL,924ba56a-9dd8-4bbc-b7aa-e4461f7915fa,3942819,4
ALL,927955b7-1608-4371-bd39-7401f12cd3c9,3869151,0
ALL,92ac0ba7-c5b4-4191-abd0-e8cda695fc02,3857284,0
ALL,92afb740-caf7-415a-adce-3db3c9cb8e22,3941017,1
ALL,92b88f40-7935-4373-8e80-55ec239d2feb,3869220,0
ALL,92c03e09-f15e-492f-bdd1-5f6d5fec5f02,3857261,4
ALL,92cc5880-c5a0-4e88-8daf-52abcb5c7595,3930172,0
ALL,92ccb4f9-3bd7-4d83-aca3-15b3be8e38a0,3857297,2
ALL,92d91bc7-cca1-4c8a-b125-44c1500e02d0,3938644,3
ALL,92eee60e-4b90-4f58-aac1-95f32dd92d70,3930180,1
ALL,92f5a999-ca61-4c9a-a24f-d22f6ae9c2a2,3869519,1
ALL,93214ff5-ed79-4957-bcfb-d035741f2454,3857280,2
ALL,9330163f-2c41-4e08-b609-4e4d30059657,3857277,2
ALL,934a7c53-c921-4c0a-81e3-853cef6fb13b,3857256,0
ALL,93534ed9-44ba-41d1-ad51-37b5687bcfef,3857292,0
ALL,9378e40c-6aaf-4348-99ce-29b9fdcfe01d,3857286,1
ALL,939df441-23d4-45c1-8031-5c3374bfe9ba,3857289,3
ALL,939eabc3-0edc-4122-811b-5f56cb5ee603,3869152,3
ALL,93d3c37a-0834-42b2-bccc-42e8a5ffefae,3857289,3
ALL,93d9ae7d-3ec9-4761-980e-79bab41042c4,3857273,0
ALL,93e2619d-24b9-4810-a696-bf15ecc7032a,3930180,1
ALL,93fa2985-3bb2-445d-b03a-2995fa2fe28f,3941021,3
ALL,93fdb885-c5a0-40e8-9c91-08671f049aa2,3930177,4
ALL,9416f9cc-5d4b-42ca-9596-689ccef1634f,3930167,4
ALL,9420df24-f1c1-4fcd-bf35-603a4541e2d1,3930184,1
ALL,94387d22-8909-49e9-b64d-dadb270f1e25,3930167,4
ALL,94411b28-33ee-4588-ba66-9ab1f764ecc0,3930163,3
ALL,946ebcd8-1b88-44be-9d39-94ddce0afaa7,3930159,0
ALL,94917394-328d-43a4-b477-6b8d68d558d5,3869253,2
ALL,9491ff57-0602-4dd1-a621-f544154583c2,3857270,3
ALL,9497f58d-5c3a-48ab-bcb4-cd7b66205116,3938640,3
ALL,94bda17f-1187-4ad7-8e27-c0a5c7671956,3857284,0
ALL,94e51a0e-8ff2-4f96-81cb-def3f71c2d6c,3857254,0
ALL,94e52cad-58b3-4ee9-a7e0-bd34ca4b06f9,3941018,1
ALL,94fb8bb0-611d-4691-a5a4-7d4d12424bf4,3930164,4
ALL,950a2ff5-5d5f-49d2-9cbc-62a51c29957a,3869354,3
ALL,950c0571-44d2-4c41-8cb5-290b22f2cf5a,3942382,0
ALL,9511877d-1542-4e09-9843-8303899ad58b,3930176,0
ALL,951cb6b3-2829-461a-8663-94be4f6ea254,3941022,2
ALL,9523b52e-5053-484c-937c-a41ec7e2b487,3930184,1
ALL,952b8246-3e08-42ca-8f48-e3710bb862aa,3869321,0
ALL,9533fd8f-5822-41a6-9a47-12783a39fa32,3930164,4
ALL,95512e0d-f116-4c24-a2b1-022f63528f03,3930160,4
ALL,9557e06f-7c5b-46d9-976e-68a877fa3bbb,3942226,3
ALL,9558078f-aa37-4f40-a483-0bf43dc479f7,3942382,0
ALL,9562917f-0f43-44d4-a87f-4ce3c164d6b7,3930174,2
ALL,956a5f53-ef2b-4c72-90df-c542a0e2e023,3942226,3
ALL,9579cf13-15c9-4c8b-9a60-6379d703c298,3930178,3
ALL,9579fd5b-bdcb-4c2f-99fd-a4da0584a7b8,3942382,0
ALL,9582b7ad-141c-4b9e-82d8-8fd37b3871bf,3941022,2
ALL,9592b293-826e-4a56-b4e2-1f2ebe13496a,3869684,2
ALL,95938366-6031-42f1-ab6d-7392b519660c,3930164,4
ALL,95a00bf1-c240-47cb-be91-07e013f63202,3857290,2
ALL,95af33d4-4613-458d-bd4c-fe7e5f940f33,3940878,4
ALL,95da8424-526a-4fc4-a2bd-2f4bf49d4f20,3930173,4
ALL,95e9edab-25f7-4f10-989d-0d74531643f3,3930171,1
ALL,95fa4bb3-fe6d-457c-9b6d-c3d3debc1c09,3930172,0
ALL,96078fd3-0f92-4379-b65e-2a301d26d780,3869220,0
ALL,9609368e-971c-4dcf-935a-54ce9e943ea2,3930164,4
ALL,9610f044-5884-4011-af9a-8c2db2eb628b,3941018,1
ALL,9613b2d5-f9dc-4561-954e-bb43a16eaa0d,3857269,3
ALL,961747b8-7064-4f23-a69a-22797ef63c40,3857276,2
ALL,9643046b-d1c0-419e-970b-25709ab27c94,3857276,2
ALL,967c6813-b479-4d09-8fe9-80b7005b6d84,3930176,0
ALL,968f6960-be7c-4d88-b311-a232263b1c17,3857262,4
ALL,96909c1f-bf3a-43c5-abf0-c462df90f562,3942226,3
ALL,96b9f524-d60f-44c2-93e5-9639502c15b4,3938643,1
ALL,96c3d5f8-49f6-412d-8fec-d5075512ba95,3930161,4
ALL,96c90177-6557-4348-b9c2-639fc8770650,3930158,0
ALL,96cca119-0c89-465a-a615-2acf721e8e43,3857257,2
ALL,96d707aa-7903-434f-b58c-0cb3a389fb92,3857297,2
ALL,96e6a7ef-22ee-4e2b-bb21-bccc8692d179,3857258,2
ALL,970d6c4a-887d-43ab-bdc0-3288835a8672,3869420,0
ALL,9726170b-3535-4639-8a51-df0c0767f4be,3930159,0
ALL,974aac48-d3aa-4947-b9d8-b1c3c5a7ed40,3857273,0
ALL,974c4967-b34d-48e5-9ac7-7a84fbe6e1cf,3930176,0
ALL,97510d6f-0d5f-4fe0-bd40-fb4be5f9e3e3,3942227,4
ALL,976c267d-a610-48c4-9271-8fd8428b58e5,3930171,1
ALL,9798d82e-0dcd-4351-a735-2d3c403c3b60,3930175,3
ALL,97c0903f-45ac-44a7-a6fb-ea0c7cf841c0,3930163,3
ALL,97c3db0f-758a-4b15-9bdd-815e292a8929,3930171,1
ALL,97c97bb3-703a-490e-a8a1-1d80a82f839b,3857290,2
ALL,97eee6b2-6ef8-48a3-9a1a-65f76098ca92,3869685,1
ALL,980a7935-1d5f-46e9-bc51-d1d1dbb97404,3930173,4
ALL,9810ab27-dfa7-445d-85c0-a0fc5ba899b2,3869354,3
ALL,98131cda-e81e-4e7e-83fc-d02fa9cf58c4,3857283,3
ALL,9821bae7-09ee-4274-b0ec-79c760fd603b,3930161,4
ALL,98291765-0626-4e19-af1a-aa38cc5b49fd,3857265,1
ALL,98442be0-be64-43df-8522-b2463bf956ff,3930166,4
ALL,985337d9-800e-4720-89e9-71267cec6353,3930164,4
ALL,98620191-5977-4b52-a38e-9ac21d499d65,3930182,3
ALL,9866cdf6-8788-444b-ac8e-052283b78008,3857264,2
ALL,9870da58-ce5d-4db9-b999-bf50f222dd3d,3857274,3
ALL,987b462c-09d4-4e42-9517-d2762b111bea,3930175,3
ALL,989648a7-ae67-48fd-876b-ba5b65764ef9,3857278,3
ALL,9899d5ba-ff08-4520-b7da-ed8baa51bbfe,3930169,2
ALL,98aa2451-aacf-4288-a6cd-6cbfc4cd4b2e,3869552,4
ALL,98b96996-a435-4163-8908-2e40e357f7a3,3930180,1
ALL,98be5443-30f5-4df0-b17f-e76d48c33b2d,3942752,2
ALL,98caec10-844c-42f4-96ab-f428d22db135,3857260,1
ALL,98cb0119-350c-4715-8590-e0cbcd70844b,3942227,4
ALL,98df1bea-57ee-481e-9fb6-2b9e21b3e892,3869118,1
ALL,98e899dd-59bf-4036-899a-db1250c9fedb,3938643,1
ALL,98f205b7-aaf5-423c-be66-a51abfd516d6,3942382,0
ALL,990739e2-6c8d-46ba-ad58-e9ee5e509ccc,3938643,1
ALL,9914dc66-9ce6-4478-9d0a-b4cdb726de47,3930178,3
ALL,991d3b43-fb9b-4456-a152-c810d8ef2fe0,3857289,3
ALL,991ec3de-38b3-422d-b10d-5f59dca413a0,3857272,2
ALL,9928ff5b-1c6f-4508-84d0-38044181ae11,3938638,3
ALL,9946cd80-3340-4c93-b413-d60afcd76047,3857260,1
ALL,995b37f0-50de-45fb-95c7-4be85d0d8f87,3930172,0
ALL,995d5795-6ce5-4f35-b8fa-f734f6babcfb,3930174,2
ALL,99626364-8c26-41b0-913d-5e9958a474fb,3942227,4
ALL,9967d07a-b928-4f1e-a602-bb8cee2b69da,3930179,4
ALL,996f5de2-5a6b-4f00-b39f-b2a4f737f52d,3930168,2
ALL,996fe5b6-05ea-4ee7-8eb9-954830a0c819,3938644,3
ALL,99743bc7-a8c2-4354-8c1c-4b4f0be093d1,3857281,4
ALL,99760484-583d-4585-bc68-43f12b00695a,3930166,4
ALL,997bc4f0-edb0-4658-8750-128f65f45add,3942226,3
ALL,998b8d06-42f7-4bfb-a329-12b526a054fd,3930184,1
ALL,998f9892-c36e-4518-b0fc-880d41d1d20f,3938637,4
ALL,99b2bcd6-a20d-40ba-8503-bca692bb14ce,3930164,4
ALL,99b5329c-cdb4-481c-9831-91ce5a79744c,3869219,1
ALL,99b5e015-0748-4c49-b786-2f8ad3ae1006,3938637,4
ALL,99b76e4a-707b-40f4-abaf-c7a37f6b91f0,3857271,3
ALL,99ded5a2-8695-4a18-abca-79fd7b200246,3930178,3
ALL,99e5dfe7-ae23-44b0-930f-dd57e2090b5c,3940983,3
ALL,99f09d94-8be5-4b79-ae87-64d5312ad295,3941022,2
ALL,9a0143ab-3f23-4c9b-863f-f5cd00aa5d12,3857261,4
ALL,9a07792a-3570-4c6f-9da6-6f066ad01d22,3938643,1
ALL,9a1309db-d797-4422-8a54-9d56ec20802b,3930182,3
ALL,9a1a96fc-c4ce-42a2-8223-dec14788286c,3940878,4
ALL,9a1d98a9-cd39-441a-ba38-a06381218800,3857292,0
ALL,9a1e6349-49a9-4e39-b1d9-2e781aa5f8c4,3857288,4
ALL,9a2f57b1-6b18-433b-bc5e-a1aced301d38,3942349,4
ALL,9a31539d-b1cd-49d9-9210-95e2f3d58974,3869321,0
ALL,9a4e91d6-47a5-4fdc-9a06-ffc930cd9180,3857290,2
ALL,9a639c7f-f19d-4f72-8f8c-dc933bcb2673,3942226,3
ALL,9a8506d5-e3d6-4a51-8efc-44f3e0460f44,3857294,2
ALL,9aa30add-234f-4b21-b3c9-b03b606add9d,3940878,4
ALL,9aac480a-2990-4c7f-8ce5-c5a73aa84b9d,3869254,4
ALL,9ac16fc8-bd11-4b9e-aa0b-e8213a5ee7db,3869253,2
ALL,9ac3c858-9297-440e-9021-61ea986224b2,3930182,3
ALL,9af59394-0735-462b-aa68-8c1d079d9ec5,3930178,3
ALL,9afba7cd-bfad-4e17-851a-fc7de93d1fa0,3930181,0
ALL,9b10b623-9f10-4945-b859-958632f862c6,3857259,0
ALL,9b156c3c-45eb-400a-8469-e51274c088af,3869152,3
ALL,9b17d8bd-3c7b-4a28-a898-f0bf7c4f45b1,3930180,1
ALL,9b27e050-233c-40ae-8d80-01fe789d3ae6,3930171,1
ALL,9b2cf386-c643-48f1-8641-c3038ad3fb07,3857291,3
ALL,9b3f5241-0e1d-47a5-bc81-bc83135e10f9,3930169,2
ALL,9b4a9b52-8396-4c79-bddc-dbeeba846bc8,3869220,0
ALL,9b62c456-8c38-4872-a891-4ad8e3459a52,3857262,4
ALL,9b67b571-cab5-46b3-80fc-73d68dd8fb75,3857258,2
ALL,9b6bebe2-ce31-4797-b15c-d31738fe9d9a,3930184,1
ALL,9b6eb8b9-f702-4d77-a850-f70b761078cb,3938644,3
ALL,9b7b2b67-44c0-4f29-bfff-9f829e81c5bb,3930176,0
ALL,9b7d543f-e137-4058-bca4-d7b171d1ed8a,3857279,1
ALL,9b86e9de-2b03-48de-83ea-2ce8e17a1977,3857278,3
ALL,9b873eb9-db28-4710-8cc4-7f40fb538dd0,3857274,3
ALL,9b93de5d-e6aa-45d1-b407-b060081a31b6,3857280,2
ALL,9b979c95-2e9f-4054-bb57-1d0fa7e0659b,3930180,1
ALL,9bac8fc0-d71f-49cd-9c8c-48f329331931,3938644,3
ALL,9bb4de6a-e89c-433c-b458-2ea3fe7c208f,3857258,2
ALL,9bc2aef7-2491-46e6-99be-c1a96db79b24,3942226,3
ALL,9bedca4e-ee35-4b88-91d6-91a986fe5bed,3869117,2
ALL,9bf5cb54-5b72-4956-813f-d314efe33a87,3942227,4
ALL,9c080510-b288-4b71-9225-fc4b3af926a0,3869151,0
ALL,9c08922b-52ed-4e4a-bf6d-50f38e3b4b06,3930179,4
ALL,9c0bb77c-7f8c-4afe-86d1-dc9bdab7b916,3857270,3
ALL,9c1e26f7-5fb0-4d20-ba07-bae0e30920f5,3930178,3
ALL,9c206d1f-b4f3-418a-8e0e-d6dedfb9b274,3930160,4
ALL,9c235d2f-1b92-4a16-9548-630ff6b00ec9,3930171,1
ALL,9c33e6c9-722c-456a-a5a5-dc5a34161aee,3869220,0
ALL,9c3c5a20-f72a-418a-b116-8c836038bd55,3857274,3
ALL,9c3cb2f5-f7e5-478b-aed5-90a06fb22df1,3857282,1
ALL,9c586b69-8985-4191-8c68-037abce770e9,3857296,1
ALL,9c76ee3e-1de5-46ae-bbd5-cfb8ef59fffc,3930161,4
ALL,9c7bd4e7-ba59-41ea-aa40-b16517e563a0,3941021,3
ALL,9c817594-d61d-41ad-a404-5aad3231e33d,3869321,0
ALL,9c902096-210f-40a1-adb1-38c815d0778d,3941017,1
ALL,9cb00058-99c3-40fb-9b6f-d872888f3081,3930181,0
ALL,9cb9aee8-af9b-419b-a5ed-46f5dc1b2534,3857276,2
ALL,9cbb89a9-e414-4159-9e48-2c25553c6c0f,3938643,1
ALL,9cdca2e4-8df8-4ed8-868c-77d6b3396c5c,3930158,0
ALL,9ce0bbbe-fbb4-40f7-a090-3d6070933e6a,3930166,4
ALL,9ce43f45-a449-4f69-9c2f-53b4fcb18638,3857297,2
ALL,9cf823e8-90c0-4065-8065-2e6247609f66,3857259,0
ALL,9cfd5e0a-6146-42cc-b6ec-2c9580720c1d,3930181,0
ALL,9d15f13d-b440-4074-8f8d-5d16907884bc,3869486,1
ALL,9d1f8954-1e66-4b43-82d8-1d35b2decef4,3857263,0
ALL,9d28310f-c0c3-41f7-bad8-29c9c011efe1,3940983,3
ALL,9d43766b-0840-438c-8187-82a67924f24b,3857298,1
ALL,9d5c7549-ea32-457c-b2bd-8923e47d57d0,3857282,1
ALL,9d68d425-b3ff-44c0-8325-f9bcbb993afb,3857287,1
ALL,9d6b5897-0a2c-44ac-bcb1-73ad54959815,3857265,1
ALL,9d9230b7-3b60-412c-b91d-781970368d29,3930177,4
ALL,9d92c75c-7e4e-4b23-8d1e-e0673e0ddd72,3930159,0
ALL,9da1adfb-981b-4113-932a-b2fa7df5b168,3930182,3
ALL,9da7b3e2-724b-4d21-bd71-99f9d444626e,3941019,0
ALL,9db0aa32-ffa2-4a19-a6fe-06568f882c6d,3942349,4
ALL,9dd3118c-c429-47da-b33d-35d5df0aa226,3930184,1
ALL,9de4509d-bf64-4c47-8469-fb2bfe6a3973,3941017,1
ALL,9deb336e-073f-41c4-8ae1-bf46c48cd2bb,3857282,1
ALL,9dede759-3509-4cb4-8a4f-e3fdc3a9594b,3857273,0
ALL,9df3ae81-9592-43cd-b44a-6fec2d8cb073,3857265,1
ALL,9dfb6039-6df9-4a15-b3b5-7a2e8bc2d1c8,3942226,3
ALL,9e07ff9b-5384-459c-9918-6c15e5e872ab,3930160,4
ALL,9e093482-5ba9-45b2-ab9f-d26e3b56ca7f,3857270,3
ALL,9e2cd244-9eb2-436c-abba-7398b6a973f4,3857279,1
ALL,9e307577-00e4-4d15-bafd-4a8fbf9f6d55,3857286,1
ALL,9e36702b-52fd-4471-8755-eb0a3b39716a,3857292,0
ALL,9e5160a2-0365-4dee-a70b-795da661c809,3869486,1
ALL,9e532597-d2eb-4f2e-8d59-2a9e3ce87018,3869152,3
ALL,9e7c6538-a2de-4320-bac5-43061b03ef85,3857297,2
ALL,9e7d4081-2230-4b76-af41-3b00d2cd6ab8,3943043,1
ALL,9e890989-e3e5-454a-9cb6-b2d909d902bd,3930160,4
ALL,9e93ba77-9c78-42a9-8506-da85a7fe00b5,3857280,2
ALL,9e96a6f4-9437-4d15-b337-8dc62b3ba508,3930168,2
ALL,9e989b0e-3f70-4cf0-bb28-7a704233ebce,3941021,3
ALL,9eabff92-b1e8-4865-97e8-34a956f773c0,3857267,2
ALL,9eb537f3-0e34-4d0e-a4b6-dc2c880893dc,3930164,4
ALL,9eb95ec0-f03e-48cb-9322-01dd0da58811,3857291,3
ALL,9ec6eb94-a2c2-4a96-b9a5-3f782446abc3,3857263,0
ALL,9ed30f2b-0db1-4280-a946-abfd58d17dd1,3940878,4
ALL,9ed33798-1089-48bd-8120-8436b7e68be0,3869685,1
ALL,9f01e919-ce61-46b3-8af5-f888e84eb135,3930182,3
ALL,9f1ceea4-f04c-4651-82e4-06e2fd9c5ea3,3930167,4
ALL,9f272ba5-21f7-4b31-ba19-bdc84082c5f9,3857254,0
ALL,9f2c6dc3-e8b6-49c9-8df6-afb0a7b08aff,3857261,4
ALL,9f5109d9-3397-473d-b7fa-9124ac7b826c,3869117,2
ALL,9f55422b-aae2-4bc1-814a-8865ace394d1,3869253,2
ALL,9f5c7804-b018-4146-9430-72215588f86f,3930165,3
ALL,9f66c42b-98ef-4fe2-bbbd-c3213c5d7563,3857261,4
ALL,9f78d8d4-b0b2-4a85-8d5d-b2362c1b233b,3930171,1
ALL,9f9492a8-270d-4748-84c5-34a7682a0507,3857284,0
ALL,9f9d9bd5-6c3f-435b-bdb2-bd7f0199696e,3857299,4
ALL,9fad9a64-3a1e-41da-8f4e-b4ebf1ae037f,3938642,0
ALL,9fb3926c-4a7c-4337-86f1-9a1fb3d5f345,3857255,0
ALL,9fbbd6fc-d68f-426f-9754-5fbc2763a692,3930165,3
ALL,9fc8ec61-4705-4a74-9612-5faaf4223d52,3942752,2
ALL,9fcbcf02-1d7a-46f8-a906-005fa4bc3570,3857258,2
ALL,9fd1d389-fb20-4767-a584-7ab82f206b20,3930171,1
ALL,9fd8b7d2-10d7-4d8b-974f-e180bb42a6ba,3938644,3
ALL,9fe501ed-d437-4b34-a957-3ddc3503cfed,3938641,2
ALL,9fe59e32-8363-45e4-90f8-fda9e45c25b3,3857285,1
ALL,9ffbf79d-630f-4674-ab7d-758c1bdd716d,3930164,4
ALL,a005bf69-6177-4b6f-90e5-bc8cb472d87c,3938645,1
ALL,a009d859-960c-4aff-ba93-48adf2387f71,3857293,4
ALL,a01b9e53-bb6b-4ad2-9844-61e458400939,3930166,4
ALL,a02132ee-4a49-4aee-ba7f-264176cf1284,3857287,1
ALL,a0235de2-e9a9-4762-8163-9796fae67230,3857256,0
ALL,a0445ead-aec0-4995-9c3d-7654f59b8cba,3857259,0
ALL,a0525edf-7cbb-4e94-916a-8f956333a439,3869152,3
ALL,a0547f45-0dae-445c-bbb5-c05743ab48f4,3942226,3
ALL,a05c6241-4a48-455b-962f-ddbc17df858c,3869253,2
ALL,a06d7610-3246-4aad-abb0-cb94e8e80c94,3869519,1
ALL,a06eca6c-7c56-4a60-a396-190940846233,3930160,4
ALL,a08a4505-474a-48ad-9eb7-429b30b70032,3938645,1
ALL,a0cebe5c-e75e-4051-8382-93c1d5499da3,3930172,0
ALL,a0d03a16-902c-4d72-b91a-3b9763776781,3857263,0
ALL,a0d5b01e-47cb-441f-9260-f844a159653e,3857292,0
ALL,a0dee871-984e-41e3-9ecd-1e34a1604e58,3930181,0
ALL,a0e7040e-d654-4d6f-95f4-3ba157263c09,3930170,4
ALL,a0ecbc57-6c84-45e4-a37a-f78e319374c6,3857262,4
ALL,a0f383c6-e3e5-45fe-92cc-2f7cf0b91222,3869151,0
ALL,a102d76d-397b-436b-ae37-472ee12cf2d4,3942226,3
ALL,a10c04b8-7729-49b3-99fc-5e1cc7e7a4f8,3857259,0
ALL,a1118690-aadc-4be8-b0d8-e50ffffd7c8f,3857295,2
ALL,a1279de9-7594-4a47-9dec-d56bd76fbc46,3930174,2
ALL,a13c304a-53d7-4eb7-834c-ff42a3f66b54,3930175,3
ALL,a142f890-eda4-4b60-a2cc-3575fcfadfde,3857255,0
ALL,a14d45ad-251b-4c86-afec-6fca5aa60d07,3869118,1
ALL,a15045ef-d637-4b9c-996d-86fbb0a6fed8,3943043,1
ALL,a157eedd-53f6-498c-835b-187a752a6d91,3930159,0
ALL,a1756790-0349-4a05-a570-b613189d9810,3857264,2
ALL,a1770a34-953c-45eb-85ef-9dd759c042ca,3930174,2
ALL,a178113d-6b9a-4f0c-a85f-e06f0a84a0b8,3857261,4
ALL,a182c5d6-c5f1-46c9-8c4b-d604a55c8805,3930163,3
ALL,a19a8c40-5169-4125-b824-c1954140ab09,3857294,2
ALL,a1a730e5-6e40-4d40-8f85-1f46511c6902,3941018,1
ALL,a1aede69-8f40-43e3-8f59-1fa4c7cc22a2,3857271,3
ALL,a1b114c3-e24a-458c-97d3-fe344da5c9f3,3857294,2
ALL,a1b60461-41b6-4571-a957-7ad6f932a3e4,3857282,1
ALL,a1b704d0-8b35-4d44-b514-cda29b4c9133,3930184,1
ALL,a1d4cb11-046c-446a-8162-67f364438c85,3942382,0
ALL,a1e3f630-79d0-4f85-9c49-8c9b4e3fcc8e,3869219,1
ALL,a1fa5d84-c544-48f5-bdc9-abe34cab1914,3869253,2
ALL,a204c3c3-af18-4322-a637-3bfd7cf39e18,3942227,4
ALL,a204f397-fc21-4f96-875a-64fa9a63c050,3930161,4
ALL,a205ed6b-15f2-4159-aaf2-27fdec9e1e2f,3869253,2
ALL,a20f47d5-114a-4c7c-834a-14bd7eac105b,3869118,1
ALL,a258c575-b779-4849-9e04-a3368ec7b9fd,3942227,4
ALL,a259e8d2-eaa2-4c9b-ad3c-ffbae0086bf0,3857290,2
ALL,a25a5d26-ed60-445a-aa49-df63cdc813ec,3940878,4
ALL,a264eb4e-5adc-492e-b1be-1a3ba60035e4,3869117,2
ALL,a268ecf7-d8b4-4f84-907a-836301edb7ac,3857281,4
ALL,a26a334a-97bd-4a14-9b00-fac981013c68,3857282,1
ALL,a271db38-7929-4d87-b5fd-de7e84ec0496,3941021,3
ALL,a29cf451-d970-4b3f-b14b-b9a3e7ac570c,3942226,3
ALL,a31190e8-4c57-4b7a-b8e9-fe508a1e255e,3930170,4
ALL,a318e4c1-725b-4015-b760-2385e8a703ec,3938640,3
ALL,a32663d1-7e13-4448-8eca-a5abe9ec011d,3857293,4
ALL,a3338b57-a063-4d2d-b8b5-af8264683321,3857276,2
ALL,a344ada9-a34b-443c-90d2-35b6eb19c6b0,3857285,1
ALL,a358e9db-0ef4-4277-8521-826f3e458c94,3941021,3
ALL,a35feb29-2c3e-4928-bff6-cf28485ac227,3938637,4
ALL,a36b7906-17fd-45b0-bc83-feeed2cbbb8b,3930178,3
ALL,a36df016-9064-47aa-bd65-85cb0d8ce29f,3857265,1
ALL,a37ae7e0-68c5-463d-a556-89483a2e7c60,3930163,3
ALL,a389cefd-745e-40f7-b223-4b42e99df058,3869118,1
ALL,a39cc8d7-fd5c-4ca6-9b41-ac8b4ec6d07d,3857263,0
ALL,a3b84472-a0c1-4cc8-b5e6-20da81beb6a7,3857264,2
ALL,a3ccf7d2-ad3e-411c-8fc4-c3b943a5957a,3930169,2
ALL,a3d4de72-6c4c-431d-b980-ccdb81d62e1a,3857284,0
ALL,a3d7ec6a-9966-422e-a0da-cddd509f2d18,3857263,0
ALL,a3dd9775-7a17-4ec7-a749-6ea1d527a6a8,3869254,4
ALL,a3e15e51-230b-4ee8-943b-eede76f670e7,3943043,1
ALL,a3e31853-4af5-4464-b6a3-976914234b91,3857281,4
ALL,a3ef2ef7-9bda-41fd-b28b-503d3a51b546,3869219,1
ALL,a3fa38b4-0a2e-4989-9511-5c99514f142c,3857295,2
ALL,a42007f1-5d24-487f-a23c-2a03133890a6,3857294,2
ALL,a423637d-6631-47dc-8a8d-ee38876c4f9f,3930176,0
ALL,a4281a38-30d9-4b1c-b084-1bc8f68ab5bb,3857301,1
ALL,a433e7c9-0e3f-427e-bb09-d6449c4ba7a5,3930184,1
ALL,a444b321-0893-4b1f-a30c-f5e1c0472478,3857269,3
ALL,a447c081-3a83-41b8-a1c2-abb1d8708403,3930165,3
ALL,a44d33a3-e7c7-4e2e-8e8d-f04769e9bded,3869519,1
ALL,a45b26b5-921b-47b6-b9c8-230d277c4fd7,3869151,0
ALL,a49f54c2-5829-4f6a-8716-c05478c75cb6,3942819,4
ALL,a4a0fd45-2818-465c-908d-a39170938c66,3942819,4
ALL,a4b57256-db0b-4042-b2cf-26a35b7a38ea,3930163,3
ALL,a4b60642-fffe-4891-a07a-7392281491a8,3857270,3
ALL,a4c95832-598b-44e4-83f7-18b3e33fa478,3941019,0
ALL,a4d2b308-7fa7-4556-afca-4c7d19a34b44,3857283,3
ALL,a4e0a232-44ef-47c5-9d8c-c8d86ab781ea,3869254,4
ALL,a4e32645-f6d9-40dd-86bc-3341bd06a77f,3943043,1
ALL,a4f6b3b8-e11a-4037-9418-9b7c0ad7c095,3930167,4
ALL,a50d2091-c0d6-4269-8251-95b018aff91d,3930164,4
ALL,a514e762-f5ff-47c4-b371-b389da304c78,3930180,1
ALL,a5274189-2779-4fb0-bcf8-822a607a1d88,3869118,1
ALL,a52844bc-fd35-4052-96ec-0229fd77bbe2,3857254,0
ALL,a52de032-9207-4fd8-b0bd-d5085c2383cf,3930182,3
ALL,a52ec68d-b9d2-4878-8db1-a2a7f8a23f81,3938640,3
ALL,a5325cfc-b1d9-484d-ae86-95a7ea960c00,3869151,0
ALL,a540c8aa-2cc0-46eb-b48b-68c26c67aed5,3938639,2
ALL,a551c495-99ab-46b6-8679-80ebcf487494,3869219,1
ALL,a57b6c16-c6ee-4cd7-a2fa-b1fff3c967d7,3869486,1
ALL,a585e67a-c884-469a-abea-1a07513d06fe,3857254,0
ALL,a5867661-025e-49d2-927e-a6d864678a92,3930182,3
ALL,a5a831ae-1251-4179-b3b1-ea600d5496ad,3930168,2
ALL,a5b25c25-2fc5-4ca9-b4e5-7116a65b4419,3930181,0
ALL,a5cf2d77-0f56-4c98-8ba2-c560dcefa174,3938642,0
ALL,a5d2366a-afaf-4d5a-8768-de6c81080f51,3942226,3
ALL,a5dfe9e7-1e03-4501-bbdf-55ce1d2d95b4,3857291,3
ALL,a5e4e129-65ff-4602-b706-28a2bf20614a,3930173,4
ALL,a5e52c96-ed9c-45c2-8268-2e10280a55f5,3857283,3
ALL,a5edca4b-3dcb-440a-b507-2162708148e9,3857259,0
ALL,a5f2b42f-513b-4728-ad64-20a53d75b708,3869486,1
ALL,a5f7b9c8-e257-4a92-b29d-e1dd79eb1b1f,3857272,2
ALL,a5f9f9af-980e-4fac-936b-e26e0cf4a68b,3857296,1
ALL,a600bdb5-fcfa-4ba0-8786-1d8ee94e315a,3857287,1
ALL,a601abc1-3dfe-49f4-aaaf-9674d1f03540,3869420,0
ALL,a60a31e3-4b5c-4f52-8982-a80faa2b94a3,3857282,1
ALL,a624edb8-49c8-47ee-9113-d3cecc21d843,3930181,0
ALL,a62710a2-fa1a-4c4c-8356-3f3bf6c173d4,3942349,4
ALL,a63cf704-be44-47d5-8f2c-ec72c3b8a317,3930181,0
ALL,a651b5c1-89ae-47b8-9e59-7f9410f21fdf,3857270,3
ALL,a6644044-4a0a-4f49-8737-c22cb83d59f6,3930160,4
ALL,a66e2ecc-4702-4ea9-b2c4-64a6573148cb,3857298,1
ALL,a679e2f5-32e5-4557-bad0-4375630192dd,3857255,0
ALL,a68befa5-f28c-47f6-94e9-c1989e052366,3942227,4
ALL,a68d2911-7da4-4c1f-9737-20f456cb47ed,3857255,0
ALL,a6a711be-9cbe-4179-824c-c17861507a36,3869354,3
ALL,a6af0c9e-e0c4-4ddc-83f5-13e08a6a3fbc,3857269,3
ALL,a6bc5908-1956-4b7d-91a4-84f5cfbbda94,3938637,4
ALL,a6d99c65-31de-497c-ba04-927f0d865ec5,3869321,0
ALL,a6e047bf-3d7b-4e55-8917-c7474bf83806,3930161,4
ALL,a6f07905-815e-45cd-bda8-944d537a14ad,3942752,2
ALL,a6f4f25d-499a-4b36-9aad-1ce8c03eed90,3869220,0
ALL,a70d25a0-7fcc-4fb0-9e0d-9f34d7ccf234,3930173,4
ALL,a70f57e8-40c5-4609-8bd6-93febcac9a0b,3930165,3
ALL,a714a3b0-ab34-4d84-95ce-1150b6925d17,3857269,3
ALL,a7216533-a8ff-4da8-8c74-50de6b1488ff,3938645,1
ALL,a7326709-07bb-4e03-8864-2532f99d878a,3938642,0
ALL,a73f14ae-bb25-4274-ab5e-e5c93ca7c9f7,3941020,3
ALL,a7467251-388f-41a9-9985-df21d703b2ba,3857278,3
ALL,a798901c-426d-4d8b-98dd-f039d1cfcff4,3857278,3
ALL,a79fee7c-86b0-4b3f-8471-f7da349935c4,3869519,1
ALL,a7d8c465-2c64-40f3-8d85-079d2dae9bae,3869486,1
ALL,a7da3eac-f5f8-4fae-bb80-8af5b4ceb288,3857283,3
ALL,a7dfb222-f009-4a17-9b24-046eafa1e177,3857263,0
ALL,a813d9f5-bdef-4bee-a743-dc635c62e221,3943043,1
ALL,a81e2196-001f-4b6b-9a73-fea6c8a0a007,3942226,3
ALL,a8233569-2f08-4237-bf5b-fe97e2c823c6,3869220,0
ALL,a82f98c1-d221-4d16-afdf-97b2ee85cccb,3869117,2
ALL,a8332271-9137-42e3-a65d-aa64eaeb6e47,3930182,3
ALL,a835e3b8-b774-4601-87f0-cfb1e5ba5210,3930179,4
ALL,a83ffcd3-eed6-4be3-93aa-7732ee7ebef7,3857295,2
ALL,a84961eb-21c3-4d8b-a39b-619a8cab9a70,3938644,3
ALL,a850761a-e026-4619-8ede-8eea8145aea5,3930183,3
ALL,a86a530d-3e5d-4b48-bc34-1ac3dd586ea4,3869321,0
ALL,a88d3768-cd06-4601-85c7-f73a6cea3704,3857274,3
ALL,a89d1cc0-3fcc-4d06-ae83-85467b761e33,3942382,0
ALL,a8aa80a6-dcb1-41bd-8c6e-f2c0cb84e0c3,3869552,4
ALL,a8b13056-908c-4c4b-b66d-59e3714f3b23,3943043,1
ALL,a8b90fcd-b0e1-422c-8e5b-5c3564d5a750,3857280,2
ALL,a9041328-e62e-406b-bf92-eea3daeaee9e,3930183,3
ALL,a91ac9de-f89e-4635-bac1-e807792beeb2,3857256,0
ALL,a943a787-912d-4c8a-b008-47f6de7416d7,3930162,0
ALL,a9531b08-62b5-43b4-8978-8ad1e417716c,3869685,1
ALL,a95fe1f1-d65f-4251-9133-27af16615135,3857292,0
ALL,a962a0ff-9ba6-49d5-8bd8-04249de70ca1,3930171,1
ALL,a962b32c-2f0f-4453-841d-e0b10f7987d5,3941018,1
ALL,a9647848-2d8d-4178-b1ed-3fca1f66edc6,3941022,2
ALL,a9671bc2-7c40-4e39-b4c6-be05912daec5,3930175,3
ALL,a96ceaca-f3a8-42a8-9d0b-cfa117160558,3869420,0
ALL,a974c67f-6df3-4113-825a-276657d35ed5,3942819,4
ALL,a9782c54-a7fc-4081-9280-e86686b61fd6,3869552,4
ALL,a97d8a10-73ca-40d3-b633-f1aa9682dbc0,3941018,1
ALL,a99c0e2c-aa8f-439e-ae30-c46a7220edd1,3930170,4
ALL,a9a96a82-831e-4ac8-ae99-df6a6b329f3a,3930164,4
ALL,a9aaef2a-84e0-4c3d-9dda-01c7d6f35b4e,3857300,0
ALL,a9abc12b-894f-46d3-9bb0-46c44170f51c,3930169,2
ALL,a9ae28f5-d4a2-458b-9b24-a85ac64614bd,3930177,4
ALL,a9b7e423-8a8c-4ee5-864a-b8a58f095efb,3938638,3
ALL,a9c22040-d84b-4afd-b393-4cd2bc40bea7,3930166,4
ALL,a9c56dee-d679-49bf-9332-d035e4ce602f,3857270,3
ALL,a9c91f81-577c-4f5f-9deb-9554c26edba0,3930181,0
ALL,a9cab9eb-efb2-47d6-8525-73e91c4f845c,3938641,2
ALL,a9e2e8f1-7d3b-4433-8103-b273f04865e5,3938642,0
ALL,a9e9e4df-cfec-4833-852a-2a050ad38f94,3857289,3
ALL,a9ed983c-10f8-45e6-91f8-a8db3ca95c3e,3857297,2
ALL,a9fbf0d8-0118-4d4b-b878-359ee741bce2,3869151,0
ALL,aa0c87fc-83d7-4e3b-9f9d-9bf1e480daf6,3942227,4
ALL,aa351692-714a-4fdf-a15c-635e60e6f7e6,3938645,1
ALL,aa3fc5d8-d37c-458b-9982-f7147aaddc28,3869685,1
ALL,aa664c68-4a66-416f-8eef-9aa686fa0033,3869219,1
ALL,aa6f01b5-49e3-4f33-953c-6f0a946322c7,3857275,0
ALL,aa73f50a-7359-42f2-8faf-990ec8184bad,3857282,1
ALL,aa7c85dc-6623-40de-adf8-441311a2b661,3857271,3
ALL,aa816726-5fda-44d3-9927-ec8d64e7fb4c,3857271,3
ALL,aa890f53-490e-471d-8db9-abc8810ce37b,3857284,0
ALL,aa95e683-60c6-47a1-96be-792993baf63a,3941019,0
ALL,aa95fbb2-18b5-4e95-8388-2dfa7523fe8f,3857281,4
ALL,aa9650f9-3565-4dc8-a6e0-ddd5262904eb,3938642,0
ALL,aa9e4143-7a1a-4563-a1f4-e7a7d0c08015,3941020,3
ALL,aaa0f367-e6ac-4111-9926-e0e0cd99f43c,3857256,0
ALL,aaac041e-ce90-43cb-b79b-e4e0635adf48,3857287,1
ALL,aaaf01ea-3384-45fd-9375-308fa1556202,3857292,0
ALL,aab154dc-ecaf-49d9-815b-5a466fe629a6,3938637,4
ALL,aab678d5-323c-4056-b50a-997cfb532907,3930184,1
ALL,aad903c7-289e-4d62-9348-1e964e56c1fc,3930178,3
ALL,aadebb7a-687c-4058-9665-0acf7906d7b9,3869354,3
ALL,ab050e49-6142-49a4-a76c-d00afa0804ad,3930175,3
ALL,ab0a3fe7-d774-431d-8375-3d125102dde3,3930181,0
ALL,ab415fdc-0443-4039-9dde-95088661ddfc,3869117,2
ALL,ab462213-547b-48db-a589-d2789fdd06dd,3938640,3
ALL,ab49db1f-25f3-4b4e-a1cf-9c48a8cb39de,3942227,4
ALL,ab648088-e0b8-42c9-9c44-1a84914fe9bc,3930184,1
ALL,ab68dc20-7616-470b-9bf0-c95586887a70,3869684,2
ALL,ab700b31-3350-42de-84a3-9a669bcaf6ee,3930174,2
ALL,ab7758d3-abec-43e0-89af-8223e1ad52c9,3930167,4
ALL,ab78e512-0965-4dbe-8382-316dfc7381fb,3869321,0
ALL,ab7936d9-bf18-4e80-b34e-c38151fd6b86,3930164,4
ALL,ab822162-3895-4f99-a5c7-32504ab1c99b,3857296,1
ALL,ab83a795-b6e7-47a8-ba85-6973df398fd4,3869253,2
ALL,ab86836a-c18a-4ea8-be64-8ad6b2833d77,3869151,0
ALL,ab9478cd-da69-4937-a039-5f9560b5edb2,3857288,4
ALL,aba17d22-614a-4671-858a-9af5a5f38836,3857292,0
ALL,abb37c53-54da-4c15-9935-0cea1639990d,3930182,3
ALL,abc89263-5f93-40b8-8712-28c5febe777b,3938643,1
ALL,abd4c68a-7c1c-4984-8992-12f1a5db7735,3930182,3
ALL,abe266ce-30a9-4853-973f-949b9f7e9cd6,3942226,3
ALL,abf7ea2a-d689-4b0c-8109-bcc9efdc674f,3857259,0
ALL,ac0b2453-6c3b-4d83-83e6-02f8aa396c80,3857263,0
ALL,ac22e4a2-a494-47c4-9f94-57517ff08d91,3930183,3
ALL,ac253b61-ff0e-442e-a9b5-debe791f1a82,3869321,0
ALL,ac2b90ed-1920-452c-99f2-7835a8eb7025,3869685,1
ALL,ac2ce3ac-e293-4e88-882c-9ffcd4b252ef,3857263,0
ALL,ac506771-35cf-42d3-a264-8859bacf7a2a,3942752,2
ALL,ac5cb227-4f22-4517-8ab0-bdc61fd0104d,3869151,0
ALL,ac5ef092-19cb-4cf8-8e6a-450205e830a5,3857274,3
ALL,ac7dde5c-8405-4a1f-a64c-ce17b829143e,3930166,4
ALL,ac8653f2-6823-4705-86a2-4074a3f3baa6,3857269,3
ALL,ac921419-6132-4a52-bc9c-f1eebe03f78f,3857270,3
ALL,ac9d746c-5bc9-4ccc-b84e-16a371138548,3930182,3
ALL,aca777c4-698a-474b-b1d4-1951c86ada4c,3869118,1
ALL,acbd5c0a-9b07-42a2-95a2-74dc954d3bc7,3857290,2
ALL,acc10256-723c-4337-906a-e0c415dd7700,3869354,3
ALL,accb191d-eb39-46e0-b470-2b3101de1c45,3938641,2
ALL,acdb48ee-ec90-4120-9eba-c332bf7ae5b0,3930179,4
ALL,ace17079-cacf-412f-95ad-939a1a6581b0,3857286,1
ALL,ace38e73-2fce-4c52-a7f1-01c085a4d608,3930173,4
ALL,acef0044-d765-464d-acee-2ffe463b8e91,3942349,4
ALL,acf3fe29-07b1-4bb3-b6d8-7dafb8fabfd7,3942226,3
ALL,acf5d8c0-bba3-4f4b-97fb-2ba8acb10e36,3857284,0
ALL,acf8e045-88f1-47ab-a377-f768a59b1617,3938642,0
ALL,ad03a7a4-3af9-4b9c-bfaf-d8e1a3cd3824,3930164,4
ALL,ad047e9f-5605-4602-a1f7-e7b88518cf5f,3857255,0
ALL,ad1d162a-49f2-4991-9598-c81aaed317bf,3938640,3
ALL,ad2b5ee4-698e-4add-a8d9-f5340a80d68f,3938638,3
ALL,ad408baa-c870-4266-8e88-9b2bf9be6c9a,3857269,3
ALL,ad5e6b3b-274e-4e2f-be59-5f10e2c8755b,3857282,1
ALL,ad704f1f-e22b-45ee-8cd3-937afaaf04c0,3857296,1
ALL,ad863758-7f07-4fa1-8c8c-064ca3d87d76,3942752,2
ALL,ad8721a6-6d16-4008-9fd7-77696e7f8580,3938640,3
ALL,ad893cfc-297c-4505-9262-2ab9c42d40a5,3857254,0
ALL,ad8b548e-30ab-4015-8b77-2244ba333a3d,3857284,0
ALL,ad910172-0d24-44a3-977c-33a690222053,3869117,2
ALL,ad9d668e-cb37-4bd0-b36b-2df70aa52990,3857254,0
ALL,ada0b8f3-cf0f-49d1-bc3b-db68c5ef65f6,3857272,2
ALL,ada1a39a-c7b8-4892-babf-4be5bb91c8f3,3930179,4
ALL,adad3862-faec-4a74-9c48-5efbb702b08c,3857283,3
ALL,adb1458f-b87a-4d13-b82c-e83c81218034,3857290,2
ALL,adc1977b-2d8c-4e15-b51f-38768c463f7a,3930175,3
ALL,add92580-d147-454b-b628-9a9057caf700,3930175,3
ALL,ade8986f-a4da-4084-becf-13f9a1ba3d9a,3869254,4
ALL,adf5ca0d-761f-4b4a-9b7a-bb13888e2b7a,3942382,0
ALL,ae286c1c-1c55-43db-8744-e5735277d530,3857265,1
ALL,ae31b76a-5d8a-4ad6-ba90-932ea26f814a,3857300,0
ALL,ae7aa88a-679a-44f9-b2d6-f64d3b3d7816,3857255,0
ALL,ae7c584f-cbeb-4e4c-907d-df7dbe9d8cf1,3857290,2
ALL,ae830dd3-3ed4-469e-9c92-0daa5c04d6f1,3938639,2
ALL,ae901160-978f-4406-94b5-94ee32cfd086,3857265,1
ALL,ae908c1a-d178-46ca-b0e4-b8baef47e0a0,3869684,2
ALL,ae97ec51-a4c6-489f-b895-542cd2eebce7,3930158,0
ALL,aeb4ee43-3945-4324-91c5-b0b4d164c81e,3938642,0
ALL,aebe1c89-986a-4d2e-9d9b-6eebcf10ffbd,3857283,3
ALL,aec70e4c-f4f3-42f9-9a7c-ff56d1a20966,3857275,0
ALL,aec89a78-9899-4cc7-82c4-be31409aaee9,3857274,3
ALL,aef13513-c021-40ee-9d32-d3db68d24712,3930176,0
ALL,aef7eb1c-54a2-4279-8189-bd0c4f98455e,3857263,0
ALL,af0ccdb8-344d-495f-a5e3-2e6d273ad557,3869684,2
ALL,af155f14-a4aa-494f-aaf7-d17fbf728c8a,3857277,2
ALL,af20d15c-2aa8-4bbc-8361-9dd16391c0f7,3857290,2
ALL,af346a4a-c150-438d-b63c-7a5a9206db38,3869354,3
ALL,af3a2104-1516-41c2-b06e-e7fb53587b88,3857298,1
ALL,af5ba833-4a26-46fd-8b5d-df6a804f2217,3857284,0
ALL,af646cba-34fa-4bd5-a860-18df35106d4d,3942226,3
ALL,af7c1325-72f2-4c5f-bf33-c63326891737,3930176,0
ALL,af7e15fa-fc91-49c1-b357-6e9924fb8ce7,3943043,1
ALL,af8886e5-0a0f-4e99-ba03-52150a696d68,3857284,0
ALL,afafe222-52ea-452e-98c6-b15fc11ef02d,3869321,0
ALL,afcc242b-cd3b-4137-b703-cf927257800b,3930160,4
ALL,afce035e-f97a-41b5-9a35-5a7f0b644da6,3857271,3
ALL,afda4c48-5e9e-44d5-9a4e-b770fd976296,3869219,1
ALL,afdb4ea3-95c4-4aa7-a63f-02df6da3b63f,3942226,3
ALL,aff61f0e-1c3f-45e8-927f-6ab0d4451654,3941017,1
ALL,b000bdf9-44dc-4c11-a6ac-455a5fa64766,3930177,4
ALL,b003086d-582a-4c4a-9efe-512483f1e758,3857289,3
ALL,b0089d54-b414-44d5-a9f8-9b84b83449e7,3857290,2
ALL,b0269996-e001-4e10-b03f-93119af1ee40,3930182,3
ALL,b027fe9f-fb54-42d5-87f4-260b0e8182b6,3930167,4
ALL,b0335da5-8370-4f26-b1c6-6a38260af5d4,3869219,1
ALL,b04509d4-4f80-4aec-99cf-758a67600b3b,3930158,0
ALL,b0631da7-1fd4-4028-9ebc-e5f4f0121d41,3857262,4
ALL,b0632aff-38de-41ba-96b6-b9a37c7603bd,3930171,1
ALL,b0768fbb-37eb-47bf-a97b-c709e21ab04e,3938637,4
ALL,b0824c1b-1984-4649-9d82-f78eadb1f96a,3869552,4
ALL,b0a0fd69-70ee-48fa-aa4a-922bcaf7f5e2,3938642,0
ALL,b0a16eb8-718e-49c8-a33d-690f4b046793,3857283,3
ALL,b0bb872d-78a2-4ade-aad1-427470b6a38a,3857296,1
ALL,b0c58fc0-6bc5-4dbb-81c8-83d9fb66d1e3,3857296,1
ALL,b0c70541-d9e2-4302-bb51-8679d756b129,3857297,2
ALL,b0d32885-8f8c-45d7-ad7f-4b8fb5f9d71c,3869151,0
ALL,b0d3ba37-38ae-45ef-975b-5a0130e16526,3857291,3
ALL,b0e420e6-a67d-4bc0-becd-2f00dddc7086,3942227,4
ALL,b0f68c5d-733a-474d-a557-237ca4d245d8,3869151,0
ALL,b1072380-d10b-4df4-b453-5c558f066004,3869321,0
ALL,b113e211-22bb-4542-9d47-e6da24d3bf45,3857280,2
ALL,b136574e-51c0-46fc-87b6-1f887a0f31bb,3869486,1
ALL,b13c7313-8896-4b04-8e39-9e189ac2ca00,3857286,1
ALL,b147493e-1b65-4030-9564-bda21c2778ed,3857299,4
ALL,b1496af8-5835-482c-851c-5cdfb727cff1,3857298,1
ALL,b15bf69f-fe22-4677-89f2-3aebdd61d212,3857271,3
ALL,b15e5b65-b1d3-4059-88d4-bfdb03c11360,3869685,1
ALL,b19242cb-4c5b-4a76-983d-e63c57904429,3857284,0
ALL,b192ee4e-c914-44b6-88a9-4b1601e1c099,3942227,4
ALL,b19cdff4-dd51-4dc0-bbfc-e89962d92a4f,3857272,2
ALL,b1a95b9d-279e-4799-953a-0158a72a4946,3857267,2
ALL,b1c194d8-88f8-479a-b017-e77ab6e9b190,3857274,3
ALL,b1d55c9e-eb2f-4ab2-bfd1-73493b1bfae8,3857292,0
ALL,b1d67153-4886-44d8-a7b0-b7c2afc49db7,3941021,3
ALL,b1e6fa09-e87a-42ec-85b0-c6c897d9ab00,3857268,4
ALL,b1f76dd9-b9c7-49a3-9504-b6dd1e91218a,3930159,0
ALL,b2005f70-6d09-44b3-973e-2fd173631085,3930184,1
ALL,b20287b4-96cb-4b40-b18b-35d36cb63ed4,3857254,0
ALL,b2052af7-0576-493d-934f-ad66a9c45554,3940878,4
ALL,b20f86ad-baba-416a-b13a-fa503b8a3ab3,3857295,2
ALL,b218b0da-aa51-4075-9c60-11c8b23267b4,3869118,1
ALL,b22aea6b-c37e-4e63-b191-43204347fa03,3857260,1
ALL,b252f60f-a992-4ce1-aaa8-d36b788f8d37,3857285,1
ALL,b25c5979-e343-42c3-9f4b-f6301c7443b3,3857262,4
ALL,b263af4a-ce4d-4685-9523-cb46fe3e116e,3857299,4
ALL,b272b59b-d446-434c-8fc9-b656af1fefbd,3857297,2
ALL,b274a39f-ab62-42d7-8506-711bb3d82b8f,3869684,2
ALL,b28735f5-fa02-400b-900d-f02388e7af0c,3857288,4
ALL,b28eb024-1b83-4a1f-806a-fe941fe98c84,3940983,3
ALL,b2900533-a78a-4a70-9a68-1d4b4f11e851,3930159,0
ALL,b29175af-6cc7-411a-ace3-00192770507f,3943043,1
ALL,b298ca10-1397-420e-90fe-e4b3d54d12e2,3930165,3
ALL,b2c1e47e-fc12-4c56-b5c9-42aedadc9c10,3857295,2
ALL,b2e55f8d-314c-4f18-93a1-27e3cd429af6,3857294,2
ALL,b2f94d9f-ec3f-4d20-9840-f2310caa6fed,3941018,1
ALL,b2f99c06-59cf-4ca9-add3-25e6b078b3da,3941022,2
ALL,b305ce96-6d03-4e12-9856-d01bb02818d3,3930167,4
ALL,b307c855-5d1e-4db3-a2f6-d5c79252b1cd,3930184,1
ALL,b31076fe-41d2-4b9d-9404-8b258855f200,3930165,3
ALL,b3138b04-fa25-4069-89ed-d4693fb5f49c,3938637,4
ALL,b31439f7-a8cc-4f21-874e-1c7e1b722856,3938640,3
ALL,b318b9fd-a92a-484f-b0d6-b8ce7e37f165,3930165,3
ALL,b32f5888-a401-47cb-9560-953cf076a7ec,3857273,0
ALL,b34d6d6c-b3d0-49bd-8d2a-3851fc0a9048,3941022,2
ALL,b354a37f-0257-4090-9d07-7b777ea1f46c,3938638,3
ALL,b36d2448-694a-4fb7-b4ef-7d880be64784,3930179,4
ALL,b380332a-1c37-4712-b8dd-006b28451d5e,3942349,4
ALL,b3866065-4bd0-46bf-a2ff-20952d90c898,3938637,4
ALL,b3981d18-d171-44c5-989e-54d27be4cf6d,3857288,4
ALL,b39b7af2-1f4f-449a-9e62-96f9f4422004,3930174,2
ALL,b3a16bf9-84ba-47db-87ba-ac7ea1a5f516,3857284,0
ALL,b3ae0480-144a-4369-b3c4-be850ee045f9,3938638,3
ALL,b3d92da4-9fae-4e9c-a282-874c5ac790c6,3930165,3
ALL,b3e3afb5-a095-4e32-9c78-afe2cbe69e4e,3938642,0
ALL,b3e5e7b1-8f47-4ffe-bc82-7d2e086320df,3938645,1
ALL,b3e6dbbb-166d-4ce5-9f7d-42223f24e087,3941020,3
ALL,b3f0cdd4-4ba8-473c-a4a9-07c4000343d6,3930163,3
ALL,b3f1f519-de28-4313-a8a0-07ecd88507a1,3930174,2
ALL,b4377c22-138d-4e22-96f0-b8a192c12083,3938638,3
ALL,b439bd4e-3d56-4c00-8b1e-8c9438c9a910,3857294,2
ALL,b43a1f75-fe4e-4847-aa80-ffe071644499,3857262,4
ALL,b43b5a84-b18a-4d48-84a9-c5e2026da670,3938645,1
ALL,b44e4182-233f-4287-affa-71cc620b4a2f,3941021,3
ALL,b461054a-08c2-497f-ba85-c68d01e16e08,3930170,4
ALL,b490e6bf-5c5e-4b05-9269-f7eac4c46766,3857294,2
ALL,b4a6680b-5c02-456f-ab0d-ee90149f2210,3857290,2
ALL,b4b7578f-eed7-4b80-9111-94a1686216cc,3930169,2
ALL,b4b7626e-9496-426a-92b9-064e021aae3b,3857269,3
ALL,b4ba1885-a428-4be9-b16f-88e72d47cf28,3942226,3
ALL,b4bea15f-1ec3-4d4a-8821-72485bad8348,3938642,0
ALL,b4df9b73-3ecc-4066-b22a-cb66162d672b,3930177,4
ALL,b4eb146e-2f8a-495d-9e11-cad2e3eb3da6,3941018,1
ALL,b511fdd6-cbae-4d15-8a7e-9b32bec7e753,3857274,3
ALL,b51ca697-9266-4b64-85bb-82c7e9696115,3857272,2
ALL,b5238940-3c07-4b04-90ca-cc074ce42f08,3938637,4
ALL,b52da0b8-f3e8-49dc-af7f-50c8810c6c4d,3857291,3
ALL,b533fbbe-3769-49ea-a9db-469ed75e29b8,3857280,2
ALL,b53e3f4b-a680-4095-a85f-59ccc6ccb296,3930169,2
ALL,b541e4fe-f3ef-4500-9f3f-3367baa15da2,3930159,0
ALL,b54e2c9b-7729-422f-91ca-40470e3ca35a,3930171,1
ALL,b54e8270-5cc6-4930-b87b-3bbfc7dfa598,3930174,2
ALL,b5524f9b-ffbf-4c1f-a725-59377444b646,3941019,0
ALL,b5556632-5394-45b8-b4d5-d86ab9df108d,3857266,2
ALL,b566c84f-bb02-4922-adb3-4df04cb00082,3930183,3
ALL,b5688f56-8c9b-4dee-a334-ec7b8395575a,3930171,1
ALL,b56e464a-3089-43aa-9f85-89d778283481,3857296,1
ALL,b574c441-d652-4b11-857a-b9005117bc06,3930168,2
ALL,b5acbf07-3328-41da-a36c-19251cfe17a1,3942349,4
ALL,b5bf9854-41ec-4682-93da-b58a43ff9650,3941017,1
ALL,b5c1affe-4cbe-41bd-9123-ae13dfa1971d,3857257,2
ALL,b5c54af1-7ff5-49d7-b353-6f20019366c8,3930168,2
ALL,b5cdef73-4ff6-4c68-9e86-be0ef0855a93,3857270,3
ALL,b5d37c5c-1958-429f-b4ea-10c5511a82ab,3930168,2
ALL,b5e95a23-c7c1-4af3-961c-290b380c14eb,3930166,4
ALL,b60dd00d-3b05-465d-b7c2-31f926c2ebc9,3930180,1
ALL,b615c03e-5dfe-4158-8f21-ac091c16fe92,3943043,1
ALL,b6202a35-38f5-4a03-9c01-c7eaf0674a2f,3930163,3
ALL,b6329efe-4f3f-4a56-9f32-77b8ff1fb26b,3930172,0
ALL,b6379cc7-0555-4484-93ff-f17ae0e17367,3938641,2
ALL,b64d3882-36cd-41dd-b04c-242e8a795ba0,3857296,1
ALL,b664a790-72e9-48d4-a1f1-eb7ea80a9913,3930165,3
ALL,b665124d-f9dc-4b7b-8c7c-0e5fae349b68,3857274,3
ALL,b6727a6b-4761-494a-8a31-682df832447d,3940983,3
ALL,b687b844-2e5b-40a5-b590-ca18f587ca74,3930177,4
ALL,b68903c0-2ddf-4c96-bfb1-97d0b8ff9498,3930168,2
ALL,b6aaa988-0f16-4596-89ed-631400a71e41,3857268,4
ALL,b6c2e88e-a212-4d8b-abb1-acc09a5655d7,3857264,2
ALL,b6c7707b-4bb9-48bf-89ca-02b3cf74c4eb,3869152,3
ALL,b6d06c00-ede9-459d-b7aa-a8cbeea8dfb1,3857257,2
ALL,b6d7507b-f95c-40ec-af33-a4b08cf6e216,3930162,0
ALL,b6e56ce3-6d5c-4a6f-856e-b86482d13e8e,3930172,0
ALL,b6fe73f8-31d5-4322-80c5-9e72c4c430aa,3938644,3
ALL,b70bae5c-71f2-4f0e-b721-f829e3f00604,3930184,1
ALL,b718b647-89be-4ecd-94e6-6212722be7d8,3930176,0
ALL,b71c460c-28e5-4946-9a92-c0674c8e55c6,3869685,1
ALL,b71c53de-1f52-4103-80b1-f194bb6a6509,3930178,3
ALL,b71cec3b-903a-482d-a54e-acf7e21334ee,3857280,2
ALL,b7245081-4c9e-43ac-9172-2e41eade14e2,3857300,0
ALL,b72b43e1-1767-4232-bbe1-91581f15e1da,3943043,1
ALL,b72bea2d-a629-4704-8e68-251eebbe134a,3938640,3
ALL,b741983f-ead8-49fd-a56c-5040d7ff1359,3857260,1
ALL,b750edd8-72de-401f-8ded-fe40e740e9e3,3857282,1
ALL,b7515e4a-d26d-4cf7-a4cd-5d45150ec284,3941018,1
ALL,b7754e25-fa50-4595-939c-6cdcc01665b5,3930160,4
ALL,b7884750-ece4-4163-b4e8-3097eb7ddb42,3857258,2
ALL,b78f53f7-87c6-4647-9fdc-3725cce94654,3857256,0
ALL,b796e60f-9697-4875-85b7-f58c7dee90e4,3857263,0
ALL,b79994ed-ddba-4a0c-95e7-9b2c6c4cd805,3938642,0
ALL,b7b6eb0b-852b-497b-add5-32ca79ede13a,3857273,0
ALL,b7ba7a5d-64ae-4009-bd3d-bf8d7c8d3b97,3943043,1
ALL,b7c5e01a-0478-446f-8d0a-6001a19adc7e,3857288,4
ALL,b7d94860-55c8-4baf-a8ac-2dc445513e94,3857299,4
ALL,b7f0d49a-1826-4585-9802-7b6fa50d15c9,3930169,2
ALL,b7f54928-113e-449d-9887-79b94150005f,3857273,0
ALL,b7f8eb43-90f1-4f97-af09-e1be08ae10fd,3857281,4
ALL,b81c44ed-c53e-48a9-a274-a5634c2f1344,3857274,3
ALL,b83ed1f1-3a3d-410e-a444-5791cdb9e2e2,3930164,4
ALL,b8411b55-80ac-41ad-9e4b-dcc330bfab39,3869118,1
ALL,b842f62c-3a08-4a73-9c6d-d20432e167cf,3857284,0
ALL,b8469896-ef7e-4226-8dfc-a016d24962c0,3857290,2
ALL,b84a0279-bb29-400f-89da-ebca89de60ae,3869118,1
ALL,b854fce9-f3c4-4ca6-8541-cd9be77f9708,3857258,2
ALL,b87bd1e8-819a-444f-b2e5-335f40bfb0c9,3857278,3
ALL,b87f050f-6b51-4942-a4bc-a60c13223538,3942226,3
ALL,b89fc9c5-8bbf-4f14-abb0-2b9f891180f9,3857270,3
ALL,b8c68e52-005c-4c39-b86c-62d58e7bfbf0,3857278,3
ALL,b8f10b5b-89b5-494b-af05-e59b961e6443,3930160,4
ALL,b9066126-ba6c-41c8-87c0-8c4f08e7f836,3869220,0
ALL,b9082603-0b9f-4335-a4a4-d96796398052,3930159,0
ALL,b91f2331-a6cc-454b-b4e3-37b871c82beb,3857276,2
ALL,b91fd439-4fbf-4977-894e-f87e54d4dd49,3857256,0
ALL,b928d697-6dd6-4ad8-b24a-151433dc9dfc,3857295,2
ALL,b9449a92-f976-4090-99b2-3b9b0087c8c9,3857280,2
ALL,b95cfafe-983b-4625-8792-4cc05bc6be82,3930181,0
ALL,b968d1fd-1dee-4a19-96ee-b88edebb4da1,3857264,2
ALL,b96fe9a6-d9e0-46cb-a3b9-dad3b728286d,3930172,0
ALL,b976b601-0412-4adc-bbef-985b400644fc,3940983,3
ALL,b976c296-497d-4ab5-99cd-a61a2f7e38d1,3930167,4
ALL,b977bfba-a415-4a5a-a5c7-1054ea857e60,3942382,0
ALL,b979c876-d7b2-49d0-b86d-aff4298b4037,3857297,2
ALL,b97f2e78-7075-4d7f-b86a-f51b20ebe177,3869151,0
ALL,b9b29236-6d8f-4d18-80a0-c185f8287a2f,3942227,4
ALL,b9c7a589-8051-4c1f-a255-c8c2f2f28e24,3869684,2
ALL,b9d0d777-93c3-4f92-8871-1924d90124d3,3930174,2
ALL,b9d53863-35f7-4361-8fa0-7ed97588c5e9,3930171,1
ALL,b9dc6f53-cfd3-4dbe-81c7-b3803f946d8f,3869151,0
ALL,b9f147b3-c321-4713-b093-723a518063f6,3938637,4
ALL,b9f86bdd-c55a-4f9c-88b6-d289155e2a51,3857258,2
ALL,b9fff1c9-8c0a-467b-9bc5-fc1f9a0c66b6,3930184,1
ALL,ba09963d-f86c-47b3-a806-20481736f719,3930171,1
ALL,ba0d6f70-df3f-47f4-ac53-7535b1755d23,3857297,2
ALL,ba133e10-ce4c-444a-a371-c5ffe2694f1f,3930159,0
ALL,ba1566ba-baa8-47ff-b9c4-bb50c194a17f,3869254,4
ALL,ba166236-25aa-47ad-aa4f-a8c0e28f363b,3857263,0
ALL,ba1f635e-7fdf-403e-9899-31a707708ca3,3938645,1
ALL,ba4067aa-b1e4-41c9-97b0-f697829b178e,3857257,2
ALL,ba4b0bc4-3b5e-42a8-b12f-a5a62c04ad29,3942382,0
ALL,ba557efb-ce6c-4fce-9ae5-a071e06e4f81,3857292,0
ALL,ba6b01f7-1c75-44bf-bdf6-6d462fbcfe9f,3930165,3
ALL,ba8d60cc-fd03-469c-90ab-e5916d80d9b1,3857268,4
ALL,ba8fbfa1-199f-425c-bc86-6eed067b4dec,3857284,0
ALL,ba95c3c4-7d64-495a-baa9-8f98a4ec8f89,3857296,1
ALL,bad174bd-eb5f-45f8-b61f-19642044d2c0,3857264,2
ALL,bada3347-5e8d-4b3f-90c4-3f773b2dce2e,3857280,2
ALL,bae44574-e079-4c6d-bd51-93acebd6cbc0,3857257,2
ALL,bafb8848-c763-48bd-93fa-191d8ede796e,3857299,4
ALL,bb25a672-758f-4e04-9778-a448de15a299,3930179,4
ALL,bb27ced3-a449-4027-ac08-dbd4c01c305b,3857268,4
ALL,bb28bc82-bbbc-4c89-8216-8d97b028b5aa,3943043,1
ALL,bb550616-3375-4080-a6f6-d34f13a29870,3930161,4
ALL,bb57ed07-4dce-41f2-a5ad-45a0e52f3f7b,3869118,1
ALL,bb6d783e-0bdc-4a32-b968-7fb2b37166a8,3857273,0
ALL,bb806a64-cc00-4a8d-b66e-303e1a8c5ee3,3942752,2
ALL,bba16f1b-0810-4c67-b2a7-3a4feda07037,3942819,4
ALL,bbaad673-7f3b-400b-a719-54d28081c0e5,3930170,4
ALL,bbb8e885-51b7-449f-99e9-3a39eb9b30ef,3857257,2
ALL,bbd38fb6-840e-4689-a901-5f6b8930f709,3938637,4
ALL,bbd55dcd-1b24-4e5e-924a-a93dd4d3fd08,3857297,2
ALL,bbd8b6ca-66fa-4abc-9ae5-8c587ebe3a32,3930184,1
ALL,bbda6068-0a15-4217-8d52-2b6e44a303e8,3930164,4
ALL,bbdb8620-936d-482f-910b-4218130c930a,3930158,0
ALL,bbdcabb2-0e22-4be3-9558-68d91f0ad8c5,3942752,2
ALL,bbedbcae-52c7-473b-ba58-b107701b3b87,3857283,3
ALL,bbf4acbc-f7be-4ed8-b857-156a1211f927,3857301,1
ALL,bc00920b-4e94-4e61-ae5c-3c0c478a2b86,3942382,0
ALL,bc05b23f-6fac-4526-884a-47fd8cec28e6,3869684,2
ALL,bc230c70-3d5e-4f0a-a030-f88729ee3f74,3941020,3
ALL,bc2372eb-3b3e-411c-85eb-8efa28a5df22,3857277,2
ALL,bc6dfad0-1e9d-4ec0-b2e5-9a5c7d567950,3869684,2
ALL,bc775b3a-fa0f-4888-a9d9-e6c63774aa29,3942752,2
ALL,bc7bc031-3731-4f21-aeb6-073e5a427be5,3857261,4
ALL,bc7df40a-6d8f-4671-a4dd-22625399a040,3930174,2
ALL,bc8c189a-f32e-464c-8266-2dd9b1142160,3941019,0
ALL,bca1a099-a8e3-4934-9299-b68a584bb9dc,3940983,3
ALL,bca23c98-e6b3-4a94-be9c-405f895396de,3930174,2
ALL,bcd7d0ee-77e2-43b1-9aae-371287ded239,3857276,2
ALL,bcd82897-4bab-4ba9-a9f0-5b67afc79b2c,3930166,4
ALL,bcd9a9c5-63f2-4e90-ab0e-2acf79bbecc3,3857258,2
ALL,bce64730-ee83-4bb5-850f-d92f4cf629e5,3857277,2
ALL,bcf0f09a-46ff-40af-86ed-939be4cea32c,3857297,2
ALL,bd05ddd0-f844-4278-8ee4-350d3c1bce0f,3857270,3
ALL,bd2328fc-f833-4830-9d6b-549ddc0b21b9,3930165,3
ALL,bd377516-2159-47d0-8375-293a2e16d68e,3857283,3
ALL,bd3c7668-4946-45eb-9bc9-5c29c2dd6378,3930159,0
ALL,bd3f3788-9120-4ba5-b94e-6d9f736c976b,3930182,3
ALL,bd5a8d05-96f2-48b7-8035-7e213462cd48,3930163,3
ALL,bd64362f-4c94-4274-bb30-ba19076eca32,3930165,3
ALL,bd660cf8-2986-492d-9add-dd443cdc6e74,3857284,0
ALL,bd6ce0ed-7d36-4aeb-946f-b66abe018a70,3930170,4
ALL,bd77a800-3b76-42ad-b4dd-ea303806c566,3857260,1
ALL,bd77de2b-9b70-46fc-b265-af6d0f4f1fb3,3869220,0
ALL,bd9d2ead-90c8-48e5-99bc-6fe28046a4fb,3857270,3
ALL,bdd1961d-6fa8-49b8-a3e3-ed7159995681,3930169,2
ALL,bde6a20c-ccee-4788-a492-08997f32c8c1,3941022,2
ALL,bde9e275-304d-45a4-8cc9-8c60c38e1a9a,3869151,0
ALL,bdefe80c-1e2a-4a3e-b67a-7e4534cff399,3857254,0
ALL,bdf893f2-b94c-4c7c-9eb7-7fa0126339e2,3941017,1
ALL,be0a039c-2f20-4244-b6fc-5cbc148894b6,3930183,3
ALL,be0cf18f-9a63-453a-a4c6-eda09fe007a9,3942349,4
ALL,be2185f5-b1a4-481c-8188-9ae754e0742d,3857296,1
ALL,be2a5784-a883-4ec2-8929-98155b58ea39,3857274,3
ALL,be2c60c9-6735-4888-80b4-98cbb038fc34,3857277,2
ALL,be2c7a34-e6aa-4dde-b71a-055b7550e6ab,3857256,0
ALL,be36f709-c2a4-4ca7-a7e8-815e9091ad4a,3857292,0
ALL,be3b167e-b8b9-4ae9-a27b-476a4dbda30f,3938640,3
ALL,be3dd468-4b4d-44db-af10-92115e8b7b88,3930162,0
ALL,be41759b-1a39-4540-b783-ca69e25843c6,3930172,0
ALL,be4679fe-cdf2-45ef-85f2-7036e872d836,3857284,0
ALL,be53ca4b-5991-4ff5-8e0c-2ffbc94eca43,3942349,4
ALL,be5e1ee7-9469-48d9-85db-264687ee8f86,3930170,4
ALL,be605762-66d1-4d7c-ac14-db47aeccc5d1,3857268,4
ALL,be6acb4c-0dc2-46c4-b95d-f11a34708612,3930164,4
ALL,be6c45b1-d9e9-4ed6-96df-32043b0e3b26,3930177,4
ALL,be7f1628-9e44-4c6b-ac44-85b8d7a924b9,3940878,4
ALL,be88d641-bad7-460a-973b-c5806a81a51f,3857292,0
ALL,be897d36-c42a-41cc-9a2f-bea5599f47fd,3857255,0
ALL,beae91ef-e451-41b5-99fd-54fe62f61b8d,3941020,3
ALL,beaf171a-179f-43e0-9b24-806e89e850cf,3857281,4
ALL,bec54d77-786e-411d-b8ef-451d3bb995f2,3942752,2
ALL,becf4961-8544-4ddc-9f18-124107300c54,3857274,3
ALL,bedd619f-7833-43cf-8e82-02b9f6cd1d39,3930169,2
ALL,beeb08fa-4082-4454-b829-b55502980067,3930169,2
ALL,bf068f56-182a-44a0-bce4-f3e9488a22bb,3930182,3
ALL,bf12ff17-c9b4-4745-91cd-a297f16e06b4,3930169,2
ALL,bf19033f-28f7-45db-ba46-e406ec73991b,3930176,0
ALL,bf1d59e1-6530-4638-ba7f-d96589a19656,3930180,1
ALL,bf278ca1-491d-4b26-92fc-3c0221f3854d,3869152,3
ALL,bf422115-95cb-4f8b-be18-0dbedfcb9680,3857294,2
ALL,bf51bb8d-6a81-43d5-b71c-47ab0bd0f866,3938638,3
ALL,bf5480e5-08f2-4964-a26e-32fb29db41cf,3857274,3
ALL,bf5b9ed7-68a2-427a-bf2a-5deb40733dbf,3938639,2
ALL,bf5fb119-00bb-4e52-97ad-2849ee3ab61c,3857265,1
ALL,bf60f0e7-0638-4972-a4b5-755e06205be5,3930174,2
ALL,bf66871c-22e3-440f-9312-7b655ef9573c,3938642,0
ALL,bf707b1a-63ef-4b0a-ac3f-fca89835352d,3857300,0
ALL,bf7640eb-8c96-49de-a596-0d3df0552a38,3869486,1
ALL,bf84ba4b-9b4e-42de-bf5e-634726991d20,3930183,3
ALL,bf8887ec-be77-48d4-92a0-4437d3505217,3857265,1
ALL,bf8f80a9-b72d-4f54-bb83-1f7edf124c9b,3857269,3
ALL,bf9a956f-cdbf-4bd9-b0ad-b23b76c08107,3857284,0
ALL,bfa29abb-6612-4e46-ba7c-e86f15c51604,3857279,1
ALL,bfa60832-bc98-4aee-aa4a-9f0032f67ab8,3857279,1
ALL,bfb5b597-07a4-49e6-948b-1c7563dd1532,3930176,0
ALL,bfc0cdd4-4447-47a2-9194-b6fb10610f27,3938637,4
ALL,bfca18cd-4ef4-430b-b3d4-3fbf99c4ec6b,3857274,3
ALL,bfe58284-c24f-4165-9238-02fb6179a55c,3930162,0
ALL,bff8866a-8925-4cd4-8373-ab7feb687f98,3930182,3
ALL,c004283b-025f-4c82-97fc-1d90f8d49b0f,3930177,4
ALL,c005fce3-7ed5-42ff-b905-2b468f370071,3930164,4
ALL,c00ab83c-bcdf-49c1-8460-0bd8b631b40f,3930172,0
ALL,c00dbc04-18f9-4660-bb6f-04e93245a92d,3869219,1
ALL,c02f62cd-e6b0-4ac7-a18d-752bc0d6899f,3857264,2
ALL,c034720f-6b0f-4440-8f8f-d841f5adcfa8,3930165,3
ALL,c03ec93c-891d-4539-86e2-ee25f56b55c4,3857262,4
ALL,c054a113-8588-47a3-82fc-9675025036f6,3930176,0
ALL,c0581637-d5ce-42d2-b8fc-b6a7778648bc,3857265,1
ALL,c05cfa09-18fb-4a52-ac36-2d0411981909,3857265,1
ALL,c069f9ee-1ee5-4876-8148-896403040d7a,3930182,3
ALL,c06c3e9e-cecd-44c4-bcbb-1c19a816b873,3930166,4
ALL,c06d9d4d-79f1-479b-b456-8767b8e6b22b,3857257,2
ALL,c070ec2e-9684-44cd-a3b2-dcd11b3f8ef9,3940878,4
ALL,c0749153-1e07-4a96-8d9b-c2cbbd15cf4a,3930183,3
ALL,c07cd8d7-0547-49ee-931f-925ee3a111f7,3869685,1
ALL,c08f1edd-6186-45fd-9e87-6c743b00936b,3930181,0
ALL,c093ae5c-29ac-46ec-b254-b6bf8a69f04d,3930174,2
ALL,c095fa44-dc49-4d57-a854-95c86b6900ab,3857268,4
ALL,c0a34568-2da2-4710-829d-e24f1e6e9bf5,3857266,2
ALL,c0a43e0d-e64e-405e-9a7d-8ae2bc6511f5,3942226,3
ALL,c0ac6b25-e15c-4003-b0ec-701cdb17fa9f,3930183,3
ALL,c0aee88a-5969-4f27-a900-0dcf472e039d,3857291,3
ALL,c0b1cf56-ac3f-49a4-b35f-4ef6e22a4e27,3857261,4
ALL,c0e4ad4f-0165-42fb-8584-d5092f044c77,3941022,2
ALL,c0e5178b-92a7-4dad-a927-371ae9fcf553,3857263,0
ALL,c0f2da4a-9862-47eb-9602-2c2a6738fcc7,3857280,2
ALL,c0f2ed93-8fa6-447c-9292-266d68ff5343,3857296,1
ALL,c11a8d2d-5c1f-4c57-8662-bc6b01fe31fa,3869321,0
ALL,c1212de7-c5c4-4a9d-8fd0-b70013a7628b,3857263,0
ALL,c12954b9-1552-4f89-aa1f-839686b19ea6,3930180,1
ALL,c12d2b26-598f-4481-9082-18cdcc2ee351,3857279,1
ALL,c137e920-4a36-48b3-96b6-ad383574da78,3930184,1
ALL,c15016c5-d4ac-44c5-97f8-ff76f0db5908,3938637,4
ALL,c15e8145-c736-4c0c-bd2b-649c8757987c,3857258,2
ALL,c16d8abb-bd91-4814-a9ae-ba36e3b3d616,3942226,3
ALL,c1716a41-b3fc-4a12-be71-03ff6123c217,3943043,1
ALL,c1731dae-94b7-4774-991b-f2efe18ea35e,3942226,3
ALL,c18a841c-ae70-476d-a88c-2dadfd7e4a10,3869117,2
ALL,c19b1998-62b7-47f0-bcf2-7296a2aee4d1,3857299,4
ALL,c1aa0c2e-5236-4fef-b917-19799da68e65,3857255,0
ALL,c1c6c8db-b504-42fb-8863-e595766bb529,3930184,1
ALL,c1ef66b1-675c-4a1e-94c4-020a66e6389e,3938644,3
ALL,c1f2809a-1b3a-4429-bc02-d0c5ba4705f8,3930181,0
ALL,c1fd680d-ddd9-4980-9ef4-c1b6888ddcd9,3857286,1
ALL,c1fff1ad-724f-4b95-af4c-edd496397ce0,3930176,0
ALL,c2118057-c4d5-4727-9918-2531c6bd48c0,3942819,4
ALL,c21a2db4-a7e9-4f61-9377-b30fed9d0f3a,3930172,0
ALL,c21bb14e-e4f3-4529-8d28-5b568f73da4c,3857274,3
ALL,c2224c2a-cb86-4d25-867a-531e9275d6a5,3938637,4
ALL,c222affe-01d8-4a04-afcb-f272ce27a2be,3930174,2
ALL,c222f1a5-73a7-4198-938d-a97c0ad49b1a,3938640,3
ALL,c22e690b-4f3f-4371-8012-76a30a62a282,3930172,0
ALL,c2308a92-e54d-400c-8b58-3b07f1fef8b5,3938645,1
ALL,c231be4c-a283-4b93-9ca5-9677f3d54a30,3869152,3
ALL,c24f3a69-1dd8-4249-9e1a-a66e61996591,3938645,1
ALL,c251a295-d8bd-4f52-9b5d-8d6d94874f91,3938645,1
ALL,c25e834d-75f7-4094-83b2-8c4bff18b1db,3857279,1
ALL,c2890666-0e6d-481b-9652-3783a5a35d56,3857269,3
ALL,c28937ba-6dbd-42c9-af59-df0c4986495d,3930159,0
ALL,c289cb1e-eada-4fb4-b07b-38a90c456466,3938641,2
ALL,c2935e6b-959a-447e-8e03-7bfcd9e801a5,3930165,3
ALL,c2ceb557-6b7e-49ba-8ff4-9e318e28047a,3941018,1
ALL,c2d06b32-f8a6-469a-a1f0-26c3d076d2c8,3869220,0
ALL,c2d35d9d-04dc-41fc-85e0-0f95f9eb957a,3857258,2
ALL,c2e328c4-ef20-410d-90da-a6849f5f5567,3857272,2
ALL,c2ef570f-e4c7-4388-b08b-3a393190d2bd,3930177,4
ALL,c2f4b755-09bc-424d-a329-9fefe9f15781,3857289,3
ALL,c310aac2-e91a-4c38-a0ac-fd4ebcf9d31b,3941017,1
ALL,c3158490-cfcf-4dc2-84b3-99115f3f2ed2,3857282,1
ALL,c3173542-b68d-4faf-aecf-c392633156ce,3943043,1
ALL,c31eb265-3152-46e0-bde0-c3cf0e82ec7c,3857293,4
ALL,c3504188-7cf4-44ea-8da7-f6f0f78c5670,3857264,2
ALL,c350a3f8-1529-487b-ba03-55e4e86622b9,3857297,2
ALL,c3581860-2e57-4dca-a601-a4f07518e1e8,3857289,3
ALL,c367e12c-3d7f-4820-bc31-0095aa100ef8,3857291,3
ALL,c37723eb-dc25-45e6-9fae-83339d64af7e,3857283,3
ALL,c383ef63-9c3f-4616-aca2-0fcae6cf19d4,3938641,2
ALL,c38d5f7f-14a2-455a-831e-72786c6cd390,3857259,0
ALL,c39f30d4-29e5-435a-bdcd-7dfdce8466a8,3857269,3
ALL,c3a53328-cdd4-4656-a3e5-198e011ccf1c,3930166,4
ALL,c3a58f40-ccc6-4ddf-947b-0df45b6e59db,3940878,4
ALL,c3b056d2-2a38-4cf2-8ec1-89383dc3c64c,3857288,4
ALL,c3be8e37-06d4-4529-b88a-0b19169ccb25,3857292,0
ALL,c3c18658-8f02-4ee1-acfb-8c2a8460ebc7,3857273,0
ALL,c3c892dd-87e1-41f5-ac77-1f32b3e0e822,3857286,1
ALL,c3d03730-f635-4813-93d4-829d2c897644,3869684,2
ALL,c3e03cd2-6bd7-4ecd-8abc-3a6521d07f93,3869254,4
ALL,c3f5a533-ac08-4acd-aa50-1cab099f6feb,3857298,1
ALL,c3f73f6f-b14a-4a50-aea1-1fea7a341163,3857276,2
ALL,c3f74d70-94dc-4ef2-b814-26625e00a2bb,3930167,4
ALL,c4043554-ff86-4901-99a6-8b107721f8e5,3857254,0
ALL,c405fe35-6176-4ee9-a877-e96e26a3e30f,3938641,2
ALL,c41c67b9-f3be-40fd-90bb-3757a6c50a8a,3930167,4
ALL,c423f14c-44b8-4780-b409-a3385dcfd15f,3857301,1
ALL,c4350fa0-d341-40dc-92f5-f853c927bec4,3857291,3
ALL,c439de17-f4cf-4cb2-90da-d7a98bd09ef6,3857285,1
ALL,c44bc0b6-46aa-439b-b1db-714e3f4e61a2,3857297,2
ALL,c46871e5-578a-4b36-a6e1-5e37a51ebb3b,3857282,1
ALL,c4988448-2bf5-45c4-8925-a8f8d68ecfa2,3930184,1
ALL,c49c631b-a7f3-4899-8bbb-e5a770ee3cb7,3857278,3
ALL,c4a20bad-ec6c-4b71-b03b-dce69da42b16,3857276,2
ALL,c4ad0781-849f-461d-8c34-296a8fd386ae,3941018,1
ALL,c4b0c09d-a7c2-4292-9503-96919f23b36b,3930162,0
ALL,c4c6f132-a3e4-40e6-9121-8c28430fc2d2,3942227,4
ALL,c4c85322-1815-4c0e-b33c-6b2daa44b12a,3857284,0
ALL,c4cd5831-8c1f-4ecc-80a0-04bd1fffbb36,3869254,4
ALL,c4d32006-16f2-4ef5-afa9-d10bea91b306,3869253,2
ALL,c4d45030-7510-4209-8044-4c66ef8bb003,3942819,4
ALL,c4d5a4c8-3085-4da7-bd7c-7ec67fcb33dd,3930182,3
ALL,c4d75cec-a9ae-4767-a5c0-7d64aca398fe,3930170,4
ALL,c4eb1d25-01b6-49fe-9a29-a5b5e7e9c124,3857263,0
ALL,c4fe7d93-bacb-4bb4-ba71-cd3a98e73ffd,3938638,3
ALL,c4fe8725-5153-419b-b2c4-f223742e7223,3930164,4
ALL,c5118c8c-f364-412a-87b0-3566f50ab0a0,3930165,3
ALL,c51c3a85-821f-4097-ac3f-3367b0d6fc05,3857291,3
ALL,c520b876-e3a6-4f03-aeac-10f763ed329c,3930159,0
ALL,c52cf34f-6e4e-434f-8a94-0a9560f1a09b,3938641,2
ALL,c54ba800-4b65-439e-a5c2-546eb8f3b057,3938645,1
ALL,c558158e-3551-47aa-b080-eb6de7465899,3857274,3
ALL,c55cc412-e4e0-4d47-842d-a70da4d07573,3938641,2
ALL,c5615491-31eb-4e11-a593-05585f8d2080,3930164,4
ALL,c5912459-994f-4a69-8ef0-829ff2baca4d,3857287,1
ALL,c5933056-ed83-478d-8ba2-95165be9f7b0,3857276,2
ALL,c5a0de31-90b7-40e8-b007-7d6c872d9233,3942819,4
ALL,c5a2c90d-28ac-4994-a309-63680ca2eabb,3857299,4
ALL,c5aa08f2-616d-4b1d-ae61-e31f347fe3d0,3857257,2
ALL,c5f1bf08-1603-478b-a2c5-eb3f755cd36e,3938645,1
ALL,c5fda13a-3891-4700-b41d-4fd515e10995,3938640,3
ALL,c60499b7-f710-48c4-89c2-c21dfc20850c,3930167,4
ALL,c6051ee9-16ff-4ad1-be14-8aa4714c44c7,3869685,1
ALL,c633b6da-7c49-4980-b91d-fbb52759a44b,3857298,1
ALL,c63d9d51-e545-4856-857e-a92b1018b480,3857267,2
ALL,c64b8ca6-2402-480f-8e18-ca942eeb5f44,3938641,2
ALL,c64d2c39-ef57-4d9b-b443-b42c6edff50e,3940983,3
ALL,c65ba832-3bc4-4e3c-98db-3e7c4c1eccd4,3938638,3
ALL,c665376b-7be6-41e5-8468-83854a17298c,3930183,3
ALL,c66ce551-92e9-4965-9edc-ecba60a275cb,3941017,1
ALL,c6753936-ece5-48c0-838b-d4562378f0b0,3941017,1
ALL,c67ac939-6dcb-4a37-8a14-0cfe21724983,3938641,2
ALL,c67cb1b5-93e8-417a-816f-7d95ebba448e,3942752,2
ALL,c696dc8d-7bf3-481a-9e10-7b7b5e876b38,3938640,3
ALL,c6a2249b-b7e2-434d-bd71-27b8ac2e7839,3857297,2
ALL,c6b09389-b996-4d1e-8512-b067a68d6e14,3930181,0
ALL,c6d4c749-94a4-4298-8de2-2a5b2db1d3a1,3857289,3
ALL,c6da8e17-92ff-4d8c-ae65-9900bc8ab40e,3857290,2
ALL,c6e1c689-7087-43c7-a32f-9b608352d2e1,3857295,2
ALL,c6e39b79-3b55-405c-814f-a31d37fb56e8,3857279,1
ALL,c6ee3719-fdce-44e2-87f3-67ff128d3f60,3930170,4
ALL,c7042f79-e2fa-46d1-a492-0e09f510cb34,3938643,1
ALL,c73abe34-cf12-460a-8473-c562feda128b,3942349,4
ALL,c7529c14-2502-49ee-acff-84b5d4d5c0db,3930180,1
ALL,c75418f9-0a21-4e1c-b249-c37b1ec4d8b5,3938641,2
ALL,c75fa14c-07be-4978-929d-b236f0345449,3857277,2
ALL,c76a819e-dddf-47d1-8bb9-b072de30cf32,3941021,3
ALL,c76fa1fe-23ff-445e-b2d8-69085a420d08,3941022,2
ALL,c773d228-c2fa-4eb8-878d-59751bfa492d,3857256,0
ALL,c7791a24-5166-484d-9107-74da76120383,3857262,4
ALL,c7859e30-1e93-494d-9876-9332850c4eab,3869151,0
ALL,c79d0b59-75a1-4d9c-bd9f-50d6a16d2f54,3857296,1
ALL,c79edd57-3516-4287-89fc-59455f08697c,3930181,0
ALL,c7d3d44d-6d70-4bcc-bf46-587cc952c95f,3869151,0
ALL,c7e94f7c-c588-4650-88e8-8bef11a58ea9,3930173,4
ALL,c7eec508-b09e-4f17-8e9a-d150ab740b12,3940983,3
ALL,c81ac58f-8648-4e89-a705-0f4d61bbf06f,3930169,2
ALL,c83d18e8-2929-434b-9450-d6529a79c843,3941020,3
ALL,c840aaeb-7c8a-4ab0-9ee7-27c4b824bad0,3941019,0
ALL,c84146a9-1071-4579-bf59-381ffcde0f6d,3943043,1
ALL,c849481f-31a5-4baa-9a61-5fa90418a239,3938637,4
ALL,c849f504-d088-4e62-ba5b-cdf01e63b1f7,3930163,3
ALL,c8519e1d-5942-46a0-915d-3d31aec43f31,3857297,2
ALL,c8651fc2-81fe-4d8a-971d-e1d3297faee9,3942752,2
ALL,c86c6e32-8ddc-4169-b84f-f998d0f9ee8f,3930180,1
ALL,c86ffdae-7bb8-4f7a-a933-337d5e6df318,3857298,1
ALL,c8746432-b716-494e-b5e1-833e156c59de,3930179,4
ALL,c87cd49a-e24f-4d80-832b-4d76eb9667d4,3938641,2
ALL,c89ebe14-9ed8-4889-9758-f4460d842d95,3930179,4
ALL,c89ec6e0-b78a-4216-a5f2-0640ea2e2f97,3869118,1
ALL,c8bb1562-7d8d-4e8f-aaa3-9a164de768d9,3857286,1
ALL,c900e1d5-dbc7-433e-801d-9b53d80aa108,3930177,4
ALL,c9032856-cde1-4d41-96fa-15a984e4ab3a,3930177,4
ALL,c9108105-55e0-4495-9801-2fd515f8f46a,3857284,0
ALL,c91722d1-51bb-4d8f-9195-2d24f98048a6,3942752,2
ALL,c91c6561-b594-4d1c-bc54-2adca237a5e8,3857274,3
ALL,c91dad10-4be7-47cb-b3a2-92d5991e5fa0,3941017,1
ALL,c92fe11c-0b66-4c16-8342-74b85eadcf87,3930164,4
ALL,c945a879-d30e-4122-9141-92d9f83a8ab7,3941017,1
ALL,c96b1f63-6281-4c11-b7e8-948c2eaedb74,3857260,1
ALL,c972ea2b-d096-4aa1-b9de-2cdcfb517c06,3930184,1
ALL,c97d1e82-9908-4118-b77e-3e0a1dfc537f,3930166,4
ALL,c9921e0b-7d1f-47fe-8fe2-037d0a3fd718,3938639,2
ALL,c9951802-d001-4e93-b3a4-b9c3d9dc7559,3942227,4
ALL,c996d54b-8cdb-4177-be0f-f8e0e8e2dda8,3857295,2
ALL,c9a133ba-0f55-47d0-a09e-7feb28057a26,3857277,2
ALL,c9a32f44-3f9d-4e9f-8777-81d708bd64da,3938640,3
ALL,c9adf743-484b-4343-a7f5-1a61ea35ebfe,3930164,4
ALL,c9b39d9d-2613-47c7-8cac-d298cbb5762b,3938637,4
ALL,c9c90f2e-234a-42ab-aabe-131807b984c1,3938645,1
ALL,c9cac293-9a60-4e3b-9768-7816f3ca1f14,3857297,2
ALL,c9f1d053-c413-4b44-8b5f-ab367535679a,3941021,3
ALL,ca087462-ed91-46fa-a292-6238ba609c3f,3857263,0
ALL,ca37345a-38d2-45cd-9751-7eb03dba4063,3942752,2
ALL,ca3c848a-b72e-436d-ba23-60f3d7d529ef,3930159,0
ALL,ca4a9346-e466-4bf8-aa80-938edb765436,3940878,4
ALL,ca512a0f-39ab-45a4-9db9-ab5a82b60d20,3930171,1
ALL,ca55cc42-634d-4b19-8e70-c1db72716893,3930174,2
ALL,ca57512c-260e-4c08-80dd-7d8ee5f036ac,3857260,1
ALL,ca636efc-a209-4042-a670-fed49db62902,3869118,1
ALL,ca856971-f9a1-425b-bee6-52d257ae0d2e,3938638,3
ALL,caae66bc-b6d7-40f9-a439-1602462a2cbc,3930179,4
ALL,cac92fca-3394-4907-96ea-fba9be146d07,3869486,1
ALL,cadd7251-a9fd-454a-a4d4-6148640b3aed,3857263,0
ALL,caebe9bc-fc46-44fa-8577-dd64f8b7c911,3869117,2
ALL,cb08d6d7-8d44-40b9-85cd-9b6422d7a186,3857271,3
ALL,cb147b78-8d1f-48d5-9151-bed3bbbf12ee,3857301,1
ALL,cb19b4d8-7283-495a-adfc-c3d951f29c42,3869151,0
ALL,cb23eb19-b0ca-483c-85db-2cc7168c1bbc,3942226,3
ALL,cb26e17c-9a3f-40bb-b364-52150c8b5415,3938641,2
ALL,cb365f49-8020-42af-9bbb-c0316a3d18f8,3930170,4
ALL,cb387bd7-473d-45b0-92bd-031346f93363,3857268,4
ALL,cb4cb843-f1fd-4323-9c7c-a5c1a5002377,3930183,3
ALL,cb6891f4-7812-4dee-bd89-cf3e0aa3d5df,3869420,0
ALL,cb7adf98-d669-4928-9361-286a2c5ced69,3857280,2
ALL,cb7cc21a-9cf9-48bd-aefc-9151baff9d0c,3869254,4
ALL,cb89c2bf-65a9-4c0a-b03f-3781f5aa6d81,3930162,0
ALL,cb8ece87-ac4b-40ee-a8b5-9d8f8d2b6b1a,3941018,1
ALL,cb97ffe2-0938-4e9b-bfca-a66fdb2a3c9c,3938643,1
ALL,cbaba0ba-4778-424d-872d-394ccf1207be,3941021,3
ALL,cbe8ea6a-d779-4ba2-896c-db90e923eb6e,3857255,0
ALL,cbed45c4-4faf-4376-9163-9b9353edad0b,3941017,1
ALL,cc042237-35e0-4aff-8c0b-8ea2fcefb888,3930160,4
ALL,cc04ebd0-0628-4034-98c4-d361c9df7375,3857255,0
ALL,cc0ebafa-45bd-4fb0-8fb2-150fd9e85fc6,3857270,3
ALL,cc1b479f-836c-4070-9f3e-beeba0496530,3930169,2
ALL,cc1e82be-541f-4cf0-84a6-81bc6a32401e,3930169,2
ALL,cc1e8b11-8c4b-4f18-b555-ce34c48edc40,3869685,1
ALL,cc56dbd8-9fbd-4995-a179-eb7ed6f32761,3857295,2
ALL,cc70fbac-5657-4deb-aa45-7568d270a857,3857290,2
ALL,cc9dc907-2764-4a4e-a3d2-f41a88b61066,3857262,4
ALL,ccaf6b23-4cc4-453c-a6dd-83266465c632,3930158,0
ALL,ccb3a89d-8d13-424a-a98c-94d9d8490566,3857271,3
ALL,ccbad3d8-8d53-45bb-995b-9f88bb68ea1a,3857290,2
ALL,ccca9115-2927-4bd3-83c4-8c829718cdfb,3869118,1
ALL,cccce9cb-7864-4130-a5d4-55308d3738f4,3869685,1
ALL,cd096d25-6a42-491e-a43c-1dd4ef0e45ad,3930170,4
ALL,cd19b3bd-cfe6-46e4-946b-b2f0656ed93f,3938644,3
ALL,cd266e0e-30b0-4e25-94aa-c6125335f8ab,3930180,1
ALL,cd2ba650-bbc4-42a2-9583-0c7f8fcdb3eb,3869684,2
ALL,cd4d3735-d6e2-4ea3-9abb-dd796e40499a,3869254,4
ALL,cd4ec7a8-82a7-4e09-9e17-368430a9747f,3857282,1
ALL,cd780502-524e-4075-a0d8-e4895234e043,3930171,1
ALL,cd8af81b-475d-4219-9349-4c9665f712b7,3930160,4
ALL,cd97c3df-252a-415f-865c-75320366a766,3930181,0
ALL,cda127c6-d6e8-43e1-a40b-9a4f470c5654,3857278,3
ALL,cda249ca-a8f2-4dce-8d67-61487285aceb,3930179,4
ALL,cda83076-50b9-4e40-bf2b-731c0fd940bb,3857272,2
ALL,cdac63b7-698d-4717-a2df-aad54d97c7f9,3930167,4
ALL,cdc87fe5-52e2-42fe-b040-659d0fb240dd,3869486,1
ALL,cddccd70-1e6a-4e62-b43d-ec151edd8dde,3930180,1
ALL,cde1a284-304d-4455-bc3c-9a0cfc466048,3930179,4
ALL,ce0907b7-74bb-498d-b027-904ef34652ba,3857283,3
ALL,ce0b326f-d1b0-47c1-b7ab-62fca20ac132,3857258,2
ALL,ce0da18d-9d9f-4d41-8e9a-b097e5872ec0,3857275,0
ALL,ce1e0366-d3b5-4d1d-a48f-c9d0f2889bb5,3857284,0
ALL,ce21df3f-4ae5-4cc3-bede-59ae11d7d346,3857272,2
ALL,ce23bc30-6aa5-408a-a799-61f20e77cb50,3941022,2
ALL,ce2eb06f-9c5f-450a-9410-379bb93ba616,3941017,1
ALL,ce342472-b180-4cf7-bc84-caa736fa4a1a,3942819,4
ALL,ce393d38-5d2f-4651-b773-3901748869ac,3940983,3
ALL,ce4540ce-da15-4c4e-b1a4-07a293c8dc98,3857271,3
ALL,ce5a13ac-1f61-4e39-90af-2178c41293f4,3857261,4
ALL,ce6e07fe-ce84-482d-9129-896e3640004c,3869152,3
ALL,ce8568c0-ddff-4b87-bae9-da08c5b117a4,3857291,3
ALL,ce928906-0f34-4e50-bc95-79d690eb0410,3857263,0
ALL,cea1a86b-93df-4bac-94ea-561314ead010,3930176,0
ALL,cea43802-22b7-4620-9754-baf4e7789c17,3857290,2
ALL,cec0ec78-ec5c-429c-a68b-1449e0b4e1b5,3857257,2
ALL,cec10869-bc8e-4119-ae5c-54c3ecc8713b,3857263,0
ALL,cec332bd-6d61-4b8e-81a3-6cc12c5fd2d4,3857280,2
ALL,cec340c9-863c-41f6-9c01-26a37f28b476,3857274,3
ALL,ced2412e-d45c-43e0-bed6-6e498ffbc824,3938642,0
ALL,cedc2a01-c0a5-43c5-b187-f78b7ad4a514,3930171,1
ALL,ceeca17e-7786-44a2-adc5-0d857ff6326f,3930176,0
ALL,cefd6e1c-7626-4457-9910-bd5651de29c7,3857260,1
ALL,cf25137c-9f70-4cd7-a208-74eacb846177,3938637,4
ALL,cf2e3146-57d9-4a6b-8d1d-45471cb90a63,3857298,1
ALL,cf372431-e414-4576-9db2-15c584d1877a,3930171,1
ALL,cf3cc7c4-fc2b-4ef3-a408-16bbee82c85a,3869220,0
ALL,cf8a7772-5ea3-4988-b87e-61a9da78eb8b,3941017,1
ALL,cfa4fe51-bbab-42a4-af0f-2542f0e618c9,3857280,2
ALL,cfa8a873-eb96-4cfc-a781-1b16cb0eb616,3869684,2
ALL,cfaeb46a-862d-4703-8294-ffcfef45620a,3930158,0
ALL,cfe2db7c-8291-47d6-8cd2-5377518cfb6d,3857270,3
ALL,cff688cb-bcf2-4942-a0f0-d4e131fd33fc,3857264,2
ALL,d020e5be-1348-4ed5-8f1c-3e5f97241e55,3930182,3
ALL,d024ef74-7143-4533-b11f-120ddb374ba6,3857270,3
ALL,d02cfa5b-2f51-4122-9475-e5c8bc93279f,3857267,2
ALL,d035b8d2-d8fb-4f64-89d3-ced45f60dfdb,3857300,0
ALL,d04a7c8d-8ceb-4116-a315-fb1e333579b8,3930169,2
ALL,d05c56cc-b734-499b-a60e-f330aa482b47,3857296,1
ALL,d06066d1-8818-4851-b041-94eed68fe509,3930171,1
ALL,d06d23a5-7980-4838-a2b5-ea767823b16d,3938642,0
ALL,d07470b4-5b07-4136-831d-3c83db17f7f2,3857284,0
ALL,d0791b0c-b5ff-434b-a767-cb217afdd1da,3930160,4
ALL,d0926d21-dc11-44a2-8ea9-2c4b03a8b691,3930165,3
ALL,d0970d83-46a0-4635-a7ab-e538187323ee,3857291,3
ALL,d09bada0-267a-4a38-bf7f-f0c279d4c327,3940878,4
ALL,d09e221d-f8fe-4d48-afbb-23d58ca5709f,3857276,2
ALL,d0a33473-e417-47da-8844-baf0a32230e4,3857272,2
ALL,d0bb9f99-6f02-46f8-b67c-c4a00d792f6f,3869117,2
ALL,d0d90559-32f3-47a3-9fbe-c5356ea42279,3930183,3
ALL,d0e83c2e-32b9-4ef5-adbe-25864755480f,3869117,2
ALL,d0eac82a-92f2-4efa-810d-8c25818c37ac,3857263,0
ALL,d0f32ca5-33d8-4ba9-9d46-6074c9950c4f,3938641,2
ALL,d0f7dc5e-fc71-4d34-8d58-a610a5a2000a,3930162,0
ALL,d0fbfe61-ac2b-4f8b-9a06-5fd02458b785,3930172,0
ALL,d1048f9a-48a9-4f3c-b1cf-0543b5a9d350,3869254,4
ALL,d114ec77-878f-4158-98a8-71538925c544,3938645,1
ALL,d1358146-04b5-4231-82bc-8d98025706a5,3942349,4
ALL,d140e558-2016-4267-9900-f461c3921e3d,3857271,3
ALL,d16c439e-d4bf-4523-a947-5f3163759e0d,3938642,0
ALL,d176ab3c-87df-468a-a2dd-61cae038ad65,3941020,3
ALL,d17f50c2-7985-44b7-b405-2f0e3cd7470c,3930175,3
ALL,d1832172-9ce3-4283-9571-207137fe62c6,3930165,3
ALL,d1857e18-da0d-4431-999b-126e7600a356,3857277,2
ALL,d189f625-d9ff-4a8f-b77d-311b90f3dc59,3857300,0
ALL,d195f812-91f0-4778-a17b-950bc2de2e1e,3857258,2
ALL,d19f8bf0-a67e-41e7-98c4-677a58998d03,3857290,2
ALL,d19fbeac-1d03-42e8-b986-492879c7ac32,3930160,4
ALL,d1b18503-d793-4acc-b589-6faf7af4d4b9,3869151,0
ALL,d1c02bde-c1bb-41d9-8ef1-f30b527b30d6,3930177,4
ALL,d1c2ab13-7055-4307-853c-d05b9e19756f,3857290,2
ALL,d1c7bdf7-628e-4a9b-9819-38ef5df09edb,3930162,0
ALL,d1e0ee66-60ed-4c85-8ef5-b85847048faf,3930169,2
ALL,d1eba232-35ff-4dd8-91c3-7e0957ad37cf,3930182,3
ALL,d1f0ac77-eaba-4b4c-8828-7f2294733a88,3857261,4
ALL,d207bff6-e3f6-472b-be74-792e7283dcb8,3857280,2
ALL,d20d7ea2-967a-4262-9eee-f922478e1516,3857291,3
ALL,d21704df-ec46-4d2f-9ca0-1b66d317d7d0,3930165,3
ALL,d22ab248-1710-4992-9484-63fd30676332,3857267,2
ALL,d22da347-fcf5-4325-b515-516a7c09d956,3930178,3
ALL,d22f2473-3104-4180-9ee8-c243279614d8,3940878,4
ALL,d23c230c-167b-4ffc-907c-c9cbb21963c1,3930171,1
ALL,d2474feb-a51e-4674-952b-66bf72236783,3930160,4
ALL,d24df8e1-6f05-4a50-bc47-87d2e311de46,3857254,0
ALL,d24ef6dc-da6a-4dcb-ab9e-27cc94f0e87a,3857297,2
ALL,d251cb71-4895-4605-b075-388734f639b8,3857265,1
ALL,d2533d11-c185-4c07-8e24-3b53da9a6a4c,3941017,1
ALL,d25ca309-aea6-4895-b1fd-beca322fe416,3857291,3
ALL,d27801cb-d543-40b8-a964-573ea3d6dd9c,3942227,4
ALL,d28e71c2-bb2e-41e8-a979-a15a4f6708a0,3869118,1
ALL,d2921b3c-3ea5-4e02-8b2f-d900d8e3213f,3869219,1
ALL,d2a7d3ee-5d1f-4845-b8e0-03d795e0ea97,3857270,3
ALL,d2be8969-cea2-4ad5-a70f-bbaa8e03e9ae,3857268,4
ALL,d2cde232-9bb8-4226-9365-2ca510677925,3930174,2
ALL,d2d9b2ea-4322-4dcb-998e-7cdaff3d9f03,3930161,4
ALL,d2df0cdd-99b9-41f4-8089-5914615a7306,3930159,0
ALL,d2e6edb0-0f55-45d2-a109-f48c8cd37298,3857293,4
ALL,d2ecc5e6-3d50-43ad-9067-f643e7c39cad,3930166,4
ALL,d2f56323-8105-4f7d-95cf-8b8abde171fc,3869354,3
ALL,d2f657e8-26e9-42cd-a10e-d5afffe60454,3941021,3
ALL,d2fc0a9c-f214-4e7c-bfb9-b2a3c701574f,3857267,2
ALL,d303a1bb-e265-4c26-9405-46ca87c0dc33,3930170,4
ALL,d33298a0-5ef8-4999-b917-1241aaecc93b,3938643,1
ALL,d338cf8d-6ef9-4843-a5e2-473a62fbb232,3930179,4
ALL,d345ab50-9bf3-4adc-8053-a4af831efdb8,3930176,0
ALL,d349c947-1bd3-4d26-ba43-7c725bd08770,3857285,1
ALL,d34c8d70-d46d-45cd-9ebe-1c838b09bc2a,3938641,2
ALL,d355d01e-9bf1-4807-8bb6-dfbb87cf77de,3857276,2
ALL,d3586e91-e722-45b7-a9ee-b7595e137695,3857259,0
ALL,d364b46b-100a-4180-a70b-c55f811e05a4,3857277,2
ALL,d370305e-0d07-4781-a147-8b9ac53751d4,3930171,1
ALL,d3805a04-fbd1-4854-8134-191d74a32d08,3857264,2
ALL,d38ec60b-6328-40b2-a3c2-c626579a8f32,3941022,2
ALL,d391fb00-a800-4a67-9474-23d879a2e14d,3869219,1
ALL,d39cead2-3662-413a-80db-fa310117694b,3857262,4
ALL,d3c54892-6e67-4a41-8f63-2acf0ac12f00,3857284,0
ALL,d3d01eab-b5c6-4608-bc80-0b06741b42fe,3869152,3
ALL,d3d5892a-4e87-434f-aee6-beedf872e75c,3857258,2
ALL,d3e0a474-7d9a-4fd2-b258-149abcf2c391,3857289,3
ALL,d3e7fbf4-7dd8-4be3-a5ef-4e9c4df45d01,3857267,2
ALL,d3f0f276-2c66-45b0-baea-610897e23d20,3857269,3
ALL,d3f838ba-93b6-4382-8ce3-75d11f98d591,3930184,1
ALL,d3ff6dc3-188a-476b-b3e5-e3ba36141fc4,3930168,2
ALL,d4038895-3b98-4acb-b686-61db13da284c,3869254,4
ALL,d40d0ef1-bfba-4de9-8460-eed34c98ac89,3857258,2
ALL,d41cb002-e202-41e2-948f-8e2af5ab4126,3869486,1
ALL,d42d98b9-381b-472b-93f3-f5fda1236e49,3857268,4
ALL,d43eaad8-53f8-44ac-857d-4c37a1b4eeee,3857273,0
ALL,d44357b2-bb60-4f45-80b0-f123e2aff764,3857291,3
ALL,d4442c5a-0c29-4f4e-8144-43162c29aee4,3930163,3
ALL,d446f356-9167-4058-9bea-a94e7160e80e,3857294,2
ALL,d46c2f63-84a8-46f4-acc9-ceb083685f17,3869254,4
ALL,d4787ef8-d4b1-4ec4-996e-53f73fbf7e93,3857273,0
ALL,d478b301-aba6-493c-9c21-f613f8dc03e1,3857279,1
ALL,d48925c3-5436-4026-8a7a-3e5bf848589a,3857278,3
ALL,d4a4b46c-585e-4b33-b9b3-7b1d16aba346,3930174,2
ALL,d4acf9c4-22d8-4ae3-8026-35f57018afad,3857281,4
ALL,d4b92274-c7a2-462e-bb3c-6ad53cd3c55a,3930162,0
ALL,d4c1fde0-9c9a-4177-a659-aa21e475909c,3857294,2
ALL,d4c8e34e-b504-45cd-b55b-b5ab5ab62647,3930162,0
ALL,d4de0b76-c8c0-4bab-891a-ae0df1ca970d,3869354,3
ALL,d4e128b7-b7ae-4871-aa9e-1cda7ddc005a,3869420,0
ALL,d4e34927-3eb1-42f5-a660-1b0b3075d9da,3869151,0
ALL,d4e41f71-0d14-4bb0-8fd2-61f22e45868a,3938641,2
ALL,d4f91273-5b8c-4f84-83ab-8035cf37e142,3930175,3
ALL,d513a141-6065-4939-9bfb-58e8a4f3605d,3938645,1
ALL,d515342a-80a8-45ca-b12c-828d112d961c,3941022,2
ALL,d51a6b91-01ea-4eea-a9fc-0e88c17d47e5,3930180,1
ALL,d521fdcf-b3da-477d-ab9a-ac5e7b4583fb,3857297,2
ALL,d5418496-5de5-4ea6-9a38-6558f7ad96be,3857284,0
ALL,d549f183-7f3f-4ae0-ba25-b7b3195103cc,3941020,3
ALL,d54e2277-a4ed-42c1-ab2f-278424cbd917,3857279,1
ALL,d593595d-c821-4b8a-b141-4c5dba57180b,3857289,3
ALL,d596b8c2-a5bf-4a33-bdde-74bdd811df68,3930181,0
ALL,d5a8b5c6-fb09-45be-9b26-1b321a38efcc,3942227,4
ALL,d5bcb4f1-9b01-4775-8c2a-16f8a87683e5,3938639,2
ALL,d5d1bfe6-b7a0-4978-bc2d-a9b0d81c28db,3869420,0
ALL,d5d30938-238c-43ea-8204-cebbf3ce58bd,3930183,3
ALL,d5d567d1-2959-4d09-a667-413ef78b24b1,3930171,1
ALL,d5d83339-5958-4424-95c5-bf313f786d9c,3857262,4
ALL,d5f9779b-3127-4ebe-9bff-5fc73c130e5d,3930182,3
ALL,d5fcda8d-f79d-493b-8b5c-f19dfc9cb720,3857262,4
ALL,d60a5f05-ac6f-415e-a15d-4a64f8f7b92f,3869552,4
ALL,d61b5fc0-5f14-4348-807e-f7d4c4c7bfef,3930173,4
ALL,d61edae5-42fb-4401-b400-418da37ad39f,3930167,4
ALL,d6258cde-6c04-4ee1-9f69-f923ff6ffe7e,3869117,2
ALL,d62fb2da-6b2f-44bf-8c17-f542db5f83f1,3857261,4
ALL,d632bb3f-046c-48c3-8036-d746ae439cd1,3930165,3
ALL,d641f47e-6f77-452b-97b4-aa8487966c4d,3857282,1
ALL,d64c13be-c503-4946-893e-67edf7839285,3869117,2
ALL,d64e9657-c951-45b0-915a-c25318fbc446,3930164,4
ALL,d65932aa-f13a-4bb2-bd4a-c42442587011,3930162,0
ALL,d67fed0e-b303-4b47-836b-549a7a814366,3930159,0
ALL,d68e17b4-11ed-40c2-88a8-2b194e1aa384,3869684,2
ALL,d68f0dcf-bb54-43aa-b66a-1c3948abd0d9,3869117,2
ALL,d69d3a6b-21ea-4f18-bc78-845f6fbe460b,3857298,1
ALL,d6a68f50-146d-43b7-b7c9-08b81cf36dce,3942227,4
ALL,d6b6f244-e18b-4259-b3a4-777606d7bff3,3930171,1
ALL,d6bd162d-ae22-4856-bc0d-25eead382039,3857268,4
ALL,d6c7eaf2-3672-453a-bb13-1d90eeabd879,3930184,1
ALL,d6ca4575-6ab2-482c-9959-6fee6690ee68,3857275,0
ALL,d7022c78-29d0-4884-a530-78b06ee5f893,3857271,3
ALL,d70332cd-1d88-4302-a1ec-e0c18495e3f0,3857282,1
ALL,d7087ecb-4207-4913-b287-6b68fb100a22,3869253,2
ALL,d70e999e-3150-4e9f-9704-943c36e9a878,3930163,3
ALL,d732e818-b9ca-4b0d-bf6b-2fd344835ed4,3857265,1
ALL,d745befd-f940-417d-be5c-936b91b6e1f3,3941019,0
ALL,d764b2c7-248c-463f-ab3c-7957d150b785,3930160,4
ALL,d7659816-e5b9-4d5c-8160-83c178abc132,3869118,1
ALL,d76c590f-c220-41d4-9a22-1e70156d6ceb,3869151,0
ALL,d779fd0d-a77a-46b2-b798-7f6705a04718,3857273,0
ALL,d77a2438-1232-492c-8a32-a9366b381984,3857299,4
ALL,d7872916-4178-4a21-b51c-1ef0ca286bb8,3857256,0
ALL,d7b019dc-884b-48bf-81e4-c810f0be9901,3857274,3
ALL,d7b85fcd-1264-4ce2-9f8f-d32eb06c086f,3857267,2
ALL,d7e05b60-2668-4fdd-bb08-a589b675a7f7,3857295,2
ALL,d7e2cd36-9ddb-4269-9a0d-1859ef125e75,3938638,3
ALL,d7ecf83a-505a-4e58-8a4c-5ed20d58a045,3857269,3
ALL,d7efd236-55b8-476d-8c96-eddb402b5f06,3941020,3
ALL,d7f570a6-0831-4e90-b611-fec83a75b6cf,3930180,1
ALL,d7fc01dc-cf2c-47b2-af01-296b1165d8a0,3943043,1
ALL,d7fca2d9-0a43-4272-bea1-fead513f1787,3930165,3
ALL,d7fcd4c6-50cd-4974-9482-2dd595ec2b57,3857292,0
ALL,d806ff04-0bf8-470b-b10b-317ecf102cc7,3930184,1
ALL,d8175288-33bf-4348-8927-73e89b0f825f,3857256,0
ALL,d8253283-00a2-4ca8-8882-c062fc4c02e0,3857262,4
ALL,d83a101b-c84a-4572-a040-7f7ca64598c1,3930164,4
ALL,d842febf-c089-4860-9e55-fd13f8f9fc46,3857263,0
ALL,d84a3dd6-0ab6-4f6f-9065-f9cd3df623b9,3930176,0
ALL,d84c0a52-8c3e-43ea-a67c-76614bfa913b,3942226,3
ALL,d84cc1ed-91cc-4665-9abe-57857e5685c2,3930181,0
ALL,d84fb770-5c8f-48cf-aa5a-a49f97f5cc4b,3857298,1
ALL,d853ab34-03b8-4a37-88ab-7b7a9de627ce,3930162,0
ALL,d862dd3d-9d6f-43d7-a65d-60b09fdef2bf,3938641,2
ALL,d8678081-7c7b-4a40-b291-d6465a8b9bff,3943043,1
ALL,d8688f07-b4ac-4c42-aaea-b6bc83fd7e8e,3857290,2
ALL,d88330d1-f0e8-47b7-abd7-d0b809e52b4f,3938645,1
ALL,d8844dba-998b-461c-8379-120aa5dd2a2a,3938639,2
ALL,d89af024-9eac-4186-95bd-d4929c068462,3857284,0
ALL,d8bb4e35-369d-4e0f-892e-9616aeabf313,3938641,2
ALL,d8f19714-6789-4cc9-bbcb-997350b650ee,3857294,2
ALL,d8fbed3c-0a71-499d-a01d-aca018cfd5af,3857282,1
ALL,d92387b0-b8a9-4b83-b44c-13a20c310bf7,3869152,3
ALL,d9243122-4d2e-4335-b3fe-76309b7aed99,3941017,1
ALL,d92780fe-0c15-499f-a706-f471b45a4d60,3930177,4
ALL,d92f262c-9054-4f20-a386-580ffab184cf,3930171,1
ALL,d9342266-f829-4503-a14b-a867535d42b0,3857259,0
ALL,d9692f18-43be-45d8-99eb-3a4c75f7b82c,3869684,2
ALL,d96b13f6-47b8-4374-9452-c16106be4dbf,3857293,4
ALL,d9749157-60d4-41b8-8a44-7fa16ce591a5,3941020,3
ALL,d983fc02-bede-4ca4-8fcb-5469bd1e6cb4,3857300,0
ALL,d98d9912-5b84-443a-9554-1d2786468f7e,3857268,4
ALL,d994da49-5b50-4727-94bf-08a788437c74,3857265,1
ALL,d9d9eb3c-b5dd-4b99-95d4-e9cbfd3470a6,3930175,3
ALL,d9e2b262-3ced-413b-8907-192505861272,3857261,4
ALL,d9e62156-4f18-4ea0-957a-f6845610a9d3,3857274,3
ALL,d9efc982-b1f6-48b6-a130-a19397f20990,3869321,0
ALL,da009bcd-ae8e-4d30-b15e-a7a51d441123,3930182,3
ALL,da036626-e59f-49de-9846-691c4b2d380a,3857255,0
ALL,da374287-0c16-4bea-80c4-d41096b4a410,3930175,3
ALL,da508beb-e401-4700-b9da-390c6e4f716f,3857272,2
ALL,da57b6e4-5836-4612-9c69-f54856dec099,3857284,0
ALL,da772c4f-5396-4740-8132-c5c4dad337d6,3941019,0
ALL,da78681a-047e-4bdc-9f5c-5685aebfaf47,3857283,3
ALL,da92ca7e-9303-4c6b-a93d-165e8f5f7599,3857264,2
ALL,da9f1b83-bae6-4fc4-b1b7-e48e6c71857f,3938637,4
ALL,daa0bec9-3cb8-427f-8c0e-5034c8ec0a37,3930178,3
ALL,daa8de60-20e4-4553-b961-f8f1d93a570a,3930176,0
ALL,dab16d16-a0c5-4d14-a022-db9e09bd61e6,3942382,0
ALL,dacacf17-4a47-4d9e-ac3a-2ffab77fd4cb,3869684,2
ALL,dae0e201-ca40-4737-8ed6-d20c3c373a3c,3857267,2
ALL,dae16732-bc07-4cb6-9c05-04e76652780a,3869151,0
ALL,daeeaa15-b9c2-4b91-9dd5-df3b70f30980,3857299,4
ALL,daf0cf7e-a6e2-49a8-a013-a0f2d78a0a9f,3941017,1
ALL,db0ce03a-5bbe-4eb2-9034-ca96632e9a18,3930169,2
ALL,db0eca0c-0043-4bbd-8f42-0ed93f1ae6f0,3869684,2
ALL,db118916-89fc-4a2b-9407-a3ee5325dd92,3930184,1
ALL,db200ca2-d6b6-42ac-a3dd-c29edb337b28,3869685,1
ALL,db3720a4-2146-4dae-841c-be142a27cb41,3857263,0
ALL,db48aed3-0161-4af3-8e96-718d48325b2a,3941022,2
ALL,db6c2036-6a68-4528-be62-6d32b1d5977c,3857255,0
ALL,db810419-305d-4027-9b65-febeba9388ab,3857260,1
ALL,db84189f-d27e-4f59-861c-029b8970b174,3941019,0
ALL,db89bd36-6431-45ca-8d79-68c88bb52a77,3930175,3
ALL,dbc33c5e-15dd-4446-b3d2-0b0beae12b5b,3857277,2
ALL,dbcfe09f-96a8-4bd1-9418-92c6a66486ef,3857260,1
ALL,dbe069f5-8f42-4a43-b023-a5f637c753e8,3938641,2
ALL,dbfd4626-0d1f-45e0-8012-1843bd369247,3857291,3
ALL,dc0ace0a-897c-43d3-b63b-bdec4fb10738,3857278,3
ALL,dc0e5849-ec94-4fbd-a279-fe05ab584042,3857265,1
ALL,dc17c1f7-9944-42e8-bb51-85140f560043,3938637,4
ALL,dc2fe1b5-e9bb-4302-bb96-2b21b3e36ae6,3857278,3
ALL,dc331206-9d78-4c0b-8f46-b8ba42a919cc,3930180,1
ALL,dc453fa9-5bc7-46b9-a47f-c64cee4e845d,3940878,4
ALL,dc638b1d-0b33-40b9-b056-e96fcefb06ca,3869519,1
ALL,dc66f7be-c667-4542-aaa1-f4766869e703,3857297,2
ALL,dc800322-334f-4986-ba79-ffbbbb57035b,3938643,1
ALL,dc951c56-9645-44c9-bd36-f736e6f81fcf,3857257,2
ALL,dc97cd12-8008-47d1-be3c-8c00e48083a1,3938642,0
ALL,dc9adcb0-d18e-4a4e-a18c-8ff08c4a9246,3857297,2
ALL,dca6779f-31da-476e-9d06-42ea7df32b78,3930175,3
ALL,dcb6a099-b9b0-47ed-8643-21da300d5412,3930176,0
ALL,dcc14c57-6488-4ca3-9665-34435e51d9dd,3857292,0
ALL,dcc16107-251f-450d-b4c2-4688ff27d5e4,3930171,1
ALL,dce4ce49-ad7d-403f-91f9-dbb9631b6dd7,3930175,3
ALL,dcf2514e-33d1-4381-bebd-3e3579dc5ca9,3938641,2
ALL,dd0948cd-c720-43c2-862f-e2c4c799c561,3869519,1
ALL,dd09e46e-0f4a-40d2-bde0-007a3e9a33c5,3930159,0
ALL,dd1d7e02-827a-4adb-9af6-17e4f8e50d3e,3941017,1
ALL,dd2b2a0f-fdb7-42f6-a2d5-ca1a51d2b510,3941021,3
ALL,dd5e25f9-27d9-4f62-970f-82e6258a377a,3930179,4
ALL,dd6262cf-0c31-4e87-bd21-3bff041f397b,3857269,3
ALL,dd77e54a-4edc-466f-b7b2-e4f563ffdc6a,3938642,0
ALL,dd793720-1f50-46e9-b11d-27753eb0075a,3857254,0
ALL,dd7fc2a8-8f9a-43d7-a687-c09e8a75042c,3857270,3
ALL,dd915a88-e021-4ee5-9891-227598022377,3857262,4
ALL,ddbbabe6-f97d-4b5c-b63b-a92fe6821853,3930161,4
ALL,ddd20244-b62a-400b-8ac6-ef9feba6cefd,3941021,3
ALL,dddc1227-6542-45a6-aecf-6be6122b10f5,3857255,0
ALL,dde01b53-9450-42a7-a6a6-a460d47a9443,3857272,2
ALL,ddee4ab1-7f6d-4bdc-9a7c-460060417736,3930173,4
ALL,ddf0b4a0-f20d-4c66-9e16-ff7cdda205d6,3941021,3
ALL,ddf6b714-4da5-40e6-afbc-d59052eb5a1c,3869220,0
ALL,ddfe2955-e36c-483d-bdc2-3e25fb2bac44,3869685,1
ALL,de245a9b-7c43-45df-aaad-5ea66dc71c53,3930179,4
ALL,de2880ec-ee76-4ace-885d-c40af798ed95,3930168,2
ALL,de5deb70-4159-48cb-bd35-9f7dd57d4339,3943043,1
ALL,de6779ba-a405-4ea6-a055-e037a556e83e,3857274,3
ALL,de6b595a-24f9-41e2-9819-32c62a5107d0,3857279,1
ALL,de7ff8a4-a80c-4d5a-815d-00f044eb7411,3857290,2
ALL,de83b502-ec3c-40f0-a900-74125b37132c,3857291,3
ALL,de975a99-f4f8-4ca9-be93-343a54c8a974,3857270,3
ALL,deb09a6d-076f-4524-adc4-9ab15de437a3,3942349,4
ALL,deba8af8-fd85-44ee-a8ad-4427be8256c5,3869220,0
ALL,decc8b5c-0fd5-4ae6-8cf1-0b7456209433,3938644,3
ALL,dece8dbd-85e9-4100-9e32-d744ef746d1e,3930176,0
ALL,df04c78c-89aa-4e3e-9d96-b7703828153a,3930171,1
ALL,df1cd0a0-1e12-4a7c-90ce-debfde75e869,3869151,0
ALL,df236dec-714d-4724-bff5-b9249f702689,3857264,2
ALL,df3325f3-6bef-45e2-bcd7-c601e505e9b9,3857299,4
ALL,df337cf2-aca6-4bce-8798-1baaeb86eeb9,3869118,1
ALL,df3798db-02b2-418d-bcb2-009c8d7edccc,3857297,2
ALL,df4fd7ab-8fc0-402a-807c-98b45e86d768,3930164,4
ALL,df61e3e5-74bc-48ae-971f-b59002a58c15,3857288,4
ALL,df6c4b2f-e305-4281-82fb-fd0ecabd0eea,3930176,0
ALL,df708115-343b-42ba-84df-7400dda0b887,3930178,3
ALL,dfa31598-deb6-4551-b5c5-18b84419bf98,3869321,0
ALL,dfac0b12-3cfe-4c00-ae2a-afadacff977b,3857263,0
ALL,dfae04e9-322a-47d4-a898-083a6b875a43,3942349,4
ALL,dfbb12c2-edaa-4e58-a907-333baee12ebd,3930183,3
ALL,dfbdcb49-b569-4d6c-b268-a7dde5318578,3857278,3
ALL,e013e6d0-879a-4e44-9c38-f5e8787945af,3857271,3
ALL,e01a70b6-c65b-42ba-bc3f-1a96f9acd00f,3869117,2
ALL,e021d24d-cd06-4d0b-8f82-cf4998682e1b,3942226,3
ALL,e02c494f-ac02-4a43-bf4c-1de120624df8,3857272,2
ALL,e02d890c-6bbe-484d-bc67-be7239ef6dbd,3930173,4
ALL,e039cb44-c9d1-494a-bfbe-c99eca882e46,3942227,4
ALL,e03e6905-e44b-41f4-b1f9-6fd45e78c6f7,3857283,3
ALL,e04560f6-d70e-4e08-8e7a-132e7bf2bae5,3930179,4
ALL,e04fed5c-5813-4b6b-a54d-6229e8994834,3930170,4
ALL,e056c249-6698-4819-8485-9b82f307a940,3857282,1
ALL,e05b32d5-fc61-4680-9b27-dcbbe8c12971,3869219,1
ALL,e06c6481-9b6e-4b9d-bc31-f434eb406b43,3942349,4
ALL,e06de99b-13f7-43f1-ad7c-05bf5918d075,3869486,1
ALL,e07d30a4-a47d-4631-999d-2bf95f756698,3938640,3
ALL,e07e5f7e-21cb-4281-b114-502926b9240a,3942349,4
ALL,e08171aa-3bd2-466f-9c30-601d02331004,3930167,4
ALL,e08820f3-399e-475e-a450-34a290983ab8,3857295,2
ALL,e0a30a2b-7466-47ac-afa8-3217e996be84,3857271,3
ALL,e0af198a-9e65-4471-a1d4-e9d780401528,3941020,3
ALL,e0b6fea2-8a27-47b4-a3a4-1d7b34d2e5c5,3857282,1
ALL,e0bfd3c9-5336-4a0d-b11e-9c5611bdce0d,3930160,4
ALL,e0c72d45-ddd7-48ea-9f5e-276ef0f219f1,3857283,3
ALL,e0ccebb4-dcf7-4694-bfd0-f453d5790696,3930183,3
ALL,e0dc8d22-4bb3-4001-abb5-260509c49557,3941019,0
ALL,e0ec459c-192c-418f-8294-f8bd0273c2fb,3857293,4
ALL,e0f59ff0-1f8b-4936-83f8-ccf44a85d0fa,3857257,2
ALL,e0fbc904-2413-4083-9163-a102719446cf,3930171,1
ALL,e147e63c-249b-4583-bed0-048ee318ab4e,3857268,4
ALL,e14e114b-6583-40c1-b413-c6dc305856d1,3943043,1
ALL,e1531648-0748-4b88-898b-c18b88add4c4,3857254,0
ALL,e16073f9-c3f9-4787-988e-1163971fe317,3938639,2
ALL,e1663d91-48bc-4e85-bff1-85efe7a03087,3930166,4
ALL,e1769955-bc19-4b43-8fcc-429aeb9935f5,3941021,3
ALL,e182475a-449e-46c0-bfcf-dc6854146327,3930174,2
ALL,e192f0a4-e9a0-4e0b-96ce-7e3a4075031e,3857297,2
ALL,e1b41897-0e45-4863-b65e-a165b826bc82,3869151,0
ALL,e1bd49c2-5124-483d-9d1e-28d8184dd8c7,3930180,1
ALL,e1cbc208-4295-48b2-a49f-353c4055dd1f,3857290,2
ALL,e1dc22cc-2f37-482a-8e4b-2e42a4a99593,3930165,3
ALL,e1e71f3c-d90f-48e5-8e95-9cc32a796f9d,3941017,1
ALL,e1e7e48d-7908-4a7e-9198-4be2c4f72e9f,3930165,3
ALL,e206cb4c-d69c-4ec1-92bf-de9b232e75e8,3857271,3
ALL,e20c837f-772b-4773-9daf-4acd8bfd8dc2,3857276,2
ALL,e212c39b-d242-42c4-be0e-e172db11c0a9,3857294,2
ALL,e230963b-588e-48fc-a4d9-5fdf5618a737,3857273,0
ALL,e237bd66-327e-4bfa-858f-0f597d32cbdd,3938642,0
ALL,e24b0d9f-0411-4a4b-8725-0a920bb740f3,3857300,0
ALL,e2533781-f454-48d0-8a8d-26802d544dcb,3857263,0
ALL,e25a5c9b-94e4-4012-bce2-f62ed3a3c97b,3930183,3
ALL,e28120d7-3ad1-4ad3-9887-329fce944c35,3857277,2
ALL,e2a03c0c-5aa6-4acd-b4b8-1348b92c85ef,3930173,4
ALL,e2a26d7c-831b-4b45-8086-cda86e802466,3930177,4
ALL,e2a2cd4e-b031-40fa-b3b1-180a04a6f154,3857296,1
ALL,e2ad009c-59c6-43d6-bb0b-e45c9d2823e4,3857296,1
ALL,e2b4e382-800c-4f0a-b313-e30adbabc29f,3930158,0
ALL,e2bf8c8a-eb32-4709-80c7-0cebe4dbb19b,3941019,0
ALL,e2d1f3ad-f9a4-410d-a5ee-9692971f2490,3930183,3
ALL,e2e59eca-a722-4f63-9a43-599eb7fb5d29,3857270,3
ALL,e2e7cd8b-219e-4a75-9428-c45ed489f2cf,3930183,3
ALL,e2e7e849-0733-4eaa-912c-4825af3150d9,3857265,1
ALL,e2fc3d4a-fb66-49f3-9c42-6cb88466ad25,3869220,0
ALL,e3231768-b2f7-44e7-9701-6a4b07996332,3857257,2
ALL,e3485837-be35-4ec2-aea6-f887dce3f8c4,3869552,4
ALL,e35928f5-97ab-4ba8-ba9c-d821959c072d,3869254,4
ALL,e35a7b07-9199-4f76-917f-07d360ae7c3f,3930165,3
ALL,e37159d0-8c97-44eb-853b-4cd368f2e400,3857266,2
ALL,e3750ea4-2a74-4719-8beb-09a54440ad6b,3938638,3
ALL,e390be4f-7e1e-4940-b007-f797949473ce,3857254,0
ALL,e391a923-e583-491c-93be-9a96e9d8f84a,3942349,4
ALL,e3a5aa76-ecda-4dd8-9c6b-ac5e75dbce82,3930171,1
ALL,e3bffe72-46c6-43b6-b0d0-118cef81e44d,3857296,1
ALL,e3d6951b-d489-4683-944c-9a8125f58adb,3930158,0
ALL,e3d9af7d-f09c-4c45-865f-4fd1215b3d7a,3857295,2
ALL,e3df2e7c-0429-4e98-9ae5-37a1abb08f05,3869253,2
ALL,e3e094df-acb6-4da0-9ee9-8cbe6838d973,3930179,4
ALL,e3e5f4a5-967a-4b22-9496-f2b10521153d,3857301,1
ALL,e3ecffaf-cf42-46af-b736-6c3116568baa,3942226,3
ALL,e41102d9-db77-4ce8-987e-2926e6d4b086,3857272,2
ALL,e411a75a-f38a-428d-a864-f6c9b2b9ff45,3857268,4
ALL,e417a8a7-b4da-413a-8cb0-992c05727e68,3857257,2
ALL,e4222a1f-8f85-4828-a84e-e0a86ee4026a,3869151,0
ALL,e4265419-fcf5-4544-808e-2459f9df3a8b,3930164,4
ALL,e42c7005-de00-4a60-9e1b-da4c28a5a243,3930158,0
ALL,e42d9fcd-ef6f-4a72-aeef-709699671d38,3930176,0
ALL,e4374381-a694-4cb9-881e-5e8703c3cd2d,3930164,4
ALL,e462dde2-41e1-4d8b-afbf-95be63854854,3857262,4
ALL,e46c744c-fb6b-4965-a42c-094c912ae017,3857284,0
ALL,e481aa5d-782c-4be1-a309-74c1632b25aa,3857286,1
ALL,e488f13a-9b29-4ea0-aade-56af570b2988,3857290,2
ALL,e492f7fb-95d5-4278-860c-3ce40a929fd5,3943043,1
ALL,e4ac07e5-6f8a-4b86-8afe-4b36ea9f0b85,3857258,2
ALL,e4b383f0-e9ff-4171-bd2d-e76963c523a7,3941020,3
ALL,e4b4c5b9-d872-405b-b454-8d594356df0f,3869321,0
ALL,e4c845a2-dc25-4d60-996c-36bce443ebce,3869151,0
ALL,e4cd8c1a-34d1-4d48-befb-8ea9c8ffb3ce,3938641,2
ALL,e4cf377f-863b-4faf-a2f6-2f3f80d5beb1,3930177,4
ALL,e4e1e22b-14a6-4ae7-8991-6628dee52982,3857295,2
ALL,e4e96853-24c4-4342-b674-700276814086,3857287,1
ALL,e4eba164-032b-48b5-9edb-8093a84ceae1,3941019,0
ALL,e4f3e89e-18f6-4e42-862c-7a9efd8bb6fa,3940878,4
ALL,e4f7b3ba-3998-4921-9123-4d64359ad894,3857293,4
ALL,e502a403-146b-4855-93d1-9a03672ae8d9,3938644,3
ALL,e5174018-6b2b-41db-871c-41f4ef3a44e6,3930172,0
ALL,e5242689-318b-4c45-ab0a-1841cb38ef5b,3857301,1
ALL,e5258e69-5a4b-47a2-be41-dd84f9f27cd4,3930179,4
ALL,e528fc2b-bc8e-4fe7-b531-956c3fd1cfb2,3857278,3
ALL,e529c695-9afe-42f7-b642-2506f0ecc32d,3930176,0
ALL,e535324a-d9b7-47b2-a9c4-1966ac8c6097,3857288,4
ALL,e539c1f8-3a3c-452f-ab59-30956bbae7f3,3857287,1
ALL,e56b9717-5c93-445a-8d3e-d8a87d4fa1b2,3857293,4
ALL,e58923b8-3578-4c1b-88b4-afd268fe4254,3938644,3
ALL,e59b55aa-1866-4e3b-9494-3cd6ccb82db0,3857296,1
ALL,e59b9aa8-19fe-498d-9ccb-d553917df849,3942349,4
ALL,e59d46d8-f2e4-4e67-ac87-02cea16aea3e,3930179,4
ALL,e5c12b78-35f5-4035-beec-390da5c3075c,3857263,0
ALL,e5cc408e-b4ff-4fc8-8208-bab3cdca7aae,3930182,3
ALL,e5d0b545-ccd3-46c4-9560-053b8df7917e,3869118,1
ALL,e5da7ff3-cd54-46fa-a070-ee7c1e681147,3857257,2
ALL,e5e9f952-4aea-436a-a2dd-14c8aff294ef,3857259,0
ALL,e5f1d5a5-4473-48f3-aaeb-334365f4f1bc,3869684,2
ALL,e5f26877-8ffd-4385-b6a6-fa8118cf9a08,3857272,2
ALL,e61d0971-e401-4a4c-8ac8-7dafc8659ed4,3857263,0
ALL,e621e116-6012-4a1b-b5b6-a96adbad02c8,3930168,2
ALL,e62a41c7-cd4a-45db-a980-edb6b382d226,3857260,1
ALL,e62a56ae-7d88-4ea8-a63f-5b689b1dad71,3930164,4
ALL,e637be85-be49-40d4-afef-755c20ed4e98,3857290,2
ALL,e63f7342-d637-4e87-9b3b-1b392a1ab126,3943043,1
ALL,e64ae7a1-dfab-40f9-897a-cb46c3ed0a8b,3930173,4
ALL,e64af73b-6156-4406-b076-85bbb59faae5,3942227,4
ALL,e64eab94-5057-4bcf-82c0-c62bf614d97e,3869152,3
ALL,e653672c-7d07-45b5-aeaf-2ee104a04c7e,3930182,3
ALL,e660b35a-ffa2-4c98-967e-9ec5f0be426d,3930165,3
ALL,e6644186-19f1-4785-a76c-329e37420adc,3941021,3
ALL,e67f10cd-6d82-4bed-b10f-21190ba96641,3857287,1
ALL,e68dccb0-c296-451e-92a0-459be823d150,3869685,1
ALL,e6914e32-56f8-4136-a00e-d1bbfd54eec6,3857274,3
ALL,e691d31e-99c3-4b50-84e3-02e191341500,3869220,0
ALL,e6cea3bb-8036-46b3-86d6-df3a3a1030f7,3857254,0
ALL,e6d2026d-e99e-421d-89f3-24c6fb1e1c53,3869321,0
ALL,e6f2292d-62dc-4df5-bb9c-4685efd6f234,3930181,0
ALL,e6f53ca9-154f-4aaa-b65c-b77a46d664f5,3930183,3
ALL,e702a1f2-9c0b-4d25-aea1-cdb62d1e2b25,3857264,2
ALL,e72bc57f-d366-4b36-975f-b56c6263c097,3930172,0
ALL,e745f25e-8f53-445d-bec9-8430992f2bef,3857269,3
ALL,e74b9d3e-0430-4360-ae79-ead1a0eabd8c,3930163,3
ALL,e7583822-9584-41c4-bf73-78076b8c9995,3857265,1
ALL,e75a6bab-8594-4a1d-a999-d1c8c51a3551,3930183,3
ALL,e7601bbf-6e24-48e5-acf4-d6f9b6eb0d68,3930176,0
ALL,e7652ce5-1b64-436c-9b59-3de984fa9406,3938637,4
ALL,e777f59b-6d23-4fa9-8bf2-90160014fec5,3857291,3
ALL,e788da0d-dce0-4d2e-b3c8-2e40d46d4824,3930178,3
ALL,e796cb3f-b962-4215-b76a-7854bb484ea8,3869152,3
ALL,e79a3f9c-d399-43cd-97cc-2e5f726feb98,3869354,3
ALL,e79da52a-00aa-4d02-b521-3a521650434b,3941020,3
ALL,e79feb12-a446-4972-866d-94dad31d3c59,3940983,3
ALL,e7abe2a3-6d36-4686-b780-395a5f5268e9,3857293,4
ALL,e7ca4019-2d82-47e5-bb58-f01ff1418f3a,3857263,0
ALL,e7cc8c1e-56a7-41cf-a52c-d90982d6e5c0,3857257,2
ALL,e7ce3f4e-a169-4d9d-bd59-7ed63ecdcb92,3943043,1
ALL,e7e28ade-c7cd-4ab6-b9f1-e359ab2a69f7,3941021,3
ALL,e7e31c91-9e1a-442d-a33c-cab3d65ea938,3857277,2
ALL,e7e3d0cb-83cc-4a8e-8302-24c88c19172b,3857257,2
ALL,e7f55402-0459-4286-8acf-876f9492e850,3930181,0
ALL,e8110ce9-7c73-42ac-af85-e44847532eb1,3857294,2
ALL,e824720b-2569-4abd-af70-d1af5309d8c3,3930172,0
ALL,e83c4da6-7d8c-4db0-bec3-a23ae98b59f9,3943043,1
ALL,e83cf2c8-ca32-4cfb-b032-6dfc6996a7b4,3857260,1
ALL,e84090a6-890e-462a-853b-b6f86cadc5f9,3938642,0
ALL,e8411d14-9d3d-4b99-93e9-95dc44cd610d,3869118,1
ALL,e84fd076-67b5-4d28-a636-eba66ee0df88,3857300,0
ALL,e861966e-1e55-4daf-a3c7-fcb3d65868a6,3930165,3
ALL,e862e52c-9c17-4d69-a835-b0a4998770e9,3930166,4
ALL,e866ced5-6f63-4347-937f-4e05f7848443,3869519,1
ALL,e88a8d72-6f4b-40f7-bd56-08e644ec567c,3857276,2
ALL,e8a2cfdf-74a2-4da8-af74-b1404ed7826a,3857277,2
ALL,e8a437cb-f251-4440-87ec-dc580ba9243e,3857292,0
ALL,e8a5cdb1-8e05-4b6a-8118-233a67f1fd60,3930167,4
ALL,e8a9d48b-b313-4834-8ca8-0d7515b61700,3869220,0
ALL,e8af11e5-fa35-42d2-8645-c61e855e0359,3857281,4
ALL,e8bc3395-e776-4b47-b22c-2d14ca15e286,3942382,0
ALL,e8e00bdf-d15f-463a-953b-4e7c849091ca,3857296,1
ALL,e8f60346-8012-4e9f-bd60-fb574ac7b15c,3857258,2
ALL,e906cc9a-db46-406c-843f-1dfaad4ffffd,3857290,2
ALL,e9108b22-31e8-4836-8b9c-a44692d17ce4,3857272,2
ALL,e91c39cf-6891-458f-83a3-598f3681f438,3940878,4
ALL,e91cf8c0-8fa2-4131-80b2-ef522a9b4e5d,3857297,2
ALL,e91cfd65-2428-4502-9800-84f0917a631e,3930169,2
ALL,e91e6c3f-c20e-4a89-93a2-7a8ae5eeecb9,3857284,0
ALL,e92d1823-a9b0-43ba-a1ea-897e9060f08a,3930169,2
ALL,e933835f-7864-4f4b-b876-46ee79ae9b9a,3857284,0
ALL,e934c0d9-51c9-41eb-9ea9-aaad73748acd,3857257,2
ALL,e95636cf-3944-44d2-bd26-96a90e98a41c,3857289,3
ALL,e96e9543-a351-4ebe-9850-323c01827c40,3857271,3
ALL,e9a6508c-6d76-4857-8fbd-09087120f414,3857296,1
ALL,e9b0a123-96e8-4dc7-92b9-3a2d46f181ee,3857268,4
ALL,e9b455bb-24d1-43dd-9a0b-76306b5a291d,3930164,4
ALL,e9d05b5d-6c01-456a-a0e7-7fe9ed90ca41,3930168,2
ALL,e9e2c62c-6947-4068-86e7-402346d69e49,3857295,2
ALL,e9e618c4-e9e9-4b7f-8463-a17728dfc8fb,3869685,1
ALL,e9e8fe7c-958d-4637-a59b-003439bbe816,3941021,3
ALL,e9f7ab07-2879-4a37-9fce-71b93d570e4f,3930175,3
ALL,e9fa5758-cce4-4e62-bc6e-6727c2b86be6,3857258,2
ALL,e9fb34e7-a840-409d-adb5-4cba1762cf1b,3930163,3
ALL,e9fd36c1-75a4-4c7d-8c42-e18272732939,3942227,4
ALL,ea00fc0e-d583-4e91-ae02-813d0b4a6286,3930181,0
ALL,ea051cfb-3453-4e4f-a5f9-0382c6245e64,3857288,4
ALL,ea0d3f5b-3c38-414f-a836-0371530a6b53,3930164,4
ALL,ea0e6abf-c9bd-49d2-9317-ba4f72dc7928,3930179,4
ALL,ea1222fd-7857-43b4-a2e4-02619e75f2bd,3938641,2
ALL,ea13a49f-e799-48c9-89f8-b5001b66cc27,3942227,4
ALL,ea33b878-123a-4a80-9566-4385bdb88f9b,3869321,0
ALL,ea3b1ee6-c2d4-4d62-8e06-9a87709d1886,3857274,3
ALL,ea3f7125-c95f-47b4-b992-9f26ec05456e,3857269,3
ALL,ea4003ca-6f5e-4ee9-9042-468715ae18bd,3942227,4
ALL,ea49d8fe-dbeb-4ed4-8c21-d9921a9cf36f,3938638,3
ALL,ea9dcade-2c84-47ba-afcf-d94ccaa5655b,3930181,0
ALL,eaa1661f-6214-4302-99d7-1ef9ecf1e04b,3930168,2
ALL,eaa7ae72-ff2d-4e2f-b38e-e00ea2d83bdb,3930160,4
ALL,eaae904a-79a1-4ddf-bba0-5754b18e9484,3930159,0
ALL,eab29270-89db-40cd-9fa8-d90b2c2e3b9e,3930168,2
ALL,eab8a4a8-67e8-40da-b563-e39576f3b9c4,3869219,1
ALL,eac54dab-bb6a-426b-931d-6e8909ad44dd,3930162,0
ALL,eaf108b7-cc4d-40cc-a0b1-2921dd59fcc0,3857269,3
ALL,eaf22772-b1a5-44c3-9551-6102bed7f45b,3857278,3
ALL,eaf62499-ec58-4bae-a868-0cf587cd0d98,3941018,1
ALL,eb089782-485f-4772-9194-2f56e4ceaa7d,3930178,3
ALL,eb79f46e-d204-4923-a077-4c2e687014ce,3941022,2
ALL,eb7caab5-90c2-4246-8b99-8b8fec4273d7,3930181,0
ALL,eb818966-7cc8-4cbe-8706-3004c2146b78,3943043,1
ALL,eb8af439-f65d-4e36-87fe-65d5cae4b82f,3938645,1
ALL,ebb8a91b-42c3-4b91-a4eb-4509b71b9951,3930176,0
ALL,ebb91ff1-c5ad-4dc7-9f51-eee60aa7a21d,3941020,3
ALL,ebc47a8c-1e51-484e-a1ff-13f782b312c6,3857259,0
ALL,ebccb269-e1d8-4744-8605-c2e12adc59dd,3941018,1
ALL,ebdaa1f9-4276-44eb-90dc-2605b6df56cc,3930179,4
ALL,ebec9d0d-37e8-4202-93e8-2e35f876e19f,3857259,0
ALL,ec0c6544-cdc2-4f30-8cb4-30f96c57b88e,3857283,3
ALL,ec0d6e54-4775-4668-8675-fdbc669f00f1,3930161,4
ALL,ec16212f-02ac-4a68-8158-57c2066e2334,3938639,2
ALL,ec209724-8261-4a82-82c6-e198b2e9727c,3857288,4
ALL,ec252f5d-ae7d-4d98-85ce-cb703aa5d74a,3938637,4
ALL,ec48613e-042c-45cf-a588-4d20d9602be7,3930178,3
ALL,ec519b42-9337-4b2d-8997-41b20511399d,3941020,3
ALL,ec59d01d-3bea-4b61-bb44-826e98943787,3930165,3
ALL,ec66117c-bca4-4df8-9963-36c2d96d8c3e,3857298,1
ALL,ec97fad7-e1d2-4c36-bc1f-38bc49fcbebf,3857271,3
ALL,ec989a06-79be-4707-a9e6-2ce783f42d9b,3857287,1
ALL,ec9ab26a-2e3c-4f92-a425-4e5f18241b28,3930182,3
ALL,ecd56cf8-508f-4c25-867e-3f2404b8ee5d,3938645,1
ALL,ecd64588-5261-441c-9d9c-135ae3ccf7ed,3869684,2
ALL,ed47fcba-d387-48ee-a569-91bd55b7197a,3942227,4
ALL,ed49276c-822c-476e-842a-c3f1c67b97fe,3857277,2
ALL,ed510fb0-23fc-4b2d-932a-1333b236adcb,3869519,1
ALL,ed623b5b-a26e-48df-9716-dba1da7c63a9,3938637,4
ALL,ed6b232b-0a72-4067-960f-c1b03de50115,3857285,1
ALL,ed964374-55b1-4405-9ce9-782e5fe8a210,3942752,2
ALL,ed98e814-ac2c-409b-8354-d582fa7054d4,3938645,1
ALL,ed9e1008-a8da-4214-a95d-b292514d3ff3,3857272,2
ALL,ed9e79a7-b9ce-438b-bfbe-16f79758d449,3930166,4
ALL,eda32f55-e9f5-4198-84f2-03ef7a0bf39e,3869552,4
ALL,edc8d747-2771-4e6e-b30d-50132cd09fa0,3930160,4
ALL,edcbcdbd-284e-4f09-b626-3a7568814ac4,3930183,3
ALL,eddae281-19a4-41bb-bcfc-e044d0a9e4b8,3857286,1
ALL,ee0b0a35-f9a0-4e93-bdef-3929c0c40e77,3869486,1
ALL,ee0e272b-f56d-44e0-a450-50a040d22b22,3942819,4
ALL,ee115d84-4a6a-4446-842d-fcdaf2130046,3869254,4
ALL,ee14afe1-2075-414d-96ba-481f7b35b724,3930172,0
ALL,ee2aaa48-feb4-4982-98eb-01ea18ad9d5a,3857285,1
ALL,ee39c3a6-3a8b-4e0a-b302-da15c39776ec,3941018,1
ALL,ee4c0c6b-e5af-4c28-99f1-d79f83edaae3,3930178,3
ALL,ee4e1ff7-9da0-4b01-a674-38151b641177,3857298,1
ALL,ee706a67-c386-453d-95d6-c2e01297de29,3857285,1
ALL,ee84cba7-edaa-4f85-9790-4642b6ca6042,3857297,2
ALL,ee8679b0-805c-470b-9721-e5d0e42cd7d3,3857277,2
ALL,ee874b39-51bb-4308-a2e2-8a83b850c92c,3941019,0
ALL,ee8d6ed6-c17d-404e-bd1c-1a0f84864553,3930159,0
ALL,eea570a2-bdac-48da-a83d-7bb110817bd5,3940983,3
ALL,eec70582-1e95-4e8c-8966-9a349ea88fda,3930168,2
ALL,eed4701c-00a6-4ca6-a4ee-41a1e42f46e7,3930167,4
ALL,eed7784f-b246-40be-86db-7afbcb57f908,3857279,1
ALL,eedb55b1-fb37-4ff4-babf-2e3a62fd7efa,3857256,0
ALL,eee2faed-7a71-4346-8f14-4f9c6f276d4f,3857285,1
ALL,eee8c9de-aef7-4dc3-aac6-ab31241d1bc1,3930163,3
ALL,eef75c9b-e31d-48a0-81f6-644ea2cd8b83,3930184,1
ALL,ef01fab3-1479-411b-8aae-f0dd6cd7c65f,3857285,1
ALL,ef076f6e-35ab-4e47-b44a-86dc4c9a3e6a,3942227,4
ALL,ef110ca6-31f5-40ee-a89b-56ed001779e6,3930161,4
ALL,ef1344ca-380c-43ea-be8a-6e39b95f5394,3930175,3
ALL,ef16ec51-46bd-46af-a187-b87ddf2e1daa,3942819,4
ALL,ef56706a-e886-4177-95f5-c7cf22372b8e,3869552,4
ALL,ef6091f1-f43a-407e-b954-0d85f222588a,3857301,1
ALL,ef6179c3-34da-4849-81c1-882c385da25c,3941017,1
ALL,ef694c7d-6039-43c7-b162-1321fe5d2c6a,3869220,0
ALL,ef7c1f3f-bdfc-4750-8f1f-714f2ce35ada,3869117,2
ALL,ef8174c0-9fdd-4059-98fb-eb7be448ffd1,3869486,1
ALL,efb6576b-e9b3-4a49-9db5-4b992fb630a3,3930175,3
ALL,efc91144-fbde-45bf-a750-8b58c99effc2,3857281,4
ALL,effd0355-2228-4dde-85cf-30496431df63,3857287,1
ALL,effea0a9-81ca-4f76-ab09-fa85868028f0,3930168,2
ALL,f009d1a7-d172-486a-8636-4b85e3fd9b15,3930166,4
ALL,f026e13a-cc28-4aec-a8cf-3139f327ecc4,3938645,1
ALL,f030b15e-e088-4382-a1ce-8be2923d709e,3930173,4
ALL,f03888ca-8456-440f-b635-bdf5d92074bc,3941022,2
ALL,f04be0c7-1bef-46fd-9667-b7e7585d23b4,3943043,1
ALL,f05bfc71-6035-4fe9-b9cb-b89495fb66aa,3930160,4
ALL,f07bf241-25c2-44cb-9075-ffa5420256e9,3869684,2
ALL,f0943c2a-f7c5-4e38-963f-ce18c7dabd42,3869354,3
ALL,f096426c-128a-48c4-bccd-c472be91b479,3930165,3
ALL,f09c382c-cbdd-4ea6-8662-fb76b9c1a0e0,3930181,0
ALL,f0a3dad8-05b6-4cf4-a947-b09b60e30cb7,3943043,1
ALL,f0aec6b8-58d6-4574-8463-69eadcf6d63c,3857259,0
ALL,f0bb8ef9-d098-4639-a8ae-122026585452,3857272,2
ALL,f0bddb9e-783a-4e2d-8441-f855d9370b34,3930164,4
ALL,f0c59233-4f02-4542-b7a6-c206d8b0e4d1,3857270,3
ALL,f0c5eeaa-549c-4de4-b2c4-50ccb8b312ce,3930167,4
ALL,f0efab3e-f9f4-4ae6-b358-ec3077ebf30f,3857273,0
ALL,f0f77a4e-f56d-4960-97c1-d3d0086c9167,3942349,4
ALL,f0fea6e1-e983-4c93-9e98-44ad593b6682,3857270,3
ALL,f107a797-c749-4729-841c-e59dd315565a,3930165,3
ALL,f10ac5cf-8611-4819-a81f-e6f92bd31478,3938644,3
ALL,f10e2d12-6865-433a-84a2-0c45f5a7076f,3869354,3
ALL,f11655e9-f9f9-4ed1-8011-401ced0acab2,3930159,0
ALL,f126759e-7ab5-4287-a4dd-4168334f1dec,3940878,4
ALL,f127d173-4be6-4ad0-b8e0-983a201065c2,3869220,0
ALL,f135d576-adf9-4248-823e-3e8a758ec815,3857267,2
ALL,f13b08b2-93d2-4ec6-a02c-caf12e7e19d7,3857296,1
ALL,f13b65eb-ba87-4cdd-9793-5410dfcbfc80,3930166,4
ALL,f14e8a0d-2e70-436d-8796-c032ac2dd4c4,3938641,2
ALL,f152ab5e-c9df-418b-a02d-290e15077120,3938641,2
ALL,f15ab25a-ed86-4ac1-bc40-9cc3b911f770,3857270,3
ALL,f18f0608-988d-4ad7-8d7c-2f3119c0d55c,3857260,1
ALL,f1957feb-f5f0-49d4-ae9c-ccd277a4a4a3,3857300,0
ALL,f1a228ef-0166-46e1-9d2a-285f01906dfd,3869321,0
ALL,f1a5c205-015f-47b9-a42b-fc79c1cebcd8,3938645,1
ALL,f1c8350d-fd42-49b5-be0b-c917f3e92fa6,3857261,4
ALL,f1cace1b-8eed-4cf2-9000-7be94f3da58a,3940878,4
ALL,f1df8e1a-61b7-449b-8bbd-8d7753e22c24,3869420,0
ALL,f1e65795-4635-42d4-afed-bd79e1c70ed9,3938645,1
ALL,f2106151-3b84-49d4-aa49-4a8f69dcefb7,3857259,0
ALL,f2274ec6-d187-4a6c-90a1-c0b430d3f15b,3857257,2
ALL,f242da48-611a-49e1-8901-4a77a57501df,3857296,1
ALL,f25c6991-7c73-4dbc-a96b-f5c00c4cc1ba,3857264,2
ALL,f25d2247-e3ac-4aaa-81b3-08ddaa17abec,3938638,3
ALL,f26d6e4a-e236-41ea-a8e6-590513ebc64e,3857282,1
ALL,f27dd292-f7a7-4046-ba6e-aafcc4eb5c91,3857272,2
ALL,f2868968-90c5-4b64-999f-80480d36202f,3857272,2
ALL,f2a23256-66de-4046-9344-bb5d191659a5,3857272,2
ALL,f2a6aded-c663-4085-acbf-67c8fec2d833,3930184,1
ALL,f2c05027-1a00-4c42-adaf-7a2b89d7c952,3938645,1
ALL,f2cfdac5-0f11-4113-8fba-80f034fb1e5e,3869253,2
ALL,f306fffa-4299-4197-88a2-6fa95693bda9,3940878,4
ALL,f30bcae1-6547-4b7e-bf37-4fe3b46bc9b4,3941022,2
ALL,f32dbbaa-bdaf-42e5-9477-0bed98d5083e,3930179,4
ALL,f3304cbc-4f10-4908-937b-3c0ce1d9a3cb,3930164,4
ALL,f34f9880-3945-48c7-a002-19c3a85c4a00,3941021,3
ALL,f352dea2-7607-45ee-b068-444109617799,3930171,1
ALL,f36a4262-ca7f-4f7e-8440-09590b2b257c,3857266,2
ALL,f36c9c43-f549-4e44-a4d0-61822504b915,3857292,0
ALL,f373c307-8982-4098-a921-1be37fee04ea,3857257,2
ALL,f38ab7a5-c6af-4c7d-93f4-d589b14aa4a6,3857295,2
ALL,f3a0c0ba-be75-4b75-9a8f-5e24c595dcc3,3943043,1
ALL,f3a6b016-d5e4-4fa9-a017-3796f7f290ce,3869420,0
ALL,f3bb20ec-3640-404c-97d1-cdb0a90ddc1a,3942226,3
ALL,f3e0d211-292f-45b2-b779-c00a1f853ade,3941018,1
ALL,f3e3bec1-d010-4ed0-b09a-73b2b37f61f2,3930163,3
ALL,f3f91bc1-43d3-4116-8499-b0097d5aa9d8,3930165,3
ALL,f401316d-bb0b-413d-84c7-56f514738376,3930158,0
ALL,f41a6db5-ade1-4b1d-aa59-5bb9a8b42bd4,3857300,0
ALL,f4220975-fdcc-4570-b557-651fa6f52fba,3869684,2
ALL,f4237e2a-6caa-47f3-bfb5-9504dce1ab49,3857269,3
ALL,f433e5cb-2ebf-49c5-a2d3-87f2624e2a22,3857263,0
ALL,f43613ae-04f5-4b5b-a2e5-f3bec5362c4f,3930177,4
ALL,f43ee10b-7881-44bc-ab9e-5b7e0b81979b,3857296,1
ALL,f4420a81-70ff-461a-b8c0-6fbbd92b567e,3930158,0
ALL,f4464923-6bef-40ce-bd64-4ce46ebffd38,3938644,3
ALL,f45d64b1-9fa6-4766-90f2-be12477806d4,3930161,4
ALL,f46379eb-6eb3-4fc1-864b-f8d8a359047e,3857297,2
ALL,f46cf151-76c5-4db6-92e2-7d83b028928b,3857256,0
ALL,f4725972-d303-4fb1-b273-920e32893ebd,3930181,0
ALL,f476a302-ecf9-49ff-8f34-8de2f0113f1c,3857297,2
ALL,f4a7cfbf-f579-4ce9-b392-392f4537999f,3930160,4
ALL,f4bfa86a-1081-4958-abf5-56c266d967fd,3930175,3
ALL,f4cda852-73d6-40fc-8a71-93a17b35fa82,3942349,4
ALL,f4f1aedd-1374-4b02-9f00-67538948be61,3930162,0
ALL,f4f71ae6-3866-4628-9f28-7c0995568209,3857257,2
ALL,f5104e44-c878-45aa-8f77-dae6a22ae0cf,3869321,0
ALL,f5182a24-58e2-4d35-9b67-43f2586372b9,3930169,2
ALL,f51d0acc-0599-45f1-82dc-6af8d6c06f10,3857296,1
ALL,f52a57b3-8835-44ea-a003-c8c8caa16170,3857259,0
ALL,f5304cad-26bc-401a-95f0-f464394fadd9,3857257,2
ALL,f53d7b34-1e1d-47fb-adb3-496fbe7d8788,3857298,1
ALL,f542ad80-f15e-4391-9c17-cf1bec65df6d,3869254,4
ALL,f58cf604-ba60-48e7-ade8-009ec8d981e1,3857297,2
ALL,f597a3d0-7bec-4f3b-830d-8cd85e8ab4f4,3930167,4
ALL,f5aa692b-d77e-44bc-8ecb-a702e9c9e21f,3930180,1
ALL,f5ba7592-c0ff-4869-8557-9433d339f82e,3857267,2
ALL,f5ba94cb-e28d-4af6-a3a1-f4180f996cef,3857268,4
ALL,f5dff315-3000-4a20-abc5-c9c62d9130d7,3941017,1
ALL,f5f03ce4-7fb7-4bbf-b731-124bfb7d86ab,3857278,3
ALL,f6008afa-1fab-44b3-b065-2da416ce13ba,3869685,1
ALL,f61ae2ee-3431-4311-ad77-42f003f63f69,3930172,0
ALL,f631126c-63ca-469f-b863-b2ab980f4018,3857269,3
ALL,f63793ff-b5e1-424e-93fa-b29add1b158e,3857297,2
ALL,f639bfe0-4357-4a60-b037-77a7c0557cc1,3941018,1
ALL,f646c19a-65c8-4aeb-817e-487098156825,3869219,1
ALL,f648e2ea-33cd-4032-a618-67bbbb04667f,3930164,4
ALL,f64a7a94-c67b-4c23-972a-b2b198610bd5,3869253,2
ALL,f65595ee-ce7e-4745-b711-3cb7e15524d0,3930179,4
ALL,f656aa31-b297-4e7a-9fe0-0a115dd034a0,3930168,2
ALL,f6774dd6-c891-4d15-9db7-65725cf03e19,3857283,3
ALL,f69da5c7-f76d-4f70-bdc9-a33b59b57640,3869684,2
ALL,f6a2caaa-0bf2-4238-b651-e424b34cf004,3930178,3
ALL,f6ab31ff-faa0-49ed-9b50-378a5f9fd66a,3930182,3
ALL,f6be3137-3b6a-4d38-850d-0471d20c0b37,3930165,3
ALL,f6bf313c-7dd4-44ff-9349-af6bf4118b8d,3930168,2
ALL,f6c1b49f-2866-4e13-815f-9b086d0124cb,3869552,4
ALL,f6da6a09-e836-491f-8207-188eca27c7f5,3930161,4
ALL,f6dd3bcf-83ab-42e9-a416-a14f690033b8,3930183,3
ALL,f6df8f87-afa8-4463-b7c4-cc8d1215766b,3930168,2
ALL,f6e962d7-f7c3-4301-b47f-76ff19667a12,3930181,0
ALL,f7164226-3614-4a5e-a632-0aa0b20dc61b,3930162,0
ALL,f7264988-6094-48af-8b42-650659d4bcdd,3857258,2
ALL,f72edee2-fbfa-4175-a61d-06312f03bd59,3930159,0
ALL,f72f6787-e70c-4369-9ed4-4da53f4daade,3930166,4
ALL,f73794ab-fed5-4c07-8bff-ec11b6dace62,3857282,1
ALL,f747e184-936c-4026-8264-1c5c7fec5e35,3857270,3
ALL,f74cd67f-89bb-4864-a693-5a2033d34601,3857295,2
ALL,f7508d61-efce-4dbd-8c52-8a5e9cea4348,3942819,4
ALL,f754982c-01f8-49d2-b3b0-f75ac05bc6d1,3930176,0
ALL,f76c2e59-271e-47db-8152-b1ac953898b3,3857271,3
ALL,f76dc213-6a86-4b83-aa2b-b056b7cf67d0,3857287,1
ALL,f7753d2c-85bf-4307-b725-c4ab87d85930,3857255,0
ALL,f7756f40-3ac3-4c37-8409-9fcf56b72257,3930164,4
ALL,f779d561-10b5-4156-99ff-1c1e2720e427,3942226,3
ALL,f7842208-06b6-4904-842a-cabf95ce9a23,3857284,0
ALL,f7a4f80c-5589-4ad0-b059-2f6252cea296,3943043,1
ALL,f7cde9a6-8201-4122-976c-9270dd64adde,3940983,3
ALL,f7d4bd98-ad9a-45d8-a798-df3f95172b5b,3930183,3
ALL,f7e91eba-d219-46ef-b52c-c7bb869ca128,3942819,4
ALL,f7fc3474-9d52-44d8-a2e1-ec0444bc3b10,3857295,2
ALL,f8064c95-d142-46e2-a15f-4020e6b64b95,3942226,3
ALL,f80b9b10-daf4-4ea8-a690-30a6be487e67,3869685,1
ALL,f81e095f-263c-49ed-abce-5623408b05a0,3930160,4
ALL,f830ad1a-95af-45fb-ad13-65059d57c718,3857288,4
ALL,f837713b-ae2d-4b50-9763-0501ed44d49e,3942227,4
ALL,f84d8662-f473-492c-b9da-b1e2ac09be47,3857275,0
ALL,f84d9433-6a78-4015-a233-e63e140e1d14,3942349,4
ALL,f8707dc0-eb52-4985-8b72-e79616e60c7f,3942226,3
ALL,f8715616-e5b8-4cf7-a179-226d80ed8993,3857277,2
ALL,f88acb53-ff5c-4a79-8ac4-a109d41a1f14,3930174,2
ALL,f89d0b16-0081-4a47-a38f-88d4b9a73dd1,3869117,2
ALL,f8bfc3e8-1dd2-47eb-ab8e-886726084e70,3857280,2
ALL,f8c44920-f393-41cc-8104-98c26a4bc791,3857274,3
ALL,f8c65919-9573-49f9-9955-3738b6915158,3857301,1
ALL,f8cc1527-04ab-4c15-97de-983dd1b96724,3938640,3
ALL,f90503fd-93f3-4694-911f-78ec34ef0bb7,3938637,4
ALL,f92360f0-e75f-4257-b04f-d3cecb395709,3942752,2
ALL,f929717f-9fed-4f0d-a019-5c21b14a4d5a,3938640,3
ALL,f934504b-957b-4042-a9bf-b32d2d646a94,3938641,2
ALL,f94f3299-600d-49cf-8fa7-6dd14b8d2a93,3857291,3
ALL,f95338fc-5488-4270-ae31-fee83340a559,3857279,1
ALL,f98cc925-ad7a-4661-b6ae-a51267e1b372,3938645,1
ALL,f99b15a7-834a-4c8b-b76b-33d208b7fff3,3869220,0
ALL,f99be712-725c-450f-aa89-ef82e3e13c25,3869420,0
ALL,f9ace1ef-b5b2-4161-8e83-e973a069fe46,3857294,2
ALL,f9ae1042-6bac-477a-9626-a40c84a59548,3857261,4
ALL,f9ca8208-5cfe-4530-ae6b-95d491fd9847,3869684,2
ALL,f9ce3c75-556a-413c-a469-f408e5460516,3930183,3
ALL,f9d1e5a5-6acd-44ae-b92f-0f15ef1eb813,3869321,0
ALL,f9f466f9-f5a4-41c1-a0bb-bbeff516d4e7,3857265,1
ALL,f9fef079-432d-4fe1-b66e-494f4ab5ea14,3857271,3
ALL,fa17c813-625d-4096-a2ec-5fc4dea98e15,3857273,0
ALL,fa1967ee-aefd-4090-a399-06025ab2fb13,3941021,3
ALL,fa300159-651e-48be-b145-fc602896d496,3942226,3
ALL,fa48cbfc-2db0-47f5-a695-165e8e1501c6,3930169,2
ALL,fa59b776-5135-4056-9445-7fbdb27ac98d,3869151,0
ALL,fa5ff463-7c88-4695-98b6-9f21f7121d81,3857268,4
ALL,fa6610d4-11d1-44e4-a968-78144575bbf4,3857267,2
ALL,faa7264b-25e9-453c-acdc-e73e9b53f200,3942349,4
ALL,faab9481-9adb-4b2e-86f4-b4140bddcfc2,3942752,2
ALL,fab1bc85-f70e-4c9e-bcc3-2310d2bd2a4e,3857254,0
ALL,fab5ac6c-83e3-438d-8003-9dadfcac75e3,3930172,0
ALL,fabef80d-7342-4318-a378-f9b8f4036e3c,3857270,3
ALL,fabfd18e-d17d-4b14-b36d-0a423f959368,3930169,2
ALL,fac70cc5-5f32-4001-a542-3d8ebe67b163,3938640,3
ALL,fac793bb-5d8c-4f3a-9f4c-b54a8cd167b0,3857301,1
ALL,faed4314-d494-4948-ac03-b382c188ab16,3869151,0
ALL,fb0091e1-7d0d-4c39-92aa-c7157c11862d,3857271,3
ALL,fb054b5f-4a2d-40fb-a693-336244a58152,3857295,2
ALL,fb1a90e9-6108-41f4-8975-59801c5a2899,3938637,4
ALL,fb1be9d8-3daf-4e54-b612-986aee86ae29,3930180,1
ALL,fb1fae87-00f3-45cb-9851-6a1994b493bc,3930183,3
ALL,fb316801-dc0d-4d97-adf2-5d7ce3f14990,3940878,4
ALL,fb347c5f-e014-4268-8db4-a1ae94e3926e,3941020,3
ALL,fb3df75a-ab21-43f2-b66b-84b5a66b148d,3930184,1
ALL,fb4928a6-3fc5-47f6-b4d8-5e1c112c03d5,3857269,3
ALL,fb496f14-74a6-4809-a4f8-1469d87f2f39,3930161,4
ALL,fb577116-eab6-4df8-8985-028be04f3dcb,3938637,4
ALL,fb6698ca-cda0-4f4b-8089-72a4c86cd5bf,3869253,2
ALL,fb817ec0-f7be-4b79-8161-58a862376b87,3942227,4
ALL,fb8888e2-81e6-4419-8293-2c4646241fff,3941017,1
ALL,fb9d790d-85cb-4bdc-99fe-70f95d450f5d,3930174,2
ALL,fbb9c398-ba18-482a-8071-be3878856624,3938645,1
ALL,fbeefc0f-8fee-422d-8a88-cc517eb3a6c3,3930176,0
ALL,fbf0284a-051c-4ca8-8a28-bc9b1389d37c,3857292,0
ALL,fc08f061-b0c4-4330-be52-00644612c012,3857263,0
ALL,fc0cc7df-fcd7-4551-bcf6-3eb4ad531ea3,3930183,3
ALL,fc130cc4-1c9b-4e6a-b0d9-6cac0e3ef8fb,3930182,3
ALL,fc14b5fb-8043-4940-b26a-12e47d12e5f4,3930158,0
ALL,fc182a7f-d7d3-429e-993f-f11632c1c062,3857272,2
ALL,fc640640-36c7-4c97-ac06-b51bf7c6c06b,3930164,4
ALL,fc701d62-ee3b-480a-be19-4752db212cf0,3938644,3
ALL,fc7b65bc-b7e0-415c-a8d0-633c7f113c08,3930165,3
ALL,fc7d86d6-29dc-4e7d-af8b-01e2748bb84f,3930172,0
ALL,fc8fd0cb-e89a-45a5-a746-f7a67fae9518,3857273,0
ALL,fcb76f95-9380-47b2-a2d0-9d267f6bffe7,3938645,1
ALL,fcd9c6a7-b2ca-495c-9133-f46759c6c3dc,3930162,0
ALL,fceec527-461a-42d3-b542-8f168292c3e8,3857281,4
ALL,fcefe453-8de9-4407-b913-b49b74e92cc8,3857280,2
ALL,fd06fa70-565f-4a55-8bd8-62cfdc9d3915,3930180,1
ALL,fd158c54-664c-4a6d-a77e-0670c51aa724,3857259,0
ALL,fd22b6d4-daf8-42af-9e4c-adf56370cc69,3930174,2
ALL,fd3047b5-1e6e-49cc-834e-cc77c8b2ad84,3857257,2
ALL,fd350e7f-c39e-4a13-b05a-1b2917c89528,3930182,3
ALL,fd3aecb9-d188-47e1-828f-39d125c55dd1,3857268,4
ALL,fd6b3760-f4c2-490f-8b83-bc987a6082ba,3942227,4
ALL,fd75a5ed-72a5-418f-937d-fa48ab4845bd,3857255,0
ALL,fd775ec2-7f18-49ed-a6a7-dbf8c261a3a3,3930180,1
ALL,fd8f83d7-58e5-4050-ae30-7f23ddc43e12,3930177,4
ALL,fdc0cda1-e503-4117-bb21-5b2853d3da86,3869219,1
ALL,fddde836-7da1-40bb-af63-10dd6e8b5881,3930183,3
ALL,fde3f84c-1d53-4353-a283-421a7a44a94e,3857298,1
ALL,fdf05e96-d08d-459f-87f5-059f8197df35,3857289,3
ALL,fdf44fc4-e35a-452e-ae51-456f6cdea527,3869420,0
ALL,fdfc62c0-ff31-4e53-802f-5f2a43c01e19,3857289,3
ALL,fdff8646-6646-4a8d-8248-19c1a51b3320,3869253,2
ALL,fe087c32-1251-40e9-8e35-e88a5e37c906,3930180,1
ALL,fe0e7f24-8396-4998-a24a-236842ff2d6d,3857292,0
ALL,fe192fbb-8bce-4fae-b673-2b1a8b71fda2,3857282,1
ALL,fe23535e-ebf1-4b9a-93a5-527b6f9103f3,3942819,4
ALL,fe2af629-8554-440f-b552-7235802ca20b,3857300,0
ALL,fe4107f5-8fb5-493e-9a2f-34cb9a30def8,3941018,1
ALL,fe49d0ee-72de-456e-924f-35bb8185fd05,3857284,0
ALL,fe4bb108-1123-47dd-904a-435bbaded617,3942227,4
ALL,fe5ea4c0-457e-4d09-a285-93b6e4c4ee3a,3857283,3
ALL,fe6b76e2-3b5e-4c78-9f04-d729e1ad3fb6,3930177,4
ALL,fe7c96ea-f2e5-4c5d-bc03-485f16ec3eae,3930171,1
ALL,fe7cd9b5-195a-4fe3-b48d-18e15f6b5b5c,3857261,4
ALL,fe8749cb-6c6a-41ad-8605-1696051a8f64,3930165,3
ALL,fea3b321-870a-4ada-8870-9fb6a37ee290,3930163,3
ALL,fea47c2d-cdd9-4132-9fe1-99bbe7d0be2b,3930181,0
ALL,feb8459e-fbb6-4f50-bf12-57ac17d14db7,3869519,1
ALL,feed6013-1d7b-4401-b9ae-d146f3a7009e,3930176,0
ALL,fef0be62-32f2-4ed2-b4f6-ecfb7f81d44c,3857269,3
ALL,ff1979cf-abbd-4cc9-b50f-3ccc76704240,3857285,1
ALL,ff225f6c-3ff7-41d1-82b4-b6cc69fa3496,3930159,0
ALL,ff250ba3-852e-4ae9-be19-8c6a06dff963,3940983,3
ALL,ff2f7f48-f952-472b-bbcf-32bd033ee762,3857296,1
ALL,ff39f958-04cc-4b2d-b849-8110123e6342,3930174,2
ALL,ff3ad9d3-9c96-4774-943d-c1ad7239a807,3930175,3
ALL,ff56813a-1d07-475d-8102-2e1a970b9379,3941017,1
ALL,ff5f9ac5-df1a-4454-a308-b05d08a33cfa,3869420,0
ALL,ff60d6f8-907a-426c-a890-9779ea9d633d,3930180,1
ALL,ff62813c-e9bc-46a1-a648-ae40f5a28aea,3857301,1
ALL,ff74235a-b612-4505-80a9-598692c2e474,3940983,3
ALL,ff8d2f9b-7632-431a-b26c-225a943ba8c4,3930177,4
ALL,ff9cc02f-57ed-4be8-b9c8-4e7a4c2a884f,3930161,4
ALL,ffa26415-ab53-4b42-ad70-162afbf70760,3857281,4
ALL,ffa4b840-98fc-47fb-98a6-07c8f155ad16,3930177,4
ALL,ffacf3d4-1b6c-4762-9613-012d104cfd85,3941018,1
ALL,ffc9ce7e-4fb0-4f7f-b485-8fca381dbd4b,3857269,3
ALL,ffe74710-5dd3-4c4d-91ba-db89c314fdfa,3938640,3
EURO2024,001f36d5-65a3-4a1b-8fb5-fc48dbf14a90,3930175,0
EURO2024,0029898d-2311-4643-bcc4-6bc1b01ee81b,3930181,0
EURO2024,0059a940-c623-483e-b99b-e79f90422507,3930181,0
EURO2024,006eb36a-ca33-4eed-a8c4-56499a04253f,3930171,3
EURO2024,00745a51-14a0-4756-ba49-a28b6a42d8b2,3940878,4
EURO2024,00dac45e-6aab-45bc-9575-27ca7d2ef2b0,3930163,1
EURO2024,01126bd9-5b8b-429a-a08e-0068e3325f58,3930160,2
EURO2024,013f681b-f086-41e4-b561-c24a9b1d6c94,3930170,3
EURO2024,01b0c543-366e-4595-b682-ae0988735860,3940878,4
EURO2024,0218d183-5bf3-42b4-a381-f30d47fe3492,3930164,2
EURO2024,0228f9d4-cfe5-4f9e-8da1-b3b0744678c4,3930182,4
EURO2024,0251a2ef-9bab-4b37-bc04-db9b1d36f114,3942349,3
EURO2024,0261df89-8458-41c0-ac04-aa4dc8c9f15a,3938643,4
EURO2024,026fbff9-374b-4963-a4a8-c638560300db,3942819,3
EURO2024,02a87358-16a9-441d-a753-e30f74792d1d,3930184,4
EURO2024,02c57e28-978d-4ea4-a89a-672d042e92c0,3942226,1
EURO2024,02c9fcd4-dcf4-4db7-b820-60d8fdd21a25,3930169,2
EURO2024,02dd9516-c740-487c-afeb-0489e395f129,3930176,0
EURO2024,02e95aa0-a2e6-4cba-b919-f2c82cc7bc36,3930177,2
EURO2024,02ec98fa-1369-421a-975c-269dc2bac21a,3930173,4
EURO2024,033f42cd-aac6-4ef7-af23-6f372cf4760b,3942227,3
EURO2024,03696884-d4de-4bb2-85e0-7a59bb319928,3930182,4
EURO2024,03990083-b1d3-4969-b101-5cb34126130f,3930173,4
EURO2024,03c0ec8e-389a-408e-a011-978ccfe3752b,3941020,0
EURO2024,03c928ca-ef07-4d2f-a38d-41fe97e8cfbe,3941020,0
EURO2024,0422eaf4-a9f5-4f64-b9a8-a8cb472c8a29,3930183,4
EURO2024,0436a545-9551-41a7-9467-b2816f80332c,3930166,2
EURO2024,0441f69b-0f34-4c1e-8bc8-85628db8d276,3930164,2
EURO2024,04aa0283-2dbc-49d1-b200-65cb6130b1db,3930165,4
EURO2024,04bf3013-4f35-4c68-ad16-b9f61bbf4b26,3930171,3
EURO2024,04f550db-1e45-4c1a-9640-5566720a64d1,3941022,1
EURO2024,058aef31-627e-43ea-ab4b-0591233ef33f,3942227,3
EURO2024,05fc56a7-dcb7-4d43-9398-38526cf394e1,3930181,0
EURO2024,0620057e-4177-4856-9e21-67430f89cc5c,3942819,3
EURO2024,0638777f-e61e-4704-ade0-db90d5c02d78,3930170,3
EURO2024,065ba211-16d2-4ee2-bc5f-cc554aa2591a,3942382,0
EURO2024,06618194-2112-4a48-aaa1-b167d818a1d3,3930161,1
EURO2024,0665425f-d0e1-4981-b8ed-6feafcdc8199,3930175,0
EURO2024,0670e70a-c1ee-41b3-b264-8cf676019834,3941021,1
EURO2024,067a478a-1a44-4550-8816-1f69f2028d90,3930177,2
EURO2024,067de1d3-5689-4750-a11f-d6239180443c,3930164,2
EURO2024,069711df-c467-45f7-9492-e1a8570966a3,3940878,4
EURO2024,06c9d7be-2c8d-48a4-bd84-b63051e20523,3941021,1
EURO2024,06cbcd4d-c00a-4d89-99f9-ea8a0a3de0fb,3930182,4
EURO2024,06d36b0a-0a87-42ba-b9c3-091902702749,3930162,0
EURO2024,06fb152c-190d-441b-9990-5e8397cb76e1,3943043,1
EURO2024,071f3eab-2124-49a9-a2ef-0d5b8b580c81,3930177,2
EURO2024,0743aa65-b729-490e-bf60-7c331d5e5556,3938637,2
EURO2024,074e5037-ab28-466f-966c-d60330a147ee,3938643,4
EURO2024,07507772-e632-4840-9c04-896926e6fa4a,3930182,4
EURO2024,0792a5d9-bffd-43cc-a121-ca2db050c8ca,3930182,4
EURO2024,07b9673e-4d13-4cdd-92c9-93d3c3dac310,3930165,4
EURO2024,07dbeb9f-2747-499d-91f9-280197aaf763,3930160,2
EURO2024,08018838-00e5-457a-858c-fa5497877878,3941017,0
EURO2024,0825cb8c-b71e-4d9d-bb88-ded3f0b5e28d,3930176,0
EURO2024,0853b21a-af84-4026-997c-739007c6d542,3938637,2
EURO2024,08921e39-1efc-42ad-9157-8b86f3485dec,3930179,1
EURO2024,08d3d405-254b-48a0-9f16-ed90791d4422,3930180,3
EURO2024,08d436f7-9ff4-49cd-be15-33d5c33c9ca1,3943043,1
EURO2024,08f8281a-750a-4e1b-8e37-df3e5b6d023f,3942226,1
EURO2024,0918e2c5-9171-48e2-8595-069d7f92462a,3930174,3
EURO2024,09381288-4fa3-4e09-9407-10d5a6d9d37c,3930184,4
EURO2024,094a1788-85c9-40c5-b9d8-6e51db08d70b,3930178,4
EURO2024,096f4aed-7442-46cf-9035-99aecc45a6ee,3941017,0
EURO2024,096fcc02-be70-4ca8-ace2-bda22f401823,3930169,2
EURO2024,09765697-ff8f-4bc0-b270-f83c3fa6b6cb,3938643,4
EURO2024,09ce4621-57da-4f33-8a46-0eb77fbae231,3938643,4
EURO2024,09de4f7c-090f-4ee3-9113-82f67537c17e,3930174,3
EURO2024,09fcea3a-3c22-4b02-8179-0a91b4c0ccce,3942752,4
EURO2024,0a15a47f-1114-40ac-ad51-87786a2b5faf,3930173,4
EURO2024,0a2fca1a-8ca8-4d4f-9bb5-b9b004e2e323,3942382,0
EURO2024,0a3d1af3-ceac-4656-b16d-f5a932e8fcf6,3943043,1
EURO2024,0a47c0e6-0d94-4a20-818c-794d649aa83a,3938637,2
EURO2024,0a4abd9f-dc7b-42fa-b01d-f3339bdbd0d0,3930171,3
EURO2024,0a70d8a6-5b33-44ec-bd97-f516e91c3858,3930183,4
EURO2024,0a92321e-bf10-435a-ab7b-aad37af28fa9,3930179,1
EURO2024,0ab65e70-b914-4543-b842-e1d0fc89f6b0,3930182,4
EURO2024,0af7587a-5f73-41b4-8902-d7a0bd1a3c64,3930163,1
EURO2024,0b09e322-3577-478f-aa70-2647791c0c81,3930168,2
EURO2024,0b23928c-19aa-4b2e-941a-2f32db1b05c2,3930184,4
EURO2024,0b35abb8-d543-442b-8f16-e68ac80ac55c,3942349,3
EURO2024,0b479e6a-7fe1-4c4a-8d4e-2455efa1a2e4,3930182,4
EURO2024,0b50ef54-9807-4763-84dd-b0473edf01b1,3930174,3
EURO2024,0b6c5473-6766-4fcc-9fa6-3ae54c6eb60a,3941017,0
EURO2024,0b7f663d-9366-4d15-a4f0-55cada1cab9d,3941017,0
EURO2024,0b8ae613-8b23-4e7c-b066-216fd6a4dc31,3941017,0
EURO2024,0bb34966-56af-4751-b6d6-f067f0f3f5ac,3930175,0
EURO2024,0bfc79dd-94a7-42fa-951e-5d7c2a3d085a,3930160,2
EURO2024,0c0f02ea-ecf0-418e-af4c-08e9817bbec3,3930166,2
EURO2024,0c3b68a1-1c85-41e1-a864-6b98a3ca3586,3930174,3
EURO2024,0c440ed4-f9b4-455a-9290-967baf09bd2a,3942752,4
EURO2024,0c5fd3d1-28c6-4935-9337-6393ce7c3fa5,3930182,4
EURO2024,0c6ecf3b-729b-49eb-aba2-5cc33b8499ee,3930161,1
EURO2024,0c79d9f9-f7d1-40d6-95b9-dd8fc23e606e,3930179,1
EURO2024,0cae69de-7da8-4be0-99a7-7914f5fe433e,3930160,2
EURO2024,0cb3ff06-1857-4a28-894e-6fc1b3a4d7b6,3930180,3
EURO2024,0cbfae4b-efae-41a0-80e0-015b4004a183,3930163,1
EURO2024,0cdf1ee7-d061-4fe7-a4dd-9140cf820ada,3930184,4
EURO2024,0cf89e34-8992-46e6-93ae-b54cc367e6d4,3938643,4
EURO2024,0cfcc878-ea65-4e83-b95a-1b7499876034,3942226,1
EURO2024,0d02ff4a-d449-4c66-8ced-686dbc738557,3938641,1
EURO2024,0d05a2d9-147a-4828-9193-13b786d8f3ee,3941019,0
EURO2024,0d3484c3-f83a-4aaf-b7d8-8893f6b9f1c4,3938640,0
EURO2024,0d45a556-3403-4554-9cd6-81b75679d75e,3938640,0
EURO2024,0d463c10-e620-4ae0-96f0-dea972a1967e,3938637,2
EURO2024,0d6863c0-88f4-471d-b7c6-c2bbeae7ec55,3942819,3
EURO2024,0d7380cb-0b01-49f5-bb62-0467fcc85476,3930181,0
EURO2024,0d802053-efa9-44cf-8a61-658fa89bf1be,3942382,0
EURO2024,0d97cdd0-9b5d-4df5-b9d8-e0b6041f14e0,3930169,2
EURO2024,0dd086e3-34f0-4497-97bf-f884fc315724,3930171,3
EURO2024,0dedb748-7425-4a56-b436-7056e83a24c9,3930181,0
EURO2024,0e31d349-8682-4c9f-a782-0fc874e03335,3942349,3
EURO2024,0e33044e-39aa-402c-b6a8-0fea79a99b0b,3930161,1
EURO2024,0e95e70a-22b0-40fa-a78b-75660b46cd15,3930184,4
EURO2024,0e99f2af-3f98-45e4-994f-14ce42e3d692,3942226,1
EURO2024,0ed967e4-8448-48fc-9ab5-7cdae84f4eb1,3930160,2
EURO2024,0f330918-cd5f-4a63-9f61-a32d389108fb,3930171,3
EURO2024,0f4103b2-20c3-435e-8f62-8f4e22e1f3bb,3942227,3
EURO2024,0f6ec512-85a9-4c31-a17f-83b41c1bd8a0,3930176,0
EURO2024,0fd8fae6-c3c5-426f-9735-de2434e0694a,3930159,0
EURO2024,0ff8a029-7c54-4204-9195-6ac692dfee06,3930169,2
EURO2024,1033eb2f-1406-4cc9-98bc-cc0a4b342dff,3938645,2
EURO2024,1043e827-26d3-467f-b10d-ede0d9d1a43a,3942752,4
EURO2024,1050b019-062d-4128-83db-ba8320110424,3938638,1
EURO2024,1054d491-648e-466e-95b0-0ec6a3556f61,3930170,3
EURO2024,10fa14ad-d30a-4513-9bfb-57c8f13e9e42,3938641,1
EURO2024,118487b9-2f3d-4e71-90c6-60224f4395a3,3938640,0
EURO2024,11922c71-f767-4954-822f-30c8fa9813d0,3938643,4
EURO2024,1198eec8-9e22-4ec0-853b-85925d8df980,3930181,0
EURO2024,11a0f570-1cc4-4522-a4b2-a0d92cf2e801,3938644,2
EURO2024,11b07a74-7236-482a-857b-55712576b765,3941017,0
EURO2024,11d4f9ec-4610-4331-ac07-58aa11e6af28,3930184,4
EURO2024,11e7295b-259c-4a7e-b578-b38e7120252b,3938640,0
EURO2024,11f92ad9-e68a-4f1e-bd7b-244e2be17027,3930178,4
EURO2024,1231392e-54c8-4913-b9c0-e5fae0d50c0c,3938638,1
EURO2024,124c9d22-7301-45c6-8ead-7f431d16459b,3930176,0
EURO2024,1268352e-a6bd-4c5e-a022-843555abfea3,3930162,0
EURO2024,126c3ae3-c9d1-4512-8dbf-00767be41a52,3941020,0
EURO2024,128731d3-dd46-42c3-93ca-f93237817332,3943043,1
EURO2024,129677cc-8756-46d5-ad11-6cc128fcddbe,3930174,3
EURO2024,129bfd87-e989-4b5c-8ca8-ea58fd989daa,3930174,3
EURO2024,129f4d54-7850-49c7-b019-14faeb83bfdc,3930183,4
EURO2024,129fb95d-1ba7-4fa5-9961-5d6e4db71b31,3941017,0
EURO2024,12a64162-30b5-4a35-ab8a-8fc2390da08d,3941019,0
EURO2024,12de4d0d-be7a-4245-a559-dd63dda1ea10,3938640,0
EURO2024,12e195ba-72c3-48e5-a456-fc3356d0dc7c,3938641,1
EURO2024,132b5bf7-fe6b-498b-a294-a6f2b9304469,3942752,4
EURO2024,1330238d-dd05-4218-a927-e4fbe8bcbc7b,3930168,2
EURO2024,1330cf79-e914-4f10-8f7d-64f32e3455b9,3941021,1
EURO2024,1353266a-cd0c-402d-adda-2d1f47802911,3930165,4
EURO2024,137f189e-4e5c-410c-8f63-037787cc86c2,3930168,2
EURO2024,138866d9-cbcd-40f3-a3b2-c17a9d4d37a2,3941017,0
EURO2024,13b6ec10-9e89-4f7e-b1d6-74f007f4f666,3930177,2
EURO2024,13d6bd86-0929-4c57-baed-791661d69780,3930164,2
EURO2024,13dd22b9-3606-4d21-8794-86df069bf2f7,3930175,0
EURO2024,13e090e4-3b62-4213-8231-4343fb52e541,3930170,3
EURO2024,13ec1307-9e6c-408d-9a9c-8ad788e4a18a,3942382,0
EURO2024,144c70fb-3fca-45c4-a05e-ad62753d38f0,3930182,4
EURO2024,145811b0-dda5-414e-a35c-4f176a70a9f7,3938637,2
EURO2024,148a0317-6175-46fc-8923-4002c69341de,3930163,1
EURO2024,14ce036a-9af0-480a-88e2-94eb0b149aa0,3930164,2
EURO2024,14d3e686-9d8e-44ec-938c-afcfaffe608a,3930161,1
EURO2024,14d52082-e55b-47fc-b8f1-f1bc4196a0ad,3941022,1
EURO2024,1500fdf9-88a4-4ca3-b3b7-d35da75d36e9,3942349,3
EURO2024,150c54bf-bba7-430c-b118-d3c82b6d1226,3941021,1
EURO2024,151dcf7d-c35f-41c1-8aa9-63c8bcaac4db,3930178,4
EURO2024,152304bb-55a1-464a-b2ba-329860379821,3942227,3
EURO2024,1531dfad-812e-4203-ab92-4b3a5f9d3d41,3930172,3
EURO2024,153b4234-79b3-4e57-b5bc-693f70f7fc65,3930176,0
EURO2024,15471fc3-5384-40ca-a284-c6c8b00d1892,3930171,3
EURO2024,15692fcd-f9ed-4acb-8eb5-31127a0e7643,3930163,1
EURO2024,15787700-0685-414a-ba5b-3d6a905e55ab,3940878,4
EURO2024,15b659c0-353e-44c2-b7fc-827c0b61a763,3938642,1
EURO2024,15ebe4ac-71d7-46d4-9800-e04c7e9c9a05,3938643,4
EURO2024,15f5494d-ad7a-4fc7-91ed-d95b1706acd1,3941017,0
EURO2024,15fe12fb-9595-46ce-992d-3789dfa4e8ed,3930174,3
EURO2024,164d620e-edd2-4184-a48a-07e9411dbdee,3938640,0
EURO2024,16e672e3-6056-4c1c-8155-53f94975c99b,3943043,1
EURO2024,16f6006e-4c34-4d83-b0de-c76ed7025da8,3930181,0
EURO2024,172c5a9c-74e8-4320-a8f2-53eca91a36fb,3938638,1
EURO2024,174346fe-0652-4e48-bc4a-d37b2c7268f6,3930167,4
EURO2024,17463cd5-0e0c-453a-989c-e5789b7fb6c9,3930163,1
EURO2024,174f6cf3-6285-4f5f-9f56-992be2ab83b2,3938639,2
EURO2024,1755df62-2cce-4b77-9168-527ffc761801,3941018,3
EURO2024,175a8589-d534-4db8-a493-5f8ca1ac0d8c,3938639,2
EURO2024,17811f3b-9b8d-45fd-b348-7fa9825d12fe,3930174,3
EURO2024,1789bdce-17c1-437b-b4d0-191f810313da,3930173,4
EURO2024,17efaf34-4de5-4ec4-ac13-20753b11d3e4,3940983,3
EURO2024,17f12a80-ceba-4201-b8fa-23722f224dee,3930159,0
EURO2024,18065e01-fdbe-46b0-a896-3afe4fc3fd9a,3930176,0
EURO2024,1810ed62-6583-4422-81b0-fdf7140b20e4,3930180,3
EURO2024,18296959-40c3-4e4c-83df-a98a4f15d612,3930183,4
EURO2024,182cbc96-612d-4be1-bbde-5ed06b122788,3942382,0
EURO2024,183d1ade-3f81-48e0-bdfc-332ed6dab61e,3941020,0
EURO2024,1855bfad-ead8-4ec8-970a-e5329a4a0a0e,3930169,2
EURO2024,18694c2e-7e34-4c1b-8d78-c5c8db2262ea,3942752,4
EURO2024,18713be9-b32a-4c5c-ad4c-2eb4b6dfbc14,3938638,1
EURO2024,187233d9-3370-49e4-9256-99a8784f3570,3930182,4
EURO2024,18815b04-29b8-4b76-a80e-2e783ec45867,3930182,4
EURO2024,18cda429-e846-4a93-a640-ed0c15230e08,3930173,4
EURO2024,18d595ef-9668-4abb-b521-b50771b40739,3930160,2
EURO2024,18d9ae46-bbc3-4ee7-91af-1881abbf83e2,3938640,0
EURO2024,18f454cc-f850-41e1-91bb-9c0aa0b25062,3930182,4
EURO2024,18fba0b3-1361-4866-88cd-f81172850e21,3938641,1
EURO2024,1906bc6a-0c5e-4e23-a61e-7c4a2078abbd,3938643,4
EURO2024,19212bb1-48ec-4f56-b78d-510fa753f4ee,3930183,4
EURO2024,19254102-962e-488f-95b3-e0a5721cd7d3,3930160,2
EURO2024,192aeb3c-5959-477f-ac90-557125231386,3938641,1
EURO2024,1942eb73-8a16-4377-8cac-06a3bb8d9cb3,3930182,4
EURO2024,195d184c-8408-461c-822b-69997dbdda9a,3930158,2
EURO2024,1960c8f2-a627-45a8-8ec0-7ea08fa11d04,3930172,3
EURO2024,1970bfff-a55a-4a01-9d03-9f4fc0804fee,3930179,1
EURO2024,198b3e83-e724-4410-aebe-7743b9362139,3930159,0
EURO2024,199103c9-26b0-4024-9bf7-b2556ed87f82,3930183,4
EURO2024,1995a0e8-2fe0-44f0-afac-b56894571e80,3930160,2
EURO2024,19a32a78-7a2a-4725-bc14-01c596f4cb5f,3930167,4
EURO2024,19d686bf-5017-4b92-9324-1528b32720d8,3930174,3
EURO2024,19ee6651-234c-4b11-ac99-172f9a02020c,3930172,3
EURO2024,19f0e99e-c10e-452d-8a80-bdc3f21739a2,3930172,3
EURO2024,1a2e9988-2550-44af-a3bb-fc6b561b791d,3930182,4
EURO2024,1a556e30-e166-408f-a21f-be117fc391cb,3930170,3
EURO2024,1a5eea03-3130-4448-8708-3974f2a4fc7f,3938644,2
EURO2024,1a5fc8a9-c96a-43f5-8018-b56a74e145e0,3938641,1
EURO2024,1a9c70f6-4006-4d53-9e97-27f323d39f9b,3930160,2
EURO2024,1addf859-ebdc-4de6-8b02-64548e5e0151,3942227,3
EURO2024,1adf83d3-2087-4b7c-996a-b68420e00fb7,3930169,2
EURO2024,1ae9b28a-b77b-4975-a309-9507e98da92a,3930177,2
EURO2024,1af6c38f-d336-429e-8a78-3503524c240e,3942819,3
EURO2024,1b16b72d-ebfa-45e6-af42-2a6f2dd9b7c3,3941022,1
EURO2024,1b696225-8d1c-4771-96bf-490893b5c93d,3942819,3
EURO2024,1b6a8d0b-ff32-43cf-8e33-0174a56cc627,3930169,2
EURO2024,1bb8cb6a-ae0c-44a5-a5cc-d858dbbb71aa,3930168,2
EURO2024,1bbd1f02-c964-4369-83a0-aa2561bdb631,3930174,3
EURO2024,1bcdf88b-a467-4829-8ace-30dd6d1ab555,3930182,4
EURO2024,1be0e78c-eb75-489b-b54c-1e32f613f28a,3930166,2
EURO2024,1be14acd-cb04-4642-a76a-74ac503d4013,3938638,1
EURO2024,1bede07d-7cee-45c7-a3ea-7304d314c61b,3940983,3
EURO2024,1bee386b-2e89-4504-91e5-2477298c8ed7,3938645,2
EURO2024,1c3f01a6-555d-4499-b47e-66ee78fe6248,3938640,0
EURO2024,1c7677f5-daf4-4122-af78-4bef5e7bec5c,3930160,2
EURO2024,1c932e71-a64d-463e-bb9a-569b57dce985,3942752,4
EURO2024,1c938028-debb-4ac8-853e-f138c83db9a3,3930164,2
EURO2024,1cc7aeb8-33b4-4577-ac21-a361d6f08f45,3930164,2
EURO2024,1cf5d487-a325-47c5-8c52-1e14c7fbaa92,3930165,4
EURO2024,1d0c6f55-c112-4dd1-8ec6-2bcdc66f689f,3930183,4
EURO2024,1d2208c5-c71f-46a0-99c5-d0dcc546ad76,3941017,0
EURO2024,1d22155b-41b2-44d6-b23b-e413203f67e5,3942226,1
EURO2024,1d4a3a91-e8ba-434d-b911-ac159dc61b17,3942226,1
EURO2024,1d597355-dea4-4f5e-8272-b91c2cab3dbd,3930180,3
EURO2024,1d924a68-7425-4e32-be12-b4c71872d736,3938637,2
EURO2024,1db6f2c7-6ce7-4ad7-95e6-5df150522cd2,3942349,3
EURO2024,1df3462f-9533-4ce8-9360-0b94719433f6,3942227,3
EURO2024,1e215cee-3c80-4866-8560-65b4d24ff889,3942227,3
EURO2024,1e2bc1f6-878c-47ea-8175-016c56399463,3941017,0
EURO2024,1e5d276c-9769-4ed9-9971-67c25b9699f2,3930184,4
EURO2024,1e7763c8-f66a-497a-a80f-f0f573b8d592,3930164,2
EURO2024,1e7fb57a-c1e6-45a5-9209-8fed04f74da7,3930171,3
EURO2024,1ee305c2-cd7a-4af7-ad5b-2829af11f05b,3930181,0
EURO2024,1ef11e36-ec09-4091-aa1d-d2d7d133b7bc,3930177,2
EURO2024,1ef9d0b5-907a-4b81-839a-45788f27cf62,3941017,0
EURO2024,1f1a006b-3870-4a08-92f5-881f07e097c8,3930169,2
EURO2024,1f4a8a76-a6a3-4290-a6bb-a8d1f5db6df6,3941022,1
EURO2024,1f51db5c-cdb5-40c6-8720-a8249c63eb1d,3942227,3
EURO2024,1f54f212-27a8-4b8b-9a6c-26f7644fd0f9,3938640,0
EURO2024,1f627c62-dd6f-45f1-828d-2c156dddef9f,3942382,0
EURO2024,1f8ae2d3-a47d-44f3-961a-e9c8aa6b8b3d,3938637,2
EURO2024,1faeb98c-85fd-47ad-b99c-374dbd83ed1e,3930179,1
EURO2024,1fdb8bce-9323-4ff2-8e6f-24ed674b54bd,3930159,0
EURO2024,1fdd8cb9-61fc-4141-814d-966bdc14a0ea,3930159,0
EURO2024,1fee98d5-5869-4fcf-91ea-85d288a5f581,3930168,2
EURO2024,200e400f-ff8c-4053-b16c-7f377fc004fc,3942226,1
EURO2024,20128bf5-daa6-44b0-85df-a51527a63205,3930164,2
EURO2024,2014cf8e-5966-4f42-a087-db136a3eb696,3930176,0
EURO2024,2028ff72-9a21-4791-bc9e-7e28df9e9322,3930183,4
EURO2024,203b92c8-af4f-4ff8-8335-36823a3f3717,3930167,4
EURO2024,204c7622-bff4-4035-bc74-82adb63ccb63,3930159,0
EURO2024,2071c354-a8df-4ee4-8bc8-2e798a0f8675,3941019,0
EURO2024,20884147-f0ba-4093-97c6-4a8d16324903,3941019,0
EURO2024,2095dfbd-412c-46c9-8a49-7ee21aed28c5,3930160,2
EURO2024,20b8c1de-1f30-4b78-af9a-21bb36a64135,3938639,2
EURO2024,20c34b22-766a-4a3a-bf41-ab4ad41fae2b,3930174,3
EURO2024,20d11536-444f-490b-8842-afa70520a159,3930172,3
EURO2024,20d2f511-d0d2-4e7b-9125-2d08abec0632,3942227,3
EURO2024,2103bed0-eae5-4e6e-bba6-a38203586c6a,3930174,3
EURO2024,2171a345-f447-4dbd-9322-967a09c4107b,3941019,0
EURO2024,217c30e8-fb06-4b2b-9011-dc95f732a59c,3938640,0
EURO2024,217e7f3e-3de8-4b48-be2e-2dc60d2d9d94,3941021,1
EURO2024,217f8edd-0e8e-40d6-9827-1981e00fddfb,3930180,3
EURO2024,218f41e6-d0f2-4379-882e-5fc6f0bdde20,3930166,2
EURO2024,21b61ff4-b9e4-4af6-9b50-62bae9df3508,3930163,1
EURO2024,21baf6e2-caca-4b55-88dc-af6099e8c1c3,3942226,1
EURO2024,2200313a-ec8e-49d4-ad10-68f23c6fd010,3938640,0
EURO2024,220f29c2-8dc0-49b3-a886-339b679b6c1e,3930181,0
EURO2024,22160d5f-ac31-4148-bf1f-a099af509729,3930166,2
EURO2024,22442538-b2bd-4be8-984e-a649cdf2daa0,3942819,3
EURO2024,224b7dfc-0b66-4875-bdbe-5ccbbe2f5d8e,3941019,0
EURO2024,22536fb3-91ee-46c8-87b3-5c0c1f06f280,3930170,3
EURO2024,226ded20-d732-410f-a174-0a2a500d445c,3930164,2
EURO2024,22732752-8eca-48b8-bacc-2ae81e258938,3930160,2
EURO2024,2279a8b5-0a37-4d03-8fab-a147ad77ca65,3930169,2
EURO2024,2280c2e1-e760-4501-8f3b-0d10616964ec,3942226,1
EURO2024,228d91de-46fb-4b87-87da-d32f152976d9,3930172,3
EURO2024,22c6c325-ba3b-4202-ac5d-5eff0206003c,3930175,0
EURO2024,2365d4d0-cbd1-4926-9e27-0de579695dac,3938638,1
EURO2024,23860534-5c48-4d4d-8c4e-5507a4ebae1f,3930164,2
EURO2024,23ae5889-dd02-4e5e-9528-f6846dd42a35,3942226,1
EURO2024,23ae6992-7a09-403b-a24a-cb54d20e5228,3942752,4
EURO2024,23d721c2-dfdf-4121-a85d-a44ec5ef6446,3930162,0
EURO2024,23df8f41-0182-4c6b-80ba-53cd2a0bd668,3930180,3
EURO2024,24159843-060c-4efc-8100-0ff47f104146,3930175,0
EURO2024,242277ca-aa31-42a1-b8b9-de9cfac92374,3930182,4
EURO2024,2429e471-1127-401e-955c-908a1b1f7aa6,3930174,3
EURO2024,2435e09e-c15b-4540-a681-16dbb1cf3de3,3942819,3
EURO2024,24493162-ec10-41b5-9609-06e2bf09514e,3938640,0
EURO2024,24597d7e-e38a-4f43-9ced-cb2e2ae274c3,3930179,1
EURO2024,2460a41d-d950-4cec-946c-d89443e8a2a8,3930166,2
EURO2024,2485de0c-32d4-4cca-b94d-3ca82fc00194,3943043,1
EURO2024,24a0c6b4-4b70-4aa6-8440-3ca9e95ea985,3938641,1
EURO2024,24a4b4e5-ed14-49c4-abd8-9fa850426dca,3930173,4
EURO2024,24c5caed-01bd-4d06-b4a2-2118d9c379be,3938640,0
EURO2024,24e830fe-b93c-4860-9c0d-d296991d0e6f,3938643,4
EURO2024,24e83213-b9d9-4a78-b6c6-e1c0e6e814f8,3942227,3
EURO2024,24fcea66-f2f3-4add-a2ae-f3e05bdc57e9,3938637,2
EURO2024,24ff9e7d-cbfe-4d34-a628-ae102389980f,3940983,3
EURO2024,251284b0-8424-450f-a7d8-22a6ee8014a6,3930160,2
EURO2024,25229f5e-1aaf-493c-8368-4a4c1110f8a9,3930158,2
EURO2024,252acad9-66fc-49d6-a300-c917b9874f5b,3943043,1
EURO2024,25494569-1914-47ea-b811-fa2492c5067c,3941021,1
EURO2024,25510851-a5f1-4fca-b621-a34e03bdbc2a,3938643,4
EURO2024,256b39cd-383e-436b-bdd9-13f3b25c5dcf,3930169,2
EURO2024,256e5bf1-560d-4bac-8b1b-035af635311c,3938637,2
EURO2024,2586f270-ea84-43dd-ae4d-55d338e9607f,3941017,0
EURO2024,260237f5-665b-4279-868a-101757706ffd,3942349,3
EURO2024,261b1b1b-0170-42c7-98ea-b41584fdb6b6,3930167,4
EURO2024,26291f29-1649-44cb-9882-858b71dd7dab,3938639,2
EURO2024,26399380-2ffd-4238-af5f-f1fb54c9e7d7,3941019,0
EURO2024,2642522f-3ca4-4e2c-bcd4-bc8a09d08df7,3942227,3
EURO2024,265d3eab-3361-48cb-80e8-8990a2d3dd42,3930183,4
EURO2024,266cd170-6c48-4db0-95b8-5a69405efdbb,3930177,2
EURO2024,26848f9a-93e6-4f78-a7df-895b37841b21,3930168,2
EURO2024,26908cf4-fed5-4610-bba1-30797109577a,3938639,2
EURO2024,26c89e6a-9db0-4e51-bb4f-e5a39620b8a6,3942349,3
EURO2024,26c96e78-c1b5-4f80-9f27-b890ec9bf221,3942226,1
EURO2024,26cca3b8-b02e-408d-8785-957195fefb20,3930159,0
EURO2024,26fc2252-957a-4661-abfa-403eecfc78ef,3942349,3
EURO2024,273af2ad-8678-4640-9b2b-fd83a12396db,3942226,1
EURO2024,2759252b-8a31-49ba-91d3-d6d8fb5c5f20,3930182,4
EURO2024,2764a025-f07d-418e-91f3-78b079b96543,3930184,4
EURO2024,279fcb4e-fa76-4316-856a-22c098bf3aa2,3930169,2
EURO2024,27b9869c-4753-4d29-9682-6473ddb6b613,3943043,1
EURO2024,27c2cfdf-f749-4665-b52e-66b1ee854b31,3942819,3
EURO2024,2800572a-fba1-43fb-b858-b03cb8fcb87d,3930183,4
EURO2024,283159a7-5890-40ef-b299-bd21d34fbbd7,3930171,3
EURO2024,283e5dfe-bbaa-4dac-8304-b6568272247e,3941017,0
EURO2024,284a5e78-723b-41c6-99fa-78915ab28244,3941021,1
EURO2024,285c46e3-bc43-47f2-99e0-5554cf733f9b,3941019,0
EURO2024,287b11d6-e38f-44e6-985e-dac5b1b4133a,3938640,0
EURO2024,28d886fe-dbe1-4941-b789-8377ca055ee3,3930160,2
EURO2024,28dc6e48-0c06-4bb4-8620-cc07012ed3c0,3930163,1
EURO2024,2901f415-b0b5-4803-b4d6-c623238d7348,3930183,4
EURO2024,290a6300-d80e-432c-ba75-ac7ba934b361,3930177,2
EURO2024,29306859-b813-4c1e-8814-4ea9ee311f84,3930177,2
EURO2024,29444345-d2aa-4c0c-a6c4-b6e105dd96e9,3941017,0
EURO2024,2957880f-b39f-42b1-a865-2685cb687842,3930167,4
EURO2024,295e62f1-14df-4490-a8a1-0d17b8cd744e,3930183,4
EURO2024,297ef116-d59e-4e6e-874e-304a1dd1c2d1,3930159,0
EURO2024,29af2b9d-6775-4689-ac0f-6db13cd60c37,3942382,0
EURO2024,29b2615f-a50a-43cc-945b-60f9282de30d,3942752,4
EURO2024,29b34a3f-a3dd-4543-a9b2-46915cda8c72,3930180,3
EURO2024,29e5224c-671d-4a06-9295-b4f333bbb7d4,3938643,4
EURO2024,29e798bb-7bab-4387-846d-b71014e5f7b1,3938641,1
EURO2024,2a3c5fda-506e-4d55-986b-0f53f5f65d11,3938637,2
EURO2024,2a3d22f6-408b-4559-a29e-194e010c3da3,3930159,0
EURO2024,2a768467-e199-4946-9fd5-65477c314f14,3938645,2
EURO2024,2ab957c8-00a5-4cfe-add5-890dbb75d395,3930168,2
EURO2024,2abb2618-b29e-448a-9f83-22ab1a742126,3930172,3
EURO2024,2ac93795-abc3-463e-83fd-b150a7a41c0b,3941022,1
EURO2024,2ad33c3f-a960-49ef-bfac-380a1aa7d479,3930182,4
EURO2024,2af0e939-4fd1-4083-a40d-19f102725c63,3930179,1
EURO2024,2b339ba8-13e5-49d0-84eb-23b04b6b0e18,3930171,3
EURO2024,2b378103-4e42-437e-a0fb-881c27286193,3930173,4
EURO2024,2b439e9a-b976-4a88-b238-16a3a30d2bea,3930174,3
EURO2024,2b64f6a5-87f1-4401-a614-db04bdb6c34c,3930159,0
EURO2024,2baa5b71-507f-4f3b-b4eb-aeb90d36b7c8,3930184,4
EURO2024,2bbf1941-a331-4f12-95f1-2a40c1f38c0b,3930178,4
EURO2024,2bcca2be-e719-4cda-894c-41cc4abb7e56,3930180,3
EURO2024,2c016683-5979-4558-b86c-2d9f8914b5e7,3930172,3
EURO2024,2c1890d6-dc4b-467d-ad78-b535c0137e5c,3930158,2
EURO2024,2c1b4505-1dcb-4cec-889a-45903da15c58,3930182,4
EURO2024,2c2f81c5-f47d-4886-b5c0-858e5eaab533,3941019,0
EURO2024,2c33d062-9e98-40fa-a0a7-752125a4955e,3941020,0
EURO2024,2c521efc-8470-4ac9-abe4-e85412e4af05,3930179,1
EURO2024,2c528280-ac20-481e-b9d5-0550e8420241,3942227,3
EURO2024,2c75a104-618b-439e-807f-c35d7c0edb49,3942226,1
EURO2024,2c83dbeb-e421-47df-a153-91c435ca0a49,3941017,0
EURO2024,2c93e350-c647-4d83-8a28-4083f8ab29b0,3941022,1
EURO2024,2c976fa8-d47f-4059-9f9b-09ae1b5a6142,3930172,3
EURO2024,2d324b4f-3233-4e06-9e99-fc2f45e2b36f,3930181,0
EURO2024,2d3808b9-675d-4b5f-974a-59cc285e6a8d,3930181,0
EURO2024,2d40ae79-e8cc-4f6f-aadc-b8918d08df01,3941021,1
EURO2024,2d510269-e74a-490b-ac12-e97377e81b2c,3930182,4
EURO2024,2d5c9baf-0357-4bfd-a089-5a9739375c64,3930175,0
EURO2024,2d6c5dbe-3ca7-4ccc-83f7-7b7803853cdd,3930162,0
EURO2024,2d708eec-f8d5-4ae3-98e7-4d2ca805ee54,3930173,4
EURO2024,2d8639ae-1fba-4273-8d88-4268bdbb847b,3938640,0
EURO2024,2d9ff442-0d4a-4f5e-9061-54647443e489,3942227,3
EURO2024,2dababfe-a07d-4d76-9e4e-b72a4e4f9825,3938643,4
EURO2024,2ddde994-09f5-48cc-98f6-2a269313286a,3930180,3
EURO2024,2e106bda-541e-41df-ab68-275549e3eab7,3941020,0
EURO2024,2e446905-bbfc-4d95-a82d-f4c895e8449a,3930161,1
EURO2024,2e49631a-c03a-46cf-b1a6-aa1a75d112c0,3940983,3
EURO2024,2e7ceef4-7876-4402-b397-c1fbf4112d32,3942227,3
EURO2024,2ecdbb7b-16f0-493c-9059-f9066d77caa1,3938638,1
EURO2024,2efaec5b-83ca-4fc8-9d3f-7d2ddbf6fbcd,3941020,0
EURO2024,2f06b02f-68e7-49af-a094-5a22c382b01f,3941022,1
EURO2024,2f261d57-9a34-4453-8301-71653629017f,3938637,2
EURO2024,2f7cb6e4-65e6-48a1-bfa8-8f15c5af00e7,3942382,0
EURO2024,2fa03497-1a63-41d8-8513-9c4718e887c0,3930175,0
EURO2024,2fab1e03-8f3d-4a09-9236-fbd9cea27f06,3940878,4
EURO2024,2fc09569-502a-4a68-94c6-aabdcb5749a7,3930182,4
EURO2024,2ff8d783-dd86-49fc-ad59-39fc50b5be52,3930175,0
EURO2024,3018f13f-c0f7-4cda-af8c-153aa03ac867,3938645,2
EURO2024,302f3a90-9ea2-4991-9c19-f07889f3ceda,3941018,3
EURO2024,306baa2b-f03e-4112-ae50-835f67271b5b,3930162,0
EURO2024,30dc7726-ae4a-4fa5-8f86-75bc8d824e66,3941017,0
EURO2024,30f166b0-7779-45e9-8d6e-072e109189b3,3940878,4
EURO2024,31317f80-d303-4a51-9c03-de88d73757ed,3941021,1
EURO2024,31475884-669f-4f67-84c0-786272e11551,3941020,0
EURO2024,316f5087-2020-4193-a1e5-62306f92d50a,3930172,3
EURO2024,3171b567-444c-46cd-9b59-b50740c79c56,3930169,2
EURO2024,31776374-eb36-4f04-a881-8a5aabaa5021,3930182,4
EURO2024,3197d554-477d-4f19-b0d0-158b61a1367b,3941017,0
EURO2024,31ba871a-3f5f-4b1b-b3f6-9a54eac147c0,3938638,1
EURO2024,31c11012-aaab-447d-b3f4-d13f3fc57994,3930179,1
EURO2024,3221e531-8a52-4a3a-a102-d36421a52e7a,3930174,3
EURO2024,322fc952-ad20-4a82-9a52-02fffb85ec5a,3930160,2
EURO2024,323b3ed1-6245-44dc-a389-f8b53a169b32,3930164,2
EURO2024,323db134-8392-4baa-824e-3e1f906cd9c6,3930164,2
EURO2024,323f8413-02d5-4d88-bc45-d06814d096e1,3930184,4
EURO2024,32479484-8f6c-4e99-a25b-9c650ec77707,3942819,3
EURO2024,324acc11-2f26-44cb-a537-3bbb61e394e9,3930180,3
EURO2024,328c1dc0-b9b1-46bf-8e74-9371fe9c06f3,3941021,1
EURO2024,328e6f6d-5512-4fbe-8562-a92ff0575606,3941017,0
EURO2024,32a04ec8-7d6b-4ef9-a495-5705f005576b,3942226,1
EURO2024,331bf6bf-dc66-42ef-9e1c-0bbc02fb4d99,3942819,3
EURO2024,332ffefa-a24d-49ad-9253-30b35e13b4e3,3938640,0
EURO2024,3356d71e-4629-4929-8c3c-3b164500b652,3941017,0
EURO2024,33731dfa-bdca-4fc8-86dc-7d37d51cfab6,3930162,0
EURO2024,3384e528-bab6-4736-9c4c-d96576e1cae1,3930161,1
EURO2024,33a4e9e3-bf84-4e09-ba0b-709e5cc95f3d,3930160,2
EURO2024,33a87080-de37-4f0d-8e6f-d5c3312faf3f,3942226,1
EURO2024,33b2ccd1-5e04-4282-a89c-ec84d07304e1,3938637,2
EURO2024,33b5ce01-fd3c-43b7-85b2-74a5dc90ad0d,3938640,0
EURO2024,33b5f4a7-1a1a-4bc1-a4b7-56f5306d67a2,3930158,2
EURO2024,3429dec5-afe9-40d8-9b09-70be996beaf8,3930183,4
EURO2024,342a04e2-bd6d-4744-9794-ddfda33b549c,3930159,0
EURO2024,34510fdd-9441-4f63-b220-f076bd83f10d,3942227,3
EURO2024,3467a62c-774f-407e-9abc-88e7390e3fd0,3930171,3
EURO2024,346ee4fc-1636-43f6-9e19-39dce98e600d,3930170,3
EURO2024,347829c0-ab4d-4c64-86f4-837c09a9c1fb,3930160,2
EURO2024,34aab636-7452-411d-aec3-430ef63be973,3930164,2
EURO2024,34e33b69-be0b-4313-8db5-eea2817c1d7e,3930159,0
EURO2024,34edacbb-3e1b-4f21-9ae3-9e4cbdf6dfef,3938637,2
EURO2024,3505d1e1-1ec1-4929-8815-e1d15a8de41a,3942226,1
EURO2024,353c4a30-291b-4882-aff0-0a15a44c8c51,3930161,1
EURO2024,35418d20-7dfb-4162-9776-20f3a24609c8,3938637,2
EURO2024,3550ca14-4848-48a6-9c0d-e7df500eaeca,3930184,4
EURO2024,35658ab7-d110-4ee4-bcff-ffe6483f89fd,3942227,3
EURO2024,3570dfbe-1be9-4a5e-8c09-1d22a80b7571,3942382,0
EURO2024,3574a997-4df9-4958-9b1f-0fb7a8e3b72c,3930172,3
EURO2024,357947a4-f564-4cc8-af48-25c6c6753bec,3938644,2
EURO2024,35c05e5f-cd4f-421a-9265-25eaa830bbbc,3930158,2
EURO2024,35f4beaf-ef7a-45f6-93d9-53ab928e3e3c,3930161,1
EURO2024,362ad133-d117-433a-8dad-ff5bc1d26879,3930162,0
EURO2024,3698b901-510e-4b33-a10e-90dff29617c8,3930162,0
EURO2024,36a07282-ef83-49bc-ba4e-9908447021c4,3942227,3
EURO2024,36aeba48-b15b-4b05-b33b-be021a606bc9,3930160,2
EURO2024,36ddc97c-e5f4-421b-855a-78003919b969,3930164,2
EURO2024,36e6767f-af8e-4dc4-a1b3-db0a8552f705,3930183,4
EURO2024,36fd5a48-cce2-4224-9bc2-1075d9a80665,3930184,4
EURO2024,37017f4d-85b4-4a56-808f-6990f94dd0e9,3930161,1
EURO2024,3714b3e4-950b-47f9-98fa-7725edf4be31,3938637,2
EURO2024,371c4bea-04cd-4eb3-9501-abab96ff9a0c,3930180,3
EURO2024,374a077b-90e7-4f9f-8aee-7dd6aa2a8b0a,3941017,0
EURO2024,375052b5-5f8d-413b-958a-67074a37394f,3938640,0
EURO2024,375611cd-97d7-4f80-bc9b-020c1214cc24,3930159,0
EURO2024,375f1984-ba98-4559-b899-a364a71f6ba8,3930159,0
EURO2024,377fd949-1afa-4f59-b6aa-1bda7b192ea6,3940983,3
EURO2024,37847948-bc56-43bf-85a8-c7bbe7cd0945,3941017,0
EURO2024,3791f45b-6ad5-4177-a605-6a3c43289ac8,3930171,3
EURO2024,37b8c7ab-d511-4ee3-a17f-2ca9f85a5d10,3942819,3
EURO2024,37b96c00-2490-484f-b4fc-2962bca44975,3938640,0
EURO2024,37cec73d-8930-4cf3-9237-4a0fbcd5448f,3941019,0
EURO2024,37d32129-ce16-4d56-96b6-2883b710438a,3940983,3
EURO2024,37d3a41a-0874-4662-90c5-6dc848415840,3941019,0
EURO2024,385275d0-3dda-4422-b229-36babfea9935,3930163,1
EURO2024,38c7024f-8f99-4dab-925c-0db4265934d8,3930180,3
EURO2024,38d63f3f-4a20-46b1-b272-aea840f69b7a,3938640,0
EURO2024,38e7009e-c858-4790-8345-8093c88f2f8a,3942227,3
EURO2024,38f28d5b-53da-4356-b8e6-46e6440af79f,3930164,2
EURO2024,38f29192-a466-4443-a306-30177da5b80b,3930176,0
EURO2024,38fa52a8-b8d2-4503-84a4-c2c34fc727ba,3930167,4
EURO2024,3901c1e0-d562-4084-9953-caa33547fb55,3930176,0
EURO2024,392dcb8b-c7de-49cb-b7e3-26eaf4eca181,3930183,4
EURO2024,3930ff07-3239-46cc-b804-378bb17083d1,3930165,4
EURO2024,39456dc1-e9d6-4887-a0ec-9914f9c3fd5a,3930182,4
EURO2024,39494b49-6654-43d4-a0f4-2e1a7eda727d,3930174,3
EURO2024,3952238b-4e59-4968-8f59-caf36edbd935,3930176,0
EURO2024,395a088d-ff41-46b0-a496-a433034eec4c,3942349,3
EURO2024,39c4e5ea-a868-49dc-be53-f636e482fcd5,3930172,3
EURO2024,39d1bf0f-76c2-4043-9717-7691b1729265,3930178,4
EURO2024,3a0c0125-68a5-426d-8c3c-2ee0698b0d9c,3941018,3
EURO2024,3a2199b3-fe0b-4c90-89c6-de251b770532,3941021,1
EURO2024,3a7120d0-bf7c-4fe1-baa5-fc106402329e,3930179,1
EURO2024,3aa2c884-264a-466b-9d8b-d20caaf2c96c,3930183,4
EURO2024,3aa33351-c9e6-4765-bdb5-55c564440cb6,3938641,1
EURO2024,3ab28a34-b47b-4354-8306-58d86713c233,3930170,3
EURO2024,3acc5a8e-c022-4401-b6c1-5f0c65a4300e,3930177,2
EURO2024,3acff6bf-f281-438b-99ea-cb51b70ff2d0,3942226,1
EURO2024,3adc6843-debb-437f-8079-addfc08ffd66,3930158,2
EURO2024,3adf2102-3500-4544-9b66-66845c8bfe77,3930183,4
EURO2024,3ae34be4-94e6-4200-bc22-f38421f902f3,3930172,3
EURO2024,3b034e6a-dca1-4256-afb8-856c5cff0c7c,3930177,2
EURO2024,3b25a8d5-9c63-4eab-90d9-b687aed80f8f,3930159,0
EURO2024,3b748225-9e52-4284-9c5f-e3e32086535d,3940983,3
EURO2024,3b8bc77c-bc5e-45b2-9ab3-9d6d23e0e256,3930176,0
EURO2024,3b8ead09-2278-4d05-abf0-c5d1f3a3300c,3938641,1
EURO2024,3bada25f-e864-49f1-bd37-e99c1dca0fe6,3930175,0
EURO2024,3bae4b37-bab2-4762-b43f-c70b4e3f092b,3930184,4
EURO2024,3bbf4da8-7228-4ee6-ae4c-6e5961ee05d5,3941021,1
EURO2024,3bc309f0-df5e-4137-8af2-500231cb88fa,3938640,0
EURO2024,3bcaa6c2-8eca-43f2-be41-8e64323a492f,3930168,2
EURO2024,3c033656-33e2-4492-b630-24269a49c243,3938644,2
EURO2024,3c2981aa-4da5-4f7f-90b1-f2f18acfe99b,3941017,0
EURO2024,3c682f62-7eb6-4a2f-9a2b-2b571e6c07eb,3941017,0
EURO2024,3c80f4f5-a4ee-4749-be54-dccbf47b21d5,3930167,4
EURO2024,3c99b742-f32d-46cd-8735-ca3c43719349,3941017,0
EURO2024,3ccc65ff-ada3-45d4-8bc9-0778ef7cf17f,3930169,2
EURO2024,3cd2a5fb-5ff9-403e-91e6-04b97c8d55ed,3942752,4
EURO2024,3cd6574d-b479-4042-898f-bebbbc510e49,3940878,4
EURO2024,3ce41d67-d812-4130-aa84-36fac5de78c1,3938643,4
EURO2024,3d0473df-d3e8-4d55-bc13-fb562f14d68f,3941021,1
EURO2024,3d06a0cb-1b71-4acb-b5ee-b52467faf885,3938643,4
EURO2024,3d1a967f-b66d-4efb-9b32-0938b24eb564,3930174,3
EURO2024,3d230345-5321-42b7-8727-f422c7fd1282,3941020,0
EURO2024,3d53e3d2-8208-427e-a681-91b8ad327989,3941017,0
EURO2024,3d78a7bb-5b6f-4d4e-8ec7-2ccbd474c7b0,3930174,3
EURO2024,3d85cb97-d1ea-4e3d-b48a-d4d6b1c590a1,3942349,3
EURO2024,3d9dc42d-a7d5-43cb-a5e9-fd519fd73b1b,3930161,1
EURO2024,3dab210a-49c8-482d-b1b7-53c76c6f0c84,3938642,1
EURO2024,3dadd906-228b-4e2c-ad47-78fb71b1d966,3941018,3
EURO2024,3dbd1fa3-1ee3-47d8-bcd4-e7283ff2d06c,3941022,1
EURO2024,3dc31019-7b83-4cbf-a37b-98bf34293dcd,3930179,1
EURO2024,3dd1bf27-d070-4f06-85a4-b88e9a6bb28c,3930184,4
EURO2024,3ddaf256-1681-43ea-9e42-d7e6f3c075b8,3942349,3
EURO2024,3de45bf4-22d7-4d13-86bc-23df08d8798c,3942226,1
EURO2024,3de869e4-6b2a-495d-b5cb-d19b7aa5519d,3930176,0
EURO2024,3e1fe531-f0dc-4187-a46b-1f3539600718,3930170,3
EURO2024,3e3d0cf7-2dad-42df-adf7-6f3416a6a286,3930176,0
EURO2024,3e41987b-776d-4561-a5f0-f37a2e42f0f6,3941021,1
EURO2024,3e6b7464-58d2-43c4-9148-1dd9956c8e79,3942819,3
EURO2024,3eb9c0cb-5bdf-424f-ba9f-bb30a976c054,3930173,4
EURO2024,3ec15be8-d23f-45d6-be6b-317f380ef77c,3930160,2
EURO2024,3ec5b3f0-4cd6-4609-8886-145eece9b35f,3930162,0
EURO2024,3f40c54b-ad0a-455b-ad6a-37f8b0ec1c3e,3941017,0
EURO2024,3f567a9c-f973-4ebf-950a-dceea59d79ac,3930160,2
EURO2024,3f5b1f8f-4d77-430d-bd12-7ff0dbfe55b8,3938637,2
EURO2024,3f68b97a-886f-45d4-b7b6-39a672fd0282,3942227,3
EURO2024,3f76a504-23be-44e6-8957-1083a1cc51b2,3930184,4
EURO2024,3f7ab5a1-3fd1-4f9e-a729-645c8857b9e4,3930177,2
EURO2024,3f96bd0a-e09f-4339-b878-f1fa22307cc4,3942227,3
EURO2024,3ff03447-670a-4e3c-a363-5edc404073b0,3942752,4
EURO2024,3fff86fa-9025-47e0-943e-87d94f4e685b,3941022,1
EURO2024,3fffc1a8-a97c-433d-adee-f0e72e38c714,3938640,0
EURO2024,4046832f-72d4-4497-ae7b-96056255b8eb,3930184,4
EURO2024,407b738c-6d50-4c1e-a093-aae48c96b14e,3930167,4
EURO2024,40b7adfc-d115-40b4-b311-c0e200f6f3d8,3930171,3
EURO2024,40de1bab-a33b-4203-ad51-11d15eedbc0d,3938645,2
EURO2024,40ec4302-e989-4eb8-a5bf-26830546076c,3941021,1
EURO2024,410522bb-4230-4022-905c-de747fe1b315,3930163,1
EURO2024,410770ce-2a5a-408c-837e-f3e41df37695,3930177,2
EURO2024,4138775f-cf27-4812-97eb-f3d716b0f547,3930163,1
EURO2024,415f7e05-2788-484b-87be-44f6ae349c22,3938642,1
EURO2024,41722680-3378-40d6-b59b-8621ae4f81e6,3930163,1
EURO2024,417a5b8f-28b1-4a6b-b19a-17e000e8e0e7,3930172,3
EURO2024,417b3eb5-01f8-45ed-b8bc-a987ea665bfd,3942752,4
EURO2024,41865818-bd96-4bf5-8c7f-56fcefca89dd,3930175,0
EURO2024,41a6cc65-b691-4819-80ed-92caf21b1875,3942349,3
EURO2024,41b05cfb-67be-44be-96b7-4cc9c2c446a4,3930169,2
EURO2024,41c5bdc9-d287-40d2-a254-5db72742f5aa,3938643,4
EURO2024,41d8218f-33f7-4f4a-8a73-46c859e3144a,3930167,4
EURO2024,42119974-29d0-4ce7-b05d-15a64d6b902d,3941022,1
EURO2024,423418b0-f447-4014-93c5-615ad3f07340,3941017,0
EURO2024,423552e5-b0a4-49b4-9559-daac62fa2c1a,3941017,0
EURO2024,425438f7-9f60-4603-aa5b-51dcca5b218d,3930163,1
EURO2024,4278c9a7-f61b-4662-b72a-c120a4d2954d,3930163,1
EURO2024,427e6253-666f-4380-b19e-79f58849fbce,3930173,4
EURO2024,4281cb46-6ceb-49ae-b073-be5558da0bed,3930182,4
EURO2024,42964317-1976-4f47-83f0-c16b45b8b312,3941018,3
EURO2024,429c7d66-062c-4e5c-90d4-118689cf9103,3930169,2
EURO2024,429eae3b-171f-4a23-be4c-861bdf1788d2,3930158,2
EURO2024,42a554c7-b74b-4ffe-85c5-22222dd6200a,3930169,2
EURO2024,42ac3d0b-096a-4101-a325-d14b5a9fc980,3938638,1
EURO2024,42ae7af7-25f8-49e6-8537-83666664b71d,3938640,0
EURO2024,42cf9eaf-0b81-4920-8e7f-8b8c80be8d8e,3942752,4
EURO2024,42f7c76f-6b6e-40ce-84da-b5c99bbad403,3930169,2
EURO2024,431c25fe-261b-4604-8509-8412b8f2ad70,3930159,0
EURO2024,432aa0c1-7b56-4e30-a53c-b7c9d2c1df1f,3941017,0
EURO2024,4361bd86-e094-4286-904f-776c668ed21f,3941021,1
EURO2024,43831a41-4aba-47ef-8cd4-474fb98ce45c,3938640,0
EURO2024,438e10bf-baa1-4c8f-89ba-d29db3c5867d,3938643,4
EURO2024,43c600b8-9dfc-4a54-9789-1f375d8ff75f,3941021,1
EURO2024,43ec7f53-1c1d-4570-9736-91db9345cd33,3930181,0
EURO2024,4419fddd-2e46-4d2d-a6a9-a39b0f48a68b,3930181,0
EURO2024,4459b6bd-5de3-4029-b32a-9c8da42b28f7,3941017,0
EURO2024,447149e6-5202-4a41-877c-4b1fe15f2484,3930163,1
EURO2024,4474af49-fcb5-4018-8c79-58a024bb4cfe,3941021,1
EURO2024,4478ebf9-113e-455f-a84a-f9dd4cb4384b,3938643,4
EURO2024,4485fbb8-8b8e-4890-924b-eb4ba8468c30,3938637,2
EURO2024,448a3341-2c71-40fa-a343-163a3f3240b8,3938639,2
EURO2024,44a144aa-0ce6-4476-bd76-625e82563287,3930174,3
EURO2024,44d705de-6777-4e15-8e74-62285b8967b6,3941020,0
EURO2024,450281e5-98c7-4142-a695-ea2203522bda,3938639,2
EURO2024,451482d2-3a0c-4b92-95c3-8a47c360821e,3940878,4
EURO2024,45286baa-6135-4824-976d-0d3e3c5cf9cd,3930167,4
EURO2024,458dac25-b327-47cc-83e8-f77a0a6efe66,3943043,1
EURO2024,45b84ef0-1991-44e9-bf2d-13416b1a3df3,3938639,2
EURO2024,45eb05d5-2709-4104-aaad-8a14128eeff4,3930183,4
EURO2024,45ec1f10-6688-4a2b-a8e3-9922ed455ec3,3930182,4
EURO2024,45eed5be-5457-42f7-b668-ef74f005b621,3941020,0
EURO2024,4607cd23-9cb5-4931-8e7a-d5b5a2dd1418,3930161,1
EURO2024,463a0c24-79f3-4bbd-8bfd-f65f42aea7a7,3930174,3
EURO2024,463c4efd-3b1b-4d98-ab45-fd0a672bd721,3930163,1
EURO2024,464c678d-55c7-43de-89db-d60aabff35e4,3940983,3
EURO2024,466cfb0a-30a1-4e5b-9c3a-3ee10244cd49,3930174,3
EURO2024,467f97c6-ed31-4bad-b5fd-a87f83fda39d,3930180,3
EURO2024,4694e21f-12a1-41df-b979-760465fdcc92,3942227,3
EURO2024,46b3c566-76ca-4d70-9056-7bf8a88afbcc,3930170,3
EURO2024,46d56df8-d891-4a3a-8a21-40d187d8f975,3930168,2
EURO2024,470ac049-79b2-4a62-9d3e-0a2c5d04085c,3930163,1
EURO2024,47186dae-a96d-4778-adc9-319f493733b9,3930171,3
EURO2024,4720bd90-babd-42d0-8c05-654a9ebca2dc,3930174,3
EURO2024,47260146-d65f-42a5-a1ed-556c36d00898,3941017,0
EURO2024,473b526e-5597-4258-8cc8-fc542b34b487,3942226,1
EURO2024,474fc256-e453-4fd1-b03a-4d7c1c13d50b,3930168,2
EURO2024,4753aa3f-d62e-43e4-86c9-5bdc8c34eb8b,3942227,3
EURO2024,47aaa629-2c47-48a4-afc4-ccdaf070142b,3930165,4
EURO2024,47bda5e6-1a22-414f-a979-020d188287d3,3930173,4
EURO2024,47d814c4-4c1d-482a-b2dc-3780094b631f,3930161,1
EURO2024,47e49b31-d027-4f12-a5f3-a93953b9e95d,3941018,3
EURO2024,47ea4f5c-2cf7-4929-8476-7e39a536dd8e,3930165,4
EURO2024,48865508-af5d-4b7a-a2d8-db04d353b4e6,3942227,3
EURO2024,488d5e49-5d7c-4712-b909-342d702c10b7,3930183,4
EURO2024,48953b91-ed97-44f0-b212-b369b13ca3a8,3930161,1
EURO2024,4898a289-cb39-4ca5-8105-eeacf30de231,3938637,2
EURO2024,48ac3d19-cf27-4310-9350-9942401ec101,3938640,0
EURO2024,48b4bef9-2d71-4b40-a03f-871dfe7cac4d,3930175,0
EURO2024,48c53156-6d3e-4b2e-a613-cc8075faa729,3930173,4
EURO2024,48eceb3e-835d-4b16-87a4-a251068d5de0,3938641,1
EURO2024,4908b279-1140-4489-9c11-8672580da09c,3930166,2
EURO2024,492fe606-edd1-481f-9829-9cf950fb12fe,3938645,2
EURO2024,495c5290-0bc0-4780-8fae-b5646c7b25ee,3930184,4
EURO2024,4966f811-e385-4afe-b3f0-e43b93313536,3938640,0
EURO2024,4984e889-8e43-486f-8bcd-5ce5f228df64,3938641,1
EURO2024,49927e5f-d84e-4e41-8e1e-c8796d39836a,3942227,3
EURO2024,499e1d60-8ee0-44d2-b6dc-14af2fe5450e,3930173,4
EURO2024,49dad800-4adb-49f5-9ef8-04d0463beaba,3938645,2
EURO2024,49e34eed-61be-4b74-9758-1ca9fef57b20,3930184,4
EURO2024,49fa1e9c-0661-415b-ac91-e5d2ca86710f,3938640,0
EURO2024,4a0aada9-444b-426a-8c69-07bba0cee2df,3938641,1
EURO2024,4a38af9a-453c-4e8e-95c8-bb5dbeb42c9a,3930164,2
EURO2024,4a3a9a6e-8eba-4d78-986c-04f0d034c147,3930176,0
EURO2024,4a3d5ac5-f34f-4249-87c9-b0d1b96b0da4,3942752,4
EURO2024,4a478c63-6aa9-4a9e-abe5-7f039102a447,3941017,0
EURO2024,4a4bf1f6-efe9-489e-9f04-0561d67f8fe9,3930177,2
EURO2024,4a4fdd6c-8e52-471a-b272-0d923131d092,3941022,1
EURO2024,4a513d99-8d84-4e84-9e42-5e6c4d47ec9e,3941022,1
EURO2024,4a6bda1c-6d31-44a1-8937-9ab1f2087403,3938639,2
EURO2024,4a909e02-fccc-4acc-8631-f69b5f8db20e,3942752,4
EURO2024,4ae0e343-c581-4ddd-adcd-526ea711c028,3930182,4
EURO2024,4ae64a00-b375-4901-bfc9-1f7c89d85b01,3938638,1
EURO2024,4af341a1-8747-4c5a-968d-cc5681360195,3942227,3
EURO2024,4b190955-dbfc-43d8-9176-ad02d0d32e8d,3930158,2
EURO2024,4b2af4a9-cba0-4637-bc67-eb8383dc2b8f,3941017,0
EURO2024,4b411924-4397-4ec4-9aa3-66f2b86b7380,3930163,1
EURO2024,4b745d6f-ea2a-4f39-8df8-e411521bd461,3930174,3
EURO2024,4b99bbaa-469a-4ede-801b-5b54eb266cce,3938640,0
EURO2024,4bb926f4-d381-49fa-a085-ae2b96996e35,3942752,4
EURO2024,4bbd952d-aaaa-466a-99d4-3cd25d719424,3930167,4
EURO2024,4bdbd496-1087-4b7a-aeb2-ebb6736ab4bb,3938638,1
EURO2024,4bebca4c-5803-43a6-b612-f5c99d6b0f5d,3930182,4
EURO2024,4bf21d75-6d83-4294-a27d-63aa4238a54b,3938641,1
EURO2024,4c0c4a30-acbf-44b9-ad33-08113ebf4614,3930179,1
EURO2024,4c1891b6-387a-4b0d-8e0f-677e4873c7f0,3938645,2
EURO2024,4c1ba453-e753-49f6-9dd2-8979fbc4dc00,3930182,4
EURO2024,4c6097ad-ab13-4fe3-97b7-2ad2e462e970,3930159,0
EURO2024,4c695794-26f1-43b5-a12e-551c0a83cb65,3938641,1
EURO2024,4c7a5186-fe6b-4e71-9a4b-6445f3ad56d2,3930175,0
EURO2024,4cb385a5-6fe4-46e7-bd72-0254634ba14b,3940878,4
EURO2024,4ccf9566-62fc-4fcc-b98b-a260015f24f8,3930174,3
EURO2024,4cd6421a-2ddc-40c1-8c0f-46649c1107d8,3940878,4
EURO2024,4ceb269c-8517-4561-a624-e2996cda75f2,3942226,1
EURO2024,4d15b8f3-88d5-4cd9-a4ce-74aa3f3d463a,3930172,3
EURO2024,4d3a57b0-d351-492e-8f0b-6003a285957f,3930169,2
EURO2024,4d5d1382-8f41-4466-9f46-b8057dc10329,3930158,2
EURO2024,4d682d8f-286b-41f9-92c8-cdf2cfc6326b,3930182,4
EURO2024,4d9bf1f4-b481-4956-8afc-6c4a24ddcb87,3930178,4
EURO2024,4dd335ef-2bf5-459f-a508-f28e3d67a485,3938638,1
EURO2024,4dd5a4d5-92d1-411e-b1c7-f0c7fd36fdd9,3941017,0
EURO2024,4de09b1f-3a91-4f3a-b25e-4b5a10422b5d,3940878,4
EURO2024,4de32ad4-92f6-403b-adff-927caf2054fe,3930179,1
EURO2024,4e0d054e-1c25-42f2-ab7c-90019e9b08c3,3940983,3
EURO2024,4e21e8b5-062c-4258-bd76-df7d77c64509,3930165,4
EURO2024,4e84c4b4-61d4-4a49-8198-d15d53a3f1a8,3930167,4
EURO2024,4eb32c59-df4b-49b7-9620-59677e0b29b1,3930177,2
EURO2024,4f0dcfaf-969f-404a-bd29-2508559d76dd,3938638,1
EURO2024,4f2e11a6-f0ee-4db0-8efa-50a7240f40c8,3930182,4
EURO2024,4f5d25dd-3b2c-4c7d-b851-2d3c5289f340,3941021,1
EURO2024,4f76e5e1-0354-4228-a2cc-1995ae3c5468,3930174,3
EURO2024,4faa1af3-6add-4b95-bddb-a6f4c13ebec7,3930159,0
EURO2024,5023ad8c-2edf-4691-a54e-b7d7932b5597,3930173,4
EURO2024,502e8f3d-09fb-40e8-b227-57051f22dfad,3930184,4
EURO2024,5045eabb-c0e5-4c48-9f46-82c6480fff9a,3930169,2
EURO2024,506a4d18-fa75-4374-aa54-591d8e286b06,3930170,3
EURO2024,50c38959-a90b-40da-9e2b-144dccc336d3,3942752,4
EURO2024,50cf2c79-4098-4487-b2a3-7eb22bc052fd,3938645,2
EURO2024,50d8dc35-d2ca-4294-bbf3-41e5a00ca731,3930170,3
EURO2024,5129b70d-717d-4b42-bd8b-75fc66b42da6,3938641,1
EURO2024,513020e3-cbf5-4c2a-809c-bdc52be8c2ae,3943043,1
EURO2024,5138bbdf-8172-47c1-9287-93dd8412c531,3942226,1
EURO2024,51675bad-ef1b-4107-9c91-181bce27bdda,3930164,2
EURO2024,51841bad-70e6-4809-a3b1-e3cf1ffaa81f,3930163,1
EURO2024,519022c6-760c-476b-8386-5f368a0fde20,3930164,2
EURO2024,519440e3-8859-44f2-a1cc-32bdff2d2f8e,3930160,2
EURO2024,51c625f5-c408-40f3-9a02-d69d065a35ac,3930172,3
EURO2024,51c92da1-b56f-4e1e-877a-254640bb2c39,3938642,1
EURO2024,51d27d9a-e8bf-4e8a-9c77-563e29689546,3930181,0
EURO2024,51ddb058-a4cf-4130-bf49-8ceff1ee098f,3941017,0
EURO2024,51e2b28f-39b0-41ad-9f46-e86a979c75e6,3930169,2
EURO2024,51ee60d9-0cb0-4d54-8a32-7b198b4e025a,3930174,3
EURO2024,51f62695-0b5a-43d7-99ec-b74658ad4c38,3930167,4
EURO2024,5221010b-2354-41db-bbd0-953589c97822,3930172,3
EURO2024,5233a5a3-bee4-4cb3-918d-f69cd89d1913,3942227,3
EURO2024,523f5822-7b43-40d0-b98c-c4864d61d29d,3938644,2
EURO2024,52638891-02e3-4b46-8aff-a18377bbb3fa,3941017,0
EURO2024,52b1ebd6-b2e7-4f74-a2ad-06bf56abd719,3930180,3
EURO2024,52c7c729-2f05-4dd2-812c-aeaf03b014d4,3938642,1
EURO2024,52eb0720-9d60-490e-bc1a-75311a762a20,3930159,0
EURO2024,52fb8e8c-f403-4391-881d-9898dfb1b5f5,3930163,1
EURO2024,5305083f-c473-4928-bbdf-2a23f0f5256f,3930164,2
EURO2024,53482e2c-e8fa-4b4c-948f-fcd2edba64a3,3942349,3
EURO2024,535967f8-1950-4151-b7a0-7e47836a2aba,3930184,4
EURO2024,53796493-4881-404d-971c-05fe0667577b,3941020,0
EURO2024,53bdaa97-cc0e-4bc4-bdd8-5069c92437bb,3930179,1
EURO2024,53c33855-ee04-46f9-94a5-351825cea7bb,3930183,4
EURO2024,53da044d-9459-4192-ba0e-2ef86591dcd6,3938639,2
EURO2024,53dac5d2-8680-411f-acf5-80d0ac7a082f,3930159,0
EURO2024,53eff73a-d4e4-4635-b91e-06dedf646bb5,3942349,3
EURO2024,5421d093-c5d4-4550-98a2-578637d58e24,3938641,1
EURO2024,5443d415-f05f-473e-82ef-392f810ee459,3942349,3
EURO2024,546e9b02-ccb0-4504-8621-445990376f99,3930158,2
EURO2024,548222b3-d31f-435f-9f64-f5f330b34411,3930171,3
EURO2024,5497263e-f457-4be2-bc60-86340ffe44cb,3930175,0
EURO2024,54ed3bbb-5ab5-4736-8f08-a1c68ba804e2,3941018,3
EURO2024,55140703-65bc-498c-84c2-b0e4577c7d93,3930173,4
EURO2024,553443f4-940a-4e28-91cd-2de6851c93f4,3938640,0
EURO2024,55648a50-7aab-4173-8ac3-0b262b820fae,3943043,1
EURO2024,5569d723-1f59-4612-b29b-2ec7747cfc5e,3930179,1
EURO2024,5571dfc0-b4d4-48d0-b702-d9f02c9cb17d,3930175,0
EURO2024,5580997e-bfe6-4c0a-8424-259bf67c9570,3930164,2
EURO2024,559fd327-e0eb-4eb7-bafb-4fecf3a5ee60,3942226,1
EURO2024,55a35a3d-0f7c-4dce-8466-c053bbec3d4d,3930160,2
EURO2024,55b65264-8f4e-4daf-8eb5-157d85e2c0a2,3930160,2
EURO2024,55d5794c-b0bc-40e6-a10d-f40e6cc7c4ab,3930171,3
EURO2024,55ea2b78-2309-40bd-a69c-74dce3c93219,3941022,1
EURO2024,5653fe4b-c5b3-4d84-a101-85e81eee97e4,3930167,4
EURO2024,567d4823-ea5a-44c9-b8ae-dc186d5f8185,3930161,1
EURO2024,568ee344-9e21-427c-817b-3833d451f415,3943043,1
EURO2024,569980a7-07ac-4ea3-b68f-7cd1374114e2,3930184,4
EURO2024,56c71cea-0922-4262-af1f-8f9ee99a3eae,3938640,0
EURO2024,5729ed5d-05b2-4f45-9db1-20c13b4f95ea,3942226,1
EURO2024,57822821-fb50-4b7c-bb56-1169f5a4f8b2,3930182,4
EURO2024,5787e603-f36f-482d-ae01-74a6660f2be5,3943043,1
EURO2024,5791f630-3bc4-470c-84df-003f6b3b74be,3938639,2
EURO2024,579840cf-a572-4647-9b36-4e3b1656f279,3930169,2
EURO2024,57c08e48-39eb-4491-b27c-af9fc1c8f15f,3943043,1
EURO2024,57ea86f9-4d84-4ddf-aa0b-1d24ab35c44a,3930172,3
EURO2024,57ec0046-26a4-41bf-b9a9-984af4507aab,3941021,1
EURO2024,5800970b-f9d9-4e87-b587-4ad56fe67deb,3930159,0
EURO2024,5827abec-dee5-47c5-89e9-4db25d0f0f9b,3938638,1
EURO2024,583c4972-9dfa-4f6b-8c83-8b5d516d1cfa,3930165,4
EURO2024,58520e8a-fe46-47c6-ae1a-989016f58ab9,3930179,1
EURO2024,587b5f67-fc68-4482-885a-e11906f47ae4,3930180,3
EURO2024,58ae7017-1eab-4330-a5e8-cbf95aa290fe,3941021,1
EURO2024,5907ec6c-2d44-4dda-b63c-96bf54fb620f,3930177,2
EURO2024,593cfe82-b9bf-4d76-8b0f-263de609299c,3942227,3
EURO2024,59800d7b-bd22-4945-aaec-2733b5532e57,3941022,1
EURO2024,59a5211f-bcf4-44a1-a69f-b6a15208e31b,3942226,1
EURO2024,59e0b636-8989-41ee-b816-0a01a527080c,3930179,1
EURO2024,5a1f11b8-c1d4-4cd5-b659-a904a85d0267,3938645,2
EURO2024,5a21ee9c-e60a-4bf4-828c-6d01a4130fec,3930172,3
EURO2024,5a351f5e-e0ff-4bf9-84ae-c77891a0b531,3942819,3
EURO2024,5a499a8b-0e3d-4198-a8aa-3e2a7e477f50,3941020,0
EURO2024,5a827685-4487-48ee-b9e1-9044a1067a9c,3930168,2
EURO2024,5ab54084-4709-44fd-aea0-d64fae4df4e7,3942752,4
EURO2024,5acf1ff9-9987-4d6c-9986-42afb6cf1309,3930181,0
EURO2024,5ae00a38-cb77-470d-beba-5425e343f8f1,3930171,3
EURO2024,5b023a2a-e3df-490a-87a3-49cb417b321a,3930159,0
EURO2024,5b177530-ab32-4f93-8941-a5a9529bd861,3938645,2
EURO2024,5b2c1b00-dd23-4abf-bb85-a86922b31255,3938638,1
EURO2024,5b4b5882-5989-4e66-9007-58a7447c6d5b,3930171,3
EURO2024,5b51c560-de62-4066-b119-c4d243694fcf,3930177,2
EURO2024,5b5ba123-ba52-48cd-bf6c-db57a47146bd,3930165,4
EURO2024,5b74a272-be75-4698-adc5-b9f62bea2051,3941018,3
EURO2024,5b800024-dc72-42af-96bf-5f8b16262b74,3930180,3
EURO2024,5b9bee41-638d-48c6-a9b5-49cfa4fefdca,3938642,1
EURO2024,5bb0022a-a7a1-44f1-83b9-688789562259,3942752,4
EURO2024,5bf3a65c-df66-48a3-99ab-4785dcc93b83,3930171,3
EURO2024,5c00f934-e831-4f21-b36d-d0d5db536579,3930167,4
EURO2024,5c263597-9628-417e-a785-6155d30e7383,3930159,0
EURO2024,5c60836f-e143-4a70-b087-be39cded69ad,3942226,1
EURO2024,5c63c9a3-aacc-4d70-a1eb-15fa7931acbd,3930159,0
EURO2024,5c6ea22f-b2a6-4ba9-a5c4-32fb3188ff90,3930174,3
EURO2024,5c8bbdfb-7bdd-446b-882f-68793c57e6cb,3930167,4
EURO2024,5ca43ed3-2208-4fdb-989f-9a8fe639ac0c,3941021,1
EURO2024,5cb54e20-9800-4a53-96ae-dd53e921bada,3938637,2
EURO2024,5cbf5ee3-1254-4dea-8bf7-11a9364cc5da,3942752,4
EURO2024,5cc47ede-9ee1-41b5-8a97-1f43396f5f12,3942382,0
EURO2024,5cee21d9-2a7b-431d-9fd5-f434d145693e,3930168,2
EURO2024,5cee6941-493e-4e3b-aa54-bdb325263251,3930184,4
EURO2024,5d13927b-3cc4-4b17-ac09-401703208130,3930175,0
EURO2024,5d1d274a-ecb6-49ba-b924-ab685ce5f574,3930183,4
EURO2024,5d2638ca-bbf1-445d-9083-96c55ae81156,3930173,4
EURO2024,5d3cab3b-29c4-4ebf-824f-8ec5ff86809a,3942382,0
EURO2024,5d3cad21-dbfc-4492-bd16-b964356f7ec6,3930162,0
EURO2024,5d3f299b-1ebb-489a-878e-27ca45f2363c,3930179,1
EURO2024,5d5ae570-eba5-404e-8f72-dd9b9ba95206,3930176,0
EURO2024,5d7889c1-7e3e-44e0-aab7-322fffd7463f,3930164,2
EURO2024,5d8ebb48-a4b3-4ef9-856e-37e097e5e2d9,3942227,3
EURO2024,5db175f6-e8d9-46d7-b9e4-eb24f4643bdf,3930159,0
EURO2024,5dbd4179-cb47-430f-970c-a9618a490a00,3943043,1
EURO2024,5dcedc59-e54c-4fda-b27d-ffa06b4f40f2,3930160,2
EURO2024,5dd94228-3dd2-4f30-8ec4-f0dd2a6af3dc,3938638,1
EURO2024,5df25a45-22f7-46e8-8cfc-c16430fcb4d6,3942349,3
EURO2024,5e05c307-d783-4f55-8fde-1e1d266a5fbe,3930168,2
EURO2024,5e17a3ef-64e7-4ba4-bf4a-91a7ae22bad1,3930184,4
EURO2024,5e54b98d-155f-4129-b2a7-a70bb276bd64,3940983,3
EURO2024,5e55f8d4-5a32-4d90-90dc-5e0510c14d6e,3930159,0
EURO2024,5e68b63b-058f-4def-8566-98d9f1e74a0a,3940983,3
EURO2024,5e69f560-29f5-4cc6-834f-c30bc163c9ac,3930165,4
EURO2024,5e7cae92-c269-426b-968e-d53dd1157abb,3930164,2
EURO2024,5e83a9f4-9e85-435d-a9d6-c50516cde33f,3938641,1
EURO2024,5eb2f5f6-80a1-4764-b223-ee3bb0d6a53b,3930173,4
EURO2024,5ec0b664-465c-4b96-be0c-f8a7df8b1bf7,3942226,1
EURO2024,5ed0c0c9-e827-4710-b374-2e9d54997161,3930174,3
EURO2024,5efd686c-49af-4211-9f5a-e0c906fed4b6,3930164,2
EURO2024,5f2c8982-e674-44b7-a7cc-00d3a623f6d4,3940983,3
EURO2024,5f2f05d1-94f6-427a-9693-f84a73cf128e,3942752,4
EURO2024,5f2f3e27-2afa-4a9c-900e-d68e1b762d35,3930164,2
EURO2024,5f3b3065-1912-4542-a471-fcf0815ec5e4,3930175,0
EURO2024,5f4f303c-4c0d-4972-a301-377d55b82e1e,3930172,3
EURO2024,5f8396b8-0664-4b8a-a24d-b348138a7e62,3930175,0
EURO2024,5f928beb-71e3-4117-8b98-887059438765,3930176,0
EURO2024,5fb20876-a951-4c18-94ac-49e51178d7a4,3942226,1
EURO2024,60021acf-44ac-43c1-91ae-c7b19859dbec,3930167,4
EURO2024,60056aca-d461-4627-9e2e-52a25f6e3c7a,3942349,3
EURO2024,601a16f4-06d5-40fb-935d-c899e7cf86ae,3942819,3
EURO2024,6021914d-60da-488a-83c6-4e1d891478ba,3930175,0
EURO2024,6058f6aa-e107-45e3-94e5-3ae052d3f26e,3930169,2
EURO2024,6068684d-35c5-4a98-ab0a-cbc8aa3833e9,3941018,3
EURO2024,6073ed83-eea8-4347-ada5-99f37791e589,3930165,4
EURO2024,60796399-6749-44bc-9a84-a0a438e405f4,3942227,3
EURO2024,608d1fbd-c6ce-4d68-87a4-072503f89ae3,3942819,3
EURO2024,60aad1be-4b42-430e-9ba0-7117f8864581,3938639,2
EURO2024,60ab16ef-8b0b-4cba-a91b-7244c6b41d2c,3942752,4
EURO2024,60b0ef1e-7925-474a-b4ba-a5dbd77467a9,3941017,0
EURO2024,60bb1915-d350-4210-8cca-3020af34fa97,3930180,3
EURO2024,60bb784a-416c-4f52-bb36-686ebe0ccb3c,3938641,1
EURO2024,60e7132e-3845-4919-8031-0481d3ca40ad,3941017,0
EURO2024,60f183b8-ee24-48d8-a9af-1af80fc86504,3942227,3
EURO2024,60f26ce6-4fa6-40e4-9573-5fb32047752f,3930165,4
EURO2024,6114fadd-f9d9-445a-860d-9ed5b7ee3410,3938641,1
EURO2024,6184964c-c9a7-4471-9d18-b200388258a0,3941018,3
EURO2024,6188aaeb-2f39-4a66-b472-7502ef50ffef,3942752,4
EURO2024,61a0c1f7-c58b-4a4a-b3f9-f215f31a5a33,3930168,2
EURO2024,61a409fc-08a5-4e75-8309-5ebb20883828,3930173,4
EURO2024,61af4a8e-6f08-48d2-baf9-4bfdc275229e,3930175,0
EURO2024,61bdf505-6aa6-4b15-a2c1-3a9f832da350,3930172,3
EURO2024,61df478e-0656-48a8-a875-cea15457098d,3930183,4
EURO2024,61e2aa20-2766-43fa-a5a8-f462ce7df921,3941017,0
EURO2024,62199106-6c9a-4e45-9f34-47467295eb86,3930177,2
EURO2024,622e54fc-4fb3-401a-a5e5-8357d7a69c0b,3942382,0
EURO2024,62542826-598d-491e-a26f-e3fb951a3ee9,3941022,1
EURO2024,625af17c-3ed5-4b35-a9e7-0a0a37dca2d1,3942752,4
EURO2024,62bb6ae9-965a-4759-b724-3ccdabe88be9,3938644,2
EURO2024,62d09872-f767-46ab-8d61-6d793736898d,3930177,2
EURO2024,62ee98de-cb6f-4072-b6f7-d72963d63018,3940878,4
EURO2024,62fd77ac-e264-4c12-929a-c6a3e118b6b7,3930176,0
EURO2024,63004a15-849d-4e37-ab08-85e8af47aed7,3941021,1
EURO2024,6300af8a-057b-437e-839a-20ef8a4d2f0c,3930179,1
EURO2024,63074ca1-94fd-445d-b4f2-abfebb570410,3930177,2
EURO2024,6312ec51-8b5a-4c19-b76e-50217ca234b2,3938639,2
EURO2024,632da2f7-2f3c-4db1-b13c-c09ab43e8719,3943043,1
EURO2024,633738e5-5b47-4abd-b196-741f200e1f3b,3930176,0
EURO2024,634e790a-0ab5-4a58-b127-47aca764a8d3,3938637,2
EURO2024,635239c3-fe8f-4c42-b774-5581c06c784f,3930177,2
EURO2024,635a7029-1902-4c13-bed2-3f88ffc6f8b7,3930175,0
EURO2024,6396b40f-1c54-40b8-9c18-ebf405231790,3930170,3
EURO2024,639921b2-9ea7-476b-a132-be6038f984b9,3941021,1
EURO2024,63ae2835-1496-4857-af04-9aeaa821392a,3941021,1
EURO2024,643c6a27-9f69-4d2b-8dff-93acd9804352,3930174,3
EURO2024,643ecbe6-e469-447d-b5ba-ee04e7b2386d,3930160,2
EURO2024,645721e5-8964-4e10-b54b-6a00c528a720,3930163,1
EURO2024,6457cdc0-69b5-461f-9a52-a87cd088bc74,3930158,2
EURO2024,6498e19d-e582-4bb3-afc4-d9bb0d7d3d81,3930169,2
EURO2024,649b5741-f4d3-4d0d-a2c0-13001d1ef160,3938640,0
EURO2024,64a32d32-edb1-4069-8f5c-9ad1f937974b,3930181,0
EURO2024,64e2b818-06d6-415f-9429-376e218345dc,3941017,0
EURO2024,64ebcc6f-59d3-4149-86d1-de54ef8a1b99,3930166,2
EURO2024,64f95e06-020b-44c4-8043-c1cdf0adb455,3930170,3
EURO2024,65690e15-4d87-45c1-9b2f-7c2fe6ec4036,3942752,4
EURO2024,658fb742-7992-4c0c-9fcb-3b95c8f40a86,3940878,4
EURO2024,65b5f954-3b61-459b-b63a-58b47d2ebaaf,3930163,1
EURO2024,65ce9d25-633a-4be6-b6a4-aefaa69da74f,3930160,2
EURO2024,65e7bf78-4ceb-4e88-9955-532d2119adcd,3943043,1
EURO2024,65ec53f3-3376-4934-86ae-0bdf8f2f3f9c,3942382,0
EURO2024,65f24e83-ffc1-4db3-befc-85357905b789,3938644,2
EURO2024,662e86bb-c501-4c5d-b9ef-e2216357462a,3930170,3
EURO2024,664da27b-078d-4e69-91a7-c1d98e84f48e,3942752,4
EURO2024,666625ff-0977-4a4d-8dd4-4f3accbae1fe,3942382,0
EURO2024,667ae011-b0e4-4f33-a228-8d3057aa857a,3930159,0
EURO2024,669e44bf-fa9f-4403-b1a4-212fe7986388,3930179,1
EURO2024,66aff198-d30a-4f6b-9de2-deceb33674f8,3930160,2
EURO2024,66b716fa-fedf-446a-9a6d-7faef3a9c2e9,3930179,1
EURO2024,66c36fef-8055-42d4-8fdf-2993c27a1580,3938645,2
EURO2024,66c7e1b0-2c12-46ef-bb66-5918d47f8a6e,3930178,4
EURO2024,66d4542f-ec60-4e76-bed6-3a6201fa5264,3938639,2
EURO2024,670ce3d4-cf9b-49e9-a766-a730dabc03e3,3930173,4
EURO2024,67416ff1-53d1-4992-928d-163e722bae39,3941017,0
EURO2024,67627f49-dbcd-4daa-8284-a3d7f1d0ce93,3938643,4
EURO2024,67893feb-013e-4e59-9fbd-b7354f29778e,3941017,0
EURO2024,6798286d-8a35-4af9-b526-6907df042c14,3930181,0
EURO2024,679b5051-f07a-4626-8666-3a0bc8346fd9,3930182,4
EURO2024,67bb4630-5d09-46e1-aeb5-b0999dbc6202,3930171,3
EURO2024,67edc988-a0b2-43de-b06b-e826056b8442,3930158,2
EURO2024,67f86ffb-76ae-45af-a363-fa7440de32c3,3930182,4
EURO2024,682fb188-ec68-4320-999e-fa5552540a04,3940983,3
EURO2024,6850af58-6d4d-41d4-9556-8f7208ed524a,3938641,1
EURO2024,6886f175-a323-40cc-9032-a7eeef550726,3930178,4
EURO2024,68950541-075a-426c-9e13-1465ee16ddc8,3930165,4
EURO2024,689b61a7-dbde-4676-9184-2d38d3f507e8,3930178,4
EURO2024,689ec62d-0ed6-4dbe-86da-6117ef160baa,3930182,4
EURO2024,68aa602e-0b10-4d6d-bf6d-7c517ea14606,3930180,3
EURO2024,68e20211-c0d6-4314-9765-5e92d18739d7,3940878,4
EURO2024,68ee9b56-ffc0-4fa1-a754-090737c7cdcb,3942819,3
EURO2024,68f448ff-0934-406c-9e1f-4e85bd490569,3930161,1
EURO2024,68fa9cde-b87c-486a-96dd-3ad382b3fdf3,3930167,4
EURO2024,69094dff-5d00-48f7-84c6-c8022d133d2d,3930166,2
EURO2024,6924fed4-bb66-47ea-a610-0e458c14b853,3930174,3
EURO2024,694a5e27-c918-4127-89f3-415e77bb975a,3930160,2
EURO2024,696df2f1-7870-4146-8472-511f27bc12ad,3930169,2
EURO2024,69824201-4256-4083-8103-199b0f203d58,3941021,1
EURO2024,69a13641-3baf-45b5-a91c-1c8622183b55,3930179,1
EURO2024,69d280ab-221d-46af-9bbc-6a4116243323,3942382,0
EURO2024,69fd0268-bb53-4abd-822a-17569175e0f8,3930163,1
EURO2024,6a0077d1-f6c9-40cf-8bdc-e8a073c85230,3930172,3
EURO2024,6a1f101b-4dbb-4ab3-8beb-d4a133b43037,3930158,2
EURO2024,6a219fd3-8a45-4cbc-8aaa-b223f114e12a,3943043,1
EURO2024,6a3f4544-0202-41b5-83d9-ce9bdbf06207,3941018,3
EURO2024,6a59a447-f6d9-4175-af98-57e8ed192c74,3930174,3
EURO2024,6a5b77ff-69a8-440f-bd5a-992c3572fcb3,3930176,0
EURO2024,6a5c4ea1-c058-4132-9957-fba700db6e6d,3943043,1
EURO2024,6a5e0a44-024d-4ee3-a89c-1f9293a8e26c,3942226,1
EURO2024,6a75cb89-07d0-47cb-b62c-bb43e5c4e1ac,3942752,4
EURO2024,6aabddae-39a6-4f16-ba4e-14b0afa6f3cb,3938645,2
EURO2024,6ac58aad-16d9-47a1-b5a9-42e71fd22034,3930160,2
EURO2024,6ae4c642-e26b-4b18-819c-3f338b29b912,3938641,1
EURO2024,6afa86dc-3438-413d-b2b2-bed622514b03,3941019,0
EURO2024,6afc0229-1c43-4f15-8a0c-c46aeb59eaec,3930165,4
EURO2024,6afd06ad-8d19-4794-8c91-2deb9d81ca11,3942226,1
EURO2024,6b07fa0c-00cf-493b-9501-0040b0f86a53,3930163,1
EURO2024,6b250f0f-aa32-4392-9c59-836baf8d2db3,3930164,2
EURO2024,6b5a8150-41d7-4a96-bfd1-8880b112c449,3930177,2
EURO2024,6b6b5f1b-6e40-42a7-a408-79bd611aeacd,3938640,0
EURO2024,6baca923-526c-41ed-8637-56290afa008f,3930176,0
EURO2024,6c081fff-ee81-442c-b6a5-0d4a549b0a56,3941022,1
EURO2024,6c1cde13-6f0e-4d09-9d81-716ad8e377b6,3930175,0
EURO2024,6c3c8a83-a484-4729-8dc0-4b9061b38f88,3942382,0
EURO2024,6c80a666-eb8e-46d7-a3fe-d96ad9020b43,3930178,4
EURO2024,6c83a7c5-3c49-448e-843e-113479afce3b,3943043,1
EURO2024,6cd51b11-7bed-4074-9629-4d7826cb3eae,3930177,2
EURO2024,6cedcf9b-370f-4a5d-ac26-5f2fa082be10,3930172,3
EURO2024,6d21aec1-0cec-4398-b010-fbcedfba03f9,3930169,2
EURO2024,6d51b6a5-486f-4e0e-800b-12eb62a9af5d,3942226,1
EURO2024,6d54c7d3-3a41-403c-8ae1-2b0f48b53df3,3930184,4
EURO2024,6d640e60-d58f-4724-b8d1-1fd115032ebc,3930171,3
EURO2024,6d90ae0f-86c4-4c5a-92ce-84ad22185762,3930166,2
EURO2024,6d9a3314-18e7-49ee-beb9-81e508ef2add,3930174,3
EURO2024,6daf1312-7ffb-4566-a759-0a65e2fa3abd,3930167,4
EURO2024,6db5597c-253e-4674-9e2d-a097876ed97c,3941020,0
EURO2024,6dba2ca8-cc04-47e4-a718-bd5aa2fc4836,3942819,3
EURO2024,6dc68932-fdcf-4b91-83d2-247eddd72708,3930161,1
EURO2024,6dd9eca9-2ea7-46b5-b26f-e94336117adc,3930167,4
EURO2024,6e09f730-e34a-4b0f-8a60-6a3b7c42503a,3930181,0
EURO2024,6e1933ff-5781-4efc-814d-41457783668e,3930184,4
EURO2024,6e209c15-14a5-4140-8013-84f399cf4715,3930160,2
EURO2024,6e3590d0-732b-42e2-9bcf-b301ddbb17b3,3930160,2
EURO2024,6e44159b-b584-454c-99c5-691f3396abd4,3930160,2
EURO2024,6e64a51e-c8ca-4314-9ac5-c27c38aef3b6,3942819,3
EURO2024,6ec1a445-1124-4ffb-b16d-744439fd7fa5,3930184,4
EURO2024,6ec797fb-3323-499d-8841-f8f1bb16bc1e,3938643,4
EURO2024,6ecf3f83-1880-4317-8c86-c6dbbd8afced,3930161,1
EURO2024,6ed3158c-a6e0-4e34-9f1e-460359584da3,3930166,2
EURO2024,6ed4394d-d05a-4287-bee0-a77637a61c0b,3930179,1
EURO2024,6eec179c-815f-41a3-a824-241339a964fe,3942819,3
EURO2024,6efbd681-0d5b-4218-bef6-62774a9f2419,3930175,0
EURO2024,6f25b071-5ceb-4b9f-9035-85746a31bab5,3938644,2
EURO2024,6f3e4cca-6351-4991-8445-1273ffae4dbf,3930176,0
EURO2024,6f473d47-ae2f-4809-84ae-826a3fc3bcc2,3930183,4
EURO2024,6f5c863d-02da-4e4f-ab3c-a0da1414cac6,3930183,4
EURO2024,6f6f785f-b428-4f30-bb8e-c6cdedcd60d7,3930164,2
EURO2024,6fef2335-5770-45ce-bed5-02c75e4907b2,3930160,2
EURO2024,70017b09-a2b0-480c-874e-ba34db429e6c,3930163,1
EURO2024,7067bc4a-ddf3-4e0a-bae1-6bbbaf48783c,3942819,3
EURO2024,710e7234-ef08-4b94-97fe-eea2e747f64b,3930165,4
EURO2024,7178aeba-f354-4c3d-97a8-5dd572118470,3938640,0
EURO2024,7181d986-39f7-4d5a-8593-53389651dc08,3930158,2
EURO2024,71a003db-5837-4196-8e27-c9032bc9b588,3930158,2
EURO2024,71d00c70-8fa7-474a-aef2-017073879f2f,3940878,4
EURO2024,720b5c5f-aac9-4b7f-91da-d254c8516408,3930172,3
EURO2024,72348bbf-54ed-418f-a73b-9e639c618fe1,3942227,3
EURO2024,728abb8c-80b2-4752-bd27-5c66b358773f,3930169,2
EURO2024,72a102a6-0477-4d66-8aab-e11cd35b3cd5,3938643,4
EURO2024,72bd355e-4c02-47f5-8993-0b8288fb4c5d,3938645,2
EURO2024,72d71c64-a450-4313-baeb-df9b59d255c8,3930183,4
EURO2024,72f7143c-5549-4141-a595-222e6977ccbb,3938644,2
EURO2024,732620d7-c9e9-472a-848b-e474776bc3bd,3930174,3
EURO2024,7338fec9-378e-4283-b985-f3f4f59bef25,3938642,1
EURO2024,7353ffbb-37fd-406f-9a1a-3c8b31b0f3ff,3930162,0
EURO2024,738068ec-9ecf-4604-8d39-95c20939bcee,3943043,1
EURO2024,743f0025-05f2-47ae-b226-95e889ec55fe,3938642,1
EURO2024,7453ff89-fe5c-4e44-9465-582c8c3c49bb,3938637,2
EURO2024,747abcc7-2db8-41c8-bc62-0ae4ea994a42,3930174,3
EURO2024,7484ac1f-247f-408a-89c9-d584dcbe92eb,3941020,0
EURO2024,74c7e2a2-0677-4160-9a7f-650b8d82efd4,3940983,3
EURO2024,74cde44d-ea34-49d3-921a-ea855e6d1deb,3930180,3
EURO2024,74d254b9-f691-4507-b098-8b62b034459b,3941020,0
EURO2024,7503abcc-615a-431b-9909-d9350cdccf7b,3940983,3
EURO2024,7547d0f4-6ea0-4bfd-98aa-50bbd2062cb0,3942382,0
EURO2024,7567de57-3b3c-4baf-a5b5-393d9a60aaef,3942227,3
EURO2024,75928be7-2420-4d23-a1e1-7bfcb21b27e5,3930184,4
EURO2024,75c9b5b6-1228-48d3-b7a2-e1365ba5e7a1,3930158,2
EURO2024,75ccdb30-bd8d-485f-92fa-a2e232839cb5,3930169,2
EURO2024,75e57497-2ae3-49f5-8df6-068234017bb2,3930179,1
EURO2024,7600bccb-ff77-469e-9550-f182a9436d93,3942819,3
EURO2024,7602d7c1-6d7a-43c5-b5d1-755c2a7fb884,3942349,3
EURO2024,76074080-9e58-4edd-85e8-52bc0f7cdea1,3938641,1
EURO2024,76123823-2ec9-4c28-8374-c56fcc38593f,3930179,1
EURO2024,76253bc3-14a0-4680-ac4c-f71c9e8680c4,3930183,4
EURO2024,76458596-db8b-457e-952a-5f0b1bdfdb71,3943043,1
EURO2024,76459346-69ad-47e5-b5ef-52f6eb204c8b,3938641,1
EURO2024,7663c378-19e6-4365-9337-e7a12b7ee126,3930180,3
EURO2024,766a9b94-34cf-40c2-8a9e-b335e59a48bb,3938641,1
EURO2024,76be0849-2e8c-4731-abe4-3d13843d44ea,3938640,0
EURO2024,76c45548-e4b5-409c-98d3-d44390325ea0,3941017,0
EURO2024,76d420b2-ecea-4b6c-8954-fa8618b820a4,3942226,1
EURO2024,76da14a4-5b18-4470-85aa-b21bab1b81f5,3930182,4
EURO2024,76e2f4b8-6083-4753-85da-c3107817fe33,3941018,3
EURO2024,772a71cd-5565-44ed-be3f-9a8c1d93173e,3942382,0
EURO2024,7736f1dc-01dd-4262-8124-4e60b331a4b0,3942226,1
EURO2024,775242d9-b7ca-4abd-ad81-674b80c47ee5,3930169,2
EURO2024,778f1b52-364f-44b6-8cf9-614680dab398,3943043,1
EURO2024,77b413bc-82c7-42f2-b7ec-6aa7fe3fde4a,3930173,4
EURO2024,77c402b3-9ba7-4cf9-93c1-29434f063658,3930164,2
EURO2024,77d85483-14b7-4714-b8e1-fb149778253f,3941017,0
EURO2024,77d9a6dc-d064-4b45-a537-8028942e62f3,3930168,2
EURO2024,77e9820c-e94e-4e60-98f0-713d142f7fbf,3938641,1
EURO2024,77f16d35-0589-4f95-921a-158544b7ebbb,3930177,2
EURO2024,78465188-e36f-412e-8323-181d5480f5bd,3942752,4
EURO2024,7848338b-0393-4b01-9434-7511fee8470c,3942226,1
EURO2024,785817ab-7f75-4aa1-8164-52098d46720d,3942752,4
EURO2024,788a106c-e1ad-48d7-be48-8b8a6a7447dc,3930159,0
EURO2024,788de1c5-65ce-4d4e-861c-de822c6eaa37,3942226,1
EURO2024,78dcdf32-0e19-48a7-996c-5a0c59905f44,3942226,1
EURO2024,78e571c3-8f97-441c-aa7d-6d20654a5d78,3941021,1
EURO2024,78ee60d2-ba8c-40f3-845e-8e9a29df95c7,3938645,2
EURO2024,7943d0ef-ee17-40b8-a268-d0661255af07,3930162,0
EURO2024,795df50d-0953-4e0e-b185-1fa8ef6b7b84,3930174,3
EURO2024,795e1ab9-f9c7-47cf-a7ac-e36afe07b4ef,3930165,4
EURO2024,79992296-975a-4895-94a0-be2912ec7c39,3930184,4
EURO2024,79ac5050-2e42-4d75-85ac-06eabe526238,3930176,0
EURO2024,79b9d986-eae1-4650-9be7-5b8d1dfc6b8b,3938642,1
EURO2024,79cd87ec-23de-4d54-ba41-5e5d6401f4ad,3938639,2
EURO2024,79d8f613-63e4-4816-8fef-c92670c4056d,3930169,2
EURO2024,79f0d6ac-7a97-49fd-a090-d959744209c8,3941017,0
EURO2024,79f82a1b-d83f-4b34-930d-44d1ae444162,3930174,3
EURO2024,79fa8138-2cdb-4ce9-a7d5-8af3d05331e6,3930161,1
EURO2024,7a14d178-e0ac-4af8-944c-386042a2ee9b,3930171,3
EURO2024,7a236065-dfd3-4ebc-a793-4eb6c1409dfc,3930167,4
EURO2024,7a306a7e-f6f8-4682-89dd-ee2164213ca1,3930173,4
EURO2024,7a4cb94b-0835-4833-80e0-9cc96305ac19,3938639,2
EURO2024,7a99bc2b-f126-4209-afed-99ad83dec517,3930174,3
EURO2024,7a99f672-6854-47dc-abe2-7435da4e94c0,3930180,3
EURO2024,7aa86875-eee0-4c0b-ba53-cb3c25657793,3938637,2
EURO2024,7aae667d-f229-4f1d-8b4a-d7af5449296d,3941021,1
EURO2024,7ab20aa6-8302-4def-af60-c0c3c9c422d2,3940983,3
EURO2024,7b0666e6-9c6b-4e16-b64f-61e718fba718,3941018,3
EURO2024,7b1f76e3-7b12-40ac-9dc8-5845f0a7c6da,3930168,2
EURO2024,7b2eb3d1-4995-4af3-b65c-5923393af62e,3943043,1
EURO2024,7b37cf03-61ec-4ce9-9925-41735a7bf179,3930176,0
EURO2024,7b385c4d-857c-4acb-9ea6-c883bbf63b80,3942752,4
EURO2024,7b8178d7-e0bc-4a34-8692-babb7da3abd2,3930161,1
EURO2024,7b947b35-ecb0-4f62-a47b-11fce645cecb,3930182,4
EURO2024,7b94cbc3-0265-46fe-b2ec-ec192b358ba3,3930160,2
EURO2024,7bba259e-679d-42c0-a351-e355f24038e2,3930172,3
EURO2024,7bc38b95-9185-45fd-82cc-e93c8a4f6c97,3930172,3
EURO2024,7bcad964-3853-417d-9b3e-556490bf93f0,3930184,4
EURO2024,7c029785-0958-43cb-b680-020a64a0ed63,3930172,3
EURO2024,7c424347-dbfa-45a4-a260-d4ee5edeccf6,3938640,0
EURO2024,7c492517-8a9f-4ebf-ab6e-2f5956b08cd7,3942819,3
EURO2024,7c5a3c46-d429-43cd-8f9e-bffd939ff714,3930175,0
EURO2024,7cb59254-53c2-43de-802d-1d551fdf059d,3930177,2
EURO2024,7cc27af2-e8a0-4718-8b11-cfb5fa622404,3938644,2
EURO2024,7cd35fe6-d8a1-4aaa-a876-4851f81ec684,3930160,2
EURO2024,7cde7799-ac8e-49fd-be50-e39b88216aa0,3940983,3
EURO2024,7ce10db6-a1e1-46be-bbc1-8c25f9b57a54,3930177,2
EURO2024,7cf1cac8-6312-4775-90bf-684250a7f67e,3930181,0
EURO2024,7d064d5f-795a-47b8-b6da-6e447cca1878,3942226,1
EURO2024,7d11eae3-f984-4d43-9ef5-c8adbb5cd647,3930178,4
EURO2024,7d1def0a-5df6-4937-a933-688eadaeccd2,3930184,4
EURO2024,7d366b62-68ed-44c2-8e79-9e7f52330e9f,3930168,2
EURO2024,7d4c5773-690a-44e6-8f95-5f84248194cc,3941021,1
EURO2024,7d753d56-23bc-497e-a8e1-7dddee82251e,3942819,3
EURO2024,7d8214b7-0ef6-46be-b26b-9fe768eecc77,3940983,3
EURO2024,7d9505f6-7c8f-4f3d-9c4b-4a25851d6ee1,3942227,3
EURO2024,7dbe0117-3f4f-44a2-aff0-ccd1c89fb63c,3930184,4
EURO2024,7ddabc4e-4ccd-4156-9f94-26bd9de6e34f,3930175,0
EURO2024,7dfb767d-4f12-4692-b6c4-34213bdc9b58,3938645,2
EURO2024,7e062035-9fef-48af-8b94-d9a6c31f8d5c,3930163,1
EURO2024,7e5d2cca-c85e-49e9-b30d-05d556df892d,3930181,0
EURO2024,7e7f112c-c72c-4272-b267-af57352c3bc8,3938641,1
EURO2024,7e848974-f313-4115-a509-bc0edae26c26,3942349,3
EURO2024,7ecdebdf-e01e-4ff3-b658-4be3a60de89f,3943043,1
EURO2024,7eee40f4-9a50-498a-aa0e-10c1d6389aae,3938637,2
EURO2024,7ef68d51-afd2-47a1-8826-3bea8bab7ab3,3930165,4
EURO2024,7f05c6de-d8b2-495e-86ad-34fe9a4ceab3,3930174,3
EURO2024,7f11652b-c8d7-43b2-941b-b55d932b72f6,3930172,3
EURO2024,7f17a6f2-eaea-43bb-b8c9-a8efd787014f,3941017,0
EURO2024,7f25f4b9-faad-4183-837e-7aa99f5f4385,3938640,0
EURO2024,7f271bd8-a939-4860-b92c-799d8984b25e,3941020,0
EURO2024,7f2d9461-a2fd-433d-8f85-50d37c3eaada,3941022,1
EURO2024,7f3a785b-4ec7-474a-8e1a-4c9b25bd1c8b,3930169,2
EURO2024,7f49e536-541a-4bae-9218-017da49ecd77,3930180,3
EURO2024,7f59d23e-3727-4e03-8b66-36323118be19,3942819,3
EURO2024,7f90df26-fae0-4691-b5a4-43d472ea2d13,3930176,0
EURO2024,7fddc02a-667e-4ba5-af5d-3c1b1d0115f0,3942382,0
EURO2024,80199645-39d2-4cfe-bceb-bf718f7a18fd,3930181,0
EURO2024,8057ba91-1e90-41a7-82cd-af0b98ceec8a,3930177,2
EURO2024,80805810-e2d5-4116-ba8e-2b85ab623e34,3938639,2
EURO2024,80c8317d-d6e5-44ab-b42b-e9b565adb494,3940878,4
EURO2024,80fe5d2b-9268-4eaf-a9c4-66f297016b4d,3930184,4
EURO2024,812f88b6-c55f-465d-a7ff-80c69da72db5,3942752,4
EURO2024,81365bd0-f54a-4602-9519-24a8eb9c1138,3930179,1
EURO2024,8167a0fe-8c22-40e2-a177-1cea1d361373,3938639,2
EURO2024,817233ca-438c-4658-bf0f-81602450b169,3930177,2
EURO2024,81dfc9fe-c263-4cc9-b32b-3de4ba040833,3930168,2
EURO2024,81eb4087-6831-427f-894a-aa6e92a99b05,3930172,3
EURO2024,81ed62d5-8706-42a7-9f5f-dbfd6fb0dc30,3930164,2
EURO2024,81fa1953-b87d-451f-b96e-c8f3d66a0ef6,3941019,0
EURO2024,82256b69-2a0b-48b1-9df5-31b3e148d91c,3930183,4
EURO2024,8256148b-18a1-4abf-847c-8354724ef3ea,3930179,1
EURO2024,825f2ed5-9ea7-4bb7-987e-f00f1ff46a2e,3938637,2
EURO2024,82753404-e5eb-42cc-b2b7-1172d9ddff87,3930164,2
EURO2024,8280b834-f3b3-4914-8940-167893562952,3930176,0
EURO2024,82bad00a-abda-4999-9fe1-d2d3ee6f568a,3943043,1
EURO2024,82c29a02-cc2c-49cd-a84d-028607ed6ba0,3930173,4
EURO2024,82c69d36-c112-4153-86ca-3a17f0897c6d,3930184,4
EURO2024,82f6e36a-c1cc-47b0-b531-e5294497ed06,3930177,2
EURO2024,8305d359-016d-408d-a678-ebfa3b725230,3930174,3
EURO2024,8338d61a-0cbf-4b1d-b283-3a546e29ee3d,3930167,4
EURO2024,8379fe04-36f9-4f4a-a559-c2650049e2f9,3942227,3
EURO2024,838625c4-bea1-4263-9523-7c11512f5270,3938643,4
EURO2024,83c237c6-fe31-42dc-b2fc-d07c1f8a4f05,3930181,0
EURO2024,83de9e46-1c83-41ff-b16c-8a74570dbfc0,3930172,3
EURO2024,83ee238f-266d-4885-b9d0-50015b9302dc,3930164,2
EURO2024,84235efc-b4e0-47c0-863b-e0243c1b2c85,3930159,0
EURO2024,8431bfe3-c0ff-4e7e-b09b-7d4679576d9a,3930158,2
EURO2024,844407f7-601b-41cb-bb30-32fc14940d91,3930176,0
EURO2024,84763131-2b1f-447a-9946-616906918177,3941020,0
EURO2024,8476afa1-92a4-4f50-85e7-0317ee0905b1,3930177,2
EURO2024,8485a6bf-334f-4e68-8912-256c9d0268ee,3938637,2
EURO2024,84890daa-52d3-49d7-b277-8bf0328eac3e,3930179,1
EURO2024,8492d148-7826-44f6-90ba-5eb63b42ac31,3930180,3
EURO2024,84d5c0f9-2861-4c48-aa12-bf86b6c39ff1,3938640,0
EURO2024,851b4608-95c1-42d2-91a0-785d7bfded84,3930175,0
EURO2024,851cda78-dbc1-4b5a-afc8-b261ed55f38f,3942819,3
EURO2024,85724f5a-b175-4692-848d-b8fa8c70fd78,3930180,3
EURO2024,859b5b6a-39d9-4989-874a-4db64b5ffb99,3930180,3
EURO2024,85aa6e41-14a2-46f2-adf5-a47933e772b3,3942226,1
EURO2024,85cda4e4-e98c-468f-a93d-b9c531bc33ea,3930158,2
EURO2024,85cf1d18-e2f6-4d67-907f-5e5e9dc3b7c9,3930184,4
EURO2024,85ede76b-4e39-4103-9b17-2b499119e737,3941017,0
EURO2024,85ee0731-2c48-4bfc-9a6f-0c2eaa0dcea5,3930162,0
EURO2024,85f4afde-b5cc-4db9-883d-41ac1330e0a0,3930163,1
EURO2024,85f7bc7b-e4cc-44e3-8644-49ae08e3a3a1,3930165,4
EURO2024,85fbc181-63b6-4038-9f28-1f3208825c1a,3930163,1
EURO2024,863b70a8-2f15-4ce9-8891-c0d9591842fc,3938642,1
EURO2024,866fe3c9-486b-4acf-b076-baaffe796c53,3938645,2
EURO2024,867086ed-1d20-4854-9c93-9b55e793b303,3930180,3
EURO2024,86761322-fedb-4c32-9f3f-b7bf271eb27e,3930158,2
EURO2024,867689b9-f818-4656-bbd2-46ce773fb26b,3942382,0
EURO2024,8689f6cc-dde0-4be6-b346-3989c783733b,3930184,4
EURO2024,86bfc827-585e-428b-827e-d6c9190afe75,3930162,0
EURO2024,86c6be1b-7455-41e5-925e-9012ba9d3fa1,3930182,4
EURO2024,86f121bc-11d3-4575-901b-e2c697f544f1,3930175,0
EURO2024,86f6730e-efa1-4761-9841-9ca19ef58122,3942752,4
EURO2024,86f919af-753a-48fb-b91d-54be5dd3e22b,3941020,0
EURO2024,87016dbf-480d-4264-b811-c06281ef03b4,3930164,2
EURO2024,871975a7-00f6-47d7-a184-c41c5094aa41,3943043,1
EURO2024,871e3900-ce3a-4b03-9ca5-dd76ee8d90fa,3938638,1
EURO2024,87205936-23f8-4ace-beb2-59ed26612707,3930171,3
EURO2024,87a6bc33-bbdf-4c24-b1db-83383a735eb9,3930180,3
EURO2024,87b0e70f-d159-40aa-8369-c22c09b6f5dd,3930163,1
EURO2024,87e34cc9-87da-4970-b3c5-2872b892b350,3941021,1
EURO2024,87e7a410-e4a1-4006-90b3-4aa109d794fa,3930169,2
EURO2024,87ebe2b7-f350-4167-b861-adbabb34e2f3,3943043,1
EURO2024,87fcd8cf-bced-44a6-8f94-eb7e706fb361,3930159,0
EURO2024,87ffdb03-f9d3-4151-91c5-c0443d584743,3941018,3
EURO2024,880fe5d8-11ee-4849-aed1-d464c5137ee4,3930172,3
EURO2024,882b29b2-6e32-4e0c-8931-72550696c8b9,3930177,2
EURO2024,883d622d-9670-4528-badc-3281aba2367e,3941019,0
EURO2024,88658e0e-88d6-40e1-b81f-80f997ed09d2,3942752,4
EURO2024,88daf221-0fd7-4e69-95a4-b17615a40c68,3930173,4
EURO2024,8939bc7c-2714-456a-b80e-c9c2ba298b1e,3930179,1
EURO2024,89507550-4493-4224-8dcb-46c4ddd2a9a2,3930169,2
EURO2024,89623979-12f7-4cf0-94ac-ddfa29149075,3930166,2
EURO2024,897df443-6fab-4515-9543-1d012d0126bb,3943043,1
EURO2024,89a8bf86-48f8-49f2-8b1d-ca6bd06c6b91,3930161,1
EURO2024,89b016c7-8b21-446c-8cfd-d8d0da0c44d5,3941022,1
EURO2024,89c36783-669e-4af9-865d-ac70a2626e38,3930171,3
EURO2024,89c51480-e2ed-4a15-a214-5879eca54f9b,3930175,0
EURO2024,89cde55f-28ae-4f19-b5bf-c4d71513a3f4,3930162,0
EURO2024,89e694e4-7e19-408e-bdef-e3b2a1c76a84,3930169,2
EURO2024,8a26f403-f7aa-4649-847b-9cb4dbec338f,3930171,3
EURO2024,8a5585b2-6374-469f-aa65-fe56ac4a3bb7,3930175,0
EURO2024,8a6f6a8e-dcd8-4623-8bce-17a7cb326ce5,3940983,3
EURO2024,8a889e77-bd72-4477-8b74-18c35cc4f7ea,3942226,1
EURO2024,8a96071f-a88e-4751-aa9c-948d740c8e2f,3942752,4
EURO2024,8a9b5099-424d-4fec-866a-56000d24f717,3941017,0
EURO2024,8ac93819-74c5-4e18-9c19-f46c63268151,3942382,0
EURO2024,8aea2def-bd71-4987-976c-415af46746b2,3930160,2
EURO2024,8aee344d-a162-4686-afdd-fa2967879961,3930164,2
EURO2024,8b22209a-6b09-4e7a-aecf-42e5eb5bcbe2,3930183,4
EURO2024,8b224c2f-8555-4780-b412-8e2caaad88f1,3930174,3
EURO2024,8b233983-0379-4255-9f6e-0f16a7845a1f,3930174,3
EURO2024,8b2be2fd-72eb-4f53-8c17-4e6d23ff4576,3941022,1
EURO2024,8b2cd05c-df63-4234-b3e4-a02a9497f4db,3930164,2
EURO2024,8b5befb5-3529-4ea0-8789-b0546b91a59a,3930171,3
EURO2024,8b75a44b-d145-447f-9280-e82cadfa43fb,3930180,3
EURO2024,8b85a43f-3ff7-48df-81af-f3063e3d2a15,3943043,1
EURO2024,8ba0dbd7-525e-4dc3-bc9e-30744895223e,3938639,2
EURO2024,8bb605d2-081a-4607-acd0-323a2434e977,3942227,3
EURO2024,8bdb1186-887e-4140-b254-baed7640b843,3942227,3
EURO2024,8bf14956-39a0-4b4f-99ab-f8010f6f26be,3930166,2
EURO2024,8c413b7e-10db-4cdf-a9d3-d0a0cbc40cb4,3941017,0
EURO2024,8c61c4c8-9404-434f-9e31-05418fab9cda,3942226,1
EURO2024,8ca704e5-efce-44ac-8490-183fbf9f13eb,3930183,4
EURO2024,8cacf87b-8b08-4e7b-b651-35f808a4d254,3930174,3
EURO2024,8cb461b6-274a-4373-bece-70b82a8eb0a8,3930174,3
EURO2024,8cbbc622-f8ff-4e66-82f8-38dd7443c367,3930182,4
EURO2024,8cd6ec97-164e-4cb4-9622-bb8fa40871f4,3930158,2
EURO2024,8d24464b-567b-4166-b586-337fcee05e1d,3938640,0
EURO2024,8d32ec5e-b008-48ab-9251-48349d9e953a,3930178,4
EURO2024,8d451a75-9051-45f0-adac-17ca897e392b,3940983,3
EURO2024,8d888af5-ac83-4fca-a5bd-b89f1c7890c5,3942752,4
EURO2024,8d91f772-0e01-4e08-97b3-a93cedd9f6b7,3942349,3
EURO2024,8dd10995-b928-4a64-afd7-374c5782ecb1,3930179,1
EURO2024,8e47cc04-321c-4504-8d0f-98d8038f6060,3942752,4
EURO2024,8efa1695-5dbd-451c-9cf3-04dde37564bc,3930169,2
EURO2024,8efc0703-9375-40db-b6ea-b0c9d9ef394f,3940878,4
EURO2024,8f026106-b608-4ab0-9966-78ab8aaa41d5,3930184,4
EURO2024,8f2d5b3d-5884-40de-ab55-adbab6668b6f,3942752,4
EURO2024,8f32df52-749f-4fff-8b79-887c981363bc,3938640,0
EURO2024,8f40fe73-42d3-4c85-ae3a-aba357d8c400,3942227,3
EURO2024,8f675349-83a0-4719-9a5a-4c490c72af9e,3930158,2
EURO2024,8fc1a824-3584-40ce-8a34-03d30f1a7b07,3938643,4
EURO2024,9083e6a6-ca98-46b6-9c4c-de147c96544f,3930177,2
EURO2024,90a6bc00-479a-486f-91c0-9e3c8d2e9bd1,3930175,0
EURO2024,90a9579c-6259-4bfe-b051-b847999d9c5a,3930184,4
EURO2024,90b1bf93-52c6-49d1-a82c-d69b1ccabad6,3930179,1
EURO2024,90c35027-b096-490a-a483-54e482eb080d,3940878,4
EURO2024,90dd6dde-2787-4916-b525-534f3f624350,3942226,1
EURO2024,910858ea-961a-4f39-89dc-9f9ebcb0f047,3930160,2
EURO2024,913cec5e-d3f5-40f0-a4fc-f840901e3d6c,3940878,4
EURO2024,916da11e-0046-452c-8078-8126d4f3809f,3941018,3
EURO2024,9184c226-f17d-46a0-a2a1-c45e2457a329,3930164,2
EURO2024,91db6df5-ae13-470e-b835-a75a039e6a25,3930168,2
EURO2024,91de1997-7ea3-4370-a21c-dbf5b00c3bfd,3930176,0
EURO2024,91dfef0b-45b4-4735-81d4-6e1ec20b3fdc,3930160,2
EURO2024,91ef3ab3-5170-4b6e-9b59-98cf97d5c69e,3930159,0
EURO2024,920cd0da-b017-42e1-ad20-381e691db8a1,3938639,2
EURO2024,924ba56a-9dd8-4bbc-b7aa-e4461f7915fa,3942819,3
EURO2024,92afb740-caf7-415a-adce-3db3c9cb8e22,3941017,0
EURO2024,92cc5880-c5a0-4e88-8daf-52abcb5c7595,3930172,3
EURO2024,92d91bc7-cca1-4c8a-b125-44c1500e02d0,3938644,2
EURO2024,92eee60e-4b90-4f58-aac1-95f32dd92d70,3930180,3
EURO2024,93e2619d-24b9-4810-a696-bf15ecc7032a,3930180,3
EURO2024,93fa2985-3bb2-445d-b03a-2995fa2fe28f,3941021,1
EURO2024,93fdb885-c5a0-40e8-9c91-08671f049aa2,3930177,2
EURO2024,9416f9cc-5d4b-42ca-9596-689ccef1634f,3930167,4
EURO2024,9420df24-f1c1-4fcd-bf35-603a4541e2d1,3930184,4
EURO2024,94387d22-8909-49e9-b64d-dadb270f1e25,3930167,4
EURO2024,94411b28-33ee-4588-ba66-9ab1f764ecc0,3930163,1
EURO2024,946ebcd8-1b88-44be-9d39-94ddce0afaa7,3930159,0
EURO2024,9497f58d-5c3a-48ab-bcb4-cd7b66205116,3938640,0
EURO2024,94e52cad-58b3-4ee9-a7e0-bd34ca4b06f9,3941018,3
EURO2024,94fb8bb0-611d-4691-a5a4-7d4d12424bf4,3930164,2
EURO2024,950c0571-44d2-4c41-8cb5-290b22f2cf5a,3942382,0
EURO2024,9511877d-1542-4e09-9843-8303899ad58b,3930176,0
EURO2024,951cb6b3-2829-461a-8663-94be4f6ea254,3941022,1
EURO2024,9523b52e-5053-484c-937c-a41ec7e2b487,3930184,4
EURO2024,9533fd8f-5822-41a6-9a47-12783a39fa32,3930164,2
EURO2024,95512e0d-f116-4c24-a2b1-022f63528f03,3930160,2
EURO2024,9557e06f-7c5b-46d9-976e-68a877fa3bbb,3942226,1
EURO2024,9558078f-aa37-4f40-a483-0bf43dc479f7,3942382,0
EURO2024,9562917f-0f43-44d4-a87f-4ce3c164d6b7,3930174,3
EURO2024,956a5f53-ef2b-4c72-90df-c542a0e2e023,3942226,1
EURO2024,9579cf13-15c9-4c8b-9a60-6379d703c298,3930178,4
EURO2024,9579fd5b-bdcb-4c2f-99fd-a4da0584a7b8,3942382,0
EURO2024,9582b7ad-141c-4b9e-82d8-8fd37b3871bf,3941022,1
EURO2024,95938366-6031-42f1-ab6d-7392b519660c,3930164,2
EURO2024,95af33d4-4613-458d-bd4c-fe7e5f940f33,3940878,4
EURO2024,95da8424-526a-4fc4-a2bd-2f4bf49d4f20,3930173,4
EURO2024,95e9edab-25f7-4f10-989d-0d74531643f3,3930171,3
EURO2024,95fa4bb3-fe6d-457c-9b6d-c3d3debc1c09,3930172,3
EURO2024,9609368e-971c-4dcf-935a-54ce9e943ea2,3930164,2
EURO2024,9610f044-5884-4011-af9a-8c2db2eb628b,3941018,3
EURO2024,967c6813-b479-4d09-8fe9-80b7005b6d84,3930176,0
EURO2024,96909c1f-bf3a-43c5-abf0-c462df90f562,3942226,1
EURO2024,96b9f524-d60f-44c2-93e5-9639502c15b4,3938643,4
EURO2024,96c3d5f8-49f6-412d-8fec-d5075512ba95,3930161,1
EURO2024,96c90177-6557-4348-b9c2-639fc8770650,3930158,2
EURO2024,9726170b-3535-4639-8a51-df0c0767f4be,3930159,0
EURO2024,974c4967-b34d-48e5-9ac7-7a84fbe6e1cf,3930176,0
EURO2024,97510d6f-0d5f-4fe0-bd40-fb4be5f9e3e3,3942227,3
EURO2024,976c267d-a610-48c4-9271-8fd8428b58e5,3930171,3
EURO2024,9798d82e-0dcd-4351-a735-2d3c403c3b60,3930175,0
EURO2024,97c0903f-45ac-44a7-a6fb-ea0c7cf841c0,3930163,1
EURO2024,97c3db0f-758a-4b15-9bdd-815e292a8929,3930171,3
EURO2024,980a7935-1d5f-46e9-bc51-d1d1dbb97404,3930173,4
EURO2024,9821bae7-09ee-4274-b0ec-79c760fd603b,3930161,1
EURO2024,98442be0-be64-43df-8522-b2463bf956ff,3930166,2
EURO2024,985337d9-800e-4720-89e9-71267cec6353,3930164,2
EURO2024,98620191-5977-4b52-a38e-9ac21d499d65,3930182,4
EURO2024,987b462c-09d4-4e42-9517-d2762b111bea,3930175,0
EURO2024,9899d5ba-ff08-4520-b7da-ed8baa51bbfe,3930169,2
EURO2024,98b96996-a435-4163-8908-2e40e357f7a3,3930180,3
EURO2024,98be5443-30f5-4df0-b17f-e76d48c33b2d,3942752,4
EURO2024,98cb0119-350c-4715-8590-e0cbcd70844b,3942227,3
EURO2024,98e899dd-59bf-4036-899a-db1250c9fedb,3938643,4
EURO2024,98f205b7-aaf5-423c-be66-a51abfd516d6,3942382,0
EURO2024,990739e2-6c8d-46ba-ad58-e9ee5e509ccc,3938643,4
EURO2024,9914dc66-9ce6-4478-9d0a-b4cdb726de47,3930178,4
EURO2024,9928ff5b-1c6f-4508-84d0-38044181ae11,3938638,1
EURO2024,995b37f0-50de-45fb-95c7-4be85d0d8f87,3930172,3
EURO2024,995d5795-6ce5-4f35-b8fa-f734f6babcfb,3930174,3
EURO2024,99626364-8c26-41b0-913d-5e9958a474fb,3942227,3
EURO2024,9967d07a-b928-4f1e-a602-bb8cee2b69da,3930179,1
EURO2024,996f5de2-5a6b-4f00-b39f-b2a4f737f52d,3930168,2
EURO2024,996fe5b6-05ea-4ee7-8eb9-954830a0c819,3938644,2
EURO2024,99760484-583d-4585-bc68-43f12b00695a,3930166,2
EURO2024,997bc4f0-edb0-4658-8750-128f65f45add,3942226,1
EURO2024,998b8d06-42f7-4bfb-a329-12b526a054fd,3930184,4
EURO2024,998f9892-c36e-4518-b0fc-880d41d1d20f,3938637,2
EURO2024,99b2bcd6-a20d-40ba-8503-bca692bb14ce,3930164,2
EURO2024,99b5e015-0748-4c49-b786-2f8ad3ae1006,3938637,2
EURO2024,99ded5a2-8695-4a18-abca-79fd7b200246,3930178,4
EURO2024,99e5dfe7-ae23-44b0-930f-dd57e2090b5c,3940983,3
EURO2024,99f09d94-8be5-4b79-ae87-64d5312ad295,3941022,1
EURO2024,9a07792a-3570-4c6f-9da6-6f066ad01d22,3938643,4
EURO2024,9a1309db-d797-4422-8a54-9d56ec20802b,3930182,4
EURO2024,9a1a96fc-c4ce-42a2-8223-dec14788286c,3940878,4
EURO2024,9a2f57b1-6b18-433b-bc5e-a1aced301d38,3942349,3
EURO2024,9a639c7f-f19d-4f72-8f8c-dc933bcb2673,3942226,1
EURO2024,9aa30add-234f-4b21-b3c9-b03b606add9d,3940878,4
EURO2024,9ac3c858-9297-440e-9021-61ea986224b2,3930182,4
EURO2024,9af59394-0735-462b-aa68-8c1d079d9ec5,3930178,4
EURO2024,9afba7cd-bfad-4e17-851a-fc7de93d1fa0,3930181,0
EURO2024,9b17d8bd-3c7b-4a28-a898-f0bf7c4f45b1,3930180,3
EURO2024,9b27e050-233c-40ae-8d80-01fe789d3ae6,3930171,3
EURO2024,9b3f5241-0e1d-47a5-bc81-bc83135e10f9,3930169,2
EURO2024,9b6bebe2-ce31-4797-b15c-d31738fe9d9a,3930184,4
EURO2024,9b6eb8b9-f702-4d77-a850-f70b761078cb,3938644,2
EURO2024,9b7b2b67-44c0-4f29-bfff-9f829e81c5bb,3930176,0
EURO2024,9b979c95-2e9f-4054-bb57-1d0fa7e0659b,3930180,3
EURO2024,9bac8fc0-d71f-49cd-9c8c-48f329331931,3938644,2
EURO2024,9bc2aef7-2491-46e6-99be-c1a96db79b24,3942226,1
EURO2024,9bf5cb54-5b72-4956-813f-d314efe33a87,3942227,3
EURO2024,9c08922b-52ed-4e4a-bf6d-50f38e3b4b06,3930179,1
EURO2024,9c1e26f7-5fb0-4d20-ba07-bae0e30920f5,3930178,4
EURO2024,9c206d1f-b4f3-418a-8e0e-d6dedfb9b274,3930160,2
EURO2024,9c235d2f-1b92-4a16-9548-630ff6b00ec9,3930171,3
EURO2024,9c76ee3e-1de5-46ae-bbd5-cfb8ef59fffc,3930161,1
EURO2024,9c7bd4e7-ba59-41ea-aa40-b16517e563a0,3941021,1
EURO2024,9c902096-210f-40a1-adb1-38c815d0778d,3941017,0
EURO2024,9cb00058-99c3-40fb-9b6f-d872888f3081,3930181,0
EURO2024,9cbb89a9-e414-4159-9e48-2c25553c6c0f,3938643,4
EURO2024,9cdca2e4-8df8-4ed8-868c-77d6b3396c5c,3930158,2
EURO2024,9ce0bbbe-fbb4-40f7-a090-3d6070933e6a,3930166,2
EURO2024,9cfd5e0a-6146-42cc-b6ec-2c9580720c1d,3930181,0
EURO2024,9d28310f-c0c3-41f7-bad8-29c9c011efe1,3940983,3
EURO2024,9d9230b7-3b60-412c-b91d-781970368d29,3930177,2
EURO2024,9d92c75c-7e4e-4b23-8d1e-e0673e0ddd72,3930159,0
EURO2024,9da1adfb-981b-4113-932a-b2fa7df5b168,3930182,4
EURO2024,9da7b3e2-724b-4d21-bd71-99f9d444626e,3941019,0
EURO2024,9db0aa32-ffa2-4a19-a6fe-06568f882c6d,3942349,3
EURO2024,9dd3118c-c429-47da-b33d-35d5df0aa226,3930184,4
EURO2024,9de4509d-bf64-4c47-8469-fb2bfe6a3973,3941017,0
EURO2024,9dfb6039-6df9-4a15-b3b5-7a2e8bc2d1c8,3942226,1
EURO2024,9e07ff9b-5384-459c-9918-6c15e5e872ab,3930160,2
EURO2024,9e7d4081-2230-4b76-af41-3b00d2cd6ab8,3943043,1
EURO2024,9e890989-e3e5-454a-9cb6-b2d909d902bd,3930160,2
EURO2024,9e96a6f4-9437-4d15-b337-8dc62b3ba508,3930168,2
EURO2024,9e989b0e-3f70-4cf0-bb28-7a704233ebce,3941021,1
EURO2024,9eb537f3-0e34-4d0e-a4b6-dc2c880893dc,3930164,2
EURO2024,9ed30f2b-0db1-4280-a946-abfd58d17dd1,3940878,4
EURO2024,9f01e919-ce61-46b3-8af5-f888e84eb135,3930182,4
EURO2024,9f1ceea4-f04c-4651-82e4-06e2fd9c5ea3,3930167,4
EURO2024,9f5c7804-b018-4146-9430-72215588f86f,3930165,4
EURO2024,9f78d8d4-b0b2-4a85-8d5d-b2362c1b233b,3930171,3
EURO2024,9fad9a64-3a1e-41da-8f4e-b4ebf1ae037f,3938642,1
EURO2024,9fbbd6fc-d68f-426f-9754-5fbc2763a692,3930165,4
EURO2024,9fc8ec61-4705-4a74-9612-5faaf4223d52,3942752,4
EURO2024,9fd1d389-fb20-4767-a584-7ab82f206b20,3930171,3
EURO2024,9fd8b7d2-10d7-4d8b-974f-e180bb42a6ba,3938644,2
EURO2024,9fe501ed-d437-4b34-a957-3ddc3503cfed,3938641,1
EURO2024,9ffbf79d-630f-4674-ab7d-758c1bdd716d,3930164,2
EURO2024,a005bf69-6177-4b6f-90e5-bc8cb472d87c,3938645,2
EURO2024,a01b9e53-bb6b-4ad2-9844-61e458400939,3930166,2
EURO2024,a0547f45-0dae-445c-bbb5-c05743ab48f4,3942226,1
EURO2024,a06eca6c-7c56-4a60-a396-190940846233,3930160,2
EURO2024,a08a4505-474a-48ad-9eb7-429b30b70032,3938645,2
EURO2024,a0cebe5c-e75e-4051-8382-93c1d5499da3,3930172,3
EURO2024,a0dee871-984e-41e3-9ecd-1e34a1604e58,3930181,0
EURO2024,a0e7040e-d654-4d6f-95f4-3ba157263c09,3930170,3
EURO2024,a102d76d-397b-436b-ae37-472ee12cf2d4,3942226,1
EURO2024,a1279de9-7594-4a47-9dec-d56bd76fbc46,3930174,3
EURO2024,a13c304a-53d7-4eb7-834c-ff42a3f66b54,3930175,0
EURO2024,a15045ef-d637-4b9c-996d-86fbb0a6fed8,3943043,1
EURO2024,a157eedd-53f6-498c-835b-187a752a6d91,3930159,0
EURO2024,a1770a34-953c-45eb-85ef-9dd759c042ca,3930174,3
EURO2024,a182c5d6-c5f1-46c9-8c4b-d604a55c8805,3930163,1
EURO2024,a1a730e5-6e40-4d40-8f85-1f46511c6902,3941018,3
EURO2024,a1b704d0-8b35-4d44-b514-cda29b4c9133,3930184,4
EURO2024,a1d4cb11-046c-446a-8162-67f364438c85,3942382,0
EURO2024,a204c3c3-af18-4322-a637-3bfd7cf39e18,3942227,3
EURO2024,a204f397-fc21-4f96-875a-64fa9a63c050,3930161,1
EURO2024,a258c575-b779-4849-9e04-a3368ec7b9fd,3942227,3
EURO2024,a25a5d26-ed60-445a-aa49-df63cdc813ec,3940878,4
EURO2024,a271db38-7929-4d87-b5fd-de7e84ec0496,3941021,1
EURO2024,a29cf451-d970-4b3f-b14b-b9a3e7ac570c,3942226,1
EURO2024,a31190e8-4c57-4b7a-b8e9-fe508a1e255e,3930170,3
EURO2024,a318e4c1-725b-4015-b760-2385e8a703ec,3938640,0
EURO2024,a358e9db-0ef4-4277-8521-826f3e458c94,3941021,1
EURO2024,a35feb29-2c3e-4928-bff6-cf28485ac227,3938637,2
EURO2024,a36b7906-17fd-45b0-bc83-feeed2cbbb8b,3930178,4
EURO2024,a37ae7e0-68c5-463d-a556-89483a2e7c60,3930163,1
EURO2024,a3ccf7d2-ad3e-411c-8fc4-c3b943a5957a,3930169,2
EURO2024,a3e15e51-230b-4ee8-943b-eede76f670e7,3943043,1
EURO2024,a423637d-6631-47dc-8a8d-ee38876c4f9f,3930176,0
EURO2024,a433e7c9-0e3f-427e-bb09-d6449c4ba7a5,3930184,4
EURO2024,a447c081-3a83-41b8-a1c2-abb1d8708403,3930165,4
EURO2024,a49f54c2-5829-4f6a-8716-c05478c75cb6,3942819,3
EURO2024,a4a0fd45-2818-465c-908d-a39170938c66,3942819,3
EURO2024,a4b57256-db0b-4042-b2cf-26a35b7a38ea,3930163,1
EURO2024,a4c95832-598b-44e4-83f7-18b3e33fa478,3941019,0
EURO2024,a4e32645-f6d9-40dd-86bc-3341bd06a77f,3943043,1
EURO2024,a4f6b3b8-e11a-4037-9418-9b7c0ad7c095,3930167,4
EURO2024,a50d2091-c0d6-4269-8251-95b018aff91d,3930164,2
EURO2024,a514e762-f5ff-47c4-b371-b389da304c78,3930180,3
EURO2024,a52de032-9207-4fd8-b0bd-d5085c2383cf,3930182,4
EURO2024,a52ec68d-b9d2-4878-8db1-a2a7f8a23f81,3938640,0
EURO2024,a540c8aa-2cc0-46eb-b48b-68c26c67aed5,3938639,2
EURO2024,a5867661-025e-49d2-927e-a6d864678a92,3930182,4
EURO2024,a5a831ae-1251-4179-b3b1-ea600d5496ad,3930168,2
EURO2024,a5b25c25-2fc5-4ca9-b4e5-7116a65b4419,3930181,0
EURO2024,a5cf2d77-0f56-4c98-8ba2-c560dcefa174,3938642,1
EURO2024,a5d2366a-afaf-4d5a-8768-de6c81080f51,3942226,1
EURO2024,a5e4e129-65ff-4602-b706-28a2bf20614a,3930173,4
EURO2024,a624edb8-49c8-47ee-9113-d3cecc21d843,3930181,0
EURO2024,a62710a2-fa1a-4c4c-8356-3f3bf6c173d4,3942349,3
EURO2024,a63cf704-be44-47d5-8f2c-ec72c3b8a317,3930181,0
EURO2024,a6644044-4a0a-4f49-8737-c22cb83d59f6,3930160,2
EURO2024,a68befa5-f28c-47f6-94e9-c1989e052366,3942227,3
EURO2024,a6bc5908-1956-4b7d-91a4-84f5cfbbda94,3938637,2
EURO2024,a6e047bf-3d7b-4e55-8917-c7474bf83806,3930161,1
EURO2024,a6f07905-815e-45cd-bda8-944d537a14ad,3942752,4
EURO2024,a70d25a0-7fcc-4fb0-9e0d-9f34d7ccf234,3930173,4
EURO2024,a70f57e8-40c5-4609-8bd6-93febcac9a0b,3930165,4
EURO2024,a7216533-a8ff-4da8-8c74-50de6b1488ff,3938645,2
EURO2024,a7326709-07bb-4e03-8864-2532f99d878a,3938642,1
EURO2024,a73f14ae-bb25-4274-ab5e-e5c93ca7c9f7,3941020,0
EURO2024,a813d9f5-bdef-4bee-a743-dc635c62e221,3943043,1
EURO2024,a81e2196-001f-4b6b-9a73-fea6c8a0a007,3942226,1
EURO2024,a8332271-9137-42e3-a65d-aa64eaeb6e47,3930182,4
EURO2024,a835e3b8-b774-4601-87f0-cfb1e5ba5210,3930179,1
EURO2024,a84961eb-21c3-4d8b-a39b-619a8cab9a70,3938644,2
EURO2024,a850761a-e026-4619-8ede-8eea8145aea5,3930183,4
EURO2024,a89d1cc0-3fcc-4d06-ae83-85467b761e33,3942382,0
EURO2024,a8b13056-908c-4c4b-b66d-59e3714f3b23,3943043,1
EURO2024,a9041328-e62e-406b-bf92-eea3daeaee9e,3930183,4
EURO2024,a943a787-912d-4c8a-b008-47f6de7416d7,3930162,0
EURO2024,a962a0ff-9ba6-49d5-8bd8-04249de70ca1,3930171,3
EURO2024,a962b32c-2f0f-4453-841d-e0b10f7987d5,3941018,3
EURO2024,a9647848-2d8d-4178-b1ed-3fca1f66edc6,3941022,1
EURO2024,a9671bc2-7c40-4e39-b4c6-be05912daec5,3930175,0
EURO2024,a974c67f-6df3-4113-825a-276657d35ed5,3942819,3
EURO2024,a97d8a10-73ca-40d3-b633-f1aa9682dbc0,3941018,3
EURO2024,a99c0e2c-aa8f-439e-ae30-c46a7220edd1,3930170,3
EURO2024,a9a96a82-831e-4ac8-ae99-df6a6b329f3a,3930164,2
EURO2024,a9abc12b-894f-46d3-9bb0-46c44170f51c,3930169,2
EURO2024,a9ae28f5-d4a2-458b-9b24-a85ac64614bd,3930177,2
EURO2024,a9b7e423-8a8c-4ee5-864a-b8a58f095efb,3938638,1
EURO2024,a9c22040-d84b-4afd-b393-4cd2bc40bea7,3930166,2
EURO2024,a9c91f81-577c-4f5f-9deb-9554c26edba0,3930181,0
EURO2024,a9cab9eb-efb2-47d6-8525-73e91c4f845c,3938641,1
EURO2024,a9e2e8f1-7d3b-4433-8103-b273f04865e5,3938642,1
EURO2024,aa0c87fc-83d7-4e3b-9f9d-9bf1e480daf6,3942227,3
EURO2024,aa351692-714a-4fdf-a15c-635e60e6f7e6,3938645,2
EURO2024,aa95e683-60c6-47a1-96be-792993baf63a,3941019,0
EURO2024,aa9650f9-3565-4dc8-a6e0-ddd5262904eb,3938642,1
EURO2024,aa9e4143-7a1a-4563-a1f4-e7a7d0c08015,3941020,0
EURO2024,aab154dc-ecaf-49d9-815b-5a466fe629a6,3938637,2
EURO2024,aab678d5-323c-4056-b50a-997cfb532907,3930184,4
EURO2024,aad903c7-289e-4d62-9348-1e964e56c1fc,3930178,4
EURO2024,ab050e49-6142-49a4-a76c-d00afa0804ad,3930175,0
EURO2024,ab0a3fe7-d774-431d-8375-3d125102dde3,3930181,0
EURO2024,ab462213-547b-48db-a589-d2789fdd06dd,3938640,0
EURO2024,ab49db1f-25f3-4b4e-a1cf-9c48a8cb39de,3942227,3
EURO2024,ab648088-e0b8-42c9-9c44-1a84914fe9bc,3930184,4
EURO2024,ab700b31-3350-42de-84a3-9a669bcaf6ee,3930174,3
EURO2024,ab7758d3-abec-43e0-89af-8223e1ad52c9,3930167,4
EURO2024,ab7936d9-bf18-4e80-b34e-c38151fd6b86,3930164,2
EURO2024,abb37c53-54da-4c15-9935-0cea1639990d,3930182,4
EURO2024,abc89263-5f93-40b8-8712-28c5febe777b,3938643,4
EURO2024,abd4c68a-7c1c-4984-8992-12f1a5db7735,3930182,4
EURO2024,abe266ce-30a9-4853-973f-949b9f7e9cd6,3942226,1
EURO2024,ac22e4a2-a494-47c4-9f94-57517ff08d91,3930183,4
EURO2024,ac506771-35cf-42d3-a264-8859bacf7a2a,3942752,4
EURO2024,ac7dde5c-8405-4a1f-a64c-ce17b829143e,3930166,2
EURO2024,ac9d746c-5bc9-4ccc-b84e-16a371138548,3930182,4
EURO2024,accb191d-eb39-46e0-b470-2b3101de1c45,3938641,1
EURO2024,acdb48ee-ec90-4120-9eba-c332bf7ae5b0,3930179,1
EURO2024,ace38e73-2fce-4c52-a7f1-01c085a4d608,3930173,4
EURO2024,acef0044-d765-464d-acee-2ffe463b8e91,3942349,3
EURO2024,acf3fe29-07b1-4bb3-b6d8-7dafb8fabfd7,3942226,1
EURO2024,acf8e045-88f1-47ab-a377-f768a59b1617,3938642,1
EURO2024,ad03a7a4-3af9-4b9c-bfaf-d8e1a3cd3824,3930164,2
EURO2024,ad1d162a-49f2-4991-9598-c81aaed317bf,3938640,0
EURO2024,ad2b5ee4-698e-4add-a8d9-f5340a80d68f,3938638,1
EURO2024,ad863758-7f07-4fa1-8c8c-064ca3d87d76,3942752,4
EURO2024,ad8721a6-6d16-4008-9fd7-77696e7f8580,3938640,0
EURO2024,ada1a39a-c7b8-4892-babf-4be5bb91c8f3,3930179,1
EURO2024,adc1977b-2d8c-4e15-b51f-38768c463f7a,3930175,0
EURO2024,add92580-d147-454b-b628-9a9057caf700,3930175,0
EURO2024,adf5ca0d-761f-4b4a-9b7a-bb13888e2b7a,3942382,0
EURO2024,ae830dd3-3ed4-469e-9c92-0daa5c04d6f1,3938639,2
EURO2024,ae97ec51-a4c6-489f-b895-542cd2eebce7,3930158,2
EURO2024,aeb4ee43-3945-4324-91c5-b0b4d164c81e,3938642,1
EURO2024,aef13513-c021-40ee-9d32-d3db68d24712,3930176,0
EURO2024,af646cba-34fa-4bd5-a860-18df35106d4d,3942226,1
EURO2024,af7c1325-72f2-4c5f-bf33-c63326891737,3930176,0
EURO2024,af7e15fa-fc91-49c1-b357-6e9924fb8ce7,3943043,1
EURO2024,afcc242b-cd3b-4137-b703-cf927257800b,3930160,2
EURO2024,afdb4ea3-95c4-4aa7-a63f-02df6da3b63f,3942226,1
EURO2024,aff61f0e-1c3f-45e8-927f-6ab0d4451654,3941017,0
EURO2024,b000bdf9-44dc-4c11-a6ac-455a5fa64766,3930177,2
EURO2024,b0269996-e001-4e10-b03f-93119af1ee40,3930182,4
EURO2024,b027fe9f-fb54-42d5-87f4-260b0e8182b6,3930167,4
EURO2024,b04509d4-4f80-4aec-99cf-758a67600b3b,3930158,2
EURO2024,b0632aff-38de-41ba-96b6-b9a37c7603bd,3930171,3
EURO2024,b0768fbb-37eb-47bf-a97b-c709e21ab04e,3938637,2
EURO2024,b0a0fd69-70ee-48fa-aa4a-922bcaf7f5e2,3938642,1
EURO2024,b0e420e6-a67d-4bc0-becd-2f00dddc7086,3942227,3
EURO2024,b192ee4e-c914-44b6-88a9-4b1601e1c099,3942227,3
EURO2024,b1d67153-4886-44d8-a7b0-b7c2afc49db7,3941021,1
EURO2024,b1f76dd9-b9c7-49a3-9504-b6dd1e91218a,3930159,0
EURO2024,b2005f70-6d09-44b3-973e-2fd173631085,3930184,4
EURO2024,b2052af7-0576-493d-934f-ad66a9c45554,3940878,4
EURO2024,b28eb024-1b83-4a1f-806a-fe941fe98c84,3940983,3
EURO2024,b2900533-a78a-4a70-9a68-1d4b4f11e851,3930159,0
EURO2024,b29175af-6cc7-411a-ace3-00192770507f,3943043,1
EURO2024,b298ca10-1397-420e-90fe-e4b3d54d12e2,3930165,4
EURO2024,b2f94d9f-ec3f-4d20-9840-f2310caa6fed,3941018,3
EURO2024,b2f99c06-59cf-4ca9-add3-25e6b078b3da,3941022,1
EURO2024,b305ce96-6d03-4e12-9856-d01bb02818d3,3930167,4
EURO2024,b307c855-5d1e-4db3-a2f6-d5c79252b1cd,3930184,4
EURO2024,b31076fe-41d2-4b9d-9404-8b258855f200,3930165,4
EURO2024,b3138b04-fa25-4069-89ed-d4693fb5f49c,3938637,2
EURO2024,b31439f7-a8cc-4f21-874e-1c7e1b722856,3938640,0
EURO2024,b318b9fd-a92a-484f-b0d6-b8ce7e37f165,3930165,4
EURO2024,b34d6d6c-b3d0-49bd-8d2a-3851fc0a9048,3941022,1
EURO2024,b354a37f-0257-4090-9d07-7b777ea1f46c,3938638,1
EURO2024,b36d2448-694a-4fb7-b4ef-7d880be64784,3930179,1
EURO2024,b380332a-1c37-4712-b8dd-006b28451d5e,3942349,3
EURO2024,b3866065-4bd0-46bf-a2ff-20952d90c898,3938637,2
EURO2024,b39b7af2-1f4f-449a-9e62-96f9f4422004,3930174,3
EURO2024,b3ae0480-144a-4369-b3c4-be850ee045f9,3938638,1
EURO2024,b3d92da4-9fae-4e9c-a282-874c5ac790c6,3930165,4
EURO2024,b3e3afb5-a095-4e32-9c78-afe2cbe69e4e,3938642,1
EURO2024,b3e5e7b1-8f47-4ffe-bc82-7d2e086320df,3938645,2
EURO2024,b3e6dbbb-166d-4ce5-9f7d-42223f24e087,3941020,0
EURO2024,b3f0cdd4-4ba8-473c-a4a9-07c4000343d6,3930163,1
EURO2024,b3f1f519-de28-4313-a8a0-07ecd88507a1,3930174,3
EURO2024,b4377c22-138d-4e22-96f0-b8a192c12083,3938638,1
EURO2024,b43b5a84-b18a-4d48-84a9-c5e2026da670,3938645,2
EURO2024,b44e4182-233f-4287-affa-71cc620b4a2f,3941021,1
EURO2024,b461054a-08c2-497f-ba85-c68d01e16e08,3930170,3
EURO2024,b4b7578f-eed7-4b80-9111-94a1686216cc,3930169,2
EURO2024,b4ba1885-a428-4be9-b16f-88e72d47cf28,3942226,1
EURO2024,b4bea15f-1ec3-4d4a-8821-72485bad8348,3938642,1
EURO2024,b4df9b73-3ecc-4066-b22a-cb66162d672b,3930177,2
EURO2024,b4eb146e-2f8a-495d-9e11-cad2e3eb3da6,3941018,3
EURO2024,b5238940-3c07-4b04-90ca-cc074ce42f08,3938637,2
EURO2024,b53e3f4b-a680-4095-a85f-59ccc6ccb296,3930169,2
EURO2024,b541e4fe-f3ef-4500-9f3f-3367baa15da2,3930159,0
EURO2024,b54e2c9b-7729-422f-91ca-40470e3ca35a,3930171,3
EURO2024,b54e8270-5cc6-4930-b87b-3bbfc7dfa598,3930174,3
EURO2024,b5524f9b-ffbf-4c1f-a725-59377444b646,3941019,0
EURO2024,b566c84f-bb02-4922-adb3-4df04cb00082,3930183,4
EURO2024,b5688f56-8c9b-4dee-a334-ec7b8395575a,3930171,3
EURO2024,b574c441-d652-4b11-857a-b9005117bc06,3930168,2
EURO2024,b5acbf07-3328-41da-a36c-19251cfe17a1,3942349,3
EURO2024,b5bf9854-41ec-4682-93da-b58a43ff9650,3941017,0
EURO2024,b5c54af1-7ff5-49d7-b353-6f20019366c8,3930168,2
EURO2024,b5d37c5c-1958-429f-b4ea-10c5511a82ab,3930168,2
EURO2024,b5e95a23-c7c1-4af3-961c-290b380c14eb,3930166,2
EURO2024,b60dd00d-3b05-465d-b7c2-31f926c2ebc9,3930180,3
EURO2024,b615c03e-5dfe-4158-8f21-ac091c16fe92,3943043,1
EURO2024,b6202a35-38f5-4a03-9c01-c7eaf0674a2f,3930163,1
EURO2024,b6329efe-4f3f-4a56-9f32-77b8ff1fb26b,3930172,3
EURO2024,b6379cc7-0555-4484-93ff-f17ae0e17367,3938641,1
EURO2024,b664a790-72e9-48d4-a1f1-eb7ea80a9913,3930165,4
EURO2024,b6727a6b-4761-494a-8a31-682df832447d,3940983,3
EURO2024,b687b844-2e5b-40a5-b590-ca18f587ca74,3930177,2
EURO2024,b68903c0-2ddf-4c96-bfb1-97d0b8ff9498,3930168,2
EURO2024,b6d7507b-f95c-40ec-af33-a4b08cf6e216,3930162,0
EURO2024,b6e56ce3-6d5c-4a6f-856e-b86482d13e8e,3930172,3
EURO2024,b6fe73f8-31d5-4322-80c5-9e72c4c430aa,3938644,2
EURO2024,b70bae5c-71f2-4f0e-b721-f829e3f00604,3930184,4
EURO2024,b718b647-89be-4ecd-94e6-6212722be7d8,3930176,0
EURO2024,b71c53de-1f52-4103-80b1-f194bb6a6509,3930178,4
EURO2024,b72b43e1-1767-4232-bbe1-91581f15e1da,3943043,1
EURO2024,b72bea2d-a629-4704-8e68-251eebbe134a,3938640,0
EURO2024,b7515e4a-d26d-4cf7-a4cd-5d45150ec284,3941018,3
EURO2024,b7754e25-fa50-4595-939c-6cdcc01665b5,3930160,2
EURO2024,b79994ed-ddba-4a0c-95e7-9b2c6c4cd805,3938642,1
EURO2024,b7ba7a5d-64ae-4009-bd3d-bf8d7c8d3b97,3943043,1
EURO2024,b7f0d49a-1826-4585-9802-7b6fa50d15c9,3930169,2
EURO2024,b83ed1f1-3a3d-410e-a444-5791cdb9e2e2,3930164,2
EURO2024,b87f050f-6b51-4942-a4bc-a60c13223538,3942226,1
EURO2024,b8f10b5b-89b5-494b-af05-e59b961e6443,3930160,2
EURO2024,b9082603-0b9f-4335-a4a4-d96796398052,3930159,0
EURO2024,b95cfafe-983b-4625-8792-4cc05bc6be82,3930181,0
EURO2024,b96fe9a6-d9e0-46cb-a3b9-dad3b728286d,3930172,3
EURO2024,b976b601-0412-4adc-bbef-985b400644fc,3940983,3
EURO2024,b976c296-497d-4ab5-99cd-a61a2f7e38d1,3930167,4
EURO2024,b977bfba-a415-4a5a-a5c7-1054ea857e60,3942382,0
EURO2024,b9b29236-6d8f-4d18-80a0-c185f8287a2f,3942227,3
EURO2024,b9d0d777-93c3-4f92-8871-1924d90124d3,3930174,3
EURO2024,b9d53863-35f7-4361-8fa0-7ed97588c5e9,3930171,3
EURO2024,b9f147b3-c321-4713-b093-723a518063f6,3938637,2
EURO2024,b9fff1c9-8c0a-467b-9bc5-fc1f9a0c66b6,3930184,4
EURO2024,ba09963d-f86c-47b3-a806-20481736f719,3930171,3
EURO2024,ba133e10-ce4c-444a-a371-c5ffe2694f1f,3930159,0
EURO2024,ba1f635e-7fdf-403e-9899-31a707708ca3,3938645,2
EURO2024,ba4b0bc4-3b5e-42a8-b12f-a5a62c04ad29,3942382,0
EURO2024,ba6b01f7-1c75-44bf-bdf6-6d462fbcfe9f,3930165,4
EURO2024,bb25a672-758f-4e04-9778-a448de15a299,3930179,1
EURO2024,bb28bc82-bbbc-4c89-8216-8d97b028b5aa,3943043,1
EURO2024,bb550616-3375-4080-a6f6-d34f13a29870,3930161,1
EURO2024,bb806a64-cc00-4a8d-b66e-303e1a8c5ee3,3942752,4
EURO2024,bba16f1b-0810-4c67-b2a7-3a4feda07037,3942819,3
EURO2024,bbaad673-7f3b-400b-a719-54d28081c0e5,3930170,3
EURO2024,bbd38fb6-840e-4689-a901-5f6b8930f709,3938637,2
EURO2024,bbd8b6ca-66fa-4abc-9ae5-8c587ebe3a32,3930184,4
EURO2024,bbda6068-0a15-4217-8d52-2b6e44a303e8,3930164,2
EURO2024,bbdb8620-936d-482f-910b-4218130c930a,3930158,2
EURO2024,bbdcabb2-0e22-4be3-9558-68d91f0ad8c5,3942752,4
EURO2024,bc00920b-4e94-4e61-ae5c-3c0c478a2b86,3942382,0
EURO2024,bc230c70-3d5e-4f0a-a030-f88729ee3f74,3941020,0
EURO2024,bc775b3a-fa0f-4888-a9d9-e6c63774aa29,3942752,4
EURO2024,bc7df40a-6d8f-4671-a4dd-22625399a040,3930174,3
EURO2024,bc8c189a-f32e-464c-8266-2dd9b1142160,3941019,0
EURO2024,bca1a099-a8e3-4934-9299-b68a584bb9dc,3940983,3
EURO2024,bca23c98-e6b3-4a94-be9c-405f895396de,3930174,3
EURO2024,bcd82897-4bab-4ba9-a9f0-5b67afc79b2c,3930166,2
EURO2024,bd2328fc-f833-4830-9d6b-549ddc0b21b9,3930165,4
EURO2024,bd3c7668-4946-45eb-9bc9-5c29c2dd6378,3930159,0
EURO2024,bd3f3788-9120-4ba5-b94e-6d9f736c976b,3930182,4
EURO2024,bd5a8d05-96f2-48b7-8035-7e213462cd48,3930163,1
EURO2024,bd64362f-4c94-4274-bb30-ba19076eca32,3930165,4
EURO2024,bd6ce0ed-7d36-4aeb-946f-b66abe018a70,3930170,3
EURO2024,bdd1961d-6fa8-49b8-a3e3-ed7159995681,3930169,2
EURO2024,bde6a20c-ccee-4788-a492-08997f32c8c1,3941022,1
EURO2024,bdf893f2-b94c-4c7c-9eb7-7fa0126339e2,3941017,0
EURO2024,be0a039c-2f20-4244-b6fc-5cbc148894b6,3930183,4
EURO2024,be0cf18f-9a63-453a-a4c6-eda09fe007a9,3942349,3
EURO2024,be3b167e-b8b9-4ae9-a27b-476a4dbda30f,3938640,0
EURO2024,be3dd468-4b4d-44db-af10-92115e8b7b88,3930162,0
EURO2024,be41759b-1a39-4540-b783-ca69e25843c6,3930172,3
EURO2024,be53ca4b-5991-4ff5-8e0c-2ffbc94eca43,3942349,3
EURO2024,be5e1ee7-9469-48d9-85db-264687ee8f86,3930170,3
EURO2024,be6acb4c-0dc2-46c4-b95d-f11a34708612,3930164,2
EURO2024,be6c45b1-d9e9-4ed6-96df-32043b0e3b26,3930177,2
EURO2024,be7f1628-9e44-4c6b-ac44-85b8d7a924b9,3940878,4
EURO2024,beae91ef-e451-41b5-99fd-54fe62f61b8d,3941020,0
EURO2024,bec54d77-786e-411d-b8ef-451d3bb995f2,3942752,4
EURO2024,bedd619f-7833-43cf-8e82-02b9f6cd1d39,3930169,2
EURO2024,beeb08fa-4082-4454-b829-b55502980067,3930169,2
EURO2024,bf068f56-182a-44a0-bce4-f3e9488a22bb,3930182,4
EURO2024,bf12ff17-c9b4-4745-91cd-a297f16e06b4,3930169,2
EURO2024,bf19033f-28f7-45db-ba46-e406ec73991b,3930176,0
EURO2024,bf1d59e1-6530-4638-ba7f-d96589a19656,3930180,3
EURO2024,bf51bb8d-6a81-43d5-b71c-47ab0bd0f866,3938638,1
EURO2024,bf5b9ed7-68a2-427a-bf2a-5deb40733dbf,3938639,2
EURO2024,bf60f0e7-0638-4972-a4b5-755e06205be5,3930174,3
EURO2024,bf66871c-22e3-440f-9312-7b655ef9573c,3938642,1
EURO2024,bf84ba4b-9b4e-42de-bf5e-634726991d20,3930183,4
EURO2024,bfb5b597-07a4-49e6-948b-1c7563dd1532,3930176,0
EURO2024,bfc0cdd4-4447-47a2-9194-b6fb10610f27,3938637,2
EURO2024,bfe58284-c24f-4165-9238-02fb6179a55c,3930162,0
EURO2024,bff8866a-8925-4cd4-8373-ab7feb687f98,3930182,4
EURO2024,c004283b-025f-4c82-97fc-1d90f8d49b0f,3930177,2
EURO2024,c005fce3-7ed5-42ff-b905-2b468f370071,3930164,2
EURO2024,c00ab83c-bcdf-49c1-8460-0bd8b631b40f,3930172,3
EURO2024,c034720f-6b0f-4440-8f8f-d841f5adcfa8,3930165,4
EURO2024,c054a113-8588-47a3-82fc-9675025036f6,3930176,0
EURO2024,c069f9ee-1ee5-4876-8148-896403040d7a,3930182,4
EURO2024,c06c3e9e-cecd-44c4-bcbb-1c19a816b873,3930166,2
EURO2024,c070ec2e-9684-44cd-a3b2-dcd11b3f8ef9,3940878,4
EURO2024,c0749153-1e07-4a96-8d9b-c2cbbd15cf4a,3930183,4
EURO2024,c08f1edd-6186-45fd-9e87-6c743b00936b,3930181,0
EURO2024,c093ae5c-29ac-46ec-b254-b6bf8a69f04d,3930174,3
EURO2024,c0a43e0d-e64e-405e-9a7d-8ae2bc6511f5,3942226,1
EURO2024,c0ac6b25-e15c-4003-b0ec-701cdb17fa9f,3930183,4
EURO2024,c0e4ad4f-0165-42fb-8584-d5092f044c77,3941022,1
EURO2024,c12954b9-1552-4f89-aa1f-839686b19ea6,3930180,3
EURO2024,c137e920-4a36-48b3-96b6-ad383574da78,3930184,4
EURO2024,c15016c5-d4ac-44c5-97f8-ff76f0db5908,3938637,2
EURO2024,c16d8abb-bd91-4814-a9ae-ba36e3b3d616,3942226,1
EURO2024,c1716a41-b3fc-4a12-be71-03ff6123c217,3943043,1
EURO2024,c1731dae-94b7-4774-991b-f2efe18ea35e,3942226,1
EURO2024,c1c6c8db-b504-42fb-8863-e595766bb529,3930184,4
EURO2024,c1ef66b1-675c-4a1e-94c4-020a66e6389e,3938644,2
EURO2024,c1f2809a-1b3a-4429-bc02-d0c5ba4705f8,3930181,0
EURO2024,c1fff1ad-724f-4b95-af4c-edd496397ce0,3930176,0
EURO2024,c2118057-c4d5-4727-9918-2531c6bd48c0,3942819,3
EURO2024,c21a2db4-a7e9-4f61-9377-b30fed9d0f3a,3930172,3
EURO2024,c2224c2a-cb86-4d25-867a-531e9275d6a5,3938637,2
EURO2024,c222affe-01d8-4a04-afcb-f272ce27a2be,3930174,3
EURO2024,c222f1a5-73a7-4198-938d-a97c0ad49b1a,3938640,0
EURO2024,c22e690b-4f3f-4371-8012-76a30a62a282,3930172,3
EURO2024,c2308a92-e54d-400c-8b58-3b07f1fef8b5,3938645,2
EURO2024,c24f3a69-1dd8-4249-9e1a-a66e61996591,3938645,2
EURO2024,c251a295-d8bd-4f52-9b5d-8d6d94874f91,3938645,2
EURO2024,c28937ba-6dbd-42c9-af59-df0c4986495d,3930159,0
EURO2024,c289cb1e-eada-4fb4-b07b-38a90c456466,3938641,1
EURO2024,c2935e6b-959a-447e-8e03-7bfcd9e801a5,3930165,4
EURO2024,c2ceb557-6b7e-49ba-8ff4-9e318e28047a,3941018,3
EURO2024,c2ef570f-e4c7-4388-b08b-3a393190d2bd,3930177,2
EURO2024,c310aac2-e91a-4c38-a0ac-fd4ebcf9d31b,3941017,0
EURO2024,c3173542-b68d-4faf-aecf-c392633156ce,3943043,1
EURO2024,c383ef63-9c3f-4616-aca2-0fcae6cf19d4,3938641,1
EURO2024,c3a53328-cdd4-4656-a3e5-198e011ccf1c,3930166,2
EURO2024,c3a58f40-ccc6-4ddf-947b-0df45b6e59db,3940878,4
EURO2024,c3f74d70-94dc-4ef2-b814-26625e00a2bb,3930167,4
EURO2024,c405fe35-6176-4ee9-a877-e96e26a3e30f,3938641,1
EURO2024,c41c67b9-f3be-40fd-90bb-3757a6c50a8a,3930167,4
EURO2024,c4988448-2bf5-45c4-8925-a8f8d68ecfa2,3930184,4
EURO2024,c4ad0781-849f-461d-8c34-296a8fd386ae,3941018,3
EURO2024,c4b0c09d-a7c2-4292-9503-96919f23b36b,3930162,0
EURO2024,c4c6f132-a3e4-40e6-9121-8c28430fc2d2,3942227,3
EURO2024,c4d45030-7510-4209-8044-4c66ef8bb003,3942819,3
EURO2024,c4d5a4c8-3085-4da7-bd7c-7ec67fcb33dd,3930182,4
EURO2024,c4d75cec-a9ae-4767-a5c0-7d64aca398fe,3930170,3
EURO2024,c4fe7d93-bacb-4bb4-ba71-cd3a98e73ffd,3938638,1
EURO2024,c4fe8725-5153-419b-b2c4-f223742e7223,3930164,2
EURO2024,c5118c8c-f364-412a-87b0-3566f50ab0a0,3930165,4
EURO2024,c520b876-e3a6-4f03-aeac-10f763ed329c,3930159,0
EURO2024,c52cf34f-6e4e-434f-8a94-0a9560f1a09b,3938641,1
EURO2024,c54ba800-4b65-439e-a5c2-546eb8f3b057,3938645,2
EURO2024,c55cc412-e4e0-4d47-842d-a70da4d07573,3938641,1
EURO2024,c5615491-31eb-4e11-a593-05585f8d2080,3930164,2
EURO2024,c5a0de31-90b7-40e8-b007-7d6c872d9233,3942819,3
EURO2024,c5f1bf08-1603-478b-a2c5-eb3f755cd36e,3938645,2
EURO2024,c5fda13a-3891-4700-b41d-4fd515e10995,3938640,0
EURO2024,c60499b7-f710-48c4-89c2-c21dfc20850c,3930167,4
EURO2024,c64b8ca6-2402-480f-8e18-ca942eeb5f44,3938641,1
EURO2024,c64d2c39-ef57-4d9b-b443-b42c6edff50e,3940983,3
EURO2024,c65ba832-3bc4-4e3c-98db-3e7c4c1eccd4,3938638,1
EURO2024,c665376b-7be6-41e5-8468-83854a17298c,3930183,4
EURO2024,c66ce551-92e9-4965-9edc-ecba60a275cb,3941017,0
EURO2024,c6753936-ece5-48c0-838b-d4562378f0b0,3941017,0
EURO2024,c67ac939-6dcb-4a37-8a14-0cfe21724983,3938641,1
EURO2024,c67cb1b5-93e8-417a-816f-7d95ebba448e,3942752,4
EURO2024,c696dc8d-7bf3-481a-9e10-7b7b5e876b38,3938640,0
EURO2024,c6b09389-b996-4d1e-8512-b067a68d6e14,3930181,0
EURO2024,c6ee3719-fdce-44e2-87f3-67ff128d3f60,3930170,3
EURO2024,c7042f79-e2fa-46d1-a492-0e09f510cb34,3938643,4
EURO2024,c73abe34-cf12-460a-8473-c562feda128b,3942349,3
EURO2024,c7529c14-2502-49ee-acff-84b5d4d5c0db,3930180,3
EURO2024,c75418f9-0a21-4e1c-b249-c37b1ec4d8b5,3938641,1
EURO2024,c76a819e-dddf-47d1-8bb9-b072de30cf32,3941021,1
EURO2024,c76fa1fe-23ff-445e-b2d8-69085a420d08,3941022,1
EURO2024,c79edd57-3516-4287-89fc-59455f08697c,3930181,0
EURO2024,c7e94f7c-c588-4650-88e8-8bef11a58ea9,3930173,4
EURO2024,c7eec508-b09e-4f17-8e9a-d150ab740b12,3940983,3
EURO2024,c81ac58f-8648-4e89-a705-0f4d61bbf06f,3930169,2
EURO2024,c83d18e8-2929-434b-9450-d6529a79c843,3941020,0
EURO2024,c840aaeb-7c8a-4ab0-9ee7-27c4b824bad0,3941019,0
EURO2024,c84146a9-1071-4579-bf59-381ffcde0f6d,3943043,1
EURO2024,c849481f-31a5-4baa-9a61-5fa90418a239,3938637,2
EURO2024,c849f504-d088-4e62-ba5b-cdf01e63b1f7,3930163,1
EURO2024,c8651fc2-81fe-4d8a-971d-e1d3297faee9,3942752,4
EURO2024,c86c6e32-8ddc-4169-b84f-f998d0f9ee8f,3930180,3
EURO2024,c8746432-b716-494e-b5e1-833e156c59de,3930179,1
EURO2024,c87cd49a-e24f-4d80-832b-4d76eb9667d4,3938641,1
EURO2024,c89ebe14-9ed8-4889-9758-f4460d842d95,3930179,1
EURO2024,c900e1d5-dbc7-433e-801d-9b53d80aa108,3930177,2
EURO2024,c9032856-cde1-4d41-96fa-15a984e4ab3a,3930177,2
EURO2024,c91722d1-51bb-4d8f-9195-2d24f98048a6,3942752,4
EURO2024,c91dad10-4be7-47cb-b3a2-92d5991e5fa0,3941017,0
EURO2024,c92fe11c-0b66-4c16-8342-74b85eadcf87,3930164,2
EURO2024,c945a879-d30e-4122-9141-92d9f83a8ab7,3941017,0
EURO2024,c972ea2b-d096-4aa1-b9de-2cdcfb517c06,3930184,4
EURO2024,c97d1e82-9908-4118-b77e-3e0a1dfc537f,3930166,2
EURO2024,c9921e0b-7d1f-47fe-8fe2-037d0a3fd718,3938639,2
EURO2024,c9951802-d001-4e93-b3a4-b9c3d9dc7559,3942227,3
EURO2024,c9a32f44-3f9d-4e9f-8777-81d708bd64da,3938640,0
EURO2024,c9adf743-484b-4343-a7f5-1a61ea35ebfe,3930164,2
EURO2024,c9b39d9d-2613-47c7-8cac-d298cbb5762b,3938637,2
EURO2024,c9c90f2e-234a-42ab-aabe-131807b984c1,3938645,2
EURO2024,c9f1d053-c413-4b44-8b5f-ab367535679a,3941021,1
EURO2024,ca37345a-38d2-45cd-9751-7eb03dba4063,3942752,4
EURO2024,ca3c848a-b72e-436d-ba23-60f3d7d529ef,3930159,0
EURO2024,ca4a9346-e466-4bf8-aa80-938edb765436,3940878,4
EURO2024,ca512a0f-39ab-45a4-9db9-ab5a82b60d20,3930171,3
EURO2024,ca55cc42-634d-4b19-8e70-c1db72716893,3930174,3
EURO2024,ca856971-f9a1-425b-bee6-52d257ae0d2e,3938638,1
EURO2024,caae66bc-b6d7-40f9-a439-1602462a2cbc,3930179,1
EURO2024,cb23eb19-b0ca-483c-85db-2cc7168c1bbc,3942226,1
EURO2024,cb26e17c-9a3f-40bb-b364-52150c8b5415,3938641,1
EURO2024,cb365f49-8020-42af-9bbb-c0316a3d18f8,3930170,3
EURO2024,cb4cb843-f1fd-4323-9c7c-a5c1a5002377,3930183,4
EURO2024,cb89c2bf-65a9-4c0a-b03f-3781f5aa6d81,3930162,0
EURO2024,cb8ece87-ac4b-40ee-a8b5-9d8f8d2b6b1a,3941018,3
EURO2024,cb97ffe2-0938-4e9b-bfca-a66fdb2a3c9c,3938643,4
EURO2024,cbaba0ba-4778-424d-872d-394ccf1207be,3941021,1
EURO2024,cbed45c4-4faf-4376-9163-9b9353edad0b,3941017,0
EURO2024,cc042237-35e0-4aff-8c0b-8ea2fcefb888,3930160,2
EURO2024,cc1b479f-836c-4070-9f3e-beeba0496530,3930169,2
EURO2024,cc1e82be-541f-4cf0-84a6-81bc6a32401e,3930169,2
EURO2024,ccaf6b23-4cc4-453c-a6dd-83266465c632,3930158,2
EURO2024,cd096d25-6a42-491e-a43c-1dd4ef0e45ad,3930170,3
EURO2024,cd19b3bd-cfe6-46e4-946b-b2f0656ed93f,3938644,2
EURO2024,cd266e0e-30b0-4e25-94aa-c6125335f8ab,3930180,3
EURO2024,cd780502-524e-4075-a0d8-e4895234e043,3930171,3
EURO2024,cd8af81b-475d-4219-9349-4c9665f712b7,3930160,2
EURO2024,cd97c3df-252a-415f-865c-75320366a766,3930181,0
EURO2024,cda249ca-a8f2-4dce-8d67-61487285aceb,3930179,1
EURO2024,cdac63b7-698d-4717-a2df-aad54d97c7f9,3930167,4
EURO2024,cddccd70-1e6a-4e62-b43d-ec151edd8dde,3930180,3
EURO2024,cde1a284-304d-4455-bc3c-9a0cfc466048,3930179,1
EURO2024,ce23bc30-6aa5-408a-a799-61f20e77cb50,3941022,1
EURO2024,ce2eb06f-9c5f-450a-9410-379bb93ba616,3941017,0
EURO2024,ce342472-b180-4cf7-bc84-caa736fa4a1a,3942819,3
EURO2024,ce393d38-5d2f-4651-b773-3901748869ac,3940983,3
EURO2024,cea1a86b-93df-4bac-94ea-561314ead010,3930176,0
EURO2024,ced2412e-d45c-43e0-bed6-6e498ffbc824,3938642,1
EURO2024,cedc2a01-c0a5-43c5-b187-f78b7ad4a514,3930171,3
EURO2024,ceeca17e-7786-44a2-adc5-0d857ff6326f,3930176,0
EURO2024,cf25137c-9f70-4cd7-a208-74eacb846177,3938637,2
EURO2024,cf372431-e414-4576-9db2-15c584d1877a,3930171,3
EURO2024,cf8a7772-5ea3-4988-b87e-61a9da78eb8b,3941017,0
EURO2024,cfaeb46a-862d-4703-8294-ffcfef45620a,3930158,2
EURO2024,d020e5be-1348-4ed5-8f1c-3e5f97241e55,3930182,4
EURO2024,d04a7c8d-8ceb-4116-a315-fb1e333579b8,3930169,2
EURO2024,d06066d1-8818-4851-b041-94eed68fe509,3930171,3
EURO2024,d06d23a5-7980-4838-a2b5-ea767823b16d,3938642,1
EURO2024,d0791b0c-b5ff-434b-a767-cb217afdd1da,3930160,2
EURO2024,d0926d21-dc11-44a2-8ea9-2c4b03a8b691,3930165,4
EURO2024,d09bada0-267a-4a38-bf7f-f0c279d4c327,3940878,4
EURO2024,d0d90559-32f3-47a3-9fbe-c5356ea42279,3930183,4
EURO2024,d0f32ca5-33d8-4ba9-9d46-6074c9950c4f,3938641,1
EURO2024,d0f7dc5e-fc71-4d34-8d58-a610a5a2000a,3930162,0
EURO2024,d0fbfe61-ac2b-4f8b-9a06-5fd02458b785,3930172,3
EURO2024,d114ec77-878f-4158-98a8-71538925c544,3938645,2
EURO2024,d1358146-04b5-4231-82bc-8d98025706a5,3942349,3
EURO2024,d16c439e-d4bf-4523-a947-5f3163759e0d,3938642,1
EURO2024,d176ab3c-87df-468a-a2dd-61cae038ad65,3941020,0
EURO2024,d17f50c2-7985-44b7-b405-2f0e3cd7470c,3930175,0
EURO2024,d1832172-9ce3-4283-9571-207137fe62c6,3930165,4
EURO2024,d19fbeac-1d03-42e8-b986-492879c7ac32,3930160,2
EURO2024,d1c02bde-c1bb-41d9-8ef1-f30b527b30d6,3930177,2
EURO2024,d1c7bdf7-628e-4a9b-9819-38ef5df09edb,3930162,0
EURO2024,d1e0ee66-60ed-4c85-8ef5-b85847048faf,3930169,2
EURO2024,d1eba232-35ff-4dd8-91c3-7e0957ad37cf,3930182,4
EURO2024,d21704df-ec46-4d2f-9ca0-1b66d317d7d0,3930165,4
EURO2024,d22da347-fcf5-4325-b515-516a7c09d956,3930178,4
EURO2024,d22f2473-3104-4180-9ee8-c243279614d8,3940878,4
EURO2024,d23c230c-167b-4ffc-907c-c9cbb21963c1,3930171,3
EURO2024,d2474feb-a51e-4674-952b-66bf72236783,3930160,2
EURO2024,d2533d11-c185-4c07-8e24-3b53da9a6a4c,3941017,0
EURO2024,d27801cb-d543-40b8-a964-573ea3d6dd9c,3942227,3
EURO2024,d2cde232-9bb8-4226-9365-2ca510677925,3930174,3
EURO2024,d2d9b2ea-4322-4dcb-998e-7cdaff3d9f03,3930161,1
EURO2024,d2df0cdd-99b9-41f4-8089-5914615a7306,3930159,0
EURO2024,d2ecc5e6-3d50-43ad-9067-f643e7c39cad,3930166,2
EURO2024,d2f657e8-26e9-42cd-a10e-d5afffe60454,3941021,1
EURO2024,d303a1bb-e265-4c26-9405-46ca87c0dc33,3930170,3
EURO2024,d33298a0-5ef8-4999-b917-1241aaecc93b,3938643,4
EURO2024,d338cf8d-6ef9-4843-a5e2-473a62fbb232,3930179,1
EURO2024,d345ab50-9bf3-4adc-8053-a4af831efdb8,3930176,0
EURO2024,d34c8d70-d46d-45cd-9ebe-1c838b09bc2a,3938641,1
EURO2024,d370305e-0d07-4781-a147-8b9ac53751d4,3930171,3
EURO2024,d38ec60b-6328-40b2-a3c2-c626579a8f32,3941022,1
EURO2024,d3f838ba-93b6-4382-8ce3-75d11f98d591,3930184,4
EURO2024,d3ff6dc3-188a-476b-b3e5-e3ba36141fc4,3930168,2
EURO2024,d4442c5a-0c29-4f4e-8144-43162c29aee4,3930163,1
EURO2024,d4a4b46c-585e-4b33-b9b3-7b1d16aba346,3930174,3
EURO2024,d4b92274-c7a2-462e-bb3c-6ad53cd3c55a,3930162,0
EURO2024,d4c8e34e-b504-45cd-b55b-b5ab5ab62647,3930162,0
EURO2024,d4e41f71-0d14-4bb0-8fd2-61f22e45868a,3938641,1
EURO2024,d4f91273-5b8c-4f84-83ab-8035cf37e142,3930175,0
EURO2024,d513a141-6065-4939-9bfb-58e8a4f3605d,3938645,2
EURO2024,d515342a-80a8-45ca-b12c-828d112d961c,3941022,1
EURO2024,d51a6b91-01ea-4eea-a9fc-0e88c17d47e5,3930180,3
EURO2024,d549f183-7f3f-4ae0-ba25-b7b3195103cc,3941020,0
EURO2024,d596b8c2-a5bf-4a33-bdde-74bdd811df68,3930181,0
EURO2024,d5a8b5c6-fb09-45be-9b26-1b321a38efcc,3942227,3
EURO2024,d5bcb4f1-9b01-4775-8c2a-16f8a87683e5,3938639,2
EURO2024,d5d30938-238c-43ea-8204-cebbf3ce58bd,3930183,4
EURO2024,d5d567d1-2959-4d09-a667-413ef78b24b1,3930171,3
EURO2024,d5f9779b-3127-4ebe-9bff-5fc73c130e5d,3930182,4
EURO2024,d61b5fc0-5f14-4348-807e-f7d4c4c7bfef,3930173,4
EURO2024,d61edae5-42fb-4401-b400-418da37ad39f,3930167,4
EURO2024,d632bb3f-046c-48c3-8036-d746ae439cd1,3930165,4
EURO2024,d64e9657-c951-45b0-915a-c25318fbc446,3930164,2
EURO2024,d65932aa-f13a-4bb2-bd4a-c42442587011,3930162,0
EURO2024,d67fed0e-b303-4b47-836b-549a7a814366,3930159,0
EURO2024,d6a68f50-146d-43b7-b7c9-08b81cf36dce,3942227,3
EURO2024,d6b6f244-e18b-4259-b3a4-777606d7bff3,3930171,3
EURO2024,d6c7eaf2-3672-453a-bb13-1d90eeabd879,3930184,4
EURO2024,d70e999e-3150-4e9f-9704-943c36e9a878,3930163,1
EURO2024,d745befd-f940-417d-be5c-936b91b6e1f3,3941019,0
EURO2024,d764b2c7-248c-463f-ab3c-7957d150b785,3930160,2
EURO2024,d7e2cd36-9ddb-4269-9a0d-1859ef125e75,3938638,1
EURO2024,d7efd236-55b8-476d-8c96-eddb402b5f06,3941020,0
EURO2024,d7f570a6-0831-4e90-b611-fec83a75b6cf,3930180,3
EURO2024,d7fc01dc-cf2c-47b2-af01-296b1165d8a0,3943043,1
EURO2024,d7fca2d9-0a43-4272-bea1-fead513f1787,3930165,4
EURO2024,d806ff04-0bf8-470b-b10b-317ecf102cc7,3930184,4
EURO2024,d83a101b-c84a-4572-a040-7f7ca64598c1,3930164,2
EURO2024,d84a3dd6-0ab6-4f6f-9065-f9cd3df623b9,3930176,0
EURO2024,d84c0a52-8c3e-43ea-a67c-76614bfa913b,3942226,1
EURO2024,d84cc1ed-91cc-4665-9abe-57857e5685c2,3930181,0
EURO2024,d853ab34-03b8-4a37-88ab-7b7a9de627ce,3930162,0
EURO2024,d862dd3d-9d6f-43d7-a65d-60b09fdef2bf,3938641,1
EURO2024,d8678081-7c7b-4a40-b291-d6465a8b9bff,3943043,1
EURO2024,d88330d1-f0e8-47b7-abd7-d0b809e52b4f,3938645,2
EURO2024,d8844dba-998b-461c-8379-120aa5dd2a2a,3938639,2
EURO2024,d8bb4e35-369d-4e0f-892e-9616aeabf313,3938641,1
EURO2024,d9243122-4d2e-4335-b3fe-76309b7aed99,3941017,0
EURO2024,d92780fe-0c15-499f-a706-f471b45a4d60,3930177,2
EURO2024,d92f262c-9054-4f20-a386-580ffab184cf,3930171,3
EURO2024,d9749157-60d4-41b8-8a44-7fa16ce591a5,3941020,0
EURO2024,d9d9eb3c-b5dd-4b99-95d4-e9cbfd3470a6,3930175,0
EURO2024,da009bcd-ae8e-4d30-b15e-a7a51d441123,3930182,4
EURO2024,da374287-0c16-4bea-80c4-d41096b4a410,3930175,0
EURO2024,da772c4f-5396-4740-8132-c5c4dad337d6,3941019,0
EURO2024,da9f1b83-bae6-4fc4-b1b7-e48e6c71857f,3938637,2
EURO2024,daa0bec9-3cb8-427f-8c0e-5034c8ec0a37,3930178,4
EURO2024,daa8de60-20e4-4553-b961-f8f1d93a570a,3930176,0
EURO2024,dab16d16-a0c5-4d14-a022-db9e09bd61e6,3942382,0
EURO2024,daf0cf7e-a6e2-49a8-a013-a0f2d78a0a9f,3941017,0
EURO2024,db0ce03a-5bbe-4eb2-9034-ca96632e9a18,3930169,2
EURO2024,db118916-89fc-4a2b-9407-a3ee5325dd92,3930184,4
EURO2024,db48aed3-0161-4af3-8e96-718d48325b2a,3941022,1
EURO2024,db84189f-d27e-4f59-861c-029b8970b174,3941019,0
EURO2024,db89bd36-6431-45ca-8d79-68c88bb52a77,3930175,0
EURO2024,dbe069f5-8f42-4a43-b023-a5f637c753e8,3938641,1
EURO2024,dc17c1f7-9944-42e8-bb51-85140f560043,3938637,2
EURO2024,dc331206-9d78-4c0b-8f46-b8ba42a919cc,3930180,3
EURO2024,dc453fa9-5bc7-46b9-a47f-c64cee4e845d,3940878,4
EURO2024,dc800322-334f-4986-ba79-ffbbbb57035b,3938643,4
EURO2024,dc97cd12-8008-47d1-be3c-8c00e48083a1,3938642,1
EURO2024,dca6779f-31da-476e-9d06-42ea7df32b78,3930175,0
EURO2024,dcb6a099-b9b0-47ed-8643-21da300d5412,3930176,0
EURO2024,dcc16107-251f-450d-b4c2-4688ff27d5e4,3930171,3
EURO2024,dce4ce49-ad7d-403f-91f9-dbb9631b6dd7,3930175,0
EURO2024,dcf2514e-33d1-4381-bebd-3e3579dc5ca9,3938641,1
EURO2024,dd09e46e-0f4a-40d2-bde0-007a3e9a33c5,3930159,0
EURO2024,dd1d7e02-827a-4adb-9af6-17e4f8e50d3e,3941017,0
EURO2024,dd2b2a0f-fdb7-42f6-a2d5-ca1a51d2b510,3941021,1
EURO2024,dd5e25f9-27d9-4f62-970f-82e6258a377a,3930179,1
EURO2024,dd77e54a-4edc-466f-b7b2-e4f563ffdc6a,3938642,1
EURO2024,ddbbabe6-f97d-4b5c-b63b-a92fe6821853,3930161,1
EURO2024,ddd20244-b62a-400b-8ac6-ef9feba6cefd,3941021,1
EURO2024,ddee4ab1-7f6d-4bdc-9a7c-460060417736,3930173,4
EURO2024,ddf0b4a0-f20d-4c66-9e16-ff7cdda205d6,3941021,1
EURO2024,de245a9b-7c43-45df-aaad-5ea66dc71c53,3930179,1
EURO2024,de2880ec-ee76-4ace-885d-c40af798ed95,3930168,2
EURO2024,de5deb70-4159-48cb-bd35-9f7dd57d4339,3943043,1
EURO2024,deb09a6d-076f-4524-adc4-9ab15de437a3,3942349,3
EURO2024,decc8b5c-0fd5-4ae6-8cf1-0b7456209433,3938644,2
EURO2024,dece8dbd-85e9-4100-9e32-d744ef746d1e,3930176,0
EURO2024,df04c78c-89aa-4e3e-9d96-b7703828153a,3930171,3
EURO2024,df4fd7ab-8fc0-402a-807c-98b45e86d768,3930164,2
EURO2024,df6c4b2f-e305-4281-82fb-fd0ecabd0eea,3930176,0
EURO2024,df708115-343b-42ba-84df-7400dda0b887,3930178,4
EURO2024,dfae04e9-322a-47d4-a898-083a6b875a43,3942349,3
EURO2024,dfbb12c2-edaa-4e58-a907-333baee12ebd,3930183,4
EURO2024,e021d24d-cd06-4d0b-8f82-cf4998682e1b,3942226,1
EURO2024,e02d890c-6bbe-484d-bc67-be7239ef6dbd,3930173,4
EURO2024,e039cb44-c9d1-494a-bfbe-c99eca882e46,3942227,3
EURO2024,e04560f6-d70e-4e08-8e7a-132e7bf2bae5,3930179,1
EURO2024,e04fed5c-5813-4b6b-a54d-6229e8994834,3930170,3
EURO2024,e06c6481-9b6e-4b9d-bc31-f434eb406b43,3942349,3
EURO2024,e07d30a4-a47d-4631-999d-2bf95f756698,3938640,0
EURO2024,e07e5f7e-21cb-4281-b114-502926b9240a,3942349,3
EURO2024,e08171aa-3bd2-466f-9c30-601d02331004,3930167,4
EURO2024,e0af198a-9e65-4471-a1d4-e9d780401528,3941020,0
EURO2024,e0bfd3c9-5336-4a0d-b11e-9c5611bdce0d,3930160,2
EURO2024,e0ccebb4-dcf7-4694-bfd0-f453d5790696,3930183,4
EURO2024,e0dc8d22-4bb3-4001-abb5-260509c49557,3941019,0
EURO2024,e0fbc904-2413-4083-9163-a102719446cf,3930171,3
EURO2024,e14e114b-6583-40c1-b413-c6dc305856d1,3943043,1
EURO2024,e16073f9-c3f9-4787-988e-1163971fe317,3938639,2
EURO2024,e1663d91-48bc-4e85-bff1-85efe7a03087,3930166,2
EURO2024,e1769955-bc19-4b43-8fcc-429aeb9935f5,3941021,1
EURO2024,e182475a-449e-46c0-bfcf-dc6854146327,3930174,3
EURO2024,e1bd49c2-5124-483d-9d1e-28d8184dd8c7,3930180,3
EURO2024,e1dc22cc-2f37-482a-8e4b-2e42a4a99593,3930165,4
EURO2024,e1e71f3c-d90f-48e5-8e95-9cc32a796f9d,3941017,0
EURO2024,e1e7e48d-7908-4a7e-9198-4be2c4f72e9f,3930165,4
EURO2024,e237bd66-327e-4bfa-858f-0f597d32cbdd,3938642,1
EURO2024,e25a5c9b-94e4-4012-bce2-f62ed3a3c97b,3930183,4
EURO2024,e2a03c0c-5aa6-4acd-b4b8-1348b92c85ef,3930173,4
EURO2024,e2a26d7c-831b-4b45-8086-cda86e802466,3930177,2
EURO2024,e2b4e382-800c-4f0a-b313-e30adbabc29f,3930158,2
EURO2024,e2bf8c8a-eb32-4709-80c7-0cebe4dbb19b,3941019,0
EURO2024,e2d1f3ad-f9a4-410d-a5ee-9692971f2490,3930183,4
EURO2024,e2e7cd8b-219e-4a75-9428-c45ed489f2cf,3930183,4
EURO2024,e35a7b07-9199-4f76-917f-07d360ae7c3f,3930165,4
EURO2024,e3750ea4-2a74-4719-8beb-09a54440ad6b,3938638,1
EURO2024,e391a923-e583-491c-93be-9a96e9d8f84a,3942349,3
EURO2024,e3a5aa76-ecda-4dd8-9c6b-ac5e75dbce82,3930171,3
EURO2024,e3d6951b-d489-4683-944c-9a8125f58adb,3930158,2
EURO2024,e3e094df-acb6-4da0-9ee9-8cbe6838d973,3930179,1
EURO2024,e3ecffaf-cf42-46af-b736-6c3116568baa,3942226,1
EURO2024,e4265419-fcf5-4544-808e-2459f9df3a8b,3930164,2
EURO2024,e42c7005-de00-4a60-9e1b-da4c28a5a243,3930158,2
EURO2024,e42d9fcd-ef6f-4a72-aeef-709699671d38,3930176,0
EURO2024,e4374381-a694-4cb9-881e-5e8703c3cd2d,3930164,2
EURO2024,e492f7fb-95d5-4278-860c-3ce40a929fd5,3943043,1
EURO2024,e4b383f0-e9ff-4171-bd2d-e76963c523a7,3941020,0
EURO2024,e4cd8c1a-34d1-4d48-befb-8ea9c8ffb3ce,3938641,1
EURO2024,e4cf377f-863b-4faf-a2f6-2f3f80d5beb1,3930177,2
EURO2024,e4eba164-032b-48b5-9edb-8093a84ceae1,3941019,0
EURO2024,e4f3e89e-18f6-4e42-862c-7a9efd8bb6fa,3940878,4
EURO2024,e502a403-146b-4855-93d1-9a03672ae8d9,3938644,2
EURO2024,e5174018-6b2b-41db-871c-41f4ef3a44e6,3930172,3
EURO2024,e5258e69-5a4b-47a2-be41-dd84f9f27cd4,3930179,1
EURO2024,e529c695-9afe-42f7-b642-2506f0ecc32d,3930176,0
EURO2024,e58923b8-3578-4c1b-88b4-afd268fe4254,3938644,2
EURO2024,e59b9aa8-19fe-498d-9ccb-d553917df849,3942349,3
EURO2024,e59d46d8-f2e4-4e67-ac87-02cea16aea3e,3930179,1
EURO2024,e5cc408e-b4ff-4fc8-8208-bab3cdca7aae,3930182,4
EURO2024,e621e116-6012-4a1b-b5b6-a96adbad02c8,3930168,2
EURO2024,e62a56ae-7d88-4ea8-a63f-5b689b1dad71,3930164,2
EURO2024,e63f7342-d637-4e87-9b3b-1b392a1ab126,3943043,1
EURO2024,e64ae7a1-dfab-40f9-897a-cb46c3ed0a8b,3930173,4
EURO2024,e64af73b-6156-4406-b076-85bbb59faae5,3942227,3
EURO2024,e653672c-7d07-45b5-aeaf-2ee104a04c7e,3930182,4
EURO2024,e660b35a-ffa2-4c98-967e-9ec5f0be426d,3930165,4
EURO2024,e6644186-19f1-4785-a76c-329e37420adc,3941021,1
EURO2024,e6f2292d-62dc-4df5-bb9c-4685efd6f234,3930181,0
EURO2024,e6f53ca9-154f-4aaa-b65c-b77a46d664f5,3930183,4
EURO2024,e72bc57f-d366-4b36-975f-b56c6263c097,3930172,3
EURO2024,e74b9d3e-0430-4360-ae79-ead1a0eabd8c,3930163,1
EURO2024,e75a6bab-8594-4a1d-a999-d1c8c51a3551,3930183,4
EURO2024,e7601bbf-6e24-48e5-acf4-d6f9b6eb0d68,3930176,0
EURO2024,e7652ce5-1b64-436c-9b59-3de984fa9406,3938637,2
EURO2024,e788da0d-dce0-4d2e-b3c8-2e40d46d4824,3930178,4
EURO2024,e79da52a-00aa-4d02-b521-3a521650434b,3941020,0
EURO2024,e79feb12-a446-4972-866d-94dad31d3c59,3940983,3
EURO2024,e7ce3f4e-a169-4d9d-bd59-7ed63ecdcb92,3943043,1
EURO2024,e7e28ade-c7cd-4ab6-b9f1-e359ab2a69f7,3941021,1
EURO2024,e7f55402-0459-4286-8acf-876f9492e850,3930181,0
EURO2024,e824720b-2569-4abd-af70-d1af5309d8c3,3930172,3
EURO2024,e83c4da6-7d8c-4db0-bec3-a23ae98b59f9,3943043,1
EURO2024,e84090a6-890e-462a-853b-b6f86cadc5f9,3938642,1
EURO2024,e861966e-1e55-4daf-a3c7-fcb3d65868a6,3930165,4
EURO2024,e862e52c-9c17-4d69-a835-b0a4998770e9,3930166,2
EURO2024,e8a5cdb1-8e05-4b6a-8118-233a67f1fd60,3930167,4
EURO2024,e8bc3395-e776-4b47-b22c-2d14ca15e286,3942382,0
EURO2024,e91c39cf-6891-458f-83a3-598f3681f438,3940878,4
EURO2024,e91cfd65-2428-4502-9800-84f0917a631e,3930169,2
EURO2024,e92d1823-a9b0-43ba-a1ea-897e9060f08a,3930169,2
EURO2024,e9b455bb-24d1-43dd-9a0b-76306b5a291d,3930164,2
EURO2024,e9d05b5d-6c01-456a-a0e7-7fe9ed90ca41,3930168,2
EURO2024,e9e8fe7c-958d-4637-a59b-003439bbe816,3941021,1
EURO2024,e9f7ab07-2879-4a37-9fce-71b93d570e4f,3930175,0
EURO2024,e9fb34e7-a840-409d-adb5-4cba1762cf1b,3930163,1
EURO2024,e9fd36c1-75a4-4c7d-8c42-e18272732939,3942227,3
EURO2024,ea00fc0e-d583-4e91-ae02-813d0b4a6286,3930181,0
EURO2024,ea0d3f5b-3c38-414f-a836-0371530a6b53,3930164,2
EURO2024,ea0e6abf-c9bd-49d2-9317-ba4f72dc7928,3930179,1
EURO2024,ea1222fd-7857-43b4-a2e4-02619e75f2bd,3938641,1
EURO2024,ea13a49f-e799-48c9-89f8-b5001b66cc27,3942227,3
EURO2024,ea4003ca-6f5e-4ee9-9042-468715ae18bd,3942227,3
EURO2024,ea49d8fe-dbeb-4ed4-8c21-d9921a9cf36f,3938638,1
EURO2024,ea9dcade-2c84-47ba-afcf-d94ccaa5655b,3930181,0
EURO2024,eaa1661f-6214-4302-99d7-1ef9ecf1e04b,3930168,2
EURO2024,eaa7ae72-ff2d-4e2f-b38e-e00ea2d83bdb,3930160,2
EURO2024,eaae904a-79a1-4ddf-bba0-5754b18e9484,3930159,0
EURO2024,eab29270-89db-40cd-9fa8-d90b2c2e3b9e,3930168,2
EURO2024,eac54dab-bb6a-426b-931d-6e8909ad44dd,3930162,0
EURO2024,eaf62499-ec58-4bae-a868-0cf587cd0d98,3941018,3
EURO2024,eb089782-485f-4772-9194-2f56e4ceaa7d,3930178,4
EURO2024,eb79f46e-d204-4923-a077-4c2e687014ce,3941022,1
EURO2024,eb7caab5-90c2-4246-8b99-8b8fec4273d7,3930181,0
EURO2024,eb818966-7cc8-4cbe-8706-3004c2146b78,3943043,1
EURO2024,eb8af439-f65d-4e36-87fe-65d5cae4b82f,3938645,2
EURO2024,ebb8a91b-42c3-4b91-a4eb-4509b71b9951,3930176,0
EURO2024,ebb91ff1-c5ad-4dc7-9f51-eee60aa7a21d,3941020,0
EURO2024,ebccb269-e1d8-4744-8605-c2e12adc59dd,3941018,3
EURO2024,ebdaa1f9-4276-44eb-90dc-2605b6df56cc,3930179,1
EURO2024,ec0d6e54-4775-4668-8675-fdbc669f00f1,3930161,1
EURO2024,ec16212f-02ac-4a68-8158-57c2066e2334,3938639,2
EURO2024,ec252f5d-ae7d-4d98-85ce-cb703aa5d74a,3938637,2
EURO2024,ec48613e-042c-45cf-a588-4d20d9602be7,3930178,4
EURO2024,ec519b42-9337-4b2d-8997-41b20511399d,3941020,0
EURO2024,ec59d01d-3bea-4b61-bb44-826e98943787,3930165,4
EURO2024,ec9ab26a-2e3c-4f92-a425-4e5f18241b28,3930182,4
EURO2024,ecd56cf8-508f-4c25-867e-3f2404b8ee5d,3938645,2
EURO2024,ed47fcba-d387-48ee-a569-91bd55b7197a,3942227,3
EURO2024,ed623b5b-a26e-48df-9716-dba1da7c63a9,3938637,2
EURO2024,ed964374-55b1-4405-9ce9-782e5fe8a210,3942752,4
EURO2024,ed98e814-ac2c-409b-8354-d582fa7054d4,3938645,2
EURO2024,ed9e79a7-b9ce-438b-bfbe-16f79758d449,3930166,2
EURO2024,edc8d747-2771-4e6e-b30d-50132cd09fa0,3930160,2
EURO2024,edcbcdbd-284e-4f09-b626-3a7568814ac4,3930183,4
EURO2024,ee0e272b-f56d-44e0-a450-50a040d22b22,3942819,3
EURO2024,ee14afe1-2075-414d-96ba-481f7b35b724,3930172,3
EURO2024,ee39c3a6-3a8b-4e0a-b302-da15c39776ec,3941018,3
EURO2024,ee4c0c6b-e5af-4c28-99f1-d79f83edaae3,3930178,4
EURO2024,ee874b39-51bb-4308-a2e2-8a83b850c92c,3941019,0
EURO2024,ee8d6ed6-c17d-404e-bd1c-1a0f84864553,3930159,0
EURO2024,eea570a2-bdac-48da-a83d-7bb110817bd5,3940983,3
EURO2024,eec70582-1e95-4e8c-8966-9a349ea88fda,3930168,2
EURO2024,eed4701c-00a6-4ca6-a4ee-41a1e42f46e7,3930167,4
EURO2024,eee8c9de-aef7-4dc3-aac6-ab31241d1bc1,3930163,1
EURO2024,eef75c9b-e31d-48a0-81f6-644ea2cd8b83,3930184,4
EURO2024,ef076f6e-35ab-4e47-b44a-86dc4c9a3e6a,3942227,3
EURO2024,ef110ca6-31f5-40ee-a89b-56ed001779e6,3930161,1
EURO2024,ef1344ca-380c-43ea-be8a-6e39b95f5394,3930175,0
EURO2024,ef16ec51-46bd-46af-a187-b87ddf2e1daa,3942819,3
EURO2024,ef6179c3-34da-4849-81c1-882c385da25c,3941017,0
EURO2024,efb6576b-e9b3-4a49-9db5-4b992fb630a3,3930175,0
EURO2024,effea0a9-81ca-4f76-ab09-fa85868028f0,3930168,2
EURO2024,f009d1a7-d172-486a-8636-4b85e3fd9b15,3930166,2
EURO2024,f026e13a-cc28-4aec-a8cf-3139f327ecc4,3938645,2
EURO2024,f030b15e-e088-4382-a1ce-8be2923d709e,3930173,4
EURO2024,f03888ca-8456-440f-b635-bdf5d92074bc,3941022,1
EURO2024,f04be0c7-1bef-46fd-9667-b7e7585d23b4,3943043,1
EURO2024,f05bfc71-6035-4fe9-b9cb-b89495fb66aa,3930160,2
EURO2024,f096426c-128a-48c4-bccd-c472be91b479,3930165,4
EURO2024,f09c382c-cbdd-4ea6-8662-fb76b9c1a0e0,3930181,0
EURO2024,f0a3dad8-05b6-4cf4-a947-b09b60e30cb7,3943043,1
EURO2024,f0bddb9e-783a-4e2d-8441-f855d9370b34,3930164,2
EURO2024,f0c5eeaa-549c-4de4-b2c4-50ccb8b312ce,3930167,4
EURO2024,f0f77a4e-f56d-4960-97c1-d3d0086c9167,3942349,3
EURO2024,f107a797-c749-4729-841c-e59dd315565a,3930165,4
EURO2024,f10ac5cf-8611-4819-a81f-e6f92bd31478,3938644,2
EURO2024,f11655e9-f9f9-4ed1-8011-401ced0acab2,3930159,0
EURO2024,f126759e-7ab5-4287-a4dd-4168334f1dec,3940878,4
EURO2024,f13b65eb-ba87-4cdd-9793-5410dfcbfc80,3930166,2
EURO2024,f14e8a0d-2e70-436d-8796-c032ac2dd4c4,3938641,1
EURO2024,f152ab5e-c9df-418b-a02d-290e15077120,3938641,1
EURO2024,f1a5c205-015f-47b9-a42b-fc79c1cebcd8,3938645,2
EURO2024,f1cace1b-8eed-4cf2-9000-7be94f3da58a,3940878,4
EURO2024,f1e65795-4635-42d4-afed-bd79e1c70ed9,3938645,2
EURO2024,f25d2247-e3ac-4aaa-81b3-08ddaa17abec,3938638,1
EURO2024,f2a6aded-c663-4085-acbf-67c8fec2d833,3930184,4
EURO2024,f2c05027-1a00-4c42-adaf-7a2b89d7c952,3938645,2
EURO2024,f306fffa-4299-4197-88a2-6fa95693bda9,3940878,4
EURO2024,f30bcae1-6547-4b7e-bf37-4fe3b46bc9b4,3941022,1
EURO2024,f32dbbaa-bdaf-42e5-9477-0bed98d5083e,3930179,1
EURO2024,f3304cbc-4f10-4908-937b-3c0ce1d9a3cb,3930164,2
EURO2024,f34f9880-3945-48c7-a002-19c3a85c4a00,3941021,1
EURO2024,f352dea2-7607-45ee-b068-444109617799,3930171,3
EURO2024,f3a0c0ba-be75-4b75-9a8f-5e24c595dcc3,3943043,1
EURO2024,f3bb20ec-3640-404c-97d1-cdb0a90ddc1a,3942226,1
EURO2024,f3e0d211-292f-45b2-b779-c00a1f853ade,3941018,3
EURO2024,f3e3bec1-d010-4ed0-b09a-73b2b37f61f2,3930163,1
EURO2024,f3f91bc1-43d3-4116-8499-b0097d5aa9d8,3930165,4
EURO2024,f401316d-bb0b-413d-84c7-56f514738376,3930158,2
EURO2024,f43613ae-04f5-4b5b-a2e5-f3bec5362c4f,3930177,2
EURO2024,f4420a81-70ff-461a-b8c0-6fbbd92b567e,3930158,2
EURO2024,f4464923-6bef-40ce-bd64-4ce46ebffd38,3938644,2
EURO2024,f45d64b1-9fa6-4766-90f2-be12477806d4,3930161,1
EURO2024,f4725972-d303-4fb1-b273-920e32893ebd,3930181,0
EURO2024,f4a7cfbf-f579-4ce9-b392-392f4537999f,3930160,2
EURO2024,f4bfa86a-1081-4958-abf5-56c266d967fd,3930175,0
EURO2024,f4cda852-73d6-40fc-8a71-93a17b35fa82,3942349,3
EURO2024,f4f1aedd-1374-4b02-9f00-67538948be61,3930162,0
EURO2024,f5182a24-58e2-4d35-9b67-43f2586372b9,3930169,2
EURO2024,f597a3d0-7bec-4f3b-830d-8cd85e8ab4f4,3930167,4
EURO2024,f5aa692b-d77e-44bc-8ecb-a702e9c9e21f,3930180,3
EURO2024,f5dff315-3000-4a20-abc5-c9c62d9130d7,3941017,0
EURO2024,f61ae2ee-3431-4311-ad77-42f003f63f69,3930172,3
EURO2024,f639bfe0-4357-4a60-b037-77a7c0557cc1,3941018,3
EURO2024,f648e2ea-33cd-4032-a618-67bbbb04667f,3930164,2
EURO2024,f65595ee-ce7e-4745-b711-3cb7e15524d0,3930179,1
EURO2024,f656aa31-b297-4e7a-9fe0-0a115dd034a0,3930168,2
EURO2024,f6a2caaa-0bf2-4238-b651-e424b34cf004,3930178,4
EURO2024,f6ab31ff-faa0-49ed-9b50-378a5f9fd66a,3930182,4
EURO2024,f6be3137-3b6a-4d38-850d-0471d20c0b37,3930165,4
EURO2024,f6bf313c-7dd4-44ff-9349-af6bf4118b8d,3930168,2
EURO2024,f6da6a09-e836-491f-8207-188eca27c7f5,3930161,1
EURO2024,f6dd3bcf-83ab-42e9-a416-a14f690033b8,3930183,4
EURO2024,f6df8f87-afa8-4463-b7c4-cc8d1215766b,3930168,2
EURO2024,f6e962d7-f7c3-4301-b47f-76ff19667a12,3930181,0
EURO2024,f7164226-3614-4a5e-a632-0aa0b20dc61b,3930162,0
EURO2024,f72edee2-fbfa-4175-a61d-06312f03bd59,3930159,0
EURO2024,f72f6787-e70c-4369-9ed4-4da53f4daade,3930166,2
EURO2024,f7508d61-efce-4dbd-8c52-8a5e9cea4348,3942819,3
EURO2024,f754982c-01f8-49d2-b3b0-f75ac05bc6d1,3930176,0
EURO2024,f7756f40-3ac3-4c37-8409-9fcf56b72257,3930164,2
EURO2024,f779d561-10b5-4156-99ff-1c1e2720e427,3942226,1
EURO2024,f7a4f80c-5589-4ad0-b059-2f6252cea296,3943043,1
EURO2024,f7cde9a6-8201-4122-976c-9270dd64adde,3940983,3
EURO2024,f7d4bd98-ad9a-45d8-a798-df3f95172b5b,3930183,4
EURO2024,f7e91eba-d219-46ef-b52c-c7bb869ca128,3942819,3
EURO2024,f8064c95-d142-46e2-a15f-4020e6b64b95,3942226,1
EURO2024,f81e095f-263c-49ed-abce-5623408b05a0,3930160,2
EURO2024,f837713b-ae2d-4b50-9763-0501ed44d49e,3942227,3
EURO2024,f84d9433-6a78-4015-a233-e63e140e1d14,3942349,3
EURO2024,f8707dc0-eb52-4985-8b72-e79616e60c7f,3942226,1
EURO2024,f88acb53-ff5c-4a79-8ac4-a109d41a1f14,3930174,3
EURO2024,f8cc1527-04ab-4c15-97de-983dd1b96724,3938640,0
EURO2024,f90503fd-93f3-4694-911f-78ec34ef0bb7,3938637,2
EURO2024,f92360f0-e75f-4257-b04f-d3cecb395709,3942752,4
EURO2024,f929717f-9fed-4f0d-a019-5c21b14a4d5a,3938640,0
EURO2024,f934504b-957b-4042-a9bf-b32d2d646a94,3938641,1
EURO2024,f98cc925-ad7a-4661-b6ae-a51267e1b372,3938645,2
EURO2024,f9ce3c75-556a-413c-a469-f408e5460516,3930183,4
EURO2024,fa1967ee-aefd-4090-a399-06025ab2fb13,3941021,1
EURO2024,fa300159-651e-48be-b145-fc602896d496,3942226,1
EURO2024,fa48cbfc-2db0-47f5-a695-165e8e1501c6,3930169,2
EURO2024,faa7264b-25e9-453c-acdc-e73e9b53f200,3942349,3
EURO2024,faab9481-9adb-4b2e-86f4-b4140bddcfc2,3942752,4
EURO2024,fab5ac6c-83e3-438d-8003-9dadfcac75e3,3930172,3
EURO2024,fabfd18e-d17d-4b14-b36d-0a423f959368,3930169,2
EURO2024,fac70cc5-5f32-4001-a542-3d8ebe67b163,3938640,0
EURO2024,fb1a90e9-6108-41f4-8975-59801c5a2899,3938637,2
EURO2024,fb1be9d8-3daf-4e54-b612-986aee86ae29,3930180,3
EURO2024,fb1fae87-00f3-45cb-9851-6a1994b493bc,3930183,4
EURO2024,fb316801-dc0d-4d97-adf2-5d7ce3f14990,3940878,4
EURO2024,fb347c5f-e014-4268-8db4-a1ae94e3926e,3941020,0
EURO2024,fb3df75a-ab21-43f2-b66b-84b5a66b148d,3930184,4
EURO2024,fb496f14-74a6-4809-a4f8-1469d87f2f39,3930161,1
EURO2024,fb577116-eab6-4df8-8985-028be04f3dcb,3938637,2
EURO2024,fb817ec0-f7be-4b79-8161-58a862376b87,3942227,3
EURO2024,fb8888e2-81e6-4419-8293-2c4646241fff,3941017,0
EURO2024,fb9d790d-85cb-4bdc-99fe-70f95d450f5d,3930174,3
EURO2024,fbb9c398-ba18-482a-8071-be3878856624,3938645,2
EURO2024,fbeefc0f-8fee-422d-8a88-cc517eb3a6c3,3930176,0
EURO2024,fc0cc7df-fcd7-4551-bcf6-3eb4ad531ea3,3930183,4
EURO2024,fc130cc4-1c9b-4e6a-b0d9-6cac0e3ef8fb,3930182,4
EURO2024,fc14b5fb-8043-4940-b26a-12e47d12e5f4,3930158,2
EURO2024,fc640640-36c7-4c97-ac06-b51bf7c6c06b,3930164,2
EURO2024,fc701d62-ee3b-480a-be19-4752db212cf0,3938644,2
EURO2024,fc7b65bc-b7e0-415c-a8d0-633c7f113c08,3930165,4
EURO2024,fc7d86d6-29dc-4e7d-af8b-01e2748bb84f,3930172,3
EURO2024,fcb76f95-9380-47b2-a2d0-9d267f6bffe7,3938645,2
EURO2024,fcd9c6a7-b2ca-495c-9133-f46759c6c3dc,3930162,0
EURO2024,fd06fa70-565f-4a55-8bd8-62cfdc9d3915,3930180,3
EURO2024,fd22b6d4-daf8-42af-9e4c-adf56370cc69,3930174,3
EURO2024,fd350e7f-c39e-4a13-b05a-1b2917c89528,3930182,4
EURO2024,fd6b3760-f4c2-490f-8b83-bc987a6082ba,3942227,3
EURO2024,fd775ec2-7f18-49ed-a6a7-dbf8c261a3a3,3930180,3
EURO2024,fd8f83d7-58e5-4050-ae30-7f23ddc43e12,3930177,2
EURO2024,fddde836-7da1-40bb-af63-10dd6e8b5881,3930183,4
EURO2024,fe087c32-1251-40e9-8e35-e88a5e37c906,3930180,3
EURO2024,fe23535e-ebf1-4b9a-93a5-527b6f9103f3,3942819,3
EURO2024,fe4107f5-8fb5-493e-9a2f-34cb9a30def8,3941018,3
EURO2024,fe4bb108-1123-47dd-904a-435bbaded617,3942227,3
EURO2024,fe6b76e2-3b5e-4c78-9f04-d729e1ad3fb6,3930177,2
EURO2024,fe7c96ea-f2e5-4c5d-bc03-485f16ec3eae,3930171,3
EURO2024,fe8749cb-6c6a-41ad-8605-1696051a8f64,3930165,4
EURO2024,fea3b321-870a-4ada-8870-9fb6a37ee290,3930163,1
EURO2024,fea47c2d-cdd9-4132-9fe1-99bbe7d0be2b,3930181,0
EURO2024,feed6013-1d7b-4401-b9ae-d146f3a7009e,3930176,0
EURO2024,ff225f6c-3ff7-41d1-82b4-b6cc69fa3496,3930159,0
EURO2024,ff250ba3-852e-4ae9-be19-8c6a06dff963,3940983,3
EURO2024,ff39f958-04cc-4b2d-b849-8110123e6342,3930174,3
EURO2024,ff3ad9d3-9c96-4774-943d-c1ad7239a807,3930175,0
EURO2024,ff56813a-1d07-475d-8102-2e1a970b9379,3941017,0
EURO2024,ff60d6f8-907a-426c-a890-9779ea9d633d,3930180,3
EURO2024,ff74235a-b612-4505-80a9-598692c2e474,3940983,3
EURO2024,ff8d2f9b-7632-431a-b26c-225a943ba8c4,3930177,2
EURO2024,ff9cc02f-57ed-4be8-b9c8-4e7a4c2a884f,3930161,1
EURO2024,ffa4b840-98fc-47fb-98a6-07c8f155ad16,3930177,2
EURO2024,ffacf3d4-1b6c-4762-9613-012d104cfd85,3941018,3
EURO2024,ffe74710-5dd3-4c4d-91ba-db89c314fdfa,3938640,0
WC2022,003f6772-4c10-4dc0-b09d-f7c0bbb56b3a,3857257,4
WC2022,0095979b-369c-42dc-85ee-aace2fe66e6c,3857296,2
WC2022,00bc9abb-f048-4e27-8300-5b26aff0902a,3857298,1
WC2022,00c24d6b-31cf-4ed5-a36f-1c7ef96c57a5,3857260,1
WC2022,00e533d9-00a6-4135-9179-544d70704837,3857277,0
WC2022,00fab4f6-2e22-457e-8777-fad1f3765bbe,3857292,3
WC2022,010b7c14-e6b8-4f55-8f76-d5106d4c596b,3869151,2
WC2022,011b9b1d-bdbb-40fa-a569-4e93ca61ab53,3857284,3
WC2022,0123f48e-a568-4403-a8dc-c89394b65912,3857297,1
WC2022,01294bf3-6ee7-454b-9c6f-862a4d6b42fb,3857260,1
WC2022,012fb620-8870-48bd-931b-93ee1c5e93b9,3857288,3
WC2022,0150f1c2-0b79-4cc4-99ff-758d0d810736,3857262,3
WC2022,015a1d4d-3621-41b9-8a7d-0f0a510e145a,3857276,1
WC2022,01927e91-7471-4708-a01f-484b0dd0103b,3857292,3
WC2022,0193a1f7-53a4-484a-b387-7e4636c535ea,3869152,4
WC2022,01b26700-6c70-47c1-85a4-d6ab1572c186,3857260,1
WC2022,01c73ecb-2a6d-4efe-87d4-addf36873d01,3857290,1
WC2022,01d923ef-25fe-456d-885a-828649409510,3857300,0
WC2022,01df2de7-0578-4eee-aec0-9f4d790328bd,3869152,4
WC2022,01e95252-8f70-4116-861d-23659956455b,3857263,0
WC2022,01f8a6a6-60ef-43fd-9d6f-f6b840b441a8,3857290,1
WC2022,02022a1d-5920-4f02-b3ed-3bbf59f071d1,3857271,4
WC2022,021fe2fa-472d-450f-b461-fd9f605dd24d,3869684,0
WC2022,0249e108-0b2c-43c9-9ba9-e9c925ce6f06,3857261,4
WC2022,02628600-4f9c-4fa9-90ca-ac3c938e7f49,3857284,3
WC2022,02733635-e5af-4bd2-89a1-c86a6f6c1529,3857260,1
WC2022,0288dd00-0213-45d7-9fb9-7a42b79cbe22,3869486,3
WC2022,02db687b-68ff-45e1-9986-984901e88641,3857300,0
WC2022,02f68320-2365-4395-b713-277d0aed7ab2,3857301,4
WC2022,03005bb5-3fed-4457-9d99-b4fc21fa4ff5,3857260,1
WC2022,030babb5-7282-46a8-a128-4212d8b93ddd,3857280,2
WC2022,036cd2db-b161-4ba1-a4b7-7f4c9c2baee5,3857276,1
WC2022,03720177-92db-4b58-ae3b-4419c0d2d2ef,3857298,1
WC2022,0379a9a3-6c49-4c42-8e35-2119715bfdf7,3857282,2
WC2022,0388fe51-94ce-4639-9a07-5f68a6a4d1b3,3857268,1
WC2022,03a09b32-e1be-4ec4-b832-346f58f9fd66,3857262,3
WC2022,03b27318-a8d2-46e6-ad53-44d96b20e233,3857274,2
WC2022,03fbf815-10d8-4d40-b916-18d31db42f4d,3857263,0
WC2022,03fcecb1-8c3d-4f01-979c-333b6e9dd6fc,3857280,2
WC2022,041f4a7b-8183-4467-be97-2f34a75d4fa9,3869253,1
WC2022,042b033d-aff5-4f4c-b87d-3cdf2a2e9157,3857279,1
WC2022,0483ab68-3e2c-4103-93dc-c67d91512746,3857297,1
WC2022,04c28c12-cd6d-40a3-b599-845cb26e5fae,3857286,3
WC2022,04e064e6-dc2a-42f2-853d-dfc1ffc89353,3857271,4
WC2022,04e514c0-b36b-4cd1-ae6b-1aae2f07f1db,3857254,0
WC2022,04fcd59f-bc18-4ef3-a215-c06f533dd1de,3857289,2
WC2022,05028209-7ed8-4afd-a61b-c8d6fb3d3d6e,3857254,0
WC2022,051b50c6-a245-4164-bdc3-4934873a8461,3857254,0
WC2022,0523f881-a4f4-4874-a022-725b25201907,3857263,0
WC2022,052455ef-e07a-49a0-bedc-f041c30b2f3b,3857291,0
WC2022,055e3e7b-a926-4d2c-99d7-cef8bebba6d3,3869420,2
WC2022,05702b43-98a6-4223-9e52-c3d133b8e25d,3857273,3
WC2022,0576f719-69d3-4f8a-a2f3-2646985ef4de,3869685,0
WC2022,05971621-acf2-4ee6-9cf5-70d9cae8b281,3857298,1
WC2022,059b1801-ec40-4361-831d-d2b52ee790b0,3869117,3
WC2022,05a68b61-351d-42c2-a158-8a4d3090f21c,3857289,2
WC2022,05c5a2a6-42ba-4fcd-b851-8567ad32c921,3857263,0
WC2022,05c63761-2457-4451-90a2-673b6c4ef835,3857281,3
WC2022,05dc0152-9e30-492a-8472-947ce6aab653,3857261,4
WC2022,0634393a-cb4f-4ca7-96b1-dabd9819b381,3857261,4
WC2022,066a2e7a-1012-45ab-b949-b9dabe280665,3857292,3
WC2022,06b37eaa-0880-445e-af47-84b1841df2cc,3857275,4
WC2022,06ba9aa4-dab2-44c6-8382-117b2e6e3d54,3857266,1
WC2022,06c019e1-28a4-4ff1-a9ad-8cd405101e3b,3857297,1
WC2022,06e5ef01-4170-4e93-9827-d3fa577be78f,3857282,2
WC2022,06e9b4d0-7b69-49eb-a3ac-f020cccac180,3857275,4
WC2022,06f195d1-1c71-41c6-8a1e-767e9b16013b,3857295,4
WC2022,0711348d-6422-4a18-98cb-d05ea37db9c5,3857294,4
WC2022,0716b204-29b6-4cae-8f58-e797a116acc9,3857272,1
WC2022,073140d9-782a-4f92-b2d7-ae36e5404642,3869552,1
WC2022,07362d3a-da0e-4d7a-94b8-dee738913dbe,3857256,1
WC2022,076ad6c1-8242-4414-9b12-e4f50a28f24d,3869254,3
WC2022,07825e17-3134-4064-96e9-080220cc8a76,3869220,0
WC2022,079333d4-649e-4d73-b43e-ff420afdc8c9,3857290,1
WC2022,07dc04ad-3485-4d12-a624-1f94002f527a,3869219,2
WC2022,07dd37b7-f075-43bb-af9e-8120d70c9b48,3857285,4
WC2022,07e4382f-24b0-4055-b0b4-f5c046abe708,3869151,2
WC2022,08088e85-71c4-4097-848d-d1e8c17d028a,3869151,2
WC2022,085c4cc5-5019-4131-b6da-af314a9125d6,3857273,3
WC2022,08d59d09-ac55-419d-b272-349ee5dab188,3857268,1
WC2022,08dd7a2f-2f20-4bba-a202-331fa55bbdf3,3857290,1
WC2022,09033db6-b1d3-4dbb-9ce0-ca07d24dc0b9,3857260,1
WC2022,0905b406-93de-4e29-9bd9-1ec216989084,3869684,0
WC2022,0936c136-20bc-413c-a5dc-271cc649565f,3857283,2
WC2022,095da489-5e71-4f85-961f-5f47bbca3251,3857254,0
WC2022,0980520c-440d-4556-8465-282f4bb528cb,3857295,4
WC2022,0982ea2c-70a9-4314-ad0f-f517a305a9fd,3857268,1
WC2022,099a97cf-ab67-4414-bee8-765563ffe2b6,3857276,1
WC2022,09b19a0f-e813-461c-98db-37265b9efe71,3869354,0
WC2022,09b840f3-530d-4c38-acd4-1fc55a122fe1,3857282,2
WC2022,09c62a5b-74ce-4d90-8058-3cd112c6ff9a,3869254,3
WC2022,0a07b296-bfa4-4128-b776-774fa3cf1af6,3869151,2
WC2022,0a121fcb-e843-4186-9559-c33d733f9c27,3857267,3
WC2022,0a15a3ff-06ab-4350-82b9-e2e75befe7c2,3857296,2
WC2022,0a572679-3c31-4d13-af11-5568ac56bd12,3857301,4
WC2022,0a68858f-b0a2-4551-bb66-80bc92691d2b,3857262,3
WC2022,0a709b7b-2b78-46be-b360-a4c406d9d51d,3857270,3
WC2022,0a7e80d4-6f03-407b-98b4-e09d065de6ee,3857268,1
WC2022,0ab78cc6-9eac-44e8-9850-7bdad90f4b05,3857273,3
WC2022,0aba83db-9490-4db7-9a0e-02b82eb8f27a,3857299,2
WC2022,0abc40f2-7748-45ce-bc58-42e7aff5bb3d,3857262,3
WC2022,0abeacd0-229e-4f2d-82f6-f39e03053b91,3869321,4
WC2022,0abf2e1c-3f66-431a-8b07-92e6ef633123,3869253,1
WC2022,0acab1fc-b41f-49b6-8330-32bd71bc8a4d,3857261,4
WC2022,0ad13f55-eb2e-46ee-b306-342d55fa81c3,3869354,0
WC2022,0b0b702f-2151-4d70-b6fe-5852d0293b42,3857293,2
WC2022,0b2dfe42-ce99-4b9b-ac00-2a3681b8bee8,3857297,1
WC2022,0b4ee925-ff1e-4e2c-aa1c-73e59a47c712,3869254,3
WC2022,0b51e5eb-3f0f-4d9d-8234-81ef7cbac69c,3869552,1
WC2022,0b9f4e96-7318-4050-9317-67178a1a86f9,3869219,2
WC2022,0ba67e7c-a21d-4ccd-af30-b65721eabdcb,3857293,2
WC2022,0bb14ec5-37a9-4851-987f-e6ad3a47eff8,3857284,3
WC2022,0bbad813-b0dc-41e4-873c-3a46f8b39d07,3869117,3
WC2022,0bdc302b-b400-44aa-8429-aa3e08cf351f,3857254,0
WC2022,0bf0abfc-70da-489c-aba7-acbc7cf651ec,3857256,1
WC2022,0c080613-e83d-43bb-8135-323ac07ec2e8,3869486,3
WC2022,0c0ad9bb-910c-4311-8223-4688467ef2ed,3857286,3
WC2022,0c2d96a2-b1ed-4ae2-b9d6-18413d08b578,3857287,4
WC2022,0c35a7d6-7a2b-41de-9837-079db939445c,3869685,0
WC2022,0c58349e-a3b7-47c1-9910-beeb91577206,3857259,3
WC2022,0c617aa4-040b-4d17-ab02-ea4320655421,3857290,1
WC2022,0c7ef273-2a59-4718-81aa-34abb941b76c,3869117,3
WC2022,0c8c449b-c7c1-425a-bd2b-3f80ab072087,3869219,2
WC2022,0c8cbabd-2aae-4707-9888-ffd1bc91b07b,3857285,4
WC2022,0ca0f6cf-622b-4622-9dd8-07496acb933a,3857284,3
WC2022,0cda9ff4-01ff-4888-9999-93b2ed9d52f7,3869420,2
WC2022,0cdced7e-4d3b-4da2-8dde-aba0f980be81,3857265,2
WC2022,0d47f0d6-f2ea-4aae-8489-e6b7be51fcd8,3857264,1
WC2022,0d64e4ae-4435-4cbb-9e2c-8ed898663db9,3857256,1
WC2022,0d969488-717e-4606-afd5-653f2eba1291,3857301,4
WC2022,0db63d78-c2f4-4a23-8dc3-5d48398aa23c,3857296,2
WC2022,0dccf698-c115-4eb0-9ab5-a74778dae95b,3857301,4
WC2022,0dfce91c-2ddb-41b8-a32c-e62eab4c765d,3857260,1
WC2022,0e07f32d-3168-48cf-9ed9-a300d3725c4f,3857267,3
WC2022,0e1419d0-47bb-4b69-92ec-8c7db1f8e914,3857273,3
WC2022,0e1e8209-7eb4-45a4-b87f-7a1cf00c516b,3869219,2
WC2022,0e3db327-8b0e-4c4d-a09e-6a3291ad8b9f,3869354,0
WC2022,0e42f033-be45-41e2-a92f-f04d31e9148e,3857279,1
WC2022,0e60c02f-9679-4751-9373-6b5174e1fd92,3857265,2
WC2022,0e6a1468-4191-46af-95e2-a3ea3b6286d1,3869354,0
WC2022,0e7378fe-b6de-49f4-8052-b68104c34c2b,3857300,0
WC2022,0ea3ecfc-18e8-47f9-8026-b8d724f2973f,3857292,3
WC2022,0ed9b375-38a1-4e85-8297-27ebe8efe1ac,3857264,1
WC2022,0ee5877d-4022-4603-960a-f8c8477a268f,3857294,4
WC2022,0eefdf3a-1b98-429f-8d00-76f89934a9eb,3857255,0
WC2022,0efc53a5-d357-4e78-8733-8e2bacb3ef04,3869118,4
WC2022,0f358b49-4ab5-4024-b71b-635aa85a07be,3857266,1
WC2022,0f392a60-14c6-4c37-8dcc-590e9efa84a5,3869519,2
WC2022,0f4c650f-b9b5-4a7a-9d9e-58e3f5450ef3,3857263,0
WC2022,0f532e3c-02ff-47d0-8bde-09d89738946d,3869354,0
WC2022,0f555a02-4e9b-48bd-95d9-a064745378c8,3857258,0
WC2022,0f6cf36f-00d1-4cf6-a912-b168ec7efb2c,3857301,4
WC2022,0f75d0be-3e31-4d68-828d-c5d9b4b73d4f,3869152,4
WC2022,0f8926f0-5100-4e8d-bc56-73078a0b901d,3857257,4
WC2022,0fc6e9ee-951d-4432-bf9f-034b7a244d19,3869420,2
WC2022,0fcb58b2-4d16-4cc5-a2e7-bc6f3dd37a08,3869684,0
WC2022,0fd3e8bd-1057-4f91-9d73-0b02810afa37,3857261,4
WC2022,0ff587f1-cb26-41ee-b416-734e249de8be,3857257,4
WC2022,0ff8923b-484c-4a39-b5be-4543f841680c,3857284,3
WC2022,10134fa6-a377-425f-9cde-04af0e713de8,3857285,4
WC2022,10541708-ea9d-4bee-9196-e09e147fc624,3857290,1
WC2022,10665270-d778-4be0-8613-3ef83369e9da,3857286,3
WC2022,10c3f065-1311-48f9-bb7e-9f7e4cf8ece6,3857284,3
WC2022,10c77f75-ccbb-4372-a12a-1fe904d7e9d3,3857281,3
WC2022,10d7c2b6-bb01-4d63-9d7a-6cf310775b7d,3857268,1
WC2022,10e13fe7-3aed-410a-a3a6-d455bbffe123,3857290,1
WC2022,10f8ae55-9f42-4d10-befc-bfb4ffb453ca,3857267,3
WC2022,11233b20-9478-478f-86a0-f3f6739b39fa,3857297,1
WC2022,113533b3-d29a-47ad-8ce6-d7d111efaa26,3857273,3
WC2022,11371057-fff6-4085-ac36-60b82826fdf7,3857261,4
WC2022,113c8d20-3bae-4405-9ebe-0ab29148be12,3869321,4
WC2022,1152e960-e3ed-4a28-a909-640daf6620b4,3869321,4
WC2022,1171a2da-d4a3-456b-982f-383b66425380,3857300,0
WC2022,1175b479-2d96-4a1f-b8c8-4d0a132a8de8,3857283,2
WC2022,1185667d-4525-43f7-b286-c46b8c399be8,3857265,2
WC2022,1185f550-2530-4602-b2ee-6a8bc6ee6f77,3857299,2
WC2022,11c1c18c-145b-4664-9b6c-cc2097f1885d,3869684,0
WC2022,11d9981d-0593-4558-9cee-c6be8d0364e1,3857261,4
WC2022,12151809-22dc-4ab8-92ea-1f7e528b8f01,3857255,0
WC2022,124ab55e-b2a4-40cd-9e2c-8b6c130a4208,3857285,4
WC2022,126bb646-e3da-4891-afa6-44b4fae5df67,3857293,2
WC2022,127f42f9-e304-44a5-b8b1-05afa5375cee,3857263,0
WC2022,1297ba10-bf96-4041-ae8c-bdd6be83d0b5,3869219,2
WC2022,12b67f88-7e50-4364-a7d9-8bd1894152b6,3857286,3
WC2022,12bc848c-f43a-44b5-b5c4-4a8540abe932,3857282,2
WC2022,12e30be0-e0b9-4315-9783-c8663f0a3533,3869220,0
WC2022,133be0ed-f585-44c5-a50d-be321bedc463,3869253,1
WC2022,136147b3-ca80-4356-92d0-488b87f00359,3869321,4
WC2022,13e3d3ae-2c5f-43e8-82ed-097fc0b0b075,3857286,3
WC2022,14077ecf-99d6-4b5d-9ed3-4da64f75a800,3869254,3
WC2022,14203a9a-7a13-46a5-94a2-b3a0e969e8ec,3869685,0
WC2022,14390a7b-8dfa-436a-b258-bcbf6525e667,3869220,0
WC2022,143ff6ab-3635-47fb-a40c-4ac8041d15b2,3869321,4
WC2022,14430222-dca4-433b-bfc4-4b20b606f82a,3857280,2
WC2022,144915f9-8b42-4fde-9d2a-e6df181ccfb8,3869321,4
WC2022,145ddd30-9406-4dba-9baa-fbb8a66c58aa,3869684,0
WC2022,146b3d8d-42f2-479d-8ce8-9a03ee838063,3857300,0
WC2022,1478cbb7-2dc0-4a37-82f3-a983ba94d135,3857256,1
WC2022,1482398f-61fa-499f-aa53-ca6b784357b8,3857275,4
WC2022,14b6e730-8651-40cc-9607-fa84d9ad420f,3869118,4
WC2022,14c05f7c-3dfc-4d1f-9a56-7d2b79a82d84,3857293,2
WC2022,14c10d83-8132-4060-9349-b8f94b604326,3869254,3
WC2022,14c21f20-e652-4039-a248-7eb9f469db84,3857277,0
WC2022,14c6598b-16f2-48e6-b267-4ec4e4d5612d,3857290,1
WC2022,14dfe9ce-cdb5-45e2-a085-16e0aeabc384,3857279,1
WC2022,14e88ce1-6f49-45e3-a836-be28a6433740,3857266,1
WC2022,14fcfff2-64cc-4464-b6d5-6c2e72b0bb73,3857288,3
WC2022,15063151-39bc-473e-9c84-ccafb4eec191,3857260,1
WC2022,15166b62-2ac9-4658-a376-1da167c4e521,3857259,3
WC2022,154ce151-3ad7-4718-bb9d-012e4048ccb6,3857281,3
WC2022,1579b134-088f-455b-b0a6-e246b2b4cc80,3857266,1
WC2022,159dca2c-eeef-4a1a-875c-ab0f4aebd1f5,3857272,1
WC2022,15a04542-5a26-40c1-a927-415d3af8ec62,3857279,1
WC2022,15ce5f61-cdfd-4bbf-b705-ddcea2c6ec6a,3857295,4
WC2022,1619c928-75bb-4a8f-b575-570359ab05fe,3869151,2
WC2022,162b9ea9-2fd2-4457-b0c0-4b40a4bcc21a,3857288,3
WC2022,1658188f-53d1-44cc-97cb-3f56481ae31b,3869151,2
WC2022,16662169-014e-4806-a2c1-0589435ed0e6,3869254,3
WC2022,167e275e-bcd8-46d4-96de-e56bd338ed98,3857281,3
WC2022,16882ff0-3116-4f0d-a884-c67356ea44c0,3857278,4
WC2022,16cb80aa-49e5-4fb2-92e7-b2e1832db3a0,3857291,0
WC2022,16d937a9-ebe5-4672-b90e-fffcba9770ff,3857276,1
WC2022,16e78cfc-a172-4d9a-823a-35bd55f1b2f2,3857276,1
WC2022,16fc3dae-0dbf-455b-a7dc-199b6ef5470d,3857285,4
WC2022,17107c1e-2270-43df-b420-760a909cc23b,3857265,2
WC2022,171285b4-b095-48e8-8f99-afd9a03208d4,3857293,2
WC2022,172b0e36-6b40-47eb-ac71-978310dc5bdb,3857263,0
WC2022,17303b7e-807c-4e27-a8a4-0b7bc44b849f,3857275,4
WC2022,17367406-0d10-4638-9c24-d173b0e3291c,3857275,4
WC2022,174255dc-a7fa-4408-9dd8-fdc7130b76b1,3857300,0
WC2022,175c363a-d1a5-4249-9c18-04af1c358a26,3857289,2
WC2022,176dbee3-ef5a-4972-8cf2-587f2ef8ebe2,3857292,3
WC2022,178883fb-bac9-483d-a4ce-d383ab2c5fa2,3857268,1
WC2022,17fc9e62-6bd8-46ad-85f4-8ecaf39a9687,3857279,1
WC2022,18118b33-aa99-424f-ab4f-841da546a3d3,3869420,2
WC2022,18290085-ed5a-4ec7-9d6c-a389a83edd25,3869219,2
WC2022,1859feb7-448f-4288-b10d-68a0a3345d10,3857298,1
WC2022,1863b2c5-9645-41e9-a32d-5d1707cf5db8,3857287,4
WC2022,1891168b-2d7c-423d-a781-e99416ea8eaa,3857260,1
WC2022,18993ace-1225-46ab-a8d8-918c8e3a5a2a,3869151,2
WC2022,189b240c-3b40-41de-865e-c8710fb5ece2,3869254,3
WC2022,18dcf558-b539-4a4d-bff4-6ae66d719d70,3857287,4
WC2022,191eb60e-f6a6-48c1-8402-fff84b7dd6fe,3857258,0
WC2022,19485fa4-cf73-4139-bdf0-a2653ef9f8a2,3869684,0
WC2022,197856db-500d-4b71-8660-7687bdb968c0,3857292,3
WC2022,198baa5e-b48c-45c3-977e-2d6bc88974ea,3857269,0
WC2022,198bb194-aae2-43f9-8edd-a2bffec05ad0,3857301,4
WC2022,19b4ab6c-253e-48fa-81dc-f553aaa53ff4,3857259,3
WC2022,19baa528-721f-45a0-9398-ba2bb9bab617,3857265,2
WC2022,19c4e718-7a0f-4ea9-9bee-2332eac527d6,3857282,2
WC2022,19f50b4e-5a2d-4bec-84d3-a57f73af99fe,3857296,2
WC2022,19fe256d-99ec-4a1c-bdc5-51c610e25305,3857263,0
WC2022,1a199681-630d-4edb-9bd8-864241a7e9bf,3857276,1
WC2022,1a1b474e-b494-4f9a-9013-cd050c50d094,3857276,1
WC2022,1a5006d1-691a-4475-adae-47b618d721a8,3857290,1
WC2022,1b134f96-f77f-4ebe-a506-dc104a5a840f,3857269,0
WC2022,1b2b7168-ee3c-403e-9b9e-9a93ec7d1e4b,3857269,0
WC2022,1b80b193-1bad-45b8-9bab-8e1a2ee25022,3857300,0
WC2022,1b8b0c89-8109-48af-9088-799ba87f8055,3857257,4
WC2022,1b9ddcc7-64f7-4a21-86a2-2e5528216f09,3857275,4
WC2022,1bc066d0-6f45-4909-8dd4-fffde4d6ef5e,3857260,1
WC2022,1bccf2b9-b0c6-4384-92a9-9e0937b3d31d,3869420,2
WC2022,1bd151f3-ecce-4bfa-8bbe-18ee120f3a29,3857283,2
WC2022,1bd7a908-5a4a-43d7-b056-2f550a6f86c2,3869420,2
WC2022,1be2396a-8757-4889-8d05-a29aca8f3f2c,3857278,4
WC2022,1be3beb5-a966-4e98-8a15-d14433001755,3857280,2
WC2022,1be4c758-ea1c-4074-90e8-81f358fb4892,3869219,2
WC2022,1bf4572e-d216-411c-a2e7-220846c6f401,3857260,1
WC2022,1bf9e01e-5c71-4fc4-b70c-dd2847725a41,3857263,0
WC2022,1c4c666c-5754-4c8f-aa11-9dc81c7a9954,3857272,1
WC2022,1c68ffcd-0f53-4a60-922e-70ed510d68d1,3869151,2
WC2022,1ca23c5e-0ae0-4cf0-acbd-db9f2f8761c0,3857269,0
WC2022,1ca98c8e-d6f4-44df-b04a-bc51a513d74d,3857275,4
WC2022,1cbe304f-efc4-4480-a7bc-29bd5daa0d43,3869220,0
WC2022,1ccfb6bc-01c2-40e5-a1ef-a15c77dfa5f1,3857282,2
WC2022,1cf9cc59-ddfe-4441-87c7-38608cde0705,3857291,0
WC2022,1d13a698-4910-4970-b159-befd84f59731,3857266,1
WC2022,1d25c5e1-4f09-42a5-a376-66ea5041462a,3857295,4
WC2022,1d31bae5-6cd3-47dc-820d-55083f34bfa1,3857263,0
WC2022,1d396be8-67cb-4bd5-830b-05eaa6da42a0,3857290,1
WC2022,1d3a06c6-9671-45b9-88a4-3f1fe97bc334,3857296,2
WC2022,1d4320ee-f0c6-4486-bbdf-d3cf0a965337,3857261,4
WC2022,1d61bc89-6654-4c04-a1aa-ad70baceb58d,3857284,3
WC2022,1d70da9e-f2c0-43bd-9f29-ac6eb0a65e9b,3857271,4
WC2022,1d745a53-7c6c-496b-9468-61bacb76eb76,3869219,2
WC2022,1d91e205-8ac9-477c-8c21-f487658809f3,3869152,4
WC2022,1d937d79-e7f1-4490-a460-25d4b4f9cf91,3869486,3
WC2022,1da21e3f-eaf3-44eb-8911-77d88136135e,3857289,2
WC2022,1da9a14d-ccf1-4fcf-baa7-a7cd832f19de,3869151,2
WC2022,1dbd396d-9ea2-4f29-905b-405f3f3853f1,3869321,4
WC2022,1dc34765-9451-4503-88c6-0ebd3da0f638,3857254,0
WC2022,1de72ce9-f7f4-49be-9962-fd0dddd5608b,3857274,2
WC2022,1e29aaab-1bbe-4df7-8878-5c6c858203f3,3857259,3
WC2022,1e521354-d92c-4b04-bc86-ad0f2ff34b7f,3869220,0
WC2022,1e6623a8-fef4-4c59-adf7-adda271c6803,3869420,2
WC2022,1e9b338e-4a94-48b3-b735-b0214638a8d7,3857260,1
WC2022,1eb6e917-5bc3-4035-b3c6-a5ffbb47d7d0,3857254,0
WC2022,1eb8bbd1-9ded-4765-8489-e8ec9d9f21d8,3857258,0
WC2022,1ecae0c5-8c51-4ef6-906b-0a8f22cff87d,3857262,3
WC2022,1ed14e2c-044f-4a87-bfca-6660d315e486,3857257,4
WC2022,1edecbcc-ff5e-4fa3-96f1-62f0315a2e7f,3857301,4
WC2022,1ee08e6e-6bc3-4e5a-8c6c-1625b37f37a7,3869321,4
WC2022,1f10b0bb-5667-44b6-9e57-a5aa4ba15ed8,3869151,2
WC2022,1f14011d-9da5-4292-a561-e268bf2a7447,3857291,0
WC2022,1f425382-9b48-4cdb-8477-412a3040d9a0,3857257,4
WC2022,1f46228a-975c-4ead-8ae7-aaa5af56b9d0,3857259,3
WC2022,1f4c8dd2-a13f-4d16-b0c0-ae597eb531b7,3869151,2
WC2022,1f9c760c-eeaf-4151-b5a1-93748046aa98,3857277,0
WC2022,1fd09cf4-a3c5-4396-94bb-53b77430ab3a,3857279,1
WC2022,1fd1599f-3674-404e-b6f8-1e01eb300115,3869684,0
WC2022,1fdcf274-6956-442a-b7b6-ed9b84b2cf90,3857270,3
WC2022,1fe15341-7073-4b7c-ab68-a9a4e546dbed,3857290,1
WC2022,1fe197b5-8079-4a5e-99db-5d32b072642c,3857300,0
WC2022,1fec8048-6668-485c-800d-c6ce48d7f12e,3857261,4
WC2022,2009b827-2a74-4f0c-8843-889eda1bd9be,3869117,3
WC2022,20196560-2d9e-4826-a667-e4b223233dcc,3869685,0
WC2022,202501cd-bfd9-43de-9ca7-e34254d505dd,3857276,1
WC2022,204429d9-1d57-4114-a6ed-4b2ec5a177f7,3869254,3
WC2022,204546fc-a6ea-4399-bece-927946d57f67,3857296,2
WC2022,2045f9f5-fbad-42a0-af46-6c1ec870ee03,3857296,2
WC2022,204d6b91-ae75-4163-a979-e520d926d9db,3857270,3
WC2022,205ce041-ea30-4b4f-b67f-0365c96d5b5b,3857263,0
WC2022,206dfc07-9e55-4363-b63e-7b2fdb5c1ebc,3857290,1
WC2022,20f69701-459c-492e-84a8-cc4795dad85e,3857272,1
WC2022,211ea0db-9173-4a85-8853-d6118f84e48c,3857262,3
WC2022,213f9030-8a13-49d6-9bfd-afe3853abfba,3857289,2
WC2022,215f2d5b-1ffe-42f8-977c-c1f4ab824305,3869254,3
WC2022,216f13bc-92ab-43e9-8855-4398daa1ed0d,3869685,0
WC2022,218f4aca-e757-4724-a0fb-124b45663c9b,3857291,0
WC2022,2190a423-6172-4c4d-b033-5e30f7185e4a,3857261,4
WC2022,21b37a68-cc10-41b8-ab0b-487ff62b197b,3869118,4
WC2022,21b4aa7d-61ec-4d82-b68f-04ef2e91762c,3857271,4
WC2022,21d799bd-e515-4404-8c61-ae0b9346477f,3857295,4
WC2022,21f5a9af-e2c7-470e-962d-4e7019c17ad0,3857260,1
WC2022,221bf6ff-cfa7-405b-b365-5afa95e11507,3857284,3
WC2022,222ece49-372a-4a42-bf6f-66f00af28b58,3857263,0
WC2022,223c6131-3601-4b5e-95f1-b90765a454a6,3857288,3
WC2022,22465e75-9bcd-447a-b05f-2ac791ec0665,3869118,4
WC2022,226d8e8d-34cb-449d-981a-68d7b70c7a99,3857287,4
WC2022,228de741-0a14-4005-9c69-acc811b60c89,3869321,4
WC2022,230fecef-12f2-4828-85f7-718f96158672,3857291,0
WC2022,2312ea3b-5bfa-437a-a2e7-c6f91819e27b,3857294,4
WC2022,231ee41c-3ea9-47b6-95d1-735375f8ef4c,3869151,2
WC2022,2321afc9-4744-43c2-89d6-28f3180b681c,3857295,4
WC2022,2323cb05-4654-4cdd-a3a4-5e0869ae724b,3857297,1
WC2022,2325e981-3be0-4bc6-983a-5afd8dc9ce04,3869254,3
WC2022,233aacd5-24a9-4537-88cb-e822920027b7,3857272,1
WC2022,237dd3ac-71bf-49eb-b73b-23d8712c3ce4,3857278,4
WC2022,2384f285-9ac1-4115-8341-e2909132657a,3869684,0
WC2022,23f66c36-3622-44b4-826d-b21d75cb5fbd,3857294,4
WC2022,23fa6793-4c01-419e-bffa-95a7c53a8381,3857296,2
WC2022,241041d6-b596-4729-b494-9ea88da8278c,3857262,3
WC2022,2482ea5a-aef7-4624-9cb0-1bca8c51e49d,3857279,1
WC2022,2486848c-c3e5-48d4-a7df-b3975adca2e8,3857289,2
WC2022,248f070a-f994-4f33-8180-70110fd03661,3857288,3
WC2022,24b054e9-5dd1-45f8-ab88-a2271f017f52,3857296,2
WC2022,24b4c5c0-9118-4600-be0d-af4433cbfe62,3869552,1
WC2022,24cf3035-99ea-4d73-9bd5-222ee9216717,3857273,3
WC2022,24cf9d67-8008-48ad-89b4-b71a56868007,3869152,4
WC2022,2513592f-3a9f-4f67-a8d4-0b1d4bdb1856,3857256,1
WC2022,251f5924-7394-4b6d-91f8-e4950f37d839,3857272,1
WC2022,253efddc-f717-48ef-87fd-c68e596ab45b,3857291,0
WC2022,259b5d86-59b9-476c-a7e1-065fa1587051,3857266,1
WC2022,25d827d0-7c3a-4383-b087-779af055ee73,3857294,4
WC2022,25ebae29-9b52-4c20-8975-39e3506bb61b,3857287,4
WC2022,25ff0295-2928-4d7b-8732-a5fbe3361458,3857288,3
WC2022,260b6e02-07fe-4666-99a3-aef03f9f6ed7,3869151,2
WC2022,261ffebe-489e-49e9-a4a0-de77474be8be,3869118,4
WC2022,2646e6e6-93e4-4c83-9b46-5d4f6afe0416,3869519,2
WC2022,2649679b-b7c6-4d11-8e0c-672db779ce9b,3869519,2
WC2022,266a7790-69a8-4716-a3e4-be0c76667fc2,3857263,0
WC2022,266ba3dc-d464-455a-8586-de339cf2b6bc,3857262,3
WC2022,26757800-8bc9-4215-9ee8-8f2d7a4499ad,3857273,3
WC2022,26837ba5-32e7-46dd-ba0a-c90dd38530b0,3869486,3
WC2022,26a601d0-671e-484e-bb56-0d74c356fd4f,3857287,4
WC2022,26cdc4f5-3a49-4704-ae76-1c4a473d6896,3857281,3
WC2022,26db726f-45a3-43b9-90bd-df6a8d25f4b6,3857265,2
WC2022,26e43d84-5453-4f48-a40a-844be615acb9,3857255,0
WC2022,26fc6c2c-1d41-4025-844a-8450b43011e1,3857274,2
WC2022,2752f3f3-15a1-430e-bbea-bd557ab5498e,3869220,0
WC2022,276960af-ffcd-4d1a-8d2f-12d72fefc7eb,3857272,1
WC2022,27a26a04-ae6e-4f63-a73b-d33ce02f0439,3857287,4
WC2022,27cc2a6a-9efa-4cf7-8fa0-8cc18837ad6e,3857268,1
WC2022,27d61bed-96aa-45fa-8a50-3f9450769dd2,3869151,2
WC2022,280bb0dc-b887-46b1-a12c-b7b66f09d60f,3857276,1
WC2022,281370f6-364c-4e7f-bbff-7f214ff2c046,3857288,3
WC2022,2823ac7f-57e8-4668-aa6c-2f11bc809244,3857287,4
WC2022,28b453fa-e5d8-4d3e-94d7-2122ee194699,3857291,0
WC2022,28ba0bde-6ac3-46ff-8a99-a80a1918a3ec,3857288,3
WC2022,28e1d924-455a-46fa-86b6-bf6b7e73be9d,3857258,0
WC2022,28f70f03-d1e5-4763-be8c-8d57e6e01dbb,3857265,2
WC2022,28fdb1f8-4838-4ea8-9f95-b346680a8e11,3869219,2
WC2022,29228d41-fd2f-4e84-b395-08607f9777f0,3869685,0
WC2022,2954b6b4-a732-4789-b0c1-804be7e2a420,3857256,1
WC2022,2959fc4f-f3ef-48f9-9d59-8a7fa15d9d5b,3857290,1
WC2022,2965af3b-1560-4429-8066-0892e07a6f8e,3869321,4
WC2022,29a36702-3a5a-4158-946a-3e1044056a71,3857278,4
WC2022,29a64a20-99d1-4528-a20e-cc1dbf4f460b,3857289,2
WC2022,29a80744-09ce-44de-9727-d4fdedaa7a56,3857262,3
WC2022,29ac1925-1bed-4c39-9281-b7aa5b92766b,3857298,1
WC2022,29ae6177-8180-4cdb-9442-25e48b0185b8,3857299,2
WC2022,29b049b2-5187-407a-b29a-c4b5563e7dbe,3857264,1
WC2022,29fcb044-91e8-479e-86d7-505ec7bb173a,3857271,4
WC2022,2a574c4f-312b-4e31-a41e-56ce4c6742f3,3869685,0
WC2022,2a700dfc-7dc6-4be8-8775-86ed7dda2bf5,3857285,4
WC2022,2a71eaf8-0544-4888-b76d-ddfd78280a54,3857257,4
WC2022,2a7927dd-acc6-423b-920e-5183fcf4502f,3857263,0
WC2022,2aa34c4e-9cea-429e-b02e-cd9a2f0bcc89,3857273,3
WC2022,2aaa4fd3-9d02-4cab-998c-46185bd648ec,3869117,3
WC2022,2ab48cfc-a46f-483f-b3ca-0d0649221bca,3857282,2
WC2022,2ab631d1-87ff-41db-98f7-9072a54ad25d,3857263,0
WC2022,2ab995d3-33a9-4855-818d-da1cd37678d4,3857274,2
WC2022,2ade0802-d01b-42d8-94a3-6fdda04887f8,3869118,4
WC2022,2ae3c63e-26d4-4e3b-b848-114579f7ce69,3869117,3
WC2022,2aec9ce7-d4b3-479e-bf59-37e3f680f589,3857280,2
WC2022,2b35602f-ee48-42cd-9538-c609c0721b81,3857259,3
WC2022,2b405ccf-10bd-4141-9d89-38e5b28fe1db,3869118,4
WC2022,2b4639c6-41df-43fb-9cc8-c264854a27b9,3857293,2
WC2022,2b6540af-b784-48ec-b5e7-702c09cca761,3857296,2
WC2022,2b67e6e9-b4ae-4d4f-8d76-619ebe981740,3857255,0
WC2022,2b708b35-23f3-4ed6-8172-29a12b05a4fd,3857290,1
WC2022,2b9e9036-a218-4025-bb44-4f4413fbf3ee,3857292,3
WC2022,2ba67225-f555-4215-b1d3-e5458318462b,3869552,1
WC2022,2bbbe780-84fa-45fb-a3fe-e9a7956de21d,3857269,0
WC2022,2bbe1227-b47d-4492-89b1-2a387a2bd98e,3869151,2
WC2022,2bca063a-3c9a-4aa2-a708-f8d3465d100a,3857278,4
WC2022,2bd38e52-8763-4639-94e5-852357c42b3d,3857265,2
WC2022,2be4d2e6-bfcc-4751-bc5c-c1766ab9d055,3857263,0
WC2022,2bef5efc-baaa-4396-81f8-0271e7fdf13c,3857283,2
WC2022,2bfd4e1a-a815-431f-b921-ba40bdcc087d,3869552,1
WC2022,2c2289c9-0cce-480c-af12-d830fa92dddb,3869321,4
WC2022,2c251280-d0ca-45e8-b2fd-3da04e9bd0cf,3857283,2
WC2022,2c2bc6da-4b37-4d93-802c-8b1ae740595f,3869151,2
WC2022,2c3a8ca9-0e2c-43ca-9bc7-41629bd8b07d,3857280,2
WC2022,2c59b85b-4a3e-4a9c-8213-57f3d124de32,3857287,4
WC2022,2c6130c9-663f-4d8c-9825-b126292f7d3f,3857295,4
WC2022,2c7cc091-5a5a-44c2-8881-99da9125925f,3869219,2
WC2022,2c81183d-ba42-42b6-aa03-0ac076e03474,3857267,3
WC2022,2c8e7335-e819-4d82-b43e-7399254da100,3857274,2
WC2022,2cd20f28-9853-4b46-9e1a-1ecb0bde87ea,3869685,0
WC2022,2ce12f47-62f5-4332-99ea-39aa3024e002,3857285,4
WC2022,2ce3b8b3-04bc-410e-9b25-025ab8070a69,3869354,0
WC2022,2cf0861d-bfba-462b-8471-af7876ec1ba5,3857292,3
WC2022,2d1462be-20b1-44b2-838f-f11e625d4a63,3869684,0
WC2022,2d9da521-aedd-4b1d-95ec-c686d308c874,3869354,0
WC2022,2def0f6e-f67d-43b2-b5ec-33960a1595bd,3869151,2
WC2022,2e3f54c9-a19e-4007-a822-c5aa35418bbd,3857265,2
WC2022,2e5ab80b-cfe5-44a3-9d83-ad80d60cd8de,3869420,2
WC2022,2e733ffb-2613-4382-839e-27195dcee07d,3869118,4
WC2022,2e97abae-f576-4b8d-99c6-c4c098de7409,3869117,3
WC2022,2eabdb9b-19b2-4178-8e71-96f037afe0d4,3857272,1
WC2022,2ee2b6d2-c545-4801-8294-166f36d892c2,3857265,2
WC2022,2f04a2b5-8fe4-4a6f-8d39-89552bed01a2,3857264,1
WC2022,2f214f4d-32c9-4549-bec0-64a7372f310a,3857290,1
WC2022,2f2cc591-e303-4018-8539-7f71f6527b90,3869519,2
WC2022,2f4b9da2-aa44-4985-a69a-aaf393a3b459,3857276,1
WC2022,2f80a359-99ef-4c12-a21e-84db52ac96df,3857263,0
WC2022,2f92b786-ed35-43fa-b11b-dcc667e465f4,3869321,4
WC2022,2fa5b1b6-5a23-4bc0-9fff-554ef3c57571,3869152,4
WC2022,2fd3b9ce-b829-4baa-ab03-89c96ece93d3,3857280,2
WC2022,2fe4d6bd-1f4d-451f-befa-de524d3e6039,3857287,4
WC2022,300896e6-7e8d-4428-affb-45586b5a4ccc,3857290,1
WC2022,30101c2a-275d-471e-860c-2394aff7047f,3857266,1
WC2022,303887f4-b546-4315-a52a-92ebed6455e7,3869151,2
WC2022,30462b2b-5428-470f-ae77-8552c19fe875,3857286,3
WC2022,304aa213-c1b6-419d-acf6-3228a7151e88,3857272,1
WC2022,3055588d-5ccb-4baf-b669-f2284cfe138c,3857283,2
WC2022,307e8c57-dfe1-4253-a2fe-2baf93efa2b1,3857287,4
WC2022,30a2835f-6b78-4ba9-ba6d-198ae9aa8e07,3857295,4
WC2022,30cbcb55-725f-4d06-9f28-7d2b40a004a2,3869254,3
WC2022,30e453f5-9ee1-43e4-a1c4-ffb3a44043bf,3857258,0
WC2022,30fdc5dc-1be4-4773-ae61-69221680f7c3,3869152,4
WC2022,310f1807-962f-4e2a-bfcd-cc008c386aaa,3857270,3
WC2022,3118df44-5b0b-4f4e-8c17-11d4acbac5cc,3857266,1
WC2022,3152422f-5dbe-460f-9261-85a8d380d859,3857264,1
WC2022,315456b3-f6cc-40c5-9c8d-7f4243b8eb7d,3857289,2
WC2022,31558869-2dca-43fd-bd53-8c391b251fe2,3857285,4
WC2022,3160c66d-75da-4f11-9540-3bd7a33b9d2c,3857297,1
WC2022,317d6383-4d3f-4aa1-b081-5770984081d6,3857271,4
WC2022,317f170e-1d7d-49fb-b6e5-7a0906cf42e4,3869519,2
WC2022,31810ea1-51d2-4e81-8be0-387f29f6c683,3857257,4
WC2022,31b73edb-000d-4a78-9e62-9b06d9ff5040,3869118,4
WC2022,32095022-de23-4070-97f8-7dc9d0bb3f41,3857291,0
WC2022,3211fd9a-4552-4e3f-89c0-95f6b311d502,3869117,3
WC2022,32123f57-bac5-4ebb-a954-71acafbc018d,3869486,3
WC2022,32404aa9-8e27-49da-b707-260c2ce6b4e7,3857283,2
WC2022,32465ba9-1258-443a-af13-5841f19d5812,3857271,4
WC2022,327382ca-6fbc-4b4b-8b80-a5a4693ed60a,3857254,0
WC2022,3283e320-68e4-4db6-b192-c509c894f375,3857285,4
WC2022,32896c41-fa18-4dd6-a922-8df3024e208d,3869253,1
WC2022,32b7b8b1-3d48-4a89-b4a7-dcd008f48415,3857295,4
WC2022,32c0ee83-6b8b-44e1-9724-ef9c55e55258,3857256,1
WC2022,32ce1acf-f78b-40ad-8345-ec1c5c52d9a8,3857284,3
WC2022,32ee954e-c7a7-4da6-bcf9-d436abdcf905,3869486,3
WC2022,3306cd75-52a8-45c0-990e-e6e2476b2581,3857282,2
WC2022,33189b01-985d-4600-a8e5-faf9ca7e64be,3857261,4
WC2022,33556edf-7bff-4239-9cff-3a3fb63dd5b3,3857296,2
WC2022,3360ac8c-a998-48f6-bd58-527a9ce12a75,3857285,4
WC2022,337b98ec-03ae-401e-a871-f9059857e673,3857286,3
WC2022,340215f2-2f3d-49b5-b924-c012ec9d7344,3857266,1
WC2022,340fb1af-222b-4bc9-ab8b-59573a2580ec,3869118,4
WC2022,341d4ea8-f90a-4537-8d74-f55b902a7bcb,3857287,4
WC2022,344a29af-7f3b-4f2a-b1bd-3d984258383e,3857299,2
WC2022,345d2c75-405e-4482-a067-b912136d0057,3857272,1
WC2022,346515e8-7792-4a03-a515-ed7d3082e303,3857260,1
WC2022,34823594-5f05-4cce-b339-b5eb7329c43c,3857275,4
WC2022,34cd2dd2-c704-4067-9715-c69ba423cb91,3857289,2
WC2022,34cd8397-bc21-41ac-84eb-f6887f87e649,3857274,2
WC2022,34d3f48c-2131-4f47-a698-0ada330111d9,3857266,1
WC2022,34e2ff73-bd87-448f-8157-7537f478f01e,3857261,4
WC2022,354e52ec-fe6a-4402-9072-f9493c3bdbc1,3857265,2
WC2022,3556aff7-0453-45f3-a66f-5e442393d35c,3869152,4
WC2022,356777e6-f32f-4011-9ada-57bdb31d581d,3857263,0
WC2022,356878c9-a9a5-43fd-a7d3-595dceb36765,3857275,4
WC2022,35877023-6f0f-44d9-b1a7-d06101762415,3857263,0
WC2022,35888ea7-513e-4734-9df3-e1247bbb2602,3869684,0
WC2022,35bcb876-4334-43e5-8560-5b7f19b3614a,3857287,4
WC2022,35d28ad9-8c8b-45b8-bfcd-bdb36ba3b739,3857298,1
WC2022,35fad284-76a2-4ae4-b32d-43d332b5cb19,3857259,3
WC2022,363dd7b4-7157-45a5-bc98-47a12d00ed8d,3869219,2
WC2022,36401031-24bf-489a-9831-23cf36658c34,3857264,1
WC2022,36542966-459a-4835-b85c-4141f57a6c04,3857280,2
WC2022,3658b718-47f9-425b-955d-611b61a2efec,3857268,1
WC2022,3671c85d-1126-48d8-b847-b6d18dd322c0,3857298,1
WC2022,36743a05-fb6f-4998-8368-fe9ce9fa0212,3857290,1
WC2022,36779332-8eb3-430c-a281-162958efdb2b,3857269,0
WC2022,36b74207-8c87-4334-8012-0f9e367fe80d,3869220,0
WC2022,36dbaef6-3572-419b-9199-44dacadfbaec,3857270,3
WC2022,371c9bcc-8482-4e5a-ab14-581f90d3df85,3869486,3
WC2022,372d1b4b-fc2e-44f0-bb03-bee41a924a63,3869118,4
WC2022,373fba25-8153-4b2d-baac-75decfe29ef1,3869253,1
WC2022,374335c7-22c3-4dcd-bda9-6f24cadef732,3857277,0
WC2022,3745e50a-0c65-48bd-88e0-032cf0d52ef5,3857254,0
WC2022,375bd8b5-d189-48d5-922b-59900473ec67,3857255,0
WC2022,375f7fe2-ef74-412e-af41-e690d2879323,3869321,4
WC2022,37706773-b05c-4c76-abb6-a8d5dd5af60a,3857281,3
WC2022,3770eb02-3faa-4274-889a-3167ba19f792,3869321,4
WC2022,377bb123-3f7a-45b3-9aaa-edbb5512eaed,3869118,4
WC2022,377e7ab2-741f-4140-bc70-6605e962fa7c,3857259,3
WC2022,37ba85bc-b4cc-4c0a-8200-8021407e0034,3857283,2
WC2022,37bf1ef0-60d1-4c05-9d14-84e7567f43e8,3857254,0
WC2022,37c31f28-9001-4781-9258-adc5596e2ed0,3857262,3
WC2022,37d79b74-949e-42ef-ac88-e68246d511d1,3869685,0
WC2022,37f0ac7e-8285-4c8f-b85f-4535c4ca6e50,3869685,0
WC2022,37f26479-6d5a-4449-b361-8d4a330d500b,3857291,0
WC2022,37f5cb87-a47b-4d85-9b70-0afabdeb5304,3857257,4
WC2022,38070d99-e007-48ba-bb80-4d24775d12c7,3857272,1
WC2022,382ffeb7-0a6c-48ab-9ade-88f8ff24b801,3857290,1
WC2022,3866117e-0528-4a13-934a-fb34844921c0,3857282,2
WC2022,387535e8-ad29-497a-80a2-84311617481b,3857280,2
WC2022,3875ef7d-04d7-44e7-96db-807ab578917c,3869684,0
WC2022,3879ff93-eef9-433d-b4c7-e5be3e8e488d,3857288,3
WC2022,3885cf45-9eb2-46b6-9054-60612d3f0ef4,3857254,0
WC2022,389c1b9e-3a32-40a0-9cde-c6895dfabf36,3857258,0
WC2022,389f7965-5376-4af4-9efb-119e6389f340,3857268,1
WC2022,38b77c51-3576-474a-a19a-13d67aa7eec1,3857290,1
WC2022,38c0b942-c728-4aa1-be58-f4b560646c99,3857282,2
WC2022,391351bc-7286-4741-9437-a765f33f5087,3857282,2
WC2022,3926e470-3b42-4d68-a82d-b28bcb5a0347,3857275,4
WC2022,3927a95a-4dc4-467a-b24d-07d5f638426b,3857299,2
WC2022,395b47f6-85a3-4ae2-9ea3-b57283fa66a4,3857287,4
WC2022,3986b25b-e28b-4a68-9eb1-e50c1e5c0885,3857269,0
WC2022,39a1ccfd-a248-482c-8d4f-4b94ce54cfce,3857273,3
WC2022,39a2da3d-09bd-4cc2-8754-8f462fff9cfd,3869684,0
WC2022,3a0f18ec-c532-4bbb-b8d8-840d45e62601,3857264,1
WC2022,3a176732-984a-428b-bb15-e0e8f9a05b16,3857267,3
WC2022,3a2e6868-9fb5-46ae-9b9a-6ac3a9305c05,3857260,1
WC2022,3a7508a9-ef4d-439f-b560-871ff2a0c37b,3857257,4
WC2022,3ac07a7d-176d-4f90-8bb0-69ab3b6c228f,3857262,3
WC2022,3ac32675-2bdb-4db7-a564-a07bcba1f32c,3857298,1
WC2022,3ac7693e-4948-4d06-a25e-039dfc9263ec,3869684,0
WC2022,3b1c0517-f626-41dd-aa2d-b24ca7fe0090,3869552,1
WC2022,3b23da56-79cd-4aed-8d38-f223c1e41810,3869152,4
WC2022,3b2674cd-ae1f-4a8e-a3bd-3d6e770f5ce3,3869220,0
WC2022,3b694f77-4293-4b44-844e-49c710cdf346,3869254,3
WC2022,3b83f28f-aa63-4d78-a4d1-ca7bf43999d1,3857282,2
WC2022,3ba9c0c8-77fd-4a5b-8ed3-f7f3e71067e1,3857266,1
WC2022,3bafeefc-4387-4baf-9e44-a29740ab9102,3857282,2
WC2022,3bc6893d-34a8-4f38-9bf9-3d7c1c9eb63f,3857264,1
WC2022,3bcf0ece-252a-4b05-97c8-5ee28a2bde09,3857292,3
WC2022,3bcfae75-9997-49e3-b58e-b7f76f0770d8,3869152,4
WC2022,3c733762-af08-471d-b4f9-19cf4dd5f311,3857290,1
WC2022,3c8a0ae2-cf6f-463a-b246-15c3f2990b5c,3869321,4
WC2022,3c9c3058-835a-4284-9fe7-408af76f87a8,3857261,4
WC2022,3cde34a0-a284-4c2f-8b85-57f35a0c98f7,3869420,2
WC2022,3ce62bd8-2be9-4588-9788-62ed89c6d60e,3857256,1
WC2022,3d020e92-46f7-4009-8278-d30d40303526,3857278,4
WC2022,3d09f7aa-70a6-4f2b-b2a5-51c50f9b4f79,3857265,2
WC2022,3d38bb80-c405-4038-9fbe-0838b91e7949,3857294,4
WC2022,3d805e4a-da04-4e2e-847c-0b1c1a547790,3869118,4
WC2022,3d85d26b-9ad4-4aa6-acfc-57b1f0b4ccd9,3857263,0
WC2022,3dabf4c7-4633-43ef-9fd5-582590f5c43c,3869118,4
WC2022,3db87195-466f-405d-94cc-cb0f4c19eecb,3857263,0
WC2022,3de5a8ee-d3cc-42e8-8b69-e90479339ada,3857278,4
WC2022,3e489e7d-748d-48f3-b40f-2aa33a409046,3857265,2
WC2022,3e4c5f3c-d8a8-45fd-b57f-00d3bd724ee8,3869486,3
WC2022,3e5db9c7-5032-4254-a85b-81740c588e99,3857276,1
WC2022,3e606e32-b42f-4347-8660-e5bdd4fd45eb,3857270,3
WC2022,3e6b2bad-58cb-4028-b650-eb1d71214ba2,3869151,2
WC2022,3ea08f2c-abd4-43cb-a3a7-9dd56b2e681b,3857285,4
WC2022,3f006158-cb8c-4b93-90de-f8f9a6768a94,3869321,4
WC2022,3f40312e-cb91-4484-b363-ec6c7ebd2fbe,3857263,0
WC2022,3f436770-3d15-4fd8-9160-4a58cf7bafb7,3869118,4
WC2022,3f72b6cf-f80b-4771-adec-38f25e25c8a6,3857258,0
WC2022,3f8cfdb2-2b5e-4bab-a146-5e806d84a118,3857260,1
WC2022,3f95ed4f-2fca-40ee-91e8-65d89ac807bc,3857277,0
WC2022,3fa08d1e-438a-4877-af01-0cb7145cf204,3857281,3
WC2022,4000acea-7c5d-46db-98de-51fce95949ce,3857278,4
WC2022,400e1344-fa6b-49c8-9963-4a9bfd7188fb,3857273,3
WC2022,4011f4b0-221e-4917-8063-23a7513ed069,3869519,2
WC2022,4025c14e-7c7f-4133-a498-22af9be44727,3869117,3
WC2022,40276df3-3ca8-482f-b9ba-9fefcc79a94a,3857301,4
WC2022,4040f0f7-60ba-4981-8ef5-0426acb7da36,3857277,0
WC2022,406b2a8c-340e-484d-90a3-19d0f6c533f7,3857283,2
WC2022,40769098-2f4b-46d5-b5c4-70212c43003e,3869219,2
WC2022,4086471e-6ca3-482d-82aa-8ec894b1d883,3857288,3
WC2022,408a1edc-8d7e-4fc7-a094-81694e98eb5c,3857299,2
WC2022,409319ff-6078-43ec-9071-3179d4dddc48,3857256,1
WC2022,40c9d378-7f80-4d36-8dd5-0d41be62bdf7,3857269,0
WC2022,40d55f4c-33d0-41da-a8c2-76170aaa8a84,3869519,2
WC2022,40e76bb2-c6d5-4c3b-baba-aa4dce54b8ee,3857273,3
WC2022,40f400c2-2be9-4210-94d3-9108fec7be8d,3869685,0
WC2022,40f4cbeb-4ebd-4de4-a091-7ece8b4cbe20,3857273,3
WC2022,41088640-e8e5-42e9-8ceb-59f9c2240e2e,3869152,4
WC2022,412af0c3-f334-4a9f-9807-e3352bdaf2b6,3857294,4
WC2022,412d49fa-e8dc-4b69-9f7f-ca8aeaa3b712,3857297,1
WC2022,413499f4-3db8-4f15-8b19-c438c5df3309,3857289,2
WC2022,41587570-e154-4d4a-8a92-775c8289a288,3857255,0
WC2022,41c0f083-4f10-4aca-9384-f617eabbcad5,3857298,1
WC2022,41c5cd98-cb04-4c85-8b1e-2e389491249f,3857262,3
WC2022,41c63d14-4ed4-4a20-8ddf-128f135059b0,3869118,4
WC2022,4210f87d-613d-44db-ba04-0c303ad024b9,3857263,0
WC2022,424f46bf-2a49-4cfe-b74e-621a83fe72a6,3857261,4
WC2022,4268a6f3-b971-4ff2-924f-42fc158267b1,3857290,1
WC2022,428d6420-0dc8-4b9a-b8fe-f8ee1d055e4c,3869254,3
WC2022,42b13a7e-7ac7-4231-acaa-5428367d36fa,3857257,4
WC2022,42cd340b-2957-4bf7-9cd3-c3381386c02a,3857264,1
WC2022,42cfeb60-2c62-4645-ad30-40188253e627,3857282,2
WC2022,42d8f478-5cc3-4c30-a321-13f04d738b5e,3857296,2
WC2022,42f77759-c26b-4dbf-b950-788fb716d941,3857263,0
WC2022,430606f3-39a8-4355-bc00-15ec8c974041,3869254,3
WC2022,4323675f-9ada-4e18-8d4f-b245ab7b1672,3857259,3
WC2022,432edb7c-ff6c-4015-8f2d-23f159e5509d,3857276,1
WC2022,434827ff-1979-4f63-bc46-0702df331306,3857285,4
WC2022,436f1f7f-485e-4fca-a1de-f05b05dfac96,3869219,2
WC2022,437883b8-12a2-4d3c-93d7-5d2ab8412792,3857271,4
WC2022,43bee174-00c5-428d-a4e1-a2be73b6070a,3857265,2
WC2022,43bf101a-f6c2-4fd0-b90c-2204d71e806c,3857291,0
WC2022,43cd07c9-d81c-4fff-92d8-79ebfadf297d,3869220,0
WC2022,43d1f7c3-1044-4848-a43d-1e4d6df03187,3857287,4
WC2022,43e8e0a6-5768-4d76-85e5-751bfd864e65,3869151,2
WC2022,441d1e03-40a4-4b23-aa8d-64343acfd5a8,3869151,2
WC2022,4426eb05-4d6a-4e71-a111-d0363bf2c4cf,3857294,4
WC2022,444e3ca8-4c39-4bfc-ab60-867edd7e3a5e,3857293,2
WC2022,4499a533-18e6-425c-a3f9-1f285c7d435e,3857298,1
WC2022,45002f6a-277f-4098-91cc-910f3f6ad189,3857278,4
WC2022,45075b7f-ebae-4207-b167-9aa5fcfb3821,3857300,0
WC2022,45266a50-1cc0-4f78-96f2-af93d8b237d4,3857281,3
WC2022,452efe29-799f-4ab9-84bf-e43e4cc5fbdd,3857265,2
WC2022,45332777-31ab-4ff4-8274-ac1d66b77676,3857272,1
WC2022,456c1820-496c-4048-b7d1-eda6da6c0af0,3869552,1
WC2022,45be98e8-217c-4b27-916b-33917fe99e8e,3857285,4
WC2022,45d95cd6-2b99-48a3-a149-af6678e6abe3,3869219,2
WC2022,45fa78fa-1648-45f1-bed3-1f6738ef099c,3857298,1
WC2022,460380a2-58bc-4dec-bb25-ef40938c756f,3869321,4
WC2022,460542bd-375d-411f-9989-a10abe12c57e,3857280,2
WC2022,4655ea80-a538-4647-bcec-cd0ee2fab787,3857259,3
WC2022,46882f3c-869b-4946-ac85-e4f05cbf85c9,3869118,4
WC2022,46a1fffb-90ad-41d4-9ce4-ce0c83ecce53,3857286,3
WC2022,46ad73d8-ab18-427d-952d-d20e79620b08,3857284,3
WC2022,46b234e9-d038-4ec7-b938-7422b6fce5e7,3869254,3
WC2022,46bf1ea9-2e91-42ec-8199-5eba513e44cd,3857276,1
WC2022,46c071e3-6e15-44b5-b5d8-7507bd8e85f2,3869117,3
WC2022,46d08a40-cd33-4e97-9c55-6702add76ec2,3869486,3
WC2022,46fad567-b36a-4da6-bc15-c92a9ad211a8,3869354,0
WC2022,47029b72-7e6c-4666-a511-3d782536b83f,3857284,3
WC2022,4713df47-66f5-4db9-a314-6514116c75a5,3857279,1
WC2022,471a786d-8624-4ebf-8489-b0543ecfc547,3869486,3
WC2022,472406be-74a8-4acc-a167-af59b7eb0aa0,3857297,1
WC2022,47293534-e0b2-47c4-81d4-39173e0072ae,3857279,1
WC2022,475c7b5a-f918-42be-b6bd-9caf10f670c8,3857255,0
WC2022,477e1919-3c87-4a86-9a5b-8e03becfff51,3857294,4
WC2022,4793e4bd-7dd3-4fe7-a76d-90c82139b0e1,3869254,3
WC2022,479c20a1-bc59-436c-af8b-e492f6bc08dc,3857271,4
WC2022,47b8f0b8-b74f-49c3-8e6c-42b42640c8dc,3857301,4
WC2022,47bb6bf8-2324-456f-8fbc-256f63365cec,3869219,2
WC2022,47f8daae-4623-472a-9063-61c08c7fd8ab,3857295,4
WC2022,4800f75b-4f33-47fb-9677-6908adfc5a44,3857291,0
WC2022,480c9688-edbc-41ce-9e2e-6f313b6babdd,3869219,2
WC2022,4849298e-d931-4ede-857a-4849b3d82ab8,3857284,3
WC2022,486029db-a05c-4900-bd2c-3be3b64c9e09,3857290,1
WC2022,488c6f0e-a2b2-42c6-8de5-7a56fb5274df,3857269,0
WC2022,48b9b9d9-ed93-4bd4-a7f7-4e7a6477f4c5,3857264,1
WC2022,48d3b5b3-20da-484a-a8dd-b3fece5c2e02,3857301,4
WC2022,48e34889-00ea-46c2-9c3c-59b56d1f58af,3857262,3
WC2022,48e41d09-4e04-48d5-943c-18dacee1a2b4,3869219,2
WC2022,48ee0399-547f-4db3-b6b9-1da9bf76de84,3857277,0
WC2022,48f3a4fa-e58c-4bd2-969c-09d02705b962,3857261,4
WC2022,48f7a255-c2a5-47d4-9d44-90ead0a28f43,3857262,3
WC2022,48fdbe5e-a1dc-486a-b32a-a640003da53c,3857294,4
WC2022,49047377-cd48-464d-a73e-3bcc0c0e4509,3857298,1
WC2022,49164c32-5328-4e01-9efe-2d99b3af75ac,3857273,3
WC2022,494161c2-eef3-4d2c-8e3a-15cafabd61b1,3857258,0
WC2022,494ec0ce-2531-4876-8f52-57b0aef4a429,3857284,3
WC2022,495b904e-5df3-42c8-9a59-c8f27e799671,3857274,2
WC2022,496f09af-aa1b-4b45-a4af-c4e831b4ab8c,3857266,1
WC2022,497be68e-5808-4c9b-ab7f-26fba54e6dad,3857287,4
WC2022,499c7d23-daed-40a7-9574-c0218d862a04,3857269,0
WC2022,49c5b54a-d538-498f-8451-84b88d74237b,3857273,3
WC2022,49c613c0-a0f4-4404-987c-ce3facbdf170,3857281,3
WC2022,49d2068f-ef3f-48e8-9cbb-3c77fb9f0b98,3869253,1
WC2022,49e1ae71-e96a-4cb1-8445-8c679661700a,3857287,4
WC2022,49efbacd-9bfb-4aaf-a0ff-8f715104a771,3857274,2
WC2022,4a1331a6-0670-456a-b856-6bf1c61c98f0,3857286,3
WC2022,4a298b85-ff37-4959-b80f-86678f75e36a,3869420,2
WC2022,4a447445-1444-463b-a06d-26852913e0e8,3857259,3
WC2022,4a49a3b5-5bf6-41a8-aa47-3509cf1c6757,3869117,3
WC2022,4a5e096b-4eab-4876-bec9-68a11b6ad5cb,3869219,2
WC2022,4a80f447-5587-4556-92ce-7924ff52de58,3857271,4
WC2022,4a8e13b1-11cf-467d-8d5a-c108423543e5,3857261,4
WC2022,4a8e73f9-b5a4-480d-a13a-268f6885f77d,3857277,0
WC2022,4a962a6f-8eb7-47c8-844b-403485d26d7b,3857293,2
WC2022,4aa74109-e34d-4495-9bb7-75ab7b4a2197,3857271,4
WC2022,4aa9f0b8-6d5a-48ce-89c4-37eff7670c19,3857301,4
WC2022,4ab01ba9-12ed-4fce-ad3a-1ceee936100b,3857281,3
WC2022,4ab40f6c-faf5-4a1f-80ba-27995607a978,3857254,0
WC2022,4ab91d8a-8269-47ff-a00a-1b20665e7b66,3869219,2
WC2022,4abd0ed7-4e53-47bd-916e-cec0b669ca6c,3857264,1
WC2022,4ac79015-88bd-4a56-b13a-fd0eaaf46136,3857284,3
WC2022,4ad3349b-822a-470d-82da-c7d729144adc,3857295,4
WC2022,4ae509ad-49c8-4ab5-9491-0c009a48b928,3857292,3
WC2022,4b0347fb-ad28-4b9a-8934-26781a450301,3869420,2
WC2022,4b05a5ae-ccb3-4b99-a672-ad51c901fb4b,3857282,2
WC2022,4b6bc458-1cb8-488f-b820-e4870a67695d,3857259,3
WC2022,4b6c9bf8-d3c5-4f2e-a41c-ffa32661648f,3857256,1
WC2022,4b718e77-e404-4432-b409-7c82593ba7db,3857262,3
WC2022,4b725187-307b-4d94-ab5a-a4e97c48b3a1,3857267,3
WC2022,4b89a1e6-95f3-4bb7-b8f8-0f2977684e28,3869685,0
WC2022,4b94d696-8cad-437c-b78c-893b6be72cc3,3869685,0
WC2022,4baf8c47-f946-4ad9-b4f7-5d049b932081,3857272,1
WC2022,4c1bdbc3-9d60-44be-873b-afe5ff85df6d,3857255,0
WC2022,4c34988e-ae24-4954-90a2-cceb95259588,3857296,2
WC2022,4c3e48d3-6a85-4585-92f1-78dd7053b93e,3857268,1
WC2022,4c5274d8-6bac-44c7-bbc7-fe2628399c09,3857275,4
WC2022,4c6179cb-959e-4d0d-a86f-827cb4c13e0b,3857276,1
WC2022,4c652daa-da68-48bc-8b23-84c1acc23bfe,3869118,4
WC2022,4c7ec2dc-d484-445f-ae6f-05e2265afcdb,3857259,3
WC2022,4c914bd2-2733-4dfb-9a12-bfd05cfa83bb,3857267,3
WC2022,4c932e6e-b507-4579-aa40-f1b19e83638a,3857297,1
WC2022,4c9cee58-8d33-43c2-a07b-2c4290226d54,3869220,0
WC2022,4c9e163f-e483-409c-905d-c4917fa90456,3857287,4
WC2022,4ca0fec0-9c24-472f-a402-be9fd9fce7fe,3857284,3
WC2022,4ca26df2-d033-4af3-bd7f-0351ceeb6a35,3857268,1
WC2022,4cda22a7-2808-4983-9d18-71a8da9cb44a,3857284,3
WC2022,4d381aca-a642-4423-ae4b-a228e2bbd902,3857299,2
WC2022,4d482d84-5fb8-42cd-a358-0b30f7dca135,3857295,4
WC2022,4d4dd4cf-6704-47f1-bf3f-73ff9fca1d1a,3857281,3
WC2022,4d66ef91-9da6-4f2d-a2f3-54140036ff72,3869118,4
WC2022,4d76ed97-d36b-4b82-8132-3b32fbaea2e0,3857295,4
WC2022,4db402e8-abe3-42e4-bada-86e090d76600,3869420,2
WC2022,4dcc2c9e-ba79-4003-b3a2-086a28ae0fe6,3869219,2
WC2022,4df5af53-5a4c-4b88-86e2-77c87dcde15a,3857272,1
WC2022,4df9e84c-6f1b-43f9-9e2d-08fb668374bf,3857256,1
WC2022,4dfb73ce-0299-4498-a170-d1630af84340,3857254,0
WC2022,4e0862f8-112c-4519-8481-ec64ba987927,3857283,2
WC2022,4e3fd5c6-75bd-4915-8d65-0db0848a548c,3857271,4
WC2022,4e4a8a85-df2a-424e-8793-46ade13f2da8,3857262,3
WC2022,4e7deeb0-f538-4593-8c2b-78ae37755157,3857301,4
WC2022,4ec61547-95c2-489e-a6fc-ba72cc4de9c6,3869118,4
WC2022,4ed4be38-910c-4756-9fba-31bf094aa52f,3857279,1
WC2022,4edc9de1-2eb2-4cb7-9eab-a5130cdf6a89,3869254,3
WC2022,4f2a0fb0-84dc-4420-8201-ea1b20bbbee8,3857299,2
WC2022,4f6eabd8-fb0a-4e5a-8bec-35b191a46856,3869151,2
WC2022,4f94ff76-2984-4520-b30c-558d50404812,3869420,2
WC2022,4f978c71-7cbf-4a44-97a7-041e1ff641dd,3857299,2
WC2022,4fa9e757-070f-4f60-88a0-542cd8de77e4,3869151,2
WC2022,4fabc170-592b-42f4-a75c-97750c14922a,3869685,0
WC2022,500051ee-6c9a-4007-9c18-b50e8b9e7a39,3857300,0
WC2022,500273a8-675b-41dd-b515-8ba530c69be6,3869321,4
WC2022,50225d52-223f-4bcb-9100-a68609b299ac,3857274,2
WC2022,5062247c-c6cd-4833-bfc3-2ceb17e5374c,3869117,3
WC2022,506956dd-3fc1-4afa-91de-b3f8bc189d3a,3857254,0
WC2022,506d70e7-9899-42f8-9801-279c60b5e767,3857257,4
WC2022,50aea567-7355-43d9-94f5-48e81038c128,3857257,4
WC2022,50dcf650-aefe-455a-848c-68418d9b8875,3869118,4
WC2022,51097e67-8d6f-4651-aed1-1645a6f57fbe,3857296,2
WC2022,511389d1-859d-4974-b698-c9076e557183,3857275,4
WC2022,5119f051-2d0e-4b80-b98c-5cf6820d5ee9,3857256,1
WC2022,5123e00e-c398-418d-aea4-df901b23174a,3857257,4
WC2022,5165f6c4-ab42-498f-8aa7-b154afc403ae,3857263,0
WC2022,516bd636-aef9-4ba3-b131-500266b6dbc8,3869684,0
WC2022,5175ee0d-8e2b-416c-9f23-a3116393df40,3857264,1
WC2022,5180bb36-3287-4f1b-8038-8425a45d0bbd,3857254,0
WC2022,519e1c70-82d9-42cb-93c0-1eab8f99d13d,3857276,1
WC2022,51a82166-8a63-40c2-9f30-8f851556a63f,3857289,2
WC2022,51b7ae0d-12a6-4bfe-baa8-9dd26221fe13,3857291,0
WC2022,51c8d3d2-545b-4214-9a8a-f65e134f8ba7,3857259,3
WC2022,51dda5d5-f215-4974-a502-c899caf56469,3857284,3
WC2022,51e2cf34-c0d7-40f6-af9d-802310ada46e,3857300,0
WC2022,51eab409-00de-4b62-b7e1-f0df60fc9ff4,3857268,1
WC2022,52066cd3-9a58-4a7d-ab5b-2c29a56f2d6b,3857273,3
WC2022,521bef6a-84c1-43d5-8287-abc9095203f3,3869118,4
WC2022,523315d3-a373-47cf-a5f4-57c1dca55b69,3869486,3
WC2022,5275ea5f-6be3-4162-8ba1-318ec2a0eb59,3857290,1
WC2022,527807b1-647e-4b98-91ce-65e1e2b28971,3857285,4
WC2022,527f13b5-e558-49dd-b359-0c407d82dbd9,3857261,4
WC2022,52853db8-1558-406d-8c80-19ac547e08b9,3857265,2
WC2022,528ce8aa-d840-458a-a16f-ac4befa7aecb,3857261,4
WC2022,5297bb4f-d24d-47c6-803a-ef8100a280bd,3857287,4
WC2022,52a68d2b-d33e-4506-b7f4-198317e55e09,3857301,4
WC2022,52ae8798-1c77-4223-8f58-8d2774dfadbe,3869253,1
WC2022,52ca2d91-80f6-4b2d-8d84-c2fa0d74e3a6,3869152,4
WC2022,52eaaac0-476a-4847-9d88-8787eb759b0b,3857285,4
WC2022,5300cff8-d70f-432c-861a-a6122bbaf30d,3869552,1
WC2022,53083f29-47ce-41b6-91b9-50165c35b4fc,3857291,0
WC2022,53100769-c4b3-4f84-b515-4d01392d6872,3857263,0
WC2022,533bacee-666e-4e8d-9ea3-9bc653243ad1,3857271,4
WC2022,5346f98c-6ed7-4779-a12e-cf96169fd440,3857290,1
WC2022,53574d9a-c898-4efe-bdcc-05048ba7893a,3857260,1
WC2022,535b494e-5f9c-48da-afcd-1dee30699ddc,3857298,1
WC2022,535bd525-bf87-448c-9ea3-921bb8de4217,3857265,2
WC2022,5368b7dc-8dee-4fb9-b0c7-f1175f3bbf41,3857276,1
WC2022,537542c6-b5bb-4ed9-9efb-c1951c3f4743,3857290,1
WC2022,537ae27a-3122-47b4-a076-905640e38e9a,3857298,1
WC2022,537eb263-59cd-4009-bf0f-bb2ef9313372,3869118,4
WC2022,53a372d8-138e-4c63-88f6-9bae58a107b4,3857271,4
WC2022,53c146bc-1534-4d88-90fc-09e712ace517,3869519,2
WC2022,53ccaba7-3edb-4b94-84e1-25055998d98c,3857263,0
WC2022,53cd6aaf-1e7b-4319-b8f9-02cc6e6aae96,3857268,1
WC2022,53dd52c0-740f-4f5d-9889-d91df3e099d0,3869354,0
WC2022,53e22d8b-3c79-4a69-89cd-a29046287aa3,3857290,1
WC2022,547832a5-9eff-4253-9b8b-5daaed9ba66d,3857298,1
WC2022,54dba60f-d0ca-47a8-98c7-58f6f01e0012,3857295,4
WC2022,54e2c942-d747-4a0a-a8e9-419cb404cc39,3857272,1
WC2022,5501b461-244c-4c44-aa8d-5b1029dee691,3857296,2
WC2022,550884fa-709b-43ff-aa44-382d038c1873,3869321,4
WC2022,55097a46-8842-4525-9f53-d88169fda219,3857255,0
WC2022,5515ee24-3464-4cc1-97fe-eb2d2fc14529,3857256,1
WC2022,552c4832-06a6-41f9-a6cf-1c4af315abfc,3869220,0
WC2022,554ef63c-8f92-49a2-bffa-a6b938135995,3857292,3
WC2022,5585dcd3-54bf-4f1c-a03f-97b7d689d23a,3869220,0
WC2022,559da831-df8d-4398-a326-d833b45bc525,3857255,0
WC2022,55a387ec-9dab-4241-8be3-5f57c2f082be,3857257,4
WC2022,55acff3c-8b51-4fea-90a0-0971efe02501,3857292,3
WC2022,55d6ac8d-e6ee-4902-b679-e4cfbe1ac1f5,3857268,1
WC2022,55ed31ae-bb68-4f64-9a30-a6a7c8a20ca2,3869117,3
WC2022,560e3f87-7460-416a-9cf8-169b4b413f50,3869685,0
WC2022,563cb8ca-8085-4ec2-b9e1-56a17aa7fda0,3869684,0
WC2022,566d746f-dba9-4043-9315-62c5afb0b6ce,3869519,2
WC2022,568488b9-5417-42d8-9d48-4a307b27086d,3869219,2
WC2022,56859df2-3571-44fc-8e5c-5b6c1d464c86,3857265,2
WC2022,56ac1472-851e-43c1-9463-b1bc6a593e82,3857299,2
WC2022,56c53e86-6a4d-4308-ad95-c948d6470116,3857257,4
WC2022,56e6f932-3f5e-4b33-ade3-d45257b9fbf1,3857261,4
WC2022,56e9958d-5af6-4f90-84b1-129b4e032324,3857270,3
WC2022,56fef792-c25f-4246-8705-cae5278e94d9,3857279,1
WC2022,5729f960-2f44-4d68-8854-34ad1ad20b90,3869220,0
WC2022,5731e5e6-548c-4019-a47d-9fbfd2d23745,3857272,1
WC2022,573926f1-fd23-4548-87bb-0973e6546c27,3857290,1
WC2022,57400157-4723-4103-8eb6-5ecf19c9afca,3857268,1
WC2022,5742948b-764a-4402-ae8d-4ad906b2d0e4,3857273,3
WC2022,5743e7b1-6fac-482b-ade0-bf685f17230f,3869118,4
WC2022,5745eddc-775d-4fd2-baac-dfea6ccd2c92,3857273,3
WC2022,5752553f-4f9a-4922-ac23-90f9e9852c3b,3857259,3
WC2022,577f4c7a-410e-4133-a47a-e2b831c57544,3869684,0
WC2022,578a4775-c570-4613-8562-b55bff951029,3857258,0
WC2022,57b1a922-7aa7-4225-a5d1-18ee733e178e,3857293,2
WC2022,57b7aecc-f67a-4f6e-9b5e-1a1ee55eaf12,3857294,4
WC2022,57e07f95-7a9d-4983-bdd1-f7897a3608b7,3857297,1
WC2022,57e72a3d-1ed3-4ce6-878e-c18a6ea8665f,3857262,3
WC2022,5804510f-6e3b-4a76-b9cf-56ceffb61e54,3857288,3
WC2022,580bf7e8-27bc-4cdc-840d-62cf079c5073,3857276,1
WC2022,581829fd-e3b8-46dd-b01a-8a037bbadcee,3857289,2
WC2022,58289716-9216-44bd-b00f-715bf3ed71cb,3869321,4
WC2022,5885a4ce-45c6-4f30-857e-a2b70ed9a6c7,3857278,4
WC2022,589667b9-e321-42df-9a3e-fa736620e3b5,3857284,3
WC2022,589861ec-75d9-4047-a8c1-a6bb9fdbe2b9,3857271,4
WC2022,58cabf31-04d4-42e8-8a83-ab60c02323ad,3869486,3
WC2022,58ddb73e-cf23-4bc1-ab19-88c7a3fb2bb4,3869685,0
WC2022,58f126d1-c476-448b-b5fc-b55fe612d79f,3857269,0
WC2022,58f29cca-41b4-4aa3-90c9-89b4a05e1bba,3857278,4
WC2022,58ff3348-e3c7-4bd4-bd38-e38f624ae214,3857254,0
WC2022,5905f75b-c3ab-48ec-bc1b-ea7a0ba15e33,3857256,1
WC2022,592ec5a2-50a7-4bd5-b6fc-164c54a4137c,3869552,1
WC2022,5957a12f-7766-428f-a368-0494a82842cb,3869253,1
WC2022,59970e74-696d-4909-a85a-ec97a407a4c2,3857284,3
WC2022,59acf951-6a2b-47d1-b45b-af12e6bb1e79,3857254,0
WC2022,59ade331-ea26-4812-a85f-89131b49167a,3869420,2
WC2022,59e0c56d-ab9d-4a3f-89db-584eb9246f15,3869420,2
WC2022,59fab05a-1ecb-4ee3-a486-d9cdb5d3ad16,3869685,0
WC2022,59fe4b8f-e949-4052-8ab5-25f8bf3aee1a,3857255,0
WC2022,5a242506-fda8-461f-9fde-5d9abb8635e0,3857295,4
WC2022,5a3e8c7d-572b-493f-b5b0-6ffcd0aad510,3857268,1
WC2022,5a6de109-f2f5-4029-a1e8-a83490cd04cc,3869519,2
WC2022,5a85a9de-0127-4d86-8b19-ca99f61dd478,3869118,4
WC2022,5ae0d402-4152-4f1e-8ec3-588f440988cf,3857271,4
WC2022,5aea1fa5-b060-4bd0-8a08-ad0b9e70fab2,3869420,2
WC2022,5b224164-8348-4914-b26c-63a48835ce33,3857254,0
WC2022,5b25e20f-5112-4682-beba-cef46e0c445c,3869254,3
WC2022,5b53eb5b-8b7d-4194-b61f-ab677ff9b019,3869254,3
WC2022,5b6d8b92-73a9-4876-b114-838658c1c7dd,3857276,1
WC2022,5b7d8c40-9472-4c9e-93fb-fe4a4d4a82a7,3857284,3
WC2022,5b86fbab-aa8b-4b16-843c-6c42c3fe6995,3857261,4
WC2022,5b898503-1867-4827-a890-18f4a1a2aa54,3857274,2
WC2022,5b9a9277-74d4-4238-8eec-8001cc79018b,3869354,0
WC2022,5b9e8b72-a318-4445-ab7a-79b81b309462,3869152,4
WC2022,5ba086c3-ff49-4655-9182-b36f1045c025,3857263,0
WC2022,5ba6c5b6-77db-4f87-af61-97e513727f01,3857259,3
WC2022,5bc9f200-0ec2-444f-9af5-1592d961df0e,3857262,3
WC2022,5bd745b7-dc72-40c1-ac3e-b9f77c3dd248,3857263,0
WC2022,5bde5545-20f1-44be-acca-aa075aff5f4f,3857258,0
WC2022,5bf9d101-8ac4-4a2e-a918-44cf10a6f46f,3857272,1
WC2022,5bfe5c31-2b2b-451d-9082-601ec37c3d50,3857272,1
WC2022,5c031cfc-d613-471b-ad8e-59c86b718839,3857280,2
WC2022,5c191780-84b6-40d5-9c99-ed37baf25f31,3857290,1
WC2022,5c1a69a3-7a09-4022-ae86-6c384d973074,3857267,3
WC2022,5c72229b-f02c-4466-8fe2-029e3b92f8e2,3857254,0
WC2022,5c72c5fa-d0da-4403-a079-fe7b42a227d4,3857298,1
WC2022,5cb1d4d9-c26b-4366-978b-2e7cf5b0de8f,3857281,3
WC2022,5d00b98e-5a59-47ba-8e73-2f176ec6e513,3857284,3
WC2022,5d0427c2-289f-41b7-a7a2-b0a1f228c983,3857262,3
WC2022,5d0ae280-cb7b-4bd4-ac32-32a029063ee1,3857257,4
WC2022,5d2fcece-ea8b-4038-a71d-198483d91aeb,3857259,3
WC2022,5d30d4e8-3f86-4130-ac03-a6460cd57ea4,3857301,4
WC2022,5d4002b8-ec3e-41d7-85ab-b45aa522018f,3857271,4
WC2022,5d625088-a5a5-4247-b49b-5c16e262c76c,3857259,3
WC2022,5d69dae3-9be7-4eab-92bd-9323ab511cc3,3857276,1
WC2022,5d708236-c1a9-4256-9c1a-37f392f40e1c,3869254,3
WC2022,5d9b5e87-f208-4568-a57f-cce824c9db3e,3857277,0
WC2022,5dc1f2bb-c2cb-4de3-a77b-4943b5ca8327,3857261,4
WC2022,5dda5547-6125-434f-a3ec-f0aa3465fec1,3857272,1
WC2022,5dde1f66-a5dd-4d9e-8d6c-e282ada45b50,3869486,3
WC2022,5e0c2bfe-62a1-4614-ac54-f3e614ae0245,3857282,2
WC2022,5e1100ea-20f4-42ff-96be-7c6292b6486a,3857300,0
WC2022,5e1ec942-9af4-444c-857b-66a4a7758f39,3857282,2
WC2022,5e2100ac-1d8c-40e5-ac91-809609c4dad2,3857281,3
WC2022,5e22358d-7c78-4ea6-b921-8d4147e13304,3857279,1
WC2022,5e6607e9-8d82-4f91-91df-4a348bf7e809,3869684,0
WC2022,5e668c19-4dbb-49e9-bf42-caddf3675180,3857265,2
WC2022,5e677634-1e96-4f53-82c5-d05ab6fd61d3,3869118,4
WC2022,5ebeac50-9dba-4643-9b8a-3d848c669a02,3869117,3
WC2022,5ec01205-1c0e-4670-9374-3e0e2ad0ab8e,3869151,2
WC2022,5ec519cc-f6cf-48e4-bfd0-64df82e48c3b,3857290,1
WC2022,5edae342-9097-4e84-9d43-d97a5bcf5063,3857289,2
WC2022,5ee25320-2f51-4527-8bf5-9e5f98264a32,3857300,0
WC2022,5ef644ef-c7e9-4e0e-9f78-bf2723fb4909,3857295,4
WC2022,5f05727f-d5cb-4bac-9253-b4ebcc97c6e6,3857261,4
WC2022,5f0ed16f-c4c2-43e0-9d96-f2a1c24b5ebf,3857254,0
WC2022,5f111df4-f9a6-463f-80c1-f15470dda4af,3857268,1
WC2022,5f16a353-0fa2-4c8c-b903-9652c03add90,3857267,3
WC2022,5f39e28e-cd34-42bd-9afa-fa0db4d67549,3857287,4
WC2022,5f4ed006-433a-45d2-a030-748d0e82e6c9,3857260,1
WC2022,5f4f9e42-77cc-47ff-9127-5b283e590b6d,3857295,4
WC2022,5f6136ad-4a3d-4331-9c15-4e61b30cf397,3869254,3
WC2022,5f6a216f-3bda-4c3c-b1cb-d3db879d18eb,3869552,1
WC2022,5f7fcd47-c3be-40dd-b3e7-1c4421523e2f,3857264,1
WC2022,5f98ac32-aa1b-4cca-8859-c5ae323b791b,3857258,0
WC2022,5f9a0ab1-7a80-49aa-aaea-93c656846297,3857275,4
WC2022,5fa1f62a-de5f-4299-b66d-efa41ee15ae6,3857262,3
WC2022,5fa5ef67-4958-4554-a2cf-37d4cdb03822,3869552,1
WC2022,5fa8d461-0d1a-4da6-bc09-4cff13c51042,3857284,3
WC2022,5faaa8aa-e5d8-4e9a-9b5e-d02080adfa04,3857281,3
WC2022,5fdf7f3d-577b-49ca-92a5-fcdd7e8c69f6,3857276,1
WC2022,5ff7b8a0-62ae-4831-85ef-9266738d551f,3857279,1
WC2022,6048a0a0-cfd0-423c-947f-439e58cf4944,3869117,3
WC2022,60545644-44b1-4f19-86f1-d625948088d8,3857256,1
WC2022,605473a6-b539-48f8-b0ca-c5cbb0a136ae,3869552,1
WC2022,60917574-c1c4-4685-8dcc-8ec784db96c9,3857300,0
WC2022,6097225c-8237-450e-8cc5-6c616562be56,3857261,4
WC2022,60dd114d-3a78-4e93-832c-2e9be351d090,3857274,2
WC2022,60e6ca2e-8268-4b27-921d-d4a8b6d376c0,3869684,0
WC2022,60fd4200-e312-45ec-8060-18ab777202ad,3857256,1
WC2022,61000692-a2be-4315-ad55-fb79df2e1c59,3857288,3
WC2022,61249342-cb70-4777-a978-cfc4ac396a2e,3857290,1
WC2022,6147ca77-4729-41e1-8b35-de22925e2a62,3857262,3
WC2022,6154ac23-8289-495f-aacf-cb6a42ff925a,3869253,1
WC2022,61a79aac-a489-4da2-9b9c-f3a00be127e6,3857269,0
WC2022,61ad446b-efbe-4129-a920-a11afe4d907f,3857258,0
WC2022,61b72470-e155-4375-b6c7-9c96a14f998c,3857270,3
WC2022,61c53adc-124c-47c3-8326-18146183f8dc,3857269,0
WC2022,61d51af8-15a6-4b3d-a001-c2309f43456e,3857257,4
WC2022,61d5520b-931c-4fd3-a727-dd398280717d,3869354,0
WC2022,61d90b9b-d4be-403e-9d98-41da0003a40c,3857264,1
WC2022,61dc250d-d251-4977-82fd-0712aea1cf88,3857299,2
WC2022,61f28572-679c-42b7-96b1-969531a56ac5,3869253,1
WC2022,61f2e219-b3d2-447a-8523-d581844a94a2,3857283,2
WC2022,62047ce9-1a16-4af3-9fb5-1d1d67b274d8,3857269,0
WC2022,6213c232-cb2f-4f7a-b4a9-5c81b2c69493,3857274,2
WC2022,62205c55-ef27-49f0-aa48-aa74389e346a,3857278,4
WC2022,622f978c-78c4-4b08-9a05-d10f419b9d94,3869117,3
WC2022,6239dcfb-fe8f-441e-896a-10d3de97399f,3857264,1
WC2022,624f456f-f5e6-451e-a290-f30980f34702,3869152,4
WC2022,6272ccfe-4478-40a1-80e5-3130e54dad75,3857297,1
WC2022,629edfec-b6ac-48d1-83d5-c072e61dfb26,3857286,3
WC2022,62aba15f-164c-4ab8-aa68-f519b254debc,3857295,4
WC2022,62d9a176-6689-4c36-a0af-c113553e43b1,3869486,3
WC2022,62e68dff-73c0-4391-b441-45202fbda66b,3857290,1
WC2022,631b39a8-f42b-4d80-8d1d-fc3ba8267df3,3857298,1
WC2022,632574ba-2820-47b9-b259-5fe93f45bcc1,3857289,2
WC2022,6334322f-f774-4afc-a037-f7a54564ecee,3857288,3
WC2022,63632a52-1d30-45fc-aff1-6c8fa0e31524,3857293,2
WC2022,636de5bd-fe1e-4152-9144-80295804c22d,3857262,3
WC2022,6373b223-5307-4cd7-867d-bf684501fc17,3857280,2
WC2022,638c5404-f42e-4e52-87e0-2b1e2a7a82a7,3857265,2
WC2022,63b226ed-da5b-49dc-950d-151858d50053,3857274,2
WC2022,63b65f83-f6da-46ef-a368-0f3d1b4c8011,3857267,3
WC2022,63b688eb-2a91-41e0-bb5a-d128e881c3c8,3857296,2
WC2022,63c6e3f9-2565-4532-b99f-1ea01cc4280c,3857292,3
WC2022,63e722a5-dfb1-4dd7-9207-58af5db8268b,3857298,1
WC2022,6402e0b9-f71d-43b4-a57e-ebc8ce6da3e0,3857263,0
WC2022,642581bf-5ce5-4574-bdaa-be7a04fca38f,3869519,2
WC2022,642eed11-e88d-41f7-ae48-6d4e7d0bfbfc,3857259,3
WC2022,6459cb06-2f63-418d-b719-256945bd4f47,3857263,0
WC2022,645c2435-24a4-470b-98d9-a4a1a14d5aa7,3857266,1
WC2022,64603209-6a3a-4713-84e7-444788a3cd65,3857269,0
WC2022,6470cc26-28c0-4512-8315-ac26cc19ea33,3857263,0
WC2022,647c1b06-9b20-41aa-80a1-1e199301e9c5,3857261,4
WC2022,649c66dd-554f-476f-b298-771c1d0a3c13,3857295,4
WC2022,649f121e-d618-4f0f-87cb-b1b032fb0379,3857301,4
WC2022,64a7f61d-a066-449b-93b0-e759248ea7de,3857280,2
WC2022,64c747a2-cc9c-4044-b990-3f7192b2840a,3857259,3
WC2022,64cd7c29-3714-4b62-977b-03789818d281,3869118,4
WC2022,64e09faa-3135-4128-870d-f584df6c01b8,3869684,0
WC2022,64e868d7-b96c-437d-b696-6a869b19e0cf,3869519,2
WC2022,64f79e95-64ce-4f7c-bcea-317eb1700502,3869354,0
WC2022,64fca160-7d8f-4bdf-ba62-a3b92b37ee46,3857284,3
WC2022,6512bc1a-b3a1-49fe-bf43-45c1c51a9dfc,3857278,4
WC2022,65192d90-5609-4ca9-8579-31b39134b11d,3857277,0
WC2022,6527f79c-3f50-43cc-b571-ece85b448859,3857277,0
WC2022,654375f3-9d26-4b6a-a0b8-d9cb22e01ecf,3857259,3
WC2022,655315eb-7ca7-44cf-ba42-4a9b4ae73084,3857259,3
WC2022,6566af5f-df3f-4fdd-a172-1f5ced330110,3857271,4
WC2022,656ca74a-52ae-4ddf-8f68-ddb4b27caa7d,3857262,3
WC2022,6581eda2-524a-429b-ae1a-850f1da6e7f2,3857276,1
WC2022,65b340af-e09e-446a-89c1-988799a7bf3a,3857263,0
WC2022,65cd4c15-75e9-44e7-996e-6f2d70c18af3,3869486,3
WC2022,65f2fb09-224b-4406-9063-fb770f07fbc9,3857299,2
WC2022,65f53eef-7862-4bd0-9e52-59c86ed20aa9,3857289,2
WC2022,661aec6e-80ea-4947-906d-6a220c828958,3857294,4
WC2022,6620ee86-ad5b-40df-8698-e39697f2efad,3857265,2
WC2022,6630876a-3a34-4299-99cd-1cd0da0886c5,3857289,2
WC2022,663f1007-2b36-4caa-9c56-d8671078d610,3869152,4
WC2022,668df44a-37b8-46cf-b8b1-2a00b39152e7,3869117,3
WC2022,66b84682-1a04-4042-8f7b-f98114696014,3857291,0
WC2022,66c5bb87-1570-4a30-a970-73d4133ea8e0,3869220,0
WC2022,6730fac4-8018-4c5d-9c84-81ab9d8ade81,3857301,4
WC2022,674790d4-3f9c-4225-af66-ae27a9677c5d,3869321,4
WC2022,676af8d7-144e-4dd7-a17e-806cf9ba6aa4,3857290,1
WC2022,6789f6cc-dd4b-4e9d-a7ee-0d3889dcef45,3857291,0
WC2022,678e356a-8372-4d33-9a73-ee1b0123df3a,3857269,0
WC2022,678e45bd-c56d-4e71-8a48-138ac9e15506,3857271,4
WC2022,6793fb31-84b6-40b1-ae37-5bf7294e9ea3,3869220,0
WC2022,679de3e9-2d47-453d-b2c6-c0d5f4da7935,3857257,4
WC2022,67bd3c6c-f148-4a8c-8849-7cdd594ad729,3869254,3
WC2022,67e5b74b-1401-496a-ab4e-99261abbfbda,3869420,2
WC2022,67f74994-e121-4e49-a380-3d96b84ac8ee,3857259,3
WC2022,6816b282-e487-4a66-8cfc-21789ca2f71d,3857276,1
WC2022,684d5060-e1b6-4e58-8ab4-d9a887cf5886,3857267,3
WC2022,68990dbb-6305-4328-9412-2099a65d5458,3857291,0
WC2022,68a25617-5029-4d3d-ac03-0b57aa56182e,3857294,4
WC2022,68a9773b-69c6-4998-b7ec-bfa76ad7be70,3869254,3
WC2022,68b73a78-ab8a-4c44-923f-ac17c3dd5cae,3869117,3
WC2022,68c32192-19e9-4be2-b61b-ab1b8a7ac91d,3857295,4
WC2022,68d558fa-35f1-477f-8aaf-e7001610befb,3857254,0
WC2022,68e67913-68a1-4909-ad66-c533787b0b52,3869420,2
WC2022,690b7144-f261-4f67-841f-a2b060cbb0ad,3857287,4
WC2022,69227093-53d1-453e-b136-80ca9f96927e,3857267,3
WC2022,69648177-9784-4396-a4d1-5fb55122da05,3857268,1
WC2022,69934140-9917-4d5f-a2df-47846e3a42b2,3857258,0
WC2022,699d7ab8-2cd7-4612-b68a-27ceb5b614bf,3869152,4
WC2022,69e3835c-4df4-4b87-a199-a387853b84dd,3869519,2
WC2022,69f1868c-8f9e-4d8a-9b71-3f1a485e859c,3869253,1
WC2022,6a136664-cb06-4f06-acb1-3d65bdd20b8a,3857279,1
WC2022,6a17ae8c-83c9-43e7-a500-58c662f94ba0,3857259,3
WC2022,6a19cbe0-fde1-48b9-8049-81451299d5b7,3857299,2
WC2022,6a1b136b-479c-40e3-837f-029f7fc68482,3857259,3
WC2022,6a516fa8-2e69-4fe8-93de-d78fc7950cd2,3857301,4
WC2022,6a7787f9-b334-492e-9f35-3a06a3646b4f,3869685,0
WC2022,6aa350e7-6e56-44a6-830d-dc66df3b26d7,3869117,3
WC2022,6ab8bc0e-ecc0-45f5-b7aa-021518ef2833,3869152,4
WC2022,6ac4a21e-29ef-44de-9744-bcaa2355c289,3869118,4
WC2022,6acbf7df-13c7-4c28-ada4-64d4fc407300,3869684,0
WC2022,6ae82e43-0d2a-4c36-80f9-e9790f1f8606,3857280,2
WC2022,6af56883-f5d3-4c12-b266-d6ac7184a007,3857277,0
WC2022,6b117b59-88ed-401e-a226-32bd7a888ccb,3857290,1
WC2022,6b12695e-ea04-45db-98d3-cbd1f36a0b41,3857257,4
WC2022,6b1c44ed-8884-4224-b8fe-2d0c63d73c1f,3857270,3
WC2022,6b2b4c90-3f54-4c47-8389-449356f1d97c,3857260,1
WC2022,6b6cc2b5-c949-4dc0-88a9-d1b4345280b5,3857292,3
WC2022,6bc86242-0cf4-44ed-b80a-90a544cbcb2e,3857263,0
WC2022,6bd99a65-1a3d-4321-90d6-f6b5fc13dd26,3857279,1
WC2022,6bd99be6-f23c-4306-8448-9df3ab9bfc7f,3857272,1
WC2022,6be2e15a-fb98-41ea-ac05-e196c5c0b318,3857263,0
WC2022,6bf01ec0-f91e-4903-9fae-29a43dd1029f,3857301,4
WC2022,6c248622-b3d6-40a1-aa59-dfb74fde866d,3857288,3
WC2022,6c25882d-2a02-4b37-a64f-56f943d9b13d,3857278,4
WC2022,6c539fa7-aa58-41d7-9306-0e610e67f781,3869254,3
WC2022,6c53cec8-31fa-48ab-9417-301795f2e696,3857298,1
WC2022,6c5d7bf3-7a8b-45b2-b6c1-acc400570c8c,3857282,2
WC2022,6c760885-6fea-44a4-a6cb-d55a300351f9,3857256,1
WC2022,6c80a8ba-3a0a-4435-a8c7-1a9dba4e8256,3857294,4
WC2022,6cae573c-9b6f-4af6-ab75-8f91fb7f508f,3857267,3
WC2022,6cb767b2-0497-4b82-a1be-dde6d3c3905a,3857287,4
WC2022,6cbb6360-154f-4b7c-a913-c6b3a8e8536f,3857289,2
WC2022,6cdcb46b-080a-4866-a69a-f46fbb5438b5,3857280,2
WC2022,6d025789-ae33-4b4f-b54f-b23d7af8cd39,3857272,1
WC2022,6d0bec03-5c46-465b-ac19-c3010f03847c,3857257,4
WC2022,6d41ef2e-0db9-4f69-b984-a3ab8a6cadc2,3857271,4
WC2022,6d4a1288-d535-4b05-8244-28ddb05cd18b,3857264,1
WC2022,6d5774a7-90df-47c5-a30c-d571a4f25666,3857290,1
WC2022,6d759b1c-5b92-4995-b91d-b614e92dc5f0,3857265,2
WC2022,6d7d05ed-c869-4c33-bfec-51e6352654eb,3869117,3
WC2022,6d83f977-3194-4ea8-851e-5de224bd674b,3869685,0
WC2022,6dbb3559-bfd3-405b-9f37-a6320c4054e3,3869552,1
WC2022,6dcd62da-cc70-42cc-b84a-3207bcf061f3,3857292,3
WC2022,6e23150b-14af-45b0-b65d-d5bafd251e53,3857291,0
WC2022,6e2cf948-65bd-48ad-a1a6-798d75e24ad4,3857284,3
WC2022,6e2d0638-c6d9-4fb5-8182-91f888103a48,3857295,4
WC2022,6e2e1583-afcd-44f8-9c20-1328445a8aec,3869321,4
WC2022,6e34ee2e-5443-4639-a2f3-4a2d3b8ab253,3869486,3
WC2022,6ec89d43-33f3-4fb5-bae0-4c02ff5f7f6a,3857286,3
WC2022,6ecc6da5-d713-4acd-99ed-3f3d7d2e6f95,3869220,0
WC2022,6ed8668d-0ce9-4b5e-88be-a208d81a3634,3857299,2
WC2022,6f0db5f5-f1f9-4f72-8372-e5fa9a7d7543,3857288,3
WC2022,6f0e37ee-6f7c-4c80-ab1e-ce2e04a7b05f,3857271,4
WC2022,6f1af8c8-fa37-4c9e-831b-c885ae3e9cad,3857254,0
WC2022,6f2f5ac9-130a-413e-bb64-b8c733b25ad6,3857288,3
WC2022,6f4b1d46-cdbc-4f6f-846c-890c3a88c777,3857278,4
WC2022,6f4e98e3-e5ae-4127-9290-b8c9945ad1ab,3857258,0
WC2022,6f5c55d8-c693-4abe-b95a-665b747067e7,3869321,4
WC2022,6f79f97c-d203-4022-beb4-14c2607368b1,3857257,4
WC2022,6f85fbab-3605-41f9-af20-0d7ca376d4e3,3869420,2
WC2022,6f9f7efd-6541-4342-8a8e-c82027e0e96e,3857290,1
WC2022,6fb6045b-e9c5-4b5c-bd57-a4150ef0c174,3857276,1
WC2022,6fb92a09-f8b3-4bb4-a9f6-e408adedf837,3869685,0
WC2022,7068dcdf-4cfc-48ab-b4e3-d8d8fbf9c396,3869254,3
WC2022,7081ff12-e3ac-496f-a6d7-ba0fa3273db1,3857300,0
WC2022,7089f3e7-0491-4e1f-bb2b-e947e21013a9,3857261,4
WC2022,70b73409-a126-4213-8ba6-aa8a516dba5a,3857290,1
WC2022,70f61e9b-d1dc-46e2-a318-1b366e0f88f2,3857290,1
WC2022,7112fdae-6972-4094-8301-4b92600264e6,3857261,4
WC2022,711e9b4a-23d5-488e-a067-c2668288d124,3857274,2
WC2022,71253e99-e507-4991-a784-a1a35e1d910a,3857281,3
WC2022,712a2f5a-3f04-4221-a725-bf22118494db,3857294,4
WC2022,714554c6-9bb9-4072-a9c4-afc5928b9be7,3869151,2
WC2022,71573f0d-de79-4bb6-a2d1-f217b7a4cafb,3857276,1
WC2022,71626f7e-4da9-40a8-98a2-9eeec8a15ea5,3869254,3
WC2022,716f9724-2c40-47f6-a015-78a5f4b80ae1,3869684,0
WC2022,7174f8a0-f7a0-41c4-aeb1-67ac47538266,3869220,0
WC2022,71a3c526-30f1-412a-b6c3-c391ae0bfda4,3857256,1
WC2022,71ac01b3-8322-4270-9260-50e838eb6340,3869420,2
WC2022,71c1cd10-ae2f-4f9f-8114-d5b8c91ec424,3857285,4
WC2022,7239cdf9-fe32-43d6-9b95-cdd60400c44b,3857257,4
WC2022,72597252-aa7a-4ff6-be23-8e77426232eb,3869151,2
WC2022,725d1a14-9c78-4020-b463-61f296525250,3857286,3
WC2022,726b1657-e8a5-466e-9a05-14961dda1bd6,3857270,3
WC2022,729d8721-2756-44f5-b7d8-01d7d674f9fa,3857291,0
WC2022,72ce7a6c-999b-4268-8e16-76f4635cdce7,3857260,1
WC2022,72d22e1e-c416-4e2c-973b-b56dd48b786a,3857277,0
WC2022,72d4a115-bba6-4b4a-8207-965284e41e36,3869220,0
WC2022,72d4ec2c-b774-4c92-9d8a-e1480c4c15ee,3869420,2
WC2022,730d8f97-1512-43f5-99bb-0d06e8b996a2,3857257,4
WC2022,7314aedb-5c05-4b11-8b3e-081fea0b8d5b,3857287,4
WC2022,73366685-ae5f-4888-96d0-43dd728519dd,3857262,3
WC2022,734db398-f971-47a4-828d-7642cf995de2,3869519,2
WC2022,7352e5cf-25d8-403e-a59f-362e2845634c,3857275,4
WC2022,7355ffd4-12a8-4f1e-a3c8-c0fc9287ed24,3857280,2
WC2022,7365e4ae-9801-4807-b135-08bd9766b3d4,3857273,3
WC2022,737b4059-4afa-4ea1-ad9b-1f601e4d45b7,3857263,0
WC2022,7397bf68-0294-4539-8a69-c14c19094df1,3869220,0
WC2022,73d0d512-ee9d-476e-9cf1-7d64c4d6282e,3857274,2
WC2022,73eacb72-647b-4bfd-9760-f3e217db8dbf,3869118,4
WC2022,73f80ac8-d3e4-4e7f-9958-dc2b91208b5d,3857268,1
WC2022,740aa6aa-c5d8-46a3-aad2-84f5dd8337d3,3857294,4
WC2022,740f9d08-281e-40ed-81f8-544ddbede98a,3857267,3
WC2022,744139de-42d9-4167-9054-542b26aa4008,3857266,1
WC2022,74b14a7d-2be2-4317-aaae-0e3ab0f584f3,3857269,0
WC2022,74c6ff3b-c400-442c-90ec-588091acac0f,3857256,1
WC2022,74e94177-e876-48de-a499-fd90b9a80ba7,3869684,0
WC2022,74fdab1a-94a9-498c-bf13-411538a4551b,3857278,4
WC2022,75037f34-d783-4901-bfdb-8a05aa966481,3857256,1
WC2022,7510f3de-e8df-48d4-8c36-1a0b9a7bebee,3857263,0
WC2022,7521146d-da7a-4248-8231-cd90e12f93de,3857262,3
WC2022,752a7b5a-e5c1-4c43-871e-3c43ba1b3dca,3857281,3
WC2022,753b586f-c844-4734-981c-e126b478a30b,3869151,2
WC2022,75440b64-2dd8-4ed7-a1a0-eb0376cb6bfb,3857254,0
WC2022,757430a4-d565-4809-b4dd-f58cc7f5eb73,3869552,1
WC2022,75939315-a071-47ca-880c-24fb474408e7,3869254,3
WC2022,759c562a-22c4-47eb-b908-e45af660cdbb,3857265,2
WC2022,75c812dc-ec4d-45d5-97db-02b4aacdbe84,3869685,0
WC2022,76524435-43dd-4569-92cb-741357b60aff,3857282,2
WC2022,765f8bbe-1a35-4ac2-bacd-dc22a390d261,3857281,3
WC2022,766c9a10-9058-4b55-ac22-9f2febe2710c,3869253,1
WC2022,76da90be-3880-4965-9a69-7b0af150f303,3857290,1
WC2022,76e453bb-1c59-44ea-b9d0-44711a090251,3857256,1
WC2022,76f7c14f-6e12-4fc5-ab3f-0aca11956784,3857271,4
WC2022,770d9328-1121-4f8e-8846-be9a354e2a75,3869420,2
WC2022,7734984f-d3d4-470c-b64d-5a0fdc3fda42,3857268,1
WC2022,77739d4a-9698-4315-a6f7-8f5dedbb7276,3857280,2
WC2022,77a56e3a-9da4-429f-9f8f-13987c5dbab5,3857279,1
WC2022,77ce50c3-9838-488f-a22e-9805384a8e0a,3857290,1
WC2022,77dcc029-f068-4f24-8ead-0deb1110525e,3857287,4
WC2022,77eca6fd-637c-49ce-a794-59f3d46ba9e9,3857274,2
WC2022,77f1bd20-39d3-45c8-a18a-5881148357ae,3857272,1
WC2022,7802ca95-b868-41c7-b824-086407773c72,3857278,4
WC2022,780b1ac7-95e8-452a-8420-895ad7e279f5,3857269,0
WC2022,78351a74-2aca-49b0-a9bc-f9eeeb7f3012,3857293,2
WC2022,7856ce8c-3ec3-49b8-a5b6-97604305e70a,3857275,4
WC2022,78870957-c9fd-410d-bbf7-5007939572ca,3857290,1
WC2022,78ac3cfd-a425-4de7-8801-8e06b62ef309,3857297,1
WC2022,78ad9ba9-0e1e-4a89-9458-876ae78dd371,3869151,2
WC2022,78c02aa1-52ca-42de-a168-655e8e81de22,3857270,3
WC2022,78f39291-f695-440d-b648-a318c0ecc47b,3869321,4
WC2022,790e4da1-8a28-48c7-bede-172d7fd7ab86,3857282,2
WC2022,7927920b-3964-443e-97c3-ee1a815894ed,3869254,3
WC2022,7929d955-72c5-4597-9a5e-e207a8ca89d2,3857268,1
WC2022,795a8f19-eb13-40d9-9b48-d6399187cb02,3857283,2
WC2022,797d340d-244b-472e-af53-9b09879fc5ac,3857270,3
WC2022,79863313-a0e2-4034-ab07-3aa4554fb430,3857265,2
WC2022,798bda27-5d6b-4b54-9812-800c276cf7bd,3857280,2
WC2022,79c2a58e-0005-4fe1-a9b3-0428e2b65a54,3857294,4
WC2022,79cbb6f2-40f9-4ba3-83ed-f89cebf7b874,3857279,1
WC2022,79d13f4b-ef52-49d5-a8d7-c952111fd091,3857278,4
WC2022,79d2ee20-8bfb-4e32-a06c-9decadfb9c15,3869117,3
WC2022,7a2b00eb-4a17-4ebe-af9d-6fb39a3bc681,3857285,4
WC2022,7a31837b-aeb6-4831-af7e-45f69d4b2b07,3869152,4
WC2022,7a43e93e-2d55-4940-b8fe-d837abd9a0a8,3857273,3
WC2022,7aa8a26f-7fc7-47b6-8437-9603453de633,3857284,3
WC2022,7ab00f50-5505-4f5f-9a70-d7a45dd84325,3857263,0
WC2022,7ab73234-41b1-4e6e-b6b3-90b6cca23898,3857282,2
WC2022,7ad8071b-feac-40ab-8e66-1c1f4842c011,3857265,2
WC2022,7ad892d2-df78-4d31-be58-e86dea1a0c15,3857257,4
WC2022,7ae6218a-ff0e-4144-827e-cd3b32674a19,3857280,2
WC2022,7af17ac8-8355-44f4-ad3c-8ead76d52cbd,3857289,2
WC2022,7afde867-67d2-4db5-a7bc-8ed48c9b505f,3869151,2
WC2022,7b411b86-bad6-49f4-8240-e3d063a80a0b,3857275,4
WC2022,7b6030b9-756a-4511-b02a-88bffc63c95d,3857297,1
WC2022,7b7720fb-d28f-46ad-a204-5011a55967ba,3857300,0
WC2022,7ba3032d-ba51-4a79-9644-f2fd433f4dde,3869253,1
WC2022,7ba7cc68-c998-43fc-a2e2-a818c120cd6e,3857296,2
WC2022,7bafc9ea-6c91-4249-b0a3-f4d8e472af1e,3857265,2
WC2022,7bc6bc6b-f354-4837-9ce1-08b9fa4e598c,3857264,1
WC2022,7bfd2d5f-0d63-4b7d-bb2e-c5f5cef7424d,3869321,4
WC2022,7c043b6d-85e4-4dfc-9a0e-df06695a51b0,3857262,3
WC2022,7c1fb3c9-41e6-47aa-aea3-f684af260060,3857281,3
WC2022,7c2a6ad9-f365-42a5-a58a-38b638e63a2b,3869354,0
WC2022,7c3e9168-ef3a-494e-9168-d9c127a93d12,3857264,1
WC2022,7c3f9b1a-9369-42c0-b1ea-4b1d49a85e6f,3857255,0
WC2022,7c55db26-1001-4122-a60a-f6c1bcada0fd,3857278,4
WC2022,7c6137ec-d755-42e1-96dc-e1ade2896f3f,3857297,1
WC2022,7c6f1904-cb0b-4456-b89a-d0322b72c1d7,3857290,1
WC2022,7c7f686f-4a65-4522-b85d-4231faf6f8c3,3857256,1
WC2022,7c9ad6c8-a83e-4d9b-92ce-911663ff0284,3857262,3
WC2022,7ca8cd49-4244-4a29-a6f1-883c5909de65,3857296,2
WC2022,7ce19032-6a15-4236-8d8a-d8ae3f28a0db,3869420,2
WC2022,7d1b527a-448a-49d4-938b-76ff3fe2cdb3,3857291,0
WC2022,7d37bb28-4b3d-465c-b160-97e569c72501,3857278,4
WC2022,7d459169-fe80-4d8b-a602-d792a61e425b,3857262,3
WC2022,7d486098-ffd9-4546-aeaf-dd27661d559d,3857259,3
WC2022,7d581314-8f36-4ede-920b-5c5078723f9b,3857263,0
WC2022,7d738f3a-5164-4467-81dc-5ad56a861633,3857268,1
WC2022,7dc5f050-62f8-40d7-ab90-584991046ecf,3869684,0
WC2022,7dcd82ab-5c4f-40e9-b4c2-79bb27a95020,3857284,3
WC2022,7dd48a74-9b4e-40fc-8c79-918588e07dc6,3857261,4
WC2022,7e1d3a88-c7bf-4148-aa42-51255ea9a129,3857286,3
WC2022,7e33e83a-d0cf-4c7c-b99b-7ded0ec96604,3857298,1
WC2022,7e748acf-3e8c-423d-ba71-2903a1dc4675,3857279,1
WC2022,7e8ed420-31b0-4cae-957f-aae4a9a7e23d,3857283,2
WC2022,7e8fa767-1f9f-4a98-a573-74ec8dfc3d2b,3869254,3
WC2022,7eb3af77-b15f-48df-82f1-f23291fbf629,3857295,4
WC2022,7ebd63c3-fc3a-4685-b24a-56b4401bcc5c,3857263,0
WC2022,7ec082df-c882-4398-b3e2-1730b988ee9d,3857295,4
WC2022,7f16e864-3306-48a9-a2a4-a196658e2079,3869684,0
WC2022,7f249975-5ff4-4f56-b7b8-fc6257ff3457,3857268,1
WC2022,7f2c4c10-c0e4-4db7-b305-454adbd92087,3869321,4
WC2022,7f407f2e-ef62-4f38-b578-62e7d093bd84,3857254,0
WC2022,7f43e0a4-333f-4d7a-94a8-2ec3cadf032b,3857292,3
WC2022,7f57bceb-ecca-449b-8254-ae85846b42da,3857263,0
WC2022,7f68e70e-063a-4fe2-9782-fd64088c746d,3857284,3
WC2022,7f73422f-7721-4f2a-9c8b-00115f92a5c0,3869420,2
WC2022,7f78246e-bd55-441c-a25d-d0d100b70ffc,3857273,3
WC2022,7f8d98eb-210f-4fe1-871b-38c3ba56d664,3857276,1
WC2022,7f97acc6-aad0-4f4b-854c-57319da1d016,3857273,3
WC2022,7fbcf430-7d59-4867-a271-c034d9af44dc,3869420,2
WC2022,7fc59152-4714-4e47-9713-de71833d8eee,3857255,0
WC2022,7ffb130d-4c5c-4d4b-b60e-944b6f217ecd,3869253,1
WC2022,800a44be-6217-4ab9-8f3a-c58ff44f1a3c,3857273,3
WC2022,800c2624-026a-4c48-afc5-67092b2d10b6,3869253,1
WC2022,800f6174-1454-4196-bbe9-3151c8c66d02,3857284,3
WC2022,8039367c-934d-4f60-82b0-465725c8c6b0,3857259,3
WC2022,803a007c-883b-422b-acf2-4fcd1e9d532b,3857269,0
WC2022,803fdc61-cc77-4bd3-ad3f-92c97f8f8eff,3857281,3
WC2022,8044eca6-8a7b-4514-a148-3a7267a29268,3857281,3
WC2022,806503fb-f79f-4c62-a2b6-d993d5d518fc,3869219,2
WC2022,8086e444-047b-454f-849e-2914f8f18527,3857285,4
WC2022,80908425-67a6-46a6-a0c8-b565ea67f698,3857298,1
WC2022,8095ee64-e7a9-4632-993b-abe384ad5911,3857296,2
WC2022,809f0c8b-c6a7-4968-8bdd-5380af4c3ae7,3857260,1
WC2022,80a37b8c-6c72-4a83-a564-7b203941a75f,3857265,2
WC2022,80ad73ef-5e8f-4d0c-8349-0bc5656e801e,3857299,2
WC2022,80e37de3-6548-4bea-9b6a-3b4450b5da70,3857258,0
WC2022,80e918ef-11a9-430e-b44d-13cc0815a943,3869219,2
WC2022,80f8fc08-1f9c-4ee2-8a70-557a91678454,3857301,4
WC2022,8116e2c8-e42c-4af5-9b67-5b25d54031ac,3857290,1
WC2022,81265b36-b7e1-470f-ba53-66a056ec041b,3857281,3
WC2022,812f22d6-e934-421e-8167-330400b967fb,3857284,3
WC2022,8152a5d8-99ad-4e5a-a5ea-44b5ec07e097,3857261,4
WC2022,818379ba-3796-4df3-ad43-5adfae2113d9,3857273,3
WC2022,819301c8-8471-4296-9264-9e251f4d8151,3857293,2
WC2022,81952bb4-c0bd-4a67-9ada-797952dba27e,3857255,0
WC2022,81ea055a-d184-45a8-a619-b8858a6e5682,3869552,1
WC2022,8249fddd-415e-4a68-85f2-96ee142a01f2,3857286,3
WC2022,82679489-8948-4e7b-903f-0df7b1f905c1,3857282,2
WC2022,8277163e-c019-424b-9d15-fd6db9c9f4f7,3857256,1
WC2022,828ae2f8-917b-4036-9f9c-8952d473898a,3857290,1
WC2022,82a53643-94d8-4281-8e4a-b62b1318df61,3857262,3
WC2022,82ad0bc7-b359-48d8-9d73-4fcc59b365c3,3857290,1
WC2022,82f4811f-2781-4152-9566-0a3cd69cafe7,3869519,2
WC2022,83004748-3731-43a8-a118-4adc90eebf9b,3857282,2
WC2022,8320476c-eb0f-49f9-9bb1-ca1666881226,3869685,0
WC2022,832bdc29-9807-4bdf-8a23-52889d49fc3e,3857297,1
WC2022,8340c7ef-3d0b-44a7-89e5-25c8424c8c6e,3857265,2
WC2022,83504351-dd56-46c2-9c24-a97eeaa01074,3857299,2
WC2022,835b10b4-03d2-4c62-b4f3-242b1ed37e05,3857292,3
WC2022,8376be79-1fe9-4dc7-8852-997b869192d2,3857256,1
WC2022,837fdbfd-4674-4487-bde9-80ffa2e3805f,3857256,1
WC2022,83866733-7515-4be8-bf22-503bc34ff5ec,3857261,4
WC2022,83877838-a9b0-4057-82dc-63435a116674,3869685,0
WC2022,8392ee30-147a-4178-b21b-34673851ef0e,3857290,1
WC2022,83b3b969-6c73-45de-8df9-3f04f82ef228,3869151,2
WC2022,83e85575-99b9-4f97-a3ea-1ade842954b9,3857273,3
WC2022,84048193-4ae7-4983-9330-8c2f796db10e,3869118,4
WC2022,84075c8a-3a12-4a4a-8031-d4d7ded916b7,3857276,1
WC2022,840c00fe-c85f-41ed-a4f1-260ccb75d52a,3869220,0
WC2022,845e05e2-5aa6-4237-8b8a-408787a5317f,3857299,2
WC2022,84815ce1-37c9-418d-988b-bee3b9be8bc5,3857255,0
WC2022,84b08d1a-328f-442d-9d9c-0b027ad47a44,3869220,0
WC2022,84b370a5-5b12-4db5-ad3a-c4d6a13d2bd2,3857267,3
WC2022,84db291d-32e0-430c-8c23-ca888e9d441b,3857296,2
WC2022,84eef102-c7ee-4261-bb79-75492ed6bd09,3857299,2
WC2022,84fded9e-766e-4555-9f2e-a4e23cb619a1,3857275,4
WC2022,851cfb94-6046-4b0b-be60-e51dc4c3a446,3857272,1
WC2022,85302933-1985-47ad-89b5-dec24ba310fb,3857288,3
WC2022,8552ce46-dc93-464b-ad1f-d12b937a3172,3857283,2
WC2022,857b7490-c6a4-482f-9ba0-d77e6179190c,3857260,1
WC2022,857def2d-c78f-4268-ae5b-88244b38a989,3857295,4
WC2022,85aa7e05-c6bf-47b0-a08c-147b0431f40e,3869118,4
WC2022,85edadfe-1855-48d3-8356-886293727068,3857273,3
WC2022,860120af-6497-4995-8a17-6c8a64df4db5,3857260,1
WC2022,8618362b-a119-4905-92f9-591a654aa372,3869321,4
WC2022,862439c5-94e2-4973-82da-80469c32873a,3857294,4
WC2022,8628b86c-956d-4660-99ec-ddbb678cf526,3857293,2
WC2022,863461cb-a382-4336-b2f2-01ef99e04fd3,3857284,3
WC2022,863b898f-3db9-44a8-8f64-bee20d8399c0,3869118,4
WC2022,86434e94-a80b-41ec-8a07-c0b5cae692d8,3857301,4
WC2022,8670eef6-0968-4e8c-a4f8-ebf8a75d6d96,3857279,1
WC2022,867d279f-cd52-4f10-b607-172424552218,3869117,3
WC2022,8684631b-415b-4cb2-bffc-b85b74369b0a,3857256,1
WC2022,8697e6b6-e82c-44c0-b533-44f637a297c6,3857288,3
WC2022,86b60806-d7ba-4050-8356-3962ae277fda,3857283,2
WC2022,86b6a30d-5b5d-40cf-8dde-2b9f2f2bb5b5,3857263,0
WC2022,86c1324d-a589-4775-9c94-2a688d1d8702,3857260,1
WC2022,86c48588-841f-43e7-97be-d185d50833aa,3869219,2
WC2022,86c6de46-e94a-4ac0-80bf-aa8741ee49d1,3869220,0
WC2022,86f4e527-34fd-4f8d-8319-9e5c92306c83,3857265,2
WC2022,8727a936-7673-4b70-8cf3-eb23829d0cd7,3857279,1
WC2022,873d78d7-bf27-428c-b352-a1d25b261e30,3857258,0
WC2022,87758bf7-ba26-4115-9dfa-075201a929b3,3857262,3
WC2022,87761133-eb36-4541-93b4-f9a9415577d2,3857257,4
WC2022,87910bee-5dc3-49ed-b63b-759eb7044793,3869684,0
WC2022,8799a66f-ccbc-472f-9fdd-fc0269ae4f12,3857272,1
WC2022,87cb2a69-611f-481f-9562-dd071a22ed3d,3857291,0
WC2022,87e8796b-52cd-45c9-8f4f-c905c0ee17b7,3869219,2
WC2022,8801f3cc-237f-4772-9e4d-ad80db5948f7,3869151,2
WC2022,88184208-b591-4afd-8ccd-2ec3cc289195,3869117,3
WC2022,882a5556-56df-4d39-b243-45b7df9797f2,3869117,3
WC2022,88320bbe-1507-4ce6-9f8b-3396dc732cda,3857292,3
WC2022,8837db0d-2870-425d-983d-5c1f36fc72fe,3857293,2
WC2022,883da829-e77d-42a2-bdfa-e0e917578ed4,3857256,1
WC2022,88528203-53f6-4fae-8763-5a7f50cccd1d,3857261,4
WC2022,88545b8d-611e-4132-a5da-50a524a672ab,3857300,0
WC2022,88ae885b-fa24-4e20-b478-15af800eb58a,3857280,2
WC2022,88b9e0ae-b09f-471b-aac1-4f70d7e67e0f,3857263,0
WC2022,88bbe771-847b-4aca-9446-4ac9cbf510b0,3857270,3
WC2022,88c09a15-9574-44f4-abd5-57f9aa9a29f2,3857293,2
WC2022,88d9da91-243c-4c25-bc17-a85c4c75e195,3857269,0
WC2022,892ce338-3111-4c3c-8060-f07de57d501d,3857278,4
WC2022,892ec91b-0d9d-4a22-82ca-defebaecc1de,3857266,1
WC2022,893a8142-4c01-4543-9279-a024db716356,3857259,3
WC2022,893cabcb-5e63-4bf7-beba-2ff25ce885b8,3857267,3
WC2022,89484afd-ac0c-4653-b2de-03fc66679f1c,3857268,1
WC2022,8964ad9e-2682-46b5-92ba-1240c5e9cf05,3857263,0
WC2022,8982cf53-6483-4a74-81ba-1229da13254f,3857263,0
WC2022,89a35fc2-ab35-4d44-9547-ac71cbd903d1,3857270,3
WC2022,89b16a36-61cc-4f6c-879c-5d61df55aa1c,3857287,4
WC2022,89bfdc98-e598-46ed-a1af-8bdca331e42a,3857270,3
WC2022,89e52f1e-317a-4e94-a014-a944f1174e50,3857301,4
WC2022,89f4a819-a949-477a-b6d2-1366a9064590,3857274,2
WC2022,89fb34e4-6b46-4c07-993c-9c628533de80,3869321,4
WC2022,8a011aae-d032-45eb-a5cc-ef68881d8a12,3857256,1
WC2022,8a0f2b06-f957-4f50-b0ae-c5dc372a7df2,3857281,3
WC2022,8a21db63-cd0f-4d96-bfd9-c5cb29b52aa7,3857274,2
WC2022,8a248307-6b2b-4dd0-90b3-bcad9f0213cf,3857299,2
WC2022,8a391c76-7976-462a-a1c7-4e5b84dfeb63,3857273,3
WC2022,8a51ee55-41d2-436a-8be0-a17f8dace607,3857265,2
WC2022,8a595829-6c5a-485a-922d-938117769aac,3857296,2
WC2022,8a7e9ed6-8ca0-4ee9-8403-6a553cb0147e,3857288,3
WC2022,8a886067-10b6-441f-9057-da28375f1f5b,3857270,3
WC2022,8ac828fb-7324-4223-b4cc-c5c40d5dae0b,3857269,0
WC2022,8ad52cee-c107-4d42-b6b6-b17274b8d82b,3857293,2
WC2022,8af1d539-13a5-42ab-9c5f-2f605c9305a0,3857287,4
WC2022,8af4fc27-469b-4d3e-b47f-2ef435b28d3b,3857262,3
WC2022,8b24547e-619f-4bf5-8301-4854db987cba,3857269,0
WC2022,8b4d5770-4131-4220-a18d-a4e6c103f873,3857273,3
WC2022,8b6f603d-e14c-4521-8ce0-23da7007d285,3869219,2
WC2022,8b746731-fca1-424d-9df7-2cc60c544e69,3857257,4
WC2022,8bd3af6b-e27c-48e7-8da5-d0cc6c2d15c8,3857255,0
WC2022,8be05f04-acf9-4ea6-b3d3-2fdf4c9a5e1a,3857283,2
WC2022,8bfd7b87-e8aa-40f4-a59e-7a22e7c4c23a,3869354,0
WC2022,8c05dbac-2a4b-4dfb-b56a-5a6742d45fd9,3857272,1
WC2022,8c12bf59-7248-4467-87e9-29e734dc8a4a,3857277,0
WC2022,8c4fddb3-d361-4ba7-ae9f-557f7e4ad270,3857275,4
WC2022,8c5bab8e-e083-4fa3-8219-979a42627b74,3869151,2
WC2022,8c829348-5e18-414f-a297-739e09b58e35,3857301,4
WC2022,8cb57931-9693-4d8d-9397-96897874869b,3857264,1
WC2022,8cd19854-bc32-45fe-8b7b-b70cd51f9367,3857290,1
WC2022,8d0f4bc8-381f-45ff-b568-40d2b41e24da,3857269,0
WC2022,8d33c44b-5c0f-4a67-a27e-0a09c457e3ef,3857258,0
WC2022,8d5079af-b17f-42e9-9a6d-54450cfdb99b,3857299,2
WC2022,8d630ce0-56c1-4302-ba26-e1b14a36d6e4,3857280,2
WC2022,8d84eaa8-1350-4975-815c-c117bc966ff9,3857255,0
WC2022,8dc1f1f6-2fcc-491c-98fa-fc1d74e399da,3857290,1
WC2022,8de9237c-b489-4b4e-ba4c-4c751c97c6bf,3857296,2
WC2022,8e0354f6-d020-4281-a624-2da0644a877f,3857277,0
WC2022,8e1323c4-aa4f-473b-b506-d5e5fb0da5d5,3857272,1
WC2022,8e133c95-5529-4a9b-82c1-900db40588e3,3857299,2
WC2022,8e1a9785-7788-4d3e-b0c2-88b41605c457,3857290,1
WC2022,8e1cc49d-9606-4dc5-833e-b00cc8999207,3857289,2
WC2022,8e25ba14-5692-41da-bf0a-b5aaa05d45d3,3857297,1
WC2022,8e557be0-c55f-436f-98d0-0f4f22206a9a,3857262,3
WC2022,8e7f643a-6384-4ed4-8f19-2cd8bdc229cf,3857269,0
WC2022,8e928541-8df5-454a-b7f2-0b403ccda18d,3857288,3
WC2022,8e98c1fb-6660-4ec8-a80a-11ea1d47dd3f,3869220,0
WC2022,8ea80347-0efe-4dd9-b376-8922b6f2061b,3857281,3
WC2022,8ec1480f-e64c-4d64-8e3d-94ad20ef5294,3857291,0
WC2022,8ede0b81-0836-43c7-91ed-f040144ebcb3,3857257,4
WC2022,8eef34bb-3ccc-4135-9b21-b50092100f70,3857260,1
WC2022,8efda3c9-c133-4c45-8570-c514b2d34d07,3857283,2
WC2022,8f2da71b-fff7-43c2-a68d-44ace31f2733,3869220,0
WC2022,8f356fc9-1cdf-4070-9dc8-4c1c2ecea08f,3857262,3
WC2022,8f4223d7-3d7d-4f62-96fe-62f7b94a4695,3869685,0
WC2022,8fbb06d4-9983-4265-988e-d8b0b6374e9a,3869552,1
WC2022,8fd13966-f938-4315-b86b-f84b46a72630,3857262,3
WC2022,8fde4635-a37d-49db-9fe5-474b766f0de3,3857286,3
WC2022,8ff2edb6-578e-4abc-aa44-9be997893c49,3857288,3
WC2022,8ff69963-ba63-45a3-99d4-ab9f2ab103b7,3857276,1
WC2022,901728e4-dc50-4793-aa11-6d2988f8f6b3,3857257,4
WC2022,902fba39-e5d0-4f7b-8d00-b21ba40ba0be,3857278,4
WC2022,908f85eb-9c39-4b29-9f14-5ae9ee354139,3869519,2
WC2022,90ae9c56-6c96-481a-a99f-eef483e00b65,3857287,4
WC2022,90b2ce35-912b-4385-bcd5-bca50a1d9349,3857276,1
WC2022,90b4423d-238e-43f8-af3d-2b3c924756f0,3857287,4
WC2022,90bb3257-5644-4c3d-8691-0e0edff34271,3869151,2
WC2022,90c32b23-b020-46cc-98d5-a659b72d9623,3857268,1
WC2022,90cdc53a-b15d-4758-91f7-6f6266f52d0e,3857265,2
WC2022,90dceb54-ec9b-4bbf-85b8-e109fe10f7f8,3857286,3
WC2022,90edbbb5-3f3b-469c-9953-0f5858098b2c,3857301,4
WC2022,90f4bb1c-a52a-4be6-bd6f-554fa17aff0b,3857255,0
WC2022,90f77f2b-8499-44c9-90ba-632baa79ced6,3857280,2
WC2022,910be496-ce7c-44b1-9da6-a1c0fe0e7ef3,3857280,2
WC2022,912d1810-0bb1-46dd-a8fe-e70fd4d1b6ff,3869254,3
WC2022,913ed2e8-1eba-4ba2-94c3-1d9d0083ffd8,3857277,0
WC2022,9181aac6-0597-49ea-8879-4ecaa1cbb498,3857263,0
WC2022,91b65ed2-bb18-4cb5-8646-90d76de5460c,3857290,1
WC2022,91b85e49-9ed3-423f-b57e-e4e00214573e,3869152,4
WC2022,91b8d355-bf40-4f4b-a942-66bf71e3a51f,3869118,4
WC2022,91c19b54-8405-4f7a-a6be-6089713d2bdc,3857301,4
WC2022,91ce88eb-7945-42fc-9613-441fe2c132ed,3869151,2
WC2022,922bfb03-cc3e-4acb-aaea-66dfc6836559,3857268,1
WC2022,923db234-1fc2-4caf-a037-23e6737f4280,3869519,2
WC2022,927955b7-1608-4371-bd39-7401f12cd3c9,3869151,2
WC2022,92ac0ba7-c5b4-4191-abd0-e8cda695fc02,3857284,3
WC2022,92b88f40-7935-4373-8e80-55ec239d2feb,3869220,0
WC2022,92c03e09-f15e-492f-bdd1-5f6d5fec5f02,3857261,4
WC2022,92ccb4f9-3bd7-4d83-aca3-15b3be8e38a0,3857297,1
WC2022,92f5a999-ca61-4c9a-a24f-d22f6ae9c2a2,3869519,2
WC2022,93214ff5-ed79-4957-bcfb-d035741f2454,3857280,2
WC2022,9330163f-2c41-4e08-b609-4e4d30059657,3857277,0
WC2022,934a7c53-c921-4c0a-81e3-853cef6fb13b,3857256,1
WC2022,93534ed9-44ba-41d1-ad51-37b5687bcfef,3857292,3
WC2022,9378e40c-6aaf-4348-99ce-29b9fdcfe01d,3857286,3
WC2022,939df441-23d4-45c1-8031-5c3374bfe9ba,3857289,2
WC2022,939eabc3-0edc-4122-811b-5f56cb5ee603,3869152,4
WC2022,93d3c37a-0834-42b2-bccc-42e8a5ffefae,3857289,2
WC2022,93d9ae7d-3ec9-4761-980e-79bab41042c4,3857273,3
WC2022,94917394-328d-43a4-b477-6b8d68d558d5,3869253,1
WC2022,9491ff57-0602-4dd1-a621-f544154583c2,3857270,3
WC2022,94bda17f-1187-4ad7-8e27-c0a5c7671956,3857284,3
WC2022,94e51a0e-8ff2-4f96-81cb-def3f71c2d6c,3857254,0
WC2022,950a2ff5-5d5f-49d2-9cbc-62a51c29957a,3869354,0
WC2022,952b8246-3e08-42ca-8f48-e3710bb862aa,3869321,4
WC2022,9592b293-826e-4a56-b4e2-1f2ebe13496a,3869684,0
WC2022,95a00bf1-c240-47cb-be91-07e013f63202,3857290,1
WC2022,96078fd3-0f92-4379-b65e-2a301d26d780,3869220,0
WC2022,9613b2d5-f9dc-4561-954e-bb43a16eaa0d,3857269,0
WC2022,961747b8-7064-4f23-a69a-22797ef63c40,3857276,1
WC2022,9643046b-d1c0-419e-970b-25709ab27c94,3857276,1
WC2022,968f6960-be7c-4d88-b311-a232263b1c17,3857262,3
WC2022,96cca119-0c89-465a-a615-2acf721e8e43,3857257,4
WC2022,96d707aa-7903-434f-b58c-0cb3a389fb92,3857297,1
WC2022,96e6a7ef-22ee-4e2b-bb21-bccc8692d179,3857258,0
WC2022,970d6c4a-887d-43ab-bdc0-3288835a8672,3869420,2
WC2022,974aac48-d3aa-4947-b9d8-b1c3c5a7ed40,3857273,3
WC2022,97c97bb3-703a-490e-a8a1-1d80a82f839b,3857290,1
WC2022,97eee6b2-6ef8-48a3-9a1a-65f76098ca92,3869685,0
WC2022,9810ab27-dfa7-445d-85c0-a0fc5ba899b2,3869354,0
WC2022,98131cda-e81e-4e7e-83fc-d02fa9cf58c4,3857283,2
WC2022,98291765-0626-4e19-af1a-aa38cc5b49fd,3857265,2
WC2022,9866cdf6-8788-444b-ac8e-052283b78008,3857264,1
WC2022,9870da58-ce5d-4db9-b999-bf50f222dd3d,3857274,2
WC2022,989648a7-ae67-48fd-876b-ba5b65764ef9,3857278,4
WC2022,98aa2451-aacf-4288-a6cd-6cbfc4cd4b2e,3869552,1
WC2022,98caec10-844c-42f4-96ab-f428d22db135,3857260,1
WC2022,98df1bea-57ee-481e-9fb6-2b9e21b3e892,3869118,4
WC2022,991d3b43-fb9b-4456-a152-c810d8ef2fe0,3857289,2
WC2022,991ec3de-38b3-422d-b10d-5f59dca413a0,3857272,1
WC2022,9946cd80-3340-4c93-b413-d60afcd76047,3857260,1
WC2022,99743bc7-a8c2-4354-8c1c-4b4f0be093d1,3857281,3
WC2022,99b5329c-cdb4-481c-9831-91ce5a79744c,3869219,2
WC2022,99b76e4a-707b-40f4-abaf-c7a37f6b91f0,3857271,4
WC2022,9a0143ab-3f23-4c9b-863f-f5cd00aa5d12,3857261,4
WC2022,9a1d98a9-cd39-441a-ba38-a06381218800,3857292,3
WC2022,9a1e6349-49a9-4e39-b1d9-2e781aa5f8c4,3857288,3
WC2022,9a31539d-b1cd-49d9-9210-95e2f3d58974,3869321,4
WC2022,9a4e91d6-47a5-4fdc-9a06-ffc930cd9180,3857290,1
WC2022,9a8506d5-e3d6-4a51-8efc-44f3e0460f44,3857294,4
WC2022,9aac480a-2990-4c7f-8ce5-c5a73aa84b9d,3869254,3
WC2022,9ac16fc8-bd11-4b9e-aa0b-e8213a5ee7db,3869253,1
WC2022,9b10b623-9f10-4945-b859-958632f862c6,3857259,3
WC2022,9b156c3c-45eb-400a-8469-e51274c088af,3869152,4
WC2022,9b2cf386-c643-48f1-8641-c3038ad3fb07,3857291,0
WC2022,9b4a9b52-8396-4c79-bddc-dbeeba846bc8,3869220,0
WC2022,9b62c456-8c38-4872-a891-4ad8e3459a52,3857262,3
WC2022,9b67b571-cab5-46b3-80fc-73d68dd8fb75,3857258,0
WC2022,9b7d543f-e137-4058-bca4-d7b171d1ed8a,3857279,1
WC2022,9b86e9de-2b03-48de-83ea-2ce8e17a1977,3857278,4
WC2022,9b873eb9-db28-4710-8cc4-7f40fb538dd0,3857274,2
WC2022,9b93de5d-e6aa-45d1-b407-b060081a31b6,3857280,2
WC2022,9bb4de6a-e89c-433c-b458-2ea3fe7c208f,3857258,0
WC2022,9bedca4e-ee35-4b88-91d6-91a986fe5bed,3869117,3
WC2022,9c080510-b288-4b71-9225-fc4b3af926a0,3869151,2
WC2022,9c0bb77c-7f8c-4afe-86d1-dc9bdab7b916,3857270,3
WC2022,9c33e6c9-722c-456a-a5a5-dc5a34161aee,3869220,0
WC2022,9c3c5a20-f72a-418a-b116-8c836038bd55,3857274,2
WC2022,9c3cb2f5-f7e5-478b-aed5-90a06fb22df1,3857282,2
WC2022,9c586b69-8985-4191-8c68-037abce770e9,3857296,2
WC2022,9c817594-d61d-41ad-a404-5aad3231e33d,3869321,4
WC2022,9cb9aee8-af9b-419b-a5ed-46f5dc1b2534,3857276,1
WC2022,9ce43f45-a449-4f69-9c2f-53b4fcb18638,3857297,1
WC2022,9cf823e8-90c0-4065-8065-2e6247609f66,3857259,3
WC2022,9d15f13d-b440-4074-8f8d-5d16907884bc,3869486,3
WC2022,9d1f8954-1e66-4b43-82d8-1d35b2decef4,3857263,0
WC2022,9d43766b-0840-438c-8187-82a67924f24b,3857298,1
WC2022,9d5c7549-ea32-457c-b2bd-8923e47d57d0,3857282,2
WC2022,9d68d425-b3ff-44c0-8325-f9bcbb993afb,3857287,4
WC2022,9d6b5897-0a2c-44ac-bcb1-73ad54959815,3857265,2
WC2022,9deb336e-073f-41c4-8ae1-bf46c48cd2bb,3857282,2
WC2022,9dede759-3509-4cb4-8a4f-e3fdc3a9594b,3857273,3
WC2022,9df3ae81-9592-43cd-b44a-6fec2d8cb073,3857265,2
WC2022,9e093482-5ba9-45b2-ab9f-d26e3b56ca7f,3857270,3
WC2022,9e2cd244-9eb2-436c-abba-7398b6a973f4,3857279,1
WC2022,9e307577-00e4-4d15-bafd-4a8fbf9f6d55,3857286,3
WC2022,9e36702b-52fd-4471-8755-eb0a3b39716a,3857292,3
WC2022,9e5160a2-0365-4dee-a70b-795da661c809,3869486,3
WC2022,9e532597-d2eb-4f2e-8d59-2a9e3ce87018,3869152,4
WC2022,9e7c6538-a2de-4320-bac5-43061b03ef85,3857297,1
WC2022,9e93ba77-9c78-42a9-8506-da85a7fe00b5,3857280,2
WC2022,9eabff92-b1e8-4865-97e8-34a956f773c0,3857267,3
WC2022,9eb95ec0-f03e-48cb-9322-01dd0da58811,3857291,0
WC2022,9ec6eb94-a2c2-4a96-b9a5-3f782446abc3,3857263,0
WC2022,9ed33798-1089-48bd-8120-8436b7e68be0,3869685,0
WC2022,9f272ba5-21f7-4b31-ba19-bdc84082c5f9,3857254,0
WC2022,9f2c6dc3-e8b6-49c9-8df6-afb0a7b08aff,3857261,4
WC2022,9f5109d9-3397-473d-b7fa-9124ac7b826c,3869117,3
WC2022,9f55422b-aae2-4bc1-814a-8865ace394d1,3869253,1
WC2022,9f66c42b-98ef-4fe2-bbbd-c3213c5d7563,3857261,4
WC2022,9f9492a8-270d-4748-84c5-34a7682a0507,3857284,3
WC2022,9f9d9bd5-6c3f-435b-bdb2-bd7f0199696e,3857299,2
WC2022,9fb3926c-4a7c-4337-86f1-9a1fb3d5f345,3857255,0
WC2022,9fcbcf02-1d7a-46f8-a906-005fa4bc3570,3857258,0
WC2022,9fe59e32-8363-45e4-90f8-fda9e45c25b3,3857285,4
WC2022,a009d859-960c-4aff-ba93-48adf2387f71,3857293,2
WC2022,a02132ee-4a49-4aee-ba7f-264176cf1284,3857287,4
WC2022,a0235de2-e9a9-4762-8163-9796fae67230,3857256,1
WC2022,a0445ead-aec0-4995-9c3d-7654f59b8cba,3857259,3
WC2022,a0525edf-7cbb-4e94-916a-8f956333a439,3869152,4
WC2022,a05c6241-4a48-455b-962f-ddbc17df858c,3869253,1
WC2022,a06d7610-3246-4aad-abb0-cb94e8e80c94,3869519,2
WC2022,a0d03a16-902c-4d72-b91a-3b9763776781,3857263,0
WC2022,a0d5b01e-47cb-441f-9260-f844a159653e,3857292,3
WC2022,a0ecbc57-6c84-45e4-a37a-f78e319374c6,3857262,3
WC2022,a0f383c6-e3e5-45fe-92cc-2f7cf0b91222,3869151,2
WC2022,a10c04b8-7729-49b3-99fc-5e1cc7e7a4f8,3857259,3
WC2022,a1118690-aadc-4be8-b0d8-e50ffffd7c8f,3857295,4
WC2022,a142f890-eda4-4b60-a2cc-3575fcfadfde,3857255,0
WC2022,a14d45ad-251b-4c86-afec-6fca5aa60d07,3869118,4
WC2022,a1756790-0349-4a05-a570-b613189d9810,3857264,1
WC2022,a178113d-6b9a-4f0c-a85f-e06f0a84a0b8,3857261,4
WC2022,a19a8c40-5169-4125-b824-c1954140ab09,3857294,4
WC2022,a1aede69-8f40-43e3-8f59-1fa4c7cc22a2,3857271,4
WC2022,a1b114c3-e24a-458c-97d3-fe344da5c9f3,3857294,4
WC2022,a1b60461-41b6-4571-a957-7ad6f932a3e4,3857282,2
WC2022,a1e3f630-79d0-4f85-9c49-8c9b4e3fcc8e,3869219,2
WC2022,a1fa5d84-c544-48f5-bdc9-abe34cab1914,3869253,1
WC2022,a205ed6b-15f2-4159-aaf2-27fdec9e1e2f,3869253,1
WC2022,a20f47d5-114a-4c7c-834a-14bd7eac105b,3869118,4
WC2022,a259e8d2-eaa2-4c9b-ad3c-ffbae0086bf0,3857290,1
WC2022,a264eb4e-5adc-492e-b1be-1a3ba60035e4,3869117,3
WC2022,a268ecf7-d8b4-4f84-907a-836301edb7ac,3857281,3
WC2022,a26a334a-97bd-4a14-9b00-fac981013c68,3857282,2
WC2022,a32663d1-7e13-4448-8eca-a5abe9ec011d,3857293,2
WC2022,a3338b57-a063-4d2d-b8b5-af8264683321,3857276,1
WC2022,a344ada9-a34b-443c-90d2-35b6eb19c6b0,3857285,4
WC2022,a36df016-9064-47aa-bd65-85cb0d8ce29f,3857265,2
WC2022,a389cefd-745e-40f7-b223-4b42e99df058,3869118,4
WC2022,a39cc8d7-fd5c-4ca6-9b41-ac8b4ec6d07d,3857263,0
WC2022,a3b84472-a0c1-4cc8-b5e6-20da81beb6a7,3857264,1
WC2022,a3d4de72-6c4c-431d-b980-ccdb81d62e1a,3857284,3
WC2022,a3d7ec6a-9966-422e-a0da-cddd509f2d18,3857263,0
WC2022,a3dd9775-7a17-4ec7-a749-6ea1d527a6a8,3869254,3
WC2022,a3e31853-4af5-4464-b6a3-976914234b91,3857281,3
WC2022,a3ef2ef7-9bda-41fd-b28b-503d3a51b546,3869219,2
WC2022,a3fa38b4-0a2e-4989-9511-5c99514f142c,3857295,4
WC2022,a42007f1-5d24-487f-a23c-2a03133890a6,3857294,4
WC2022,a4281a38-30d9-4b1c-b084-1bc8f68ab5bb,3857301,4
WC2022,a444b321-0893-4b1f-a30c-f5e1c0472478,3857269,0
WC2022,a44d33a3-e7c7-4e2e-8e8d-f04769e9bded,3869519,2
WC2022,a45b26b5-921b-47b6-b9c8-230d277c4fd7,3869151,2
WC2022,a4b60642-fffe-4891-a07a-7392281491a8,3857270,3
WC2022,a4d2b308-7fa7-4556-afca-4c7d19a34b44,3857283,2
WC2022,a4e0a232-44ef-47c5-9d8c-c8d86ab781ea,3869254,3
WC2022,a5274189-2779-4fb0-bcf8-822a607a1d88,3869118,4
WC2022,a52844bc-fd35-4052-96ec-0229fd77bbe2,3857254,0
WC2022,a5325cfc-b1d9-484d-ae86-95a7ea960c00,3869151,2
WC2022,a551c495-99ab-46b6-8679-80ebcf487494,3869219,2
WC2022,a57b6c16-c6ee-4cd7-a2fa-b1fff3c967d7,3869486,3
WC2022,a585e67a-c884-469a-abea-1a07513d06fe,3857254,0
WC2022,a5dfe9e7-1e03-4501-bbdf-55ce1d2d95b4,3857291,0
WC2022,a5e52c96-ed9c-45c2-8268-2e10280a55f5,3857283,2
WC2022,a5edca4b-3dcb-440a-b507-2162708148e9,3857259,3
WC2022,a5f2b42f-513b-4728-ad64-20a53d75b708,3869486,3
WC2022,a5f7b9c8-e257-4a92-b29d-e1dd79eb1b1f,3857272,1
WC2022,a5f9f9af-980e-4fac-936b-e26e0cf4a68b,3857296,2
WC2022,a600bdb5-fcfa-4ba0-8786-1d8ee94e315a,3857287,4
WC2022,a601abc1-3dfe-49f4-aaaf-9674d1f03540,3869420,2
WC2022,a60a31e3-4b5c-4f52-8982-a80faa2b94a3,3857282,2
WC2022,a651b5c1-89ae-47b8-9e59-7f9410f21fdf,3857270,3
WC2022,a66e2ecc-4702-4ea9-b2c4-64a6573148cb,3857298,1
WC2022,a679e2f5-32e5-4557-bad0-4375630192dd,3857255,0
WC2022,a68d2911-7da4-4c1f-9737-20f456cb47ed,3857255,0
WC2022,a6a711be-9cbe-4179-824c-c17861507a36,3869354,0
WC2022,a6af0c9e-e0c4-4ddc-83f5-13e08a6a3fbc,3857269,0
WC2022,a6d99c65-31de-497c-ba04-927f0d865ec5,3869321,4
WC2022,a6f4f25d-499a-4b36-9aad-1ce8c03eed90,3869220,0
WC2022,a714a3b0-ab34-4d84-95ce-1150b6925d17,3857269,0
WC2022,a7467251-388f-41a9-9985-df21d703b2ba,3857278,4
WC2022,a798901c-426d-4d8b-98dd-f039d1cfcff4,3857278,4
WC2022,a79fee7c-86b0-4b3f-8471-f7da349935c4,3869519,2
WC2022,a7d8c465-2c64-40f3-8d85-079d2dae9bae,3869486,3
WC2022,a7da3eac-f5f8-4fae-bb80-8af5b4ceb288,3857283,2
WC2022,a7dfb222-f009-4a17-9b24-046eafa1e177,3857263,0
WC2022,a8233569-2f08-4237-bf5b-fe97e2c823c6,3869220,0
WC2022,a82f98c1-d221-4d16-afdf-97b2ee85cccb,3869117,3
WC2022,a83ffcd3-eed6-4be3-93aa-7732ee7ebef7,3857295,4
WC2022,a86a530d-3e5d-4b48-bc34-1ac3dd586ea4,3869321,4
WC2022,a88d3768-cd06-4601-85c7-f73a6cea3704,3857274,2
WC2022,a8aa80a6-dcb1-41bd-8c6e-f2c0cb84e0c3,3869552,1
WC2022,a8b90fcd-b0e1-422c-8e5b-5c3564d5a750,3857280,2
WC2022,a91ac9de-f89e-4635-bac1-e807792beeb2,3857256,1
WC2022,a9531b08-62b5-43b4-8978-8ad1e417716c,3869685,0
WC2022,a95fe1f1-d65f-4251-9133-27af16615135,3857292,3
WC2022,a96ceaca-f3a8-42a8-9d0b-cfa117160558,3869420,2
WC2022,a9782c54-a7fc-4081-9280-e86686b61fd6,3869552,1
WC2022,a9aaef2a-84e0-4c3d-9dda-01c7d6f35b4e,3857300,0
WC2022,a9c56dee-d679-49bf-9332-d035e4ce602f,3857270,3
WC2022,a9e9e4df-cfec-4833-852a-2a050ad38f94,3857289,2
WC2022,a9ed983c-10f8-45e6-91f8-a8db3ca95c3e,3857297,1
WC2022,a9fbf0d8-0118-4d4b-b878-359ee741bce2,3869151,2
WC2022,aa3fc5d8-d37c-458b-9982-f7147aaddc28,3869685,0
WC2022,aa664c68-4a66-416f-8eef-9aa686fa0033,3869219,2
WC2022,aa6f01b5-49e3-4f33-953c-6f0a946322c7,3857275,4
WC2022,aa73f50a-7359-42f2-8faf-990ec8184bad,3857282,2
WC2022,aa7c85dc-6623-40de-adf8-441311a2b661,3857271,4
WC2022,aa816726-5fda-44d3-9927-ec8d64e7fb4c,3857271,4
WC2022,aa890f53-490e-471d-8db9-abc8810ce37b,3857284,3
WC2022,aa95fbb2-18b5-4e95-8388-2dfa7523fe8f,3857281,3
WC2022,aaa0f367-e6ac-4111-9926-e0e0cd99f43c,3857256,1
WC2022,aaac041e-ce90-43cb-b79b-e4e0635adf48,3857287,4
WC2022,aaaf01ea-3384-45fd-9375-308fa1556202,3857292,3
WC2022,aadebb7a-687c-4058-9665-0acf7906d7b9,3869354,0
WC2022,ab415fdc-0443-4039-9dde-95088661ddfc,3869117,3
WC2022,ab68dc20-7616-470b-9bf0-c95586887a70,3869684,0
WC2022,ab78e512-0965-4dbe-8382-316dfc7381fb,3869321,4
WC2022,ab822162-3895-4f99-a5c7-32504ab1c99b,3857296,2
WC2022,ab83a795-b6e7-47a8-ba85-6973df398fd4,3869253,1
WC2022,ab86836a-c18a-4ea8-be64-8ad6b2833d77,3869151,2
WC2022,ab9478cd-da69-4937-a039-5f9560b5edb2,3857288,3
WC2022,aba17d22-614a-4671-858a-9af5a5f38836,3857292,3
WC2022,abf7ea2a-d689-4b0c-8109-bcc9efdc674f,3857259,3
WC2022,ac0b2453-6c3b-4d83-83e6-02f8aa396c80,3857263,0
WC2022,ac253b61-ff0e-442e-a9b5-debe791f1a82,3869321,4
WC2022,ac2b90ed-1920-452c-99f2-7835a8eb7025,3869685,0
WC2022,ac2ce3ac-e293-4e88-882c-9ffcd4b252ef,3857263,0
WC2022,ac5cb227-4f22-4517-8ab0-bdc61fd0104d,3869151,2
WC2022,ac5ef092-19cb-4cf8-8e6a-450205e830a5,3857274,2
WC2022,ac8653f2-6823-4705-86a2-4074a3f3baa6,3857269,0
WC2022,ac921419-6132-4a52-bc9c-f1eebe03f78f,3857270,3
WC2022,aca777c4-698a-474b-b1d4-1951c86ada4c,3869118,4
WC2022,acbd5c0a-9b07-42a2-95a2-74dc954d3bc7,3857290,1
WC2022,acc10256-723c-4337-906a-e0c415dd7700,3869354,0
WC2022,ace17079-cacf-412f-95ad-939a1a6581b0,3857286,3
WC2022,acf5d8c0-bba3-4f4b-97fb-2ba8acb10e36,3857284,3
WC2022,ad047e9f-5605-4602-a1f7-e7b88518cf5f,3857255,0
WC2022,ad408baa-c870-4266-8e88-9b2bf9be6c9a,3857269,0
WC2022,ad5e6b3b-274e-4e2f-be59-5f10e2c8755b,3857282,2
WC2022,ad704f1f-e22b-45ee-8cd3-937afaaf04c0,3857296,2
WC2022,ad893cfc-297c-4505-9262-2ab9c42d40a5,3857254,0
WC2022,ad8b548e-30ab-4015-8b77-2244ba333a3d,3857284,3
WC2022,ad910172-0d24-44a3-977c-33a690222053,3869117,3
WC2022,ad9d668e-cb37-4bd0-b36b-2df70aa52990,3857254,0
WC2022,ada0b8f3-cf0f-49d1-bc3b-db68c5ef65f6,3857272,1
WC2022,adad3862-faec-4a74-9c48-5efbb702b08c,3857283,2
WC2022,adb1458f-b87a-4d13-b82c-e83c81218034,3857290,1
WC2022,ade8986f-a4da-4084-becf-13f9a1ba3d9a,3869254,3
WC2022,ae286c1c-1c55-43db-8744-e5735277d530,3857265,2
WC2022,ae31b76a-5d8a-4ad6-ba90-932ea26f814a,3857300,0
WC2022,ae7aa88a-679a-44f9-b2d6-f64d3b3d7816,3857255,0
WC2022,ae7c584f-cbeb-4e4c-907d-df7dbe9d8cf1,3857290,1
WC2022,ae901160-978f-4406-94b5-94ee32cfd086,3857265,2
WC2022,ae908c1a-d178-46ca-b0e4-b8baef47e0a0,3869684,0
WC2022,aebe1c89-986a-4d2e-9d9b-6eebcf10ffbd,3857283,2
WC2022,aec70e4c-f4f3-42f9-9a7c-ff56d1a20966,3857275,4
WC2022,aec89a78-9899-4cc7-82c4-be31409aaee9,3857274,2
WC2022,aef7eb1c-54a2-4279-8189-bd0c4f98455e,3857263,0
WC2022,af0ccdb8-344d-495f-a5e3-2e6d273ad557,3869684,0
WC2022,af155f14-a4aa-494f-aaf7-d17fbf728c8a,3857277,0
WC2022,af20d15c-2aa8-4bbc-8361-9dd16391c0f7,3857290,1
WC2022,af346a4a-c150-438d-b63c-7a5a9206db38,3869354,0
WC2022,af3a2104-1516-41c2-b06e-e7fb53587b88,3857298,1
WC2022,af5ba833-4a26-46fd-8b5d-df6a804f2217,3857284,3
WC2022,af8886e5-0a0f-4e99-ba03-52150a696d68,3857284,3
WC2022,afafe222-52ea-452e-98c6-b15fc11ef02d,3869321,4
WC2022,afce035e-f97a-41b5-9a35-5a7f0b644da6,3857271,4
WC2022,afda4c48-5e9e-44d5-9a4e-b770fd976296,3869219,2
WC2022,b003086d-582a-4c4a-9efe-512483f1e758,3857289,2
WC2022,b0089d54-b414-44d5-a9f8-9b84b83449e7,3857290,1
WC2022,b0335da5-8370-4f26-b1c6-6a38260af5d4,3869219,2
WC2022,b0631da7-1fd4-4028-9ebc-e5f4f0121d41,3857262,3
WC2022,b0824c1b-1984-4649-9d82-f78eadb1f96a,3869552,1
WC2022,b0a16eb8-718e-49c8-a33d-690f4b046793,3857283,2
WC2022,b0bb872d-78a2-4ade-aad1-427470b6a38a,3857296,2
WC2022,b0c58fc0-6bc5-4dbb-81c8-83d9fb66d1e3,3857296,2
WC2022,b0c70541-d9e2-4302-bb51-8679d756b129,3857297,1
WC2022,b0d32885-8f8c-45d7-ad7f-4b8fb5f9d71c,3869151,2
WC2022,b0d3ba37-38ae-45ef-975b-5a0130e16526,3857291,0
WC2022,b0f68c5d-733a-474d-a557-237ca4d245d8,3869151,2
WC2022,b1072380-d10b-4df4-b453-5c558f066004,3869321,4
WC2022,b113e211-22bb-4542-9d47-e6da24d3bf45,3857280,2
WC2022,b136574e-51c0-46fc-87b6-1f887a0f31bb,3869486,3
WC2022,b13c7313-8896-4b04-8e39-9e189ac2ca00,3857286,3
WC2022,b147493e-1b65-4030-9564-bda21c2778ed,3857299,2
WC2022,b1496af8-5835-482c-851c-5cdfb727cff1,3857298,1
WC2022,b15bf69f-fe22-4677-89f2-3aebdd61d212,3857271,4
WC2022,b15e5b65-b1d3-4059-88d4-bfdb03c11360,3869685,0
WC2022,b19242cb-4c5b-4a76-983d-e63c57904429,3857284,3
WC2022,b19cdff4-dd51-4dc0-bbfc-e89962d92a4f,3857272,1
WC2022,b1a95b9d-279e-4799-953a-0158a72a4946,3857267,3
WC2022,b1c194d8-88f8-479a-b017-e77ab6e9b190,3857274,2
WC2022,b1d55c9e-eb2f-4ab2-bfd1-73493b1bfae8,3857292,3
WC2022,b1e6fa09-e87a-42ec-85b0-c6c897d9ab00,3857268,1
WC2022,b20287b4-96cb-4b40-b18b-35d36cb63ed4,3857254,0
WC2022,b20f86ad-baba-416a-b13a-fa503b8a3ab3,3857295,4
WC2022,b218b0da-aa51-4075-9c60-11c8b23267b4,3869118,4
WC2022,b22aea6b-c37e-4e63-b191-43204347fa03,3857260,1
WC2022,b252f60f-a992-4ce1-aaa8-d36b788f8d37,3857285,4
WC2022,b25c5979-e343-42c3-9f4b-f6301c7443b3,3857262,3
WC2022,b263af4a-ce4d-4685-9523-cb46fe3e116e,3857299,2
WC2022,b272b59b-d446-434c-8fc9-b656af1fefbd,3857297,1
WC2022,b274a39f-ab62-42d7-8506-711bb3d82b8f,3869684,0
WC2022,b28735f5-fa02-400b-900d-f02388e7af0c,3857288,3
WC2022,b2c1e47e-fc12-4c56-b5c9-42aedadc9c10,3857295,4
WC2022,b2e55f8d-314c-4f18-93a1-27e3cd429af6,3857294,4
WC2022,b32f5888-a401-47cb-9560-953cf076a7ec,3857273,3
WC2022,b3981d18-d171-44c5-989e-54d27be4cf6d,3857288,3
WC2022,b3a16bf9-84ba-47db-87ba-ac7ea1a5f516,3857284,3
WC2022,b439bd4e-3d56-4c00-8b1e-8c9438c9a910,3857294,4
WC2022,b43a1f75-fe4e-4847-aa80-ffe071644499,3857262,3
WC2022,b490e6bf-5c5e-4b05-9269-f7eac4c46766,3857294,4
WC2022,b4a6680b-5c02-456f-ab0d-ee90149f2210,3857290,1
WC2022,b4b7626e-9496-426a-92b9-064e021aae3b,3857269,0
WC2022,b511fdd6-cbae-4d15-8a7e-9b32bec7e753,3857274,2
WC2022,b51ca697-9266-4b64-85bb-82c7e9696115,3857272,1
WC2022,b52da0b8-f3e8-49dc-af7f-50c8810c6c4d,3857291,0
WC2022,b533fbbe-3769-49ea-a9db-469ed75e29b8,3857280,2
WC2022,b5556632-5394-45b8-b4d5-d86ab9df108d,3857266,1
WC2022,b56e464a-3089-43aa-9f85-89d778283481,3857296,2
WC2022,b5c1affe-4cbe-41bd-9123-ae13dfa1971d,3857257,4
WC2022,b5cdef73-4ff6-4c68-9e86-be0ef0855a93,3857270,3
WC2022,b64d3882-36cd-41dd-b04c-242e8a795ba0,3857296,2
WC2022,b665124d-f9dc-4b7b-8c7c-0e5fae349b68,3857274,2
WC2022,b6aaa988-0f16-4596-89ed-631400a71e41,3857268,1
WC2022,b6c2e88e-a212-4d8b-abb1-acc09a5655d7,3857264,1
WC2022,b6c7707b-4bb9-48bf-89ca-02b3cf74c4eb,3869152,4
WC2022,b6d06c00-ede9-459d-b7aa-a8cbeea8dfb1,3857257,4
WC2022,b71c460c-28e5-4946-9a92-c0674c8e55c6,3869685,0
WC2022,b71cec3b-903a-482d-a54e-acf7e21334ee,3857280,2
WC2022,b7245081-4c9e-43ac-9172-2e41eade14e2,3857300,0
WC2022,b741983f-ead8-49fd-a56c-5040d7ff1359,3857260,1
WC2022,b750edd8-72de-401f-8ded-fe40e740e9e3,3857282,2
WC2022,b7884750-ece4-4163-b4e8-3097eb7ddb42,3857258,0
WC2022,b78f53f7-87c6-4647-9fdc-3725cce94654,3857256,1
WC2022,b796e60f-9697-4875-85b7-f58c7dee90e4,3857263,0
WC2022,b7b6eb0b-852b-497b-add5-32ca79ede13a,3857273,3
WC2022,b7c5e01a-0478-446f-8d0a-6001a19adc7e,3857288,3
WC2022,b7d94860-55c8-4baf-a8ac-2dc445513e94,3857299,2
WC2022,b7f54928-113e-449d-9887-79b94150005f,3857273,3
WC2022,b7f8eb43-90f1-4f97-af09-e1be08ae10fd,3857281,3
WC2022,b81c44ed-c53e-48a9-a274-a5634c2f1344,3857274,2
WC2022,b8411b55-80ac-41ad-9e4b-dcc330bfab39,3869118,4
WC2022,b842f62c-3a08-4a73-9c6d-d20432e167cf,3857284,3
WC2022,b8469896-ef7e-4226-8dfc-a016d24962c0,3857290,1
WC2022,b84a0279-bb29-400f-89da-ebca89de60ae,3869118,4
WC2022,b854fce9-f3c4-4ca6-8541-cd9be77f9708,3857258,0
WC2022,b87bd1e8-819a-444f-b2e5-335f40bfb0c9,3857278,4
WC2022,b89fc9c5-8bbf-4f14-abb0-2b9f891180f9,3857270,3
WC2022,b8c68e52-005c-4c39-b86c-62d58e7bfbf0,3857278,4
WC2022,b9066126-ba6c-41c8-87c0-8c4f08e7f836,3869220,0
WC2022,b91f2331-a6cc-454b-b4e3-37b871c82beb,3857276,1
WC2022,b91fd439-4fbf-4977-894e-f87e54d4dd49,3857256,1
WC2022,b928d697-6dd6-4ad8-b24a-151433dc9dfc,3857295,4
WC2022,b9449a92-f976-4090-99b2-3b9b0087c8c9,3857280,2
WC2022,b968d1fd-1dee-4a19-96ee-b88edebb4da1,3857264,1
WC2022,b979c876-d7b2-49d0-b86d-aff4298b4037,3857297,1
WC2022,b97f2e78-7075-4d7f-b86a-f51b20ebe177,3869151,2
WC2022,b9c7a589-8051-4c1f-a255-c8c2f2f28e24,3869684,0
WC2022,b9dc6f53-cfd3-4dbe-81c7-b3803f946d8f,3869151,2
WC2022,b9f86bdd-c55a-4f9c-88b6-d289155e2a51,3857258,0
WC2022,ba0d6f70-df3f-47f4-ac53-7535b1755d23,3857297,1
WC2022,ba1566ba-baa8-47ff-b9c4-bb50c194a17f,3869254,3
WC2022,ba166236-25aa-47ad-aa4f-a8c0e28f363b,3857263,0
WC2022,ba4067aa-b1e4-41c9-97b0-f697829b178e,3857257,4
WC2022,ba557efb-ce6c-4fce-9ae5-a071e06e4f81,3857292,3
WC2022,ba8d60cc-fd03-469c-90ab-e5916d80d9b1,3857268,1
WC2022,ba8fbfa1-199f-425c-bc86-6eed067b4dec,3857284,3
WC2022,ba95c3c4-7d64-495a-baa9-8f98a4ec8f89,3857296,2
WC2022,bad174bd-eb5f-45f8-b61f-19642044d2c0,3857264,1
WC2022,bada3347-5e8d-4b3f-90c4-3f773b2dce2e,3857280,2
WC2022,bae44574-e079-4c6d-bd51-93acebd6cbc0,3857257,4
WC2022,bafb8848-c763-48bd-93fa-191d8ede796e,3857299,2
WC2022,bb27ced3-a449-4027-ac08-dbd4c01c305b,3857268,1
WC2022,bb57ed07-4dce-41f2-a5ad-45a0e52f3f7b,3869118,4
WC2022,bb6d783e-0bdc-4a32-b968-7fb2b37166a8,3857273,3
WC2022,bbb8e885-51b7-449f-99e9-3a39eb9b30ef,3857257,4
WC2022,bbd55dcd-1b24-4e5e-924a-a93dd4d3fd08,3857297,1
WC2022,bbedbcae-52c7-473b-ba58-b107701b3b87,3857283,2
WC2022,bbf4acbc-f7be-4ed8-b857-156a1211f927,3857301,4
WC2022,bc05b23f-6fac-4526-884a-47fd8cec28e6,3869684,0
WC2022,bc2372eb-3b3e-411c-85eb-8efa28a5df22,3857277,0
WC2022,bc6dfad0-1e9d-4ec0-b2e5-9a5c7d567950,3869684,0
WC2022,bc7bc031-3731-4f21-aeb6-073e5a427be5,3857261,4
WC2022,bcd7d0ee-77e2-43b1-9aae-371287ded239,3857276,1
WC2022,bcd9a9c5-63f2-4e90-ab0e-2acf79bbecc3,3857258,0
WC2022,bce64730-ee83-4bb5-850f-d92f4cf629e5,3857277,0
WC2022,bcf0f09a-46ff-40af-86ed-939be4cea32c,3857297,1
WC2022,bd05ddd0-f844-4278-8ee4-350d3c1bce0f,3857270,3
WC2022,bd377516-2159-47d0-8375-293a2e16d68e,3857283,2
WC2022,bd660cf8-2986-492d-9add-dd443cdc6e74,3857284,3
WC2022,bd77a800-3b76-42ad-b4dd-ea303806c566,3857260,1
WC2022,bd77de2b-9b70-46fc-b265-af6d0f4f1fb3,3869220,0
WC2022,bd9d2ead-90c8-48e5-99bc-6fe28046a4fb,3857270,3
WC2022,bde9e275-304d-45a4-8cc9-8c60c38e1a9a,3869151,2
WC2022,bdefe80c-1e2a-4a3e-b67a-7e4534cff399,3857254,0
WC2022,be2185f5-b1a4-481c-8188-9ae754e0742d,3857296,2
WC2022,be2a5784-a883-4ec2-8929-98155b58ea39,3857274,2
WC2022,be2c60c9-6735-4888-80b4-98cbb038fc34,3857277,0
WC2022,be2c7a34-e6aa-4dde-b71a-055b7550e6ab,3857256,1
WC2022,be36f709-c2a4-4ca7-a7e8-815e9091ad4a,3857292,3
WC2022,be4679fe-cdf2-45ef-85f2-7036e872d836,3857284,3
WC2022,be605762-66d1-4d7c-ac14-db47aeccc5d1,3857268,1
WC2022,be88d641-bad7-460a-973b-c5806a81a51f,3857292,3
WC2022,be897d36-c42a-41cc-9a2f-bea5599f47fd,3857255,0
WC2022,beaf171a-179f-43e0-9b24-806e89e850cf,3857281,3
WC2022,becf4961-8544-4ddc-9f18-124107300c54,3857274,2
WC2022,bf278ca1-491d-4b26-92fc-3c0221f3854d,3869152,4
WC2022,bf422115-95cb-4f8b-be18-0dbedfcb9680,3857294,4
WC2022,bf5480e5-08f2-4964-a26e-32fb29db41cf,3857274,2
WC2022,bf5fb119-00bb-4e52-97ad-2849ee3ab61c,3857265,2
WC2022,bf707b1a-63ef-4b0a-ac3f-fca89835352d,3857300,0
WC2022,bf7640eb-8c96-49de-a596-0d3df0552a38,3869486,3
WC2022,bf8887ec-be77-48d4-92a0-4437d3505217,3857265,2
WC2022,bf8f80a9-b72d-4f54-bb83-1f7edf124c9b,3857269,0
WC2022,bf9a956f-cdbf-4bd9-b0ad-b23b76c08107,3857284,3
WC2022,bfa29abb-6612-4e46-ba7c-e86f15c51604,3857279,1
WC2022,bfa60832-bc98-4aee-aa4a-9f0032f67ab8,3857279,1
WC2022,bfca18cd-4ef4-430b-b3d4-3fbf99c4ec6b,3857274,2
WC2022,c00dbc04-18f9-4660-bb6f-04e93245a92d,3869219,2
WC2022,c02f62cd-e6b0-4ac7-a18d-752bc0d6899f,3857264,1
WC2022,c03ec93c-891d-4539-86e2-ee25f56b55c4,3857262,3
WC2022,c0581637-d5ce-42d2-b8fc-b6a7778648bc,3857265,2
WC2022,c05cfa09-18fb-4a52-ac36-2d0411981909,3857265,2
WC2022,c06d9d4d-79f1-479b-b456-8767b8e6b22b,3857257,4
WC2022,c07cd8d7-0547-49ee-931f-925ee3a111f7,3869685,0
WC2022,c095fa44-dc49-4d57-a854-95c86b6900ab,3857268,1
WC2022,c0a34568-2da2-4710-829d-e24f1e6e9bf5,3857266,1
WC2022,c0aee88a-5969-4f27-a900-0dcf472e039d,3857291,0
WC2022,c0b1cf56-ac3f-49a4-b35f-4ef6e22a4e27,3857261,4
WC2022,c0e5178b-92a7-4dad-a927-371ae9fcf553,3857263,0
WC2022,c0f2da4a-9862-47eb-9602-2c2a6738fcc7,3857280,2
WC2022,c0f2ed93-8fa6-447c-9292-266d68ff5343,3857296,2
WC2022,c11a8d2d-5c1f-4c57-8662-bc6b01fe31fa,3869321,4
WC2022,c1212de7-c5c4-4a9d-8fd0-b70013a7628b,3857263,0
WC2022,c12d2b26-598f-4481-9082-18cdcc2ee351,3857279,1
WC2022,c15e8145-c736-4c0c-bd2b-649c8757987c,3857258,0
WC2022,c18a841c-ae70-476d-a88c-2dadfd7e4a10,3869117,3
WC2022,c19b1998-62b7-47f0-bcf2-7296a2aee4d1,3857299,2
WC2022,c1aa0c2e-5236-4fef-b917-19799da68e65,3857255,0
WC2022,c1fd680d-ddd9-4980-9ef4-c1b6888ddcd9,3857286,3
WC2022,c21bb14e-e4f3-4529-8d28-5b568f73da4c,3857274,2
WC2022,c231be4c-a283-4b93-9ca5-9677f3d54a30,3869152,4
WC2022,c25e834d-75f7-4094-83b2-8c4bff18b1db,3857279,1
WC2022,c2890666-0e6d-481b-9652-3783a5a35d56,3857269,0
WC2022,c2d06b32-f8a6-469a-a1f0-26c3d076d2c8,3869220,0
WC2022,c2d35d9d-04dc-41fc-85e0-0f95f9eb957a,3857258,0
WC2022,c2e328c4-ef20-410d-90da-a6849f5f5567,3857272,1
WC2022,c2f4b755-09bc-424d-a329-9fefe9f15781,3857289,2
WC2022,c3158490-cfcf-4dc2-84b3-99115f3f2ed2,3857282,2
WC2022,c31eb265-3152-46e0-bde0-c3cf0e82ec7c,3857293,2
WC2022,c3504188-7cf4-44ea-8da7-f6f0f78c5670,3857264,1
WC2022,c350a3f8-1529-487b-ba03-55e4e86622b9,3857297,1
WC2022,c3581860-2e57-4dca-a601-a4f07518e1e8,3857289,2
WC2022,c367e12c-3d7f-4820-bc31-0095aa100ef8,3857291,0
WC2022,c37723eb-dc25-45e6-9fae-83339d64af7e,3857283,2
WC2022,c38d5f7f-14a2-455a-831e-72786c6cd390,3857259,3
WC2022,c39f30d4-29e5-435a-bdcd-7dfdce8466a8,3857269,0
WC2022,c3b056d2-2a38-4cf2-8ec1-89383dc3c64c,3857288,3
WC2022,c3be8e37-06d4-4529-b88a-0b19169ccb25,3857292,3
WC2022,c3c18658-8f02-4ee1-acfb-8c2a8460ebc7,3857273,3
WC2022,c3c892dd-87e1-41f5-ac77-1f32b3e0e822,3857286,3
WC2022,c3d03730-f635-4813-93d4-829d2c897644,3869684,0
WC2022,c3e03cd2-6bd7-4ecd-8abc-3a6521d07f93,3869254,3
WC2022,c3f5a533-ac08-4acd-aa50-1cab099f6feb,3857298,1
WC2022,c3f73f6f-b14a-4a50-aea1-1fea7a341163,3857276,1
WC2022,c4043554-ff86-4901-99a6-8b107721f8e5,3857254,0
WC2022,c423f14c-44b8-4780-b409-a3385dcfd15f,3857301,4
WC2022,c4350fa0-d341-40dc-92f5-f853c927bec4,3857291,0
WC2022,c439de17-f4cf-4cb2-90da-d7a98bd09ef6,3857285,4
WC2022,c44bc0b6-46aa-439b-b1db-714e3f4e61a2,3857297,1
WC2022,c46871e5-578a-4b36-a6e1-5e37a51ebb3b,3857282,2
WC2022,c49c631b-a7f3-4899-8bbb-e5a770ee3cb7,3857278,4
WC2022,c4a20bad-ec6c-4b71-b03b-dce69da42b16,3857276,1
WC2022,c4c85322-1815-4c0e-b33c-6b2daa44b12a,3857284,3
WC2022,c4cd5831-8c1f-4ecc-80a0-04bd1fffbb36,3869254,3
WC2022,c4d32006-16f2-4ef5-afa9-d10bea91b306,3869253,1
WC2022,c4eb1d25-01b6-49fe-9a29-a5b5e7e9c124,3857263,0
WC2022,c51c3a85-821f-4097-ac3f-3367b0d6fc05,3857291,0
WC2022,c558158e-3551-47aa-b080-eb6de7465899,3857274,2
WC2022,c5912459-994f-4a69-8ef0-829ff2baca4d,3857287,4
WC2022,c5933056-ed83-478d-8ba2-95165be9f7b0,3857276,1
WC2022,c5a2c90d-28ac-4994-a309-63680ca2eabb,3857299,2
WC2022,c5aa08f2-616d-4b1d-ae61-e31f347fe3d0,3857257,4
WC2022,c6051ee9-16ff-4ad1-be14-8aa4714c44c7,3869685,0
WC2022,c633b6da-7c49-4980-b91d-fbb52759a44b,3857298,1
WC2022,c63d9d51-e545-4856-857e-a92b1018b480,3857267,3
WC2022,c6a2249b-b7e2-434d-bd71-27b8ac2e7839,3857297,1
WC2022,c6d4c749-94a4-4298-8de2-2a5b2db1d3a1,3857289,2
WC2022,c6da8e17-92ff-4d8c-ae65-9900bc8ab40e,3857290,1
WC2022,c6e1c689-7087-43c7-a32f-9b608352d2e1,3857295,4
WC2022,c6e39b79-3b55-405c-814f-a31d37fb56e8,3857279,1
WC2022,c75fa14c-07be-4978-929d-b236f0345449,3857277,0
WC2022,c773d228-c2fa-4eb8-878d-59751bfa492d,3857256,1
WC2022,c7791a24-5166-484d-9107-74da76120383,3857262,3
WC2022,c7859e30-1e93-494d-9876-9332850c4eab,3869151,2
WC2022,c79d0b59-75a1-4d9c-bd9f-50d6a16d2f54,3857296,2
WC2022,c7d3d44d-6d70-4bcc-bf46-587cc952c95f,3869151,2
WC2022,c8519e1d-5942-46a0-915d-3d31aec43f31,3857297,1
WC2022,c86ffdae-7bb8-4f7a-a933-337d5e6df318,3857298,1
WC2022,c89ec6e0-b78a-4216-a5f2-0640ea2e2f97,3869118,4
WC2022,c8bb1562-7d8d-4e8f-aaa3-9a164de768d9,3857286,3
WC2022,c9108105-55e0-4495-9801-2fd515f8f46a,3857284,3
WC2022,c91c6561-b594-4d1c-bc54-2adca237a5e8,3857274,2
WC2022,c96b1f63-6281-4c11-b7e8-948c2eaedb74,3857260,1
WC2022,c996d54b-8cdb-4177-be0f-f8e0e8e2dda8,3857295,4
WC2022,c9a133ba-0f55-47d0-a09e-7feb28057a26,3857277,0
WC2022,c9cac293-9a60-4e3b-9768-7816f3ca1f14,3857297,1
WC2022,ca087462-ed91-46fa-a292-6238ba609c3f,3857263,0
WC2022,ca57512c-260e-4c08-80dd-7d8ee5f036ac,3857260,1
WC2022,ca636efc-a209-4042-a670-fed49db62902,3869118,4
WC2022,cac92fca-3394-4907-96ea-fba9be146d07,3869486,3
WC2022,cadd7251-a9fd-454a-a4d4-6148640b3aed,3857263,0
WC2022,caebe9bc-fc46-44fa-8577-dd64f8b7c911,3869117,3
WC2022,cb08d6d7-8d44-40b9-85cd-9b6422d7a186,3857271,4
WC2022,cb147b78-8d1f-48d5-9151-bed3bbbf12ee,3857301,4
WC2022,cb19b4d8-7283-495a-adfc-c3d951f29c42,3869151,2
WC2022,cb387bd7-473d-45b0-92bd-031346f93363,3857268,1
WC2022,cb6891f4-7812-4dee-bd89-cf3e0aa3d5df,3869420,2
WC2022,cb7adf98-d669-4928-9361-286a2c5ced69,3857280,2
WC2022,cb7cc21a-9cf9-48bd-aefc-9151baff9d0c,3869254,3
WC2022,cbe8ea6a-d779-4ba2-896c-db90e923eb6e,3857255,0
WC2022,cc04ebd0-0628-4034-98c4-d361c9df7375,3857255,0
WC2022,cc0ebafa-45bd-4fb0-8fb2-150fd9e85fc6,3857270,3
WC2022,cc1e8b11-8c4b-4f18-b555-ce34c48edc40,3869685,0
WC2022,cc56dbd8-9fbd-4995-a179-eb7ed6f32761,3857295,4
WC2022,cc70fbac-5657-4deb-aa45-7568d270a857,3857290,1
WC2022,cc9dc907-2764-4a4e-a3d2-f41a88b61066,3857262,3
WC2022,ccb3a89d-8d13-424a-a98c-94d9d8490566,3857271,4
WC2022,ccbad3d8-8d53-45bb-995b-9f88bb68ea1a,3857290,1
WC2022,ccca9115-2927-4bd3-83c4-8c829718cdfb,3869118,4
WC2022,cccce9cb-7864-4130-a5d4-55308d3738f4,3869685,0
WC2022,cd2ba650-bbc4-42a2-9583-0c7f8fcdb3eb,3869684,0
WC2022,cd4d3735-d6e2-4ea3-9abb-dd796e40499a,3869254,3
WC2022,cd4ec7a8-82a7-4e09-9e17-368430a9747f,3857282,2
WC2022,cda127c6-d6e8-43e1-a40b-9a4f470c5654,3857278,4
WC2022,cda83076-50b9-4e40-bf2b-731c0fd940bb,3857272,1
WC2022,cdc87fe5-52e2-42fe-b040-659d0fb240dd,3869486,3
WC2022,ce0907b7-74bb-498d-b027-904ef34652ba,3857283,2
WC2022,ce0b326f-d1b0-47c1-b7ab-62fca20ac132,3857258,0
WC2022,ce0da18d-9d9f-4d41-8e9a-b097e5872ec0,3857275,4
WC2022,ce1e0366-d3b5-4d1d-a48f-c9d0f2889bb5,3857284,3
WC2022,ce21df3f-4ae5-4cc3-bede-59ae11d7d346,3857272,1
WC2022,ce4540ce-da15-4c4e-b1a4-07a293c8dc98,3857271,4
WC2022,ce5a13ac-1f61-4e39-90af-2178c41293f4,3857261,4
WC2022,ce6e07fe-ce84-482d-9129-896e3640004c,3869152,4
WC2022,ce8568c0-ddff-4b87-bae9-da08c5b117a4,3857291,0
WC2022,ce928906-0f34-4e50-bc95-79d690eb0410,3857263,0
WC2022,cea43802-22b7-4620-9754-baf4e7789c17,3857290,1
WC2022,cec0ec78-ec5c-429c-a68b-1449e0b4e1b5,3857257,4
WC2022,cec10869-bc8e-4119-ae5c-54c3ecc8713b,3857263,0
WC2022,cec332bd-6d61-4b8e-81a3-6cc12c5fd2d4,3857280,2
WC2022,cec340c9-863c-41f6-9c01-26a37f28b476,3857274,2
WC2022,cefd6e1c-7626-4457-9910-bd5651de29c7,3857260,1
WC2022,cf2e3146-57d9-4a6b-8d1d-45471cb90a63,3857298,1
WC2022,cf3cc7c4-fc2b-4ef3-a408-16bbee82c85a,3869220,0
WC2022,cfa4fe51-bbab-42a4-af0f-2542f0e618c9,3857280,2
WC2022,cfa8a873-eb96-4cfc-a781-1b16cb0eb616,3869684,0
WC2022,cfe2db7c-8291-47d6-8cd2-5377518cfb6d,3857270,3
WC2022,cff688cb-bcf2-4942-a0f0-d4e131fd33fc,3857264,1
WC2022,d024ef74-7143-4533-b11f-120ddb374ba6,3857270,3
WC2022,d02cfa5b-2f51-4122-9475-e5c8bc93279f,3857267,3
WC2022,d035b8d2-d8fb-4f64-89d3-ced45f60dfdb,3857300,0
WC2022,d05c56cc-b734-499b-a60e-f330aa482b47,3857296,2
WC2022,d07470b4-5b07-4136-831d-3c83db17f7f2,3857284,3
WC2022,d0970d83-46a0-4635-a7ab-e538187323ee,3857291,0
WC2022,d09e221d-f8fe-4d48-afbb-23d58ca5709f,3857276,1
WC2022,d0a33473-e417-47da-8844-baf0a32230e4,3857272,1
WC2022,d0bb9f99-6f02-46f8-b67c-c4a00d792f6f,3869117,3
WC2022,d0e83c2e-32b9-4ef5-adbe-25864755480f,3869117,3
WC2022,d0eac82a-92f2-4efa-810d-8c25818c37ac,3857263,0
WC2022,d1048f9a-48a9-4f3c-b1cf-0543b5a9d350,3869254,3
WC2022,d140e558-2016-4267-9900-f461c3921e3d,3857271,4
WC2022,d1857e18-da0d-4431-999b-126e7600a356,3857277,0
WC2022,d189f625-d9ff-4a8f-b77d-311b90f3dc59,3857300,0
WC2022,d195f812-91f0-4778-a17b-950bc2de2e1e,3857258,0
WC2022,d19f8bf0-a67e-41e7-98c4-677a58998d03,3857290,1
WC2022,d1b18503-d793-4acc-b589-6faf7af4d4b9,3869151,2
WC2022,d1c2ab13-7055-4307-853c-d05b9e19756f,3857290,1
WC2022,d1f0ac77-eaba-4b4c-8828-7f2294733a88,3857261,4
WC2022,d207bff6-e3f6-472b-be74-792e7283dcb8,3857280,2
WC2022,d20d7ea2-967a-4262-9eee-f922478e1516,3857291,0
WC2022,d22ab248-1710-4992-9484-63fd30676332,3857267,3
WC2022,d24df8e1-6f05-4a50-bc47-87d2e311de46,3857254,0
WC2022,d24ef6dc-da6a-4dcb-ab9e-27cc94f0e87a,3857297,1
WC2022,d251cb71-4895-4605-b075-388734f639b8,3857265,2
WC2022,d25ca309-aea6-4895-b1fd-beca322fe416,3857291,0
WC2022,d28e71c2-bb2e-41e8-a979-a15a4f6708a0,3869118,4
WC2022,d2921b3c-3ea5-4e02-8b2f-d900d8e3213f,3869219,2
WC2022,d2a7d3ee-5d1f-4845-b8e0-03d795e0ea97,3857270,3
WC2022,d2be8969-cea2-4ad5-a70f-bbaa8e03e9ae,3857268,1
WC2022,d2e6edb0-0f55-45d2-a109-f48c8cd37298,3857293,2
WC2022,d2f56323-8105-4f7d-95cf-8b8abde171fc,3869354,0
WC2022,d2fc0a9c-f214-4e7c-bfb9-b2a3c701574f,3857267,3
WC2022,d349c947-1bd3-4d26-ba43-7c725bd08770,3857285,4
WC2022,d355d01e-9bf1-4807-8bb6-dfbb87cf77de,3857276,1
WC2022,d3586e91-e722-45b7-a9ee-b7595e137695,3857259,3
WC2022,d364b46b-100a-4180-a70b-c55f811e05a4,3857277,0
WC2022,d3805a04-fbd1-4854-8134-191d74a32d08,3857264,1
WC2022,d391fb00-a800-4a67-9474-23d879a2e14d,3869219,2
WC2022,d39cead2-3662-413a-80db-fa310117694b,3857262,3
WC2022,d3c54892-6e67-4a41-8f63-2acf0ac12f00,3857284,3
WC2022,d3d01eab-b5c6-4608-bc80-0b06741b42fe,3869152,4
WC2022,d3d5892a-4e87-434f-aee6-beedf872e75c,3857258,0
WC2022,d3e0a474-7d9a-4fd2-b258-149abcf2c391,3857289,2
WC2022,d3e7fbf4-7dd8-4be3-a5ef-4e9c4df45d01,3857267,3
WC2022,d3f0f276-2c66-45b0-baea-610897e23d20,3857269,0
WC2022,d4038895-3b98-4acb-b686-61db13da284c,3869254,3
WC2022,d40d0ef1-bfba-4de9-8460-eed34c98ac89,3857258,0
WC2022,d41cb002-e202-41e2-948f-8e2af5ab4126,3869486,3
WC2022,d42d98b9-381b-472b-93f3-f5fda1236e49,3857268,1
WC2022,d43eaad8-53f8-44ac-857d-4c37a1b4eeee,3857273,3
WC2022,d44357b2-bb60-4f45-80b0-f123e2aff764,3857291,0
WC2022,d446f356-9167-4058-9bea-a94e7160e80e,3857294,4
WC2022,d46c2f63-84a8-46f4-acc9-ceb083685f17,3869254,3
WC2022,d4787ef8-d4b1-4ec4-996e-53f73fbf7e93,3857273,3
WC2022,d478b301-aba6-493c-9c21-f613f8dc03e1,3857279,1
WC2022,d48925c3-5436-4026-8a7a-3e5bf848589a,3857278,4
WC2022,d4acf9c4-22d8-4ae3-8026-35f57018afad,3857281,3
WC2022,d4c1fde0-9c9a-4177-a659-aa21e475909c,3857294,4
WC2022,d4de0b76-c8c0-4bab-891a-ae0df1ca970d,3869354,0
WC2022,d4e128b7-b7ae-4871-aa9e-1cda7ddc005a,3869420,2
WC2022,d4e34927-3eb1-42f5-a660-1b0b3075d9da,3869151,2
WC2022,d521fdcf-b3da-477d-ab9a-ac5e7b4583fb,3857297,1
WC2022,d5418496-5de5-4ea6-9a38-6558f7ad96be,3857284,3
WC2022,d54e2277-a4ed-42c1-ab2f-278424cbd917,3857279,1
WC2022,d593595d-c821-4b8a-b141-4c5dba57180b,3857289,2
WC2022,d5d1bfe6-b7a0-4978-bc2d-a9b0d81c28db,3869420,2
WC2022,d5d83339-5958-4424-95c5-bf313f786d9c,3857262,3
WC2022,d5fcda8d-f79d-493b-8b5c-f19dfc9cb720,3857262,3
WC2022,d60a5f05-ac6f-415e-a15d-4a64f8f7b92f,3869552,1
WC2022,d6258cde-6c04-4ee1-9f69-f923ff6ffe7e,3869117,3
WC2022,d62fb2da-6b2f-44bf-8c17-f542db5f83f1,3857261,4
WC2022,d641f47e-6f77-452b-97b4-aa8487966c4d,3857282,2
WC2022,d64c13be-c503-4946-893e-67edf7839285,3869117,3
WC2022,d68e17b4-11ed-40c2-88a8-2b194e1aa384,3869684,0
WC2022,d68f0dcf-bb54-43aa-b66a-1c3948abd0d9,3869117,3
WC2022,d69d3a6b-21ea-4f18-bc78-845f6fbe460b,3857298,1
WC2022,d6bd162d-ae22-4856-bc0d-25eead382039,3857268,1
WC2022,d6ca4575-6ab2-482c-9959-6fee6690ee68,3857275,4
WC2022,d7022c78-29d0-4884-a530-78b06ee5f893,3857271,4
WC2022,d70332cd-1d88-4302-a1ec-e0c18495e3f0,3857282,2
WC2022,d7087ecb-4207-4913-b287-6b68fb100a22,3869253,1
WC2022,d732e818-b9ca-4b0d-bf6b-2fd344835ed4,3857265,2
WC2022,d7659816-e5b9-4d5c-8160-83c178abc132,3869118,4
WC2022,d76c590f-c220-41d4-9a22-1e70156d6ceb,3869151,2
WC2022,d779fd0d-a77a-46b2-b798-7f6705a04718,3857273,3
WC2022,d77a2438-1232-492c-8a32-a9366b381984,3857299,2
WC2022,d7872916-4178-4a21-b51c-1ef0ca286bb8,3857256,1
WC2022,d7b019dc-884b-48bf-81e4-c810f0be9901,3857274,2
WC2022,d7b85fcd-1264-4ce2-9f8f-d32eb06c086f,3857267,3
WC2022,d7e05b60-2668-4fdd-bb08-a589b675a7f7,3857295,4
WC2022,d7ecf83a-505a-4e58-8a4c-5ed20d58a045,3857269,0
WC2022,d7fcd4c6-50cd-4974-9482-2dd595ec2b57,3857292,3
WC2022,d8175288-33bf-4348-8927-73e89b0f825f,3857256,1
WC2022,d8253283-00a2-4ca8-8882-c062fc4c02e0,3857262,3
WC2022,d842febf-c089-4860-9e55-fd13f8f9fc46,3857263,0
WC2022,d84fb770-5c8f-48cf-aa5a-a49f97f5cc4b,3857298,1
WC2022,d8688f07-b4ac-4c42-aaea-b6bc83fd7e8e,3857290,1
WC2022,d89af024-9eac-4186-95bd-d4929c068462,3857284,3
WC2022,d8f19714-6789-4cc9-bbcb-997350b650ee,3857294,4
WC2022,d8fbed3c-0a71-499d-a01d-aca018cfd5af,3857282,2
WC2022,d92387b0-b8a9-4b83-b44c-13a20c310bf7,3869152,4
WC2022,d9342266-f829-4503-a14b-a867535d42b0,3857259,3
WC2022,d9692f18-43be-45d8-99eb-3a4c75f7b82c,3869684,0
WC2022,d96b13f6-47b8-4374-9452-c16106be4dbf,3857293,2
WC2022,d983fc02-bede-4ca4-8fcb-5469bd1e6cb4,3857300,0
WC2022,d98d9912-5b84-443a-9554-1d2786468f7e,3857268,1
WC2022,d994da49-5b50-4727-94bf-08a788437c74,3857265,2
WC2022,d9e2b262-3ced-413b-8907-192505861272,3857261,4
WC2022,d9e62156-4f18-4ea0-957a-f6845610a9d3,3857274,2
WC2022,d9efc982-b1f6-48b6-a130-a19397f20990,3869321,4
WC2022,da036626-e59f-49de-9846-691c4b2d380a,3857255,0
WC2022,da508beb-e401-4700-b9da-390c6e4f716f,3857272,1
WC2022,da57b6e4-5836-4612-9c69-f54856dec099,3857284,3
WC2022,da78681a-047e-4bdc-9f5c-5685aebfaf47,3857283,2
WC2022,da92ca7e-9303-4c6b-a93d-165e8f5f7599,3857264,1
WC2022,dacacf17-4a47-4d9e-ac3a-2ffab77fd4cb,3869684,0
WC2022,dae0e201-ca40-4737-8ed6-d20c3c373a3c,3857267,3
WC2022,dae16732-bc07-4cb6-9c05-04e76652780a,3869151,2
WC2022,daeeaa15-b9c2-4b91-9dd5-df3b70f30980,3857299,2
WC2022,db0eca0c-0043-4bbd-8f42-0ed93f1ae6f0,3869684,0
WC2022,db200ca2-d6b6-42ac-a3dd-c29edb337b28,3869685,0
WC2022,db3720a4-2146-4dae-841c-be142a27cb41,3857263,0
WC2022,db6c2036-6a68-4528-be62-6d32b1d5977c,3857255,0
WC2022,db810419-305d-4027-9b65-febeba9388ab,3857260,1
WC2022,dbc33c5e-15dd-4446-b3d2-0b0beae12b5b,3857277,0
WC2022,dbcfe09f-96a8-4bd1-9418-92c6a66486ef,3857260,1
WC2022,dbfd4626-0d1f-45e0-8012-1843bd369247,3857291,0
WC2022,dc0ace0a-897c-43d3-b63b-bdec4fb10738,3857278,4
WC2022,dc0e5849-ec94-4fbd-a279-fe05ab584042,3857265,2
WC2022,dc2fe1b5-e9bb-4302-bb96-2b21b3e36ae6,3857278,4
WC2022,dc638b1d-0b33-40b9-b056-e96fcefb06ca,3869519,2
WC2022,dc66f7be-c667-4542-aaa1-f4766869e703,3857297,1
WC2022,dc951c56-9645-44c9-bd36-f736e6f81fcf,3857257,4
WC2022,dc9adcb0-d18e-4a4e-a18c-8ff08c4a9246,3857297,1
WC2022,dcc14c57-6488-4ca3-9665-34435e51d9dd,3857292,3
WC2022,dd0948cd-c720-43c2-862f-e2c4c799c561,3869519,2
WC2022,dd6262cf-0c31-4e87-bd21-3bff041f397b,3857269,0
WC2022,dd793720-1f50-46e9-b11d-27753eb0075a,3857254,0
WC2022,dd7fc2a8-8f9a-43d7-a687-c09e8a75042c,3857270,3
WC2022,dd915a88-e021-4ee5-9891-227598022377,3857262,3
WC2022,dddc1227-6542-45a6-aecf-6be6122b10f5,3857255,0
WC2022,dde01b53-9450-42a7-a6a6-a460d47a9443,3857272,1
WC2022,ddf6b714-4da5-40e6-afbc-d59052eb5a1c,3869220,0
WC2022,ddfe2955-e36c-483d-bdc2-3e25fb2bac44,3869685,0
WC2022,de6779ba-a405-4ea6-a055-e037a556e83e,3857274,2
WC2022,de6b595a-24f9-41e2-9819-32c62a5107d0,3857279,1
WC2022,de7ff8a4-a80c-4d5a-815d-00f044eb7411,3857290,1
WC2022,de83b502-ec3c-40f0-a900-74125b37132c,3857291,0
WC2022,de975a99-f4f8-4ca9-be93-343a54c8a974,3857270,3
WC2022,deba8af8-fd85-44ee-a8ad-4427be8256c5,3869220,0
WC2022,df1cd0a0-1e12-4a7c-90ce-debfde75e869,3869151,2
WC2022,df236dec-714d-4724-bff5-b9249f702689,3857264,1
WC2022,df3325f3-6bef-45e2-bcd7-c601e505e9b9,3857299,2
WC2022,df337cf2-aca6-4bce-8798-1baaeb86eeb9,3869118,4
WC2022,df3798db-02b2-418d-bcb2-009c8d7edccc,3857297,1
WC2022,df61e3e5-74bc-48ae-971f-b59002a58c15,3857288,3
WC2022,dfa31598-deb6-4551-b5c5-18b84419bf98,3869321,4
WC2022,dfac0b12-3cfe-4c00-ae2a-afadacff977b,3857263,0
WC2022,dfbdcb49-b569-4d6c-b268-a7dde5318578,3857278,4
WC2022,e013e6d0-879a-4e44-9c38-f5e8787945af,3857271,4
WC2022,e01a70b6-c65b-42ba-bc3f-1a96f9acd00f,3869117,3
WC2022,e02c494f-ac02-4a43-bf4c-1de120624df8,3857272,1
WC2022,e03e6905-e44b-41f4-b1f9-6fd45e78c6f7,3857283,2
WC2022,e056c249-6698-4819-8485-9b82f307a940,3857282,2
WC2022,e05b32d5-fc61-4680-9b27-dcbbe8c12971,3869219,2
WC2022,e06de99b-13f7-43f1-ad7c-05bf5918d075,3869486,3
WC2022,e08820f3-399e-475e-a450-34a290983ab8,3857295,4
WC2022,e0a30a2b-7466-47ac-afa8-3217e996be84,3857271,4
WC2022,e0b6fea2-8a27-47b4-a3a4-1d7b34d2e5c5,3857282,2
WC2022,e0c72d45-ddd7-48ea-9f5e-276ef0f219f1,3857283,2
WC2022,e0ec459c-192c-418f-8294-f8bd0273c2fb,3857293,2
WC2022,e0f59ff0-1f8b-4936-83f8-ccf44a85d0fa,3857257,4
WC2022,e147e63c-249b-4583-bed0-048ee318ab4e,3857268,1
WC2022,e1531648-0748-4b88-898b-c18b88add4c4,3857254,0
WC2022,e192f0a4-e9a0-4e0b-96ce-7e3a4075031e,3857297,1
WC2022,e1b41897-0e45-4863-b65e-a165b826bc82,3869151,2
WC2022,e1cbc208-4295-48b2-a49f-353c4055dd1f,3857290,1
WC2022,e206cb4c-d69c-4ec1-92bf-de9b232e75e8,3857271,4
WC2022,e20c837f-772b-4773-9daf-4acd8bfd8dc2,3857276,1
WC2022,e212c39b-d242-42c4-be0e-e172db11c0a9,3857294,4
WC2022,e230963b-588e-48fc-a4d9-5fdf5618a737,3857273,3
WC2022,e24b0d9f-0411-4a4b-8725-0a920bb740f3,3857300,0
WC2022,e2533781-f454-48d0-8a8d-26802d544dcb,3857263,0
WC2022,e28120d7-3ad1-4ad3-9887-329fce944c35,3857277,0
WC2022,e2a2cd4e-b031-40fa-b3b1-180a04a6f154,3857296,2
WC2022,e2ad009c-59c6-43d6-bb0b-e45c9d2823e4,3857296,2
WC2022,e2e59eca-a722-4f63-9a43-599eb7fb5d29,3857270,3
WC2022,e2e7e849-0733-4eaa-912c-4825af3150d9,3857265,2
WC2022,e2fc3d4a-fb66-49f3-9c42-6cb88466ad25,3869220,0
WC2022,e3231768-b2f7-44e7-9701-6a4b07996332,3857257,4
WC2022,e3485837-be35-4ec2-aea6-f887dce3f8c4,3869552,1
WC2022,e35928f5-97ab-4ba8-ba9c-d821959c072d,3869254,3
WC2022,e37159d0-8c97-44eb-853b-4cd368f2e400,3857266,1
WC2022,e390be4f-7e1e-4940-b007-f797949473ce,3857254,0
WC2022,e3bffe72-46c6-43b6-b0d0-118cef81e44d,3857296,2
WC2022,e3d9af7d-f09c-4c45-865f-4fd1215b3d7a,3857295,4
WC2022,e3df2e7c-0429-4e98-9ae5-37a1abb08f05,3869253,1
WC2022,e3e5f4a5-967a-4b22-9496-f2b10521153d,3857301,4
WC2022,e41102d9-db77-4ce8-987e-2926e6d4b086,3857272,1
WC2022,e411a75a-f38a-428d-a864-f6c9b2b9ff45,3857268,1
WC2022,e417a8a7-b4da-413a-8cb0-992c05727e68,3857257,4
WC2022,e4222a1f-8f85-4828-a84e-e0a86ee4026a,3869151,2
WC2022,e462dde2-41e1-4d8b-afbf-95be63854854,3857262,3
WC2022,e46c744c-fb6b-4965-a42c-094c912ae017,3857284,3
WC2022,e481aa5d-782c-4be1-a309-74c1632b25aa,3857286,3
WC2022,e488f13a-9b29-4ea0-aade-56af570b2988,3857290,1
WC2022,e4ac07e5-6f8a-4b86-8afe-4b36ea9f0b85,3857258,0
WC2022,e4b4c5b9-d872-405b-b454-8d594356df0f,3869321,4
WC2022,e4c845a2-dc25-4d60-996c-36bce443ebce,3869151,2
WC2022,e4e1e22b-14a6-4ae7-8991-6628dee52982,3857295,4
WC2022,e4e96853-24c4-4342-b674-700276814086,3857287,4
WC2022,e4f7b3ba-3998-4921-9123-4d64359ad894,3857293,2
WC2022,e5242689-318b-4c45-ab0a-1841cb38ef5b,3857301,4
WC2022,e528fc2b-bc8e-4fe7-b531-956c3fd1cfb2,3857278,4
WC2022,e535324a-d9b7-47b2-a9c4-1966ac8c6097,3857288,3
WC2022,e539c1f8-3a3c-452f-ab59-30956bbae7f3,3857287,4
WC2022,e56b9717-5c93-445a-8d3e-d8a87d4fa1b2,3857293,2
WC2022,e59b55aa-1866-4e3b-9494-3cd6ccb82db0,3857296,2
WC2022,e5c12b78-35f5-4035-beec-390da5c3075c,3857263,0
WC2022,e5d0b545-ccd3-46c4-9560-053b8df7917e,3869118,4
WC2022,e5da7ff3-cd54-46fa-a070-ee7c1e681147,3857257,4
WC2022,e5e9f952-4aea-436a-a2dd-14c8aff294ef,3857259,3
WC2022,e5f1d5a5-4473-48f3-aaeb-334365f4f1bc,3869684,0
WC2022,e5f26877-8ffd-4385-b6a6-fa8118cf9a08,3857272,1
WC2022,e61d0971-e401-4a4c-8ac8-7dafc8659ed4,3857263,0
WC2022,e62a41c7-cd4a-45db-a980-edb6b382d226,3857260,1
WC2022,e637be85-be49-40d4-afef-755c20ed4e98,3857290,1
WC2022,e64eab94-5057-4bcf-82c0-c62bf614d97e,3869152,4
WC2022,e67f10cd-6d82-4bed-b10f-21190ba96641,3857287,4
WC2022,e68dccb0-c296-451e-92a0-459be823d150,3869685,0
WC2022,e6914e32-56f8-4136-a00e-d1bbfd54eec6,3857274,2
WC2022,e691d31e-99c3-4b50-84e3-02e191341500,3869220,0
WC2022,e6cea3bb-8036-46b3-86d6-df3a3a1030f7,3857254,0
WC2022,e6d2026d-e99e-421d-89f3-24c6fb1e1c53,3869321,4
WC2022,e702a1f2-9c0b-4d25-aea1-cdb62d1e2b25,3857264,1
WC2022,e745f25e-8f53-445d-bec9-8430992f2bef,3857269,0
WC2022,e7583822-9584-41c4-bf73-78076b8c9995,3857265,2
WC2022,e777f59b-6d23-4fa9-8bf2-90160014fec5,3857291,0
WC2022,e796cb3f-b962-4215-b76a-7854bb484ea8,3869152,4
WC2022,e79a3f9c-d399-43cd-97cc-2e5f726feb98,3869354,0
WC2022,e7abe2a3-6d36-4686-b780-395a5f5268e9,3857293,2
WC2022,e7ca4019-2d82-47e5-bb58-f01ff1418f3a,3857263,0
WC2022,e7cc8c1e-56a7-41cf-a52c-d90982d6e5c0,3857257,4
WC2022,e7e31c91-9e1a-442d-a33c-cab3d65ea938,3857277,0
WC2022,e7e3d0cb-83cc-4a8e-8302-24c88c19172b,3857257,4
WC2022,e8110ce9-7c73-42ac-af85-e44847532eb1,3857294,4
WC2022,e83cf2c8-ca32-4cfb-b032-6dfc6996a7b4,3857260,1
WC2022,e8411d14-9d3d-4b99-93e9-95dc44cd610d,3869118,4
WC2022,e84fd076-67b5-4d28-a636-eba66ee0df88,3857300,0
WC2022,e866ced5-6f63-4347-937f-4e05f7848443,3869519,2
WC2022,e88a8d72-6f4b-40f7-bd56-08e644ec567c,3857276,1
WC2022,e8a2cfdf-74a2-4da8-af74-b1404ed7826a,3857277,0
WC2022,e8a437cb-f251-4440-87ec-dc580ba9243e,3857292,3
WC2022,e8a9d48b-b313-4834-8ca8-0d7515b61700,3869220,0
WC2022,e8af11e5-fa35-42d2-8645-c61e855e0359,3857281,3
WC2022,e8e00bdf-d15f-463a-953b-4e7c849091ca,3857296,2
WC2022,e8f60346-8012-4e9f-bd60-fb574ac7b15c,3857258,0
WC2022,e906cc9a-db46-406c-843f-1dfaad4ffffd,3857290,1
WC2022,e9108b22-31e8-4836-8b9c-a44692d17ce4,3857272,1
WC2022,e91cf8c0-8fa2-4131-80b2-ef522a9b4e5d,3857297,1
WC2022,e91e6c3f-c20e-4a89-93a2-7a8ae5eeecb9,3857284,3
WC2022,e933835f-7864-4f4b-b876-46ee79ae9b9a,3857284,3
WC2022,e934c0d9-51c9-41eb-9ea9-aaad73748acd,3857257,4
WC2022,e95636cf-3944-44d2-bd26-96a90e98a41c,3857289,2
WC2022,e96e9543-a351-4ebe-9850-323c01827c40,3857271,4
WC2022,e9a6508c-6d76-4857-8fbd-09087120f414,3857296,2
WC2022,e9b0a123-96e8-4dc7-92b9-3a2d46f181ee,3857268,1
WC2022,e9e2c62c-6947-4068-86e7-402346d69e49,3857295,4
WC2022,e9e618c4-e9e9-4b7f-8463-a17728dfc8fb,3869685,0
WC2022,e9fa5758-cce4-4e62-bc6e-6727c2b86be6,3857258,0
WC2022,ea051cfb-3453-4e4f-a5f9-0382c6245e64,3857288,3
WC2022,ea33b878-123a-4a80-9566-4385bdb88f9b,3869321,4
WC2022,ea3b1ee6-c2d4-4d62-8e06-9a87709d1886,3857274,2
WC2022,ea3f7125-c95f-47b4-b992-9f26ec05456e,3857269,0
WC2022,eab8a4a8-67e8-40da-b563-e39576f3b9c4,3869219,2
WC2022,eaf108b7-cc4d-40cc-a0b1-2921dd59fcc0,3857269,0
WC2022,eaf22772-b1a5-44c3-9551-6102bed7f45b,3857278,4
WC2022,ebc47a8c-1e51-484e-a1ff-13f782b312c6,3857259,3
WC2022,ebec9d0d-37e8-4202-93e8-2e35f876e19f,3857259,3
WC2022,ec0c6544-cdc2-4f30-8cb4-30f96c57b88e,3857283,2
WC2022,ec209724-8261-4a82-82c6-e198b2e9727c,3857288,3
WC2022,ec66117c-bca4-4df8-9963-36c2d96d8c3e,3857298,1
WC2022,ec97fad7-e1d2-4c36-bc1f-38bc49fcbebf,3857271,4
WC2022,ec989a06-79be-4707-a9e6-2ce783f42d9b,3857287,4
WC2022,ecd64588-5261-441c-9d9c-135ae3ccf7ed,3869684,0
WC2022,ed49276c-822c-476e-842a-c3f1c67b97fe,3857277,0
WC2022,ed510fb0-23fc-4b2d-932a-1333b236adcb,3869519,2
WC2022,ed6b232b-0a72-4067-960f-c1b03de50115,3857285,4
WC2022,ed9e1008-a8da-4214-a95d-b292514d3ff3,3857272,1
WC2022,eda32f55-e9f5-4198-84f2-03ef7a0bf39e,3869552,1
WC2022,eddae281-19a4-41bb-bcfc-e044d0a9e4b8,3857286,3
WC2022,ee0b0a35-f9a0-4e93-bdef-3929c0c40e77,3869486,3
WC2022,ee115d84-4a6a-4446-842d-fcdaf2130046,3869254,3
WC2022,ee2aaa48-feb4-4982-98eb-01ea18ad9d5a,3857285,4
WC2022,ee4e1ff7-9da0-4b01-a674-38151b641177,3857298,1
WC2022,ee706a67-c386-453d-95d6-c2e01297de29,3857285,4
WC2022,ee84cba7-edaa-4f85-9790-4642b6ca6042,3857297,1
WC2022,ee8679b0-805c-470b-9721-e5d0e42cd7d3,3857277,0
WC2022,eed7784f-b246-40be-86db-7afbcb57f908,3857279,1
WC2022,eedb55b1-fb37-4ff4-babf-2e3a62fd7efa,3857256,1
WC2022,eee2faed-7a71-4346-8f14-4f9c6f276d4f,3857285,4
WC2022,ef01fab3-1479-411b-8aae-f0dd6cd7c65f,3857285,4
WC2022,ef56706a-e886-4177-95f5-c7cf22372b8e,3869552,1
WC2022,ef6091f1-f43a-407e-b954-0d85f222588a,3857301,4
WC2022,ef694c7d-6039-43c7-b162-1321fe5d2c6a,3869220,0
WC2022,ef7c1f3f-bdfc-4750-8f1f-714f2ce35ada,3869117,3
WC2022,ef8174c0-9fdd-4059-98fb-eb7be448ffd1,3869486,3
WC2022,efc91144-fbde-45bf-a750-8b58c99effc2,3857281,3
WC2022,effd0355-2228-4dde-85cf-30496431df63,3857287,4
WC2022,f07bf241-25c2-44cb-9075-ffa5420256e9,3869684,0
WC2022,f0943c2a-f7c5-4e38-963f-ce18c7dabd42,3869354,0
WC2022,f0aec6b8-58d6-4574-8463-69eadcf6d63c,3857259,3
WC2022,f0bb8ef9-d098-4639-a8ae-122026585452,3857272,1
WC2022,f0c59233-4f02-4542-b7a6-c206d8b0e4d1,3857270,3
WC2022,f0efab3e-f9f4-4ae6-b358-ec3077ebf30f,3857273,3
WC2022,f0fea6e1-e983-4c93-9e98-44ad593b6682,3857270,3
WC2022,f10e2d12-6865-433a-84a2-0c45f5a7076f,3869354,0
WC2022,f127d173-4be6-4ad0-b8e0-983a201065c2,3869220,0
WC2022,f135d576-adf9-4248-823e-3e8a758ec815,3857267,3
WC2022,f13b08b2-93d2-4ec6-a02c-caf12e7e19d7,3857296,2
WC2022,f15ab25a-ed86-4ac1-bc40-9cc3b911f770,3857270,3
WC2022,f18f0608-988d-4ad7-8d7c-2f3119c0d55c,3857260,1
WC2022,f1957feb-f5f0-49d4-ae9c-ccd277a4a4a3,3857300,0
WC2022,f1a228ef-0166-46e1-9d2a-285f01906dfd,3869321,4
WC2022,f1c8350d-fd42-49b5-be0b-c917f3e92fa6,3857261,4
WC2022,f1df8e1a-61b7-449b-8bbd-8d7753e22c24,3869420,2
WC2022,f2106151-3b84-49d4-aa49-4a8f69dcefb7,3857259,3
WC2022,f2274ec6-d187-4a6c-90a1-c0b430d3f15b,3857257,4
WC2022,f242da48-611a-49e1-8901-4a77a57501df,3857296,2
WC2022,f25c6991-7c73-4dbc-a96b-f5c00c4cc1ba,3857264,1
WC2022,f26d6e4a-e236-41ea-a8e6-590513ebc64e,3857282,2
WC2022,f27dd292-f7a7-4046-ba6e-aafcc4eb5c91,3857272,1
WC2022,f2868968-90c5-4b64-999f-80480d36202f,3857272,1
WC2022,f2a23256-66de-4046-9344-bb5d191659a5,3857272,1
WC2022,f2cfdac5-0f11-4113-8fba-80f034fb1e5e,3869253,1
WC2022,f36a4262-ca7f-4f7e-8440-09590b2b257c,3857266,1
WC2022,f36c9c43-f549-4e44-a4d0-61822504b915,3857292,3
WC2022,f373c307-8982-4098-a921-1be37fee04ea,3857257,4
WC2022,f38ab7a5-c6af-4c7d-93f4-d589b14aa4a6,3857295,4
WC2022,f3a6b016-d5e4-4fa9-a017-3796f7f290ce,3869420,2
WC2022,f41a6db5-ade1-4b1d-aa59-5bb9a8b42bd4,3857300,0
WC2022,f4220975-fdcc-4570-b557-651fa6f52fba,3869684,0
WC2022,f4237e2a-6caa-47f3-bfb5-9504dce1ab49,3857269,0
WC2022,f433e5cb-2ebf-49c5-a2d3-87f2624e2a22,3857263,0
WC2022,f43ee10b-7881-44bc-ab9e-5b7e0b81979b,3857296,2
WC2022,f46379eb-6eb3-4fc1-864b-f8d8a359047e,3857297,1
WC2022,f46cf151-76c5-4db6-92e2-7d83b028928b,3857256,1
WC2022,f476a302-ecf9-49ff-8f34-8de2f0113f1c,3857297,1
WC2022,f4f71ae6-3866-4628-9f28-7c0995568209,3857257,4
WC2022,f5104e44-c878-45aa-8f77-dae6a22ae0cf,3869321,4
WC2022,f51d0acc-0599-45f1-82dc-6af8d6c06f10,3857296,2
WC2022,f52a57b3-8835-44ea-a003-c8c8caa16170,3857259,3
WC2022,f5304cad-26bc-401a-95f0-f464394fadd9,3857257,4
WC2022,f53d7b34-1e1d-47fb-adb3-496fbe7d8788,3857298,1
WC2022,f542ad80-f15e-4391-9c17-cf1bec65df6d,3869254,3
WC2022,f58cf604-ba60-48e7-ade8-009ec8d981e1,3857297,1
WC2022,f5ba7592-c0ff-4869-8557-9433d339f82e,3857267,3
WC2022,f5ba94cb-e28d-4af6-a3a1-f4180f996cef,3857268,1
WC2022,f5f03ce4-7fb7-4bbf-b731-124bfb7d86ab,3857278,4
WC2022,f6008afa-1fab-44b3-b065-2da416ce13ba,3869685,0
WC2022,f631126c-63ca-469f-b863-b2ab980f4018,3857269,0
WC2022,f63793ff-b5e1-424e-93fa-b29add1b158e,3857297,1
WC2022,f646c19a-65c8-4aeb-817e-487098156825,3869219,2
WC2022,f64a7a94-c67b-4c23-972a-b2b198610bd5,3869253,1
WC2022,f6774dd6-c891-4d15-9db7-65725cf03e19,3857283,2
WC2022,f69da5c7-f76d-4f70-bdc9-a33b59b57640,3869684,0
WC2022,f6c1b49f-2866-4e13-815f-9b086d0124cb,3869552,1
WC2022,f7264988-6094-48af-8b42-650659d4bcdd,3857258,0
WC2022,f73794ab-fed5-4c07-8bff-ec11b6dace62,3857282,2
WC2022,f747e184-936c-4026-8264-1c5c7fec5e35,3857270,3
WC2022,f74cd67f-89bb-4864-a693-5a2033d34601,3857295,4
WC2022,f76c2e59-271e-47db-8152-b1ac953898b3,3857271,4
WC2022,f76dc213-6a86-4b83-aa2b-b056b7cf67d0,3857287,4
WC2022,f7753d2c-85bf-4307-b725-c4ab87d85930,3857255,0
WC2022,f7842208-06b6-4904-842a-cabf95ce9a23,3857284,3
WC2022,f7fc3474-9d52-44d8-a2e1-ec0444bc3b10,3857295,4
WC2022,f80b9b10-daf4-4ea8-a690-30a6be487e67,3869685,0
WC2022,f830ad1a-95af-45fb-ad13-65059d57c718,3857288,3
WC2022,f84d8662-f473-492c-b9da-b1e2ac09be47,3857275,4
WC2022,f8715616-e5b8-4cf7-a179-226d80ed8993,3857277,0
WC2022,f89d0b16-0081-4a47-a38f-88d4b9a73dd1,3869117,3
WC2022,f8bfc3e8-1dd2-47eb-ab8e-886726084e70,3857280,2
WC2022,f8c44920-f393-41cc-8104-98c26a4bc791,3857274,2
WC2022,f8c65919-9573-49f9-9955-3738b6915158,3857301,4
WC2022,f94f3299-600d-49cf-8fa7-6dd14b8d2a93,3857291,0
WC2022,f95338fc-5488-4270-ae31-fee83340a559,3857279,1
WC2022,f99b15a7-834a-4c8b-b76b-33d208b7fff3,3869220,0
WC2022,f99be712-725c-450f-aa89-ef82e3e13c25,3869420,2
WC2022,f9ace1ef-b5b2-4161-8e83-e973a069fe46,3857294,4
WC2022,f9ae1042-6bac-477a-9626-a40c84a59548,3857261,4
WC2022,f9ca8208-5cfe-4530-ae6b-95d491fd9847,3869684,0
WC2022,f9d1e5a5-6acd-44ae-b92f-0f15ef1eb813,3869321,4
WC2022,f9f466f9-f5a4-41c1-a0bb-bbeff516d4e7,3857265,2
WC2022,f9fef079-432d-4fe1-b66e-494f4ab5ea14,3857271,4
WC2022,fa17c813-625d-4096-a2ec-5fc4dea98e15,3857273,3
WC2022,fa59b776-5135-4056-9445-7fbdb27ac98d,3869151,2
WC2022,fa5ff463-7c88-4695-98b6-9f21f7121d81,3857268,1
WC2022,fa6610d4-11d1-44e4-a968-78144575bbf4,3857267,3
WC2022,fab1bc85-f70e-4c9e-bcc3-2310d2bd2a4e,3857254,0
WC2022,fabef80d-7342-4318-a378-f9b8f4036e3c,3857270,3
WC2022,fac793bb-5d8c-4f3a-9f4c-b54a8cd167b0,3857301,4
WC2022,faed4314-d494-4948-ac03-b382c188ab16,3869151,2
WC2022,fb0091e1-7d0d-4c39-92aa-c7157c11862d,3857271,4
WC2022,fb054b5f-4a2d-40fb-a693-336244a58152,3857295,4
WC2022,fb4928a6-3fc5-47f6-b4d8-5e1c112c03d5,3857269,0
WC2022,fb6698ca-cda0-4f4b-8089-72a4c86cd5bf,3869253,1
WC2022,fbf0284a-051c-4ca8-8a28-bc9b1389d37c,3857292,3
WC2022,fc08f061-b0c4-4330-be52-00644612c012,3857263,0
WC2022,fc182a7f-d7d3-429e-993f-f11632c1c062,3857272,1
WC2022,fc8fd0cb-e89a-45a5-a746-f7a67fae9518,3857273,3
WC2022,fceec527-461a-42d3-b542-8f168292c3e8,3857281,3
WC2022,fcefe453-8de9-4407-b913-b49b74e92cc8,3857280,2
WC2022,fd158c54-664c-4a6d-a77e-0670c51aa724,3857259,3
WC2022,fd3047b5-1e6e-49cc-834e-cc77c8b2ad84,3857257,4
WC2022,fd3aecb9-d188-47e1-828f-39d125c55dd1,3857268,1
WC2022,fd75a5ed-72a5-418f-937d-fa48ab4845bd,3857255,0
WC2022,fdc0cda1-e503-4117-bb21-5b2853d3da86,3869219,2
WC2022,fde3f84c-1d53-4353-a283-421a7a44a94e,3857298,1
WC2022,fdf05e96-d08d-459f-87f5-059f8197df35,3857289,2
WC2022,fdf44fc4-e35a-452e-ae51-456f6cdea527,3869420,2
WC2022,fdfc62c0-ff31-4e53-802f-5f2a43c01e19,3857289,2
WC2022,fdff8646-6646-4a8d-8248-19c1a51b3320,3869253,1
WC2022,fe0e7f24-8396-4998-a24a-236842ff2d6d,3857292,3
WC2022,fe192fbb-8bce-4fae-b673-2b1a8b71fda2,3857282,2
WC2022,fe2af629-8554-440f-b552-7235802ca20b,3857300,0
WC2022,fe49d0ee-72de-456e-924f-35bb8185fd05,3857284,3
WC2022,fe5ea4c0-457e-4d09-a285-93b6e4c4ee3a,3857283,2
WC2022,fe7cd9b5-195a-4fe3-b48d-18e15f6b5b5c,3857261,4
WC2022,feb8459e-fbb6-4f50-bf12-57ac17d14db7,3869519,2
WC2022,fef0be62-32f2-4ed2-b4f6-ecfb7f81d44c,3857269,0
WC2022,ff1979cf-abbd-4cc9-b50f-3ccc76704240,3857285,4
WC2022,ff2f7f48-f952-472b-bbcf-32bd033ee762,3857296,2
WC2022,ff5f9ac5-df1a-4454-a308-b05d08a33cfa,3869420,2
WC2022,ff62813c-e9bc-46a1-a648-ae40f5a28aea,3857301,4
WC2022,ffa26415-ab53-4b42-ad70-162afbf70760,3857281,3
WC2022,ffc9ce7e-4fb0-4f7f-b485-8fca381dbd4b,3857269,0
